id,city,companion_group,year
344108,Cần Thơ,Friends,2018
344465,Cần Thơ,Friends,2018
344532,Cần Thơ,Family,2018
344533,Cần Thơ,Friends,2018
344533,Cần Thơ,Colleagues / Business partner,2018
344534,Cần Thơ,Family,2018
344534,Cần Thơ,Friends,2018
344625,Cần Thơ,Friends,2018
344634,Cần Thơ,Boyfriend / Girlfriend,2018
344634,Cần Thơ,Colleagues / Business partner,2018
344634,Cần Thơ,Friends,2018
344635,Cần Thơ,Family,2018
344635,Cần Thơ,Friends,2018
344636,Cần Thơ,Colleagues / Business partner,2018
344636,Cần Thơ,Friends,2018
344636,Cần Thơ,Family,2018
344638,Cần Thơ,Family,2018
344639,Cần Thơ,Friends,2018
344641,Cần Thơ,Family,2018
344642,Cần Thơ,Boyfriend / Girlfriend,2018
344643,Cần Thơ,Boyfriend / Girlfriend,2018
344644,Cần Thơ,Friends,2018
344644,Cần Thơ,Family,2018
345343,Cần Thơ,Friends,2018
345343,Cần Thơ,Colleagues / Business partner,2018
345853,Hồ Chí Minh,Family,2018
345853,Hồ Chí Minh,Friends,2018
345938,Hồ Chí Minh,Alone,2018
345938,Hồ Chí Minh,Friends,2018
346076,Hồ Chí Minh,Family,2018
346249,Cần Thơ,Friends,2018
346359,Cần Thơ,Friends,2018
346366,Cần Thơ,Family,2018
346725,Cần Thơ,Friends,2018
346833,Cần Thơ,Family,2018
346833,Cần Thơ,Colleagues / Business partner,2018
346833,Cần Thơ,Friends,2018
346924,Cần Thơ,Colleagues / Business partner,2018
346924,Cần Thơ,Family,2018
346924,Cần Thơ,Friends,2018
346925,Cần Thơ,Colleagues / Business partner,2018
346925,Cần Thơ,Friends,2018
347591,Cần Thơ,Colleagues / Business partner,2018
347591,Cần Thơ,Family,2018
347592,Cần Thơ,Friends,2018
347592,Cần Thơ,Family,2018
347592,Cần Thơ,Colleagues / Business partner,2018
347593,Cần Thơ,Colleagues / Business partner,2018
347593,Cần Thơ,Family,2018
347593,Cần Thơ,Friends,2018
347594,Cần Thơ,Friends,2018
347594,Cần Thơ,Family,2018
347594,Cần Thơ,Colleagues / Business partner,2018
348220,Cần Thơ,Friends,2018
348221,Cần Thơ,Colleagues / Business partner,2018
348221,Cần Thơ,Friends,2018
348222,Cần Thơ,Friends,2018
348223,Cần Thơ,Boyfriend / Girlfriend,2018
348223,Cần Thơ,Friends,2018
348223,Cần Thơ,Alone,2018
348223,Cần Thơ,Colleagues / Business partner,2018
348224,Cần Thơ,Colleagues / Business partner,2018
348224,Cần Thơ,Family,2018
348224,Cần Thơ,Boyfriend / Girlfriend,2018
348224,Cần Thơ,Friends,2018
348225,Cần Thơ,Friends,2018
348226,Cần Thơ,Family,2018
348226,Cần Thơ,Friends,2018
348305,Cần Thơ,Family,2018
348306,Cần Thơ,Family,2018
348307,Cần Thơ,Alone,2018
348308,Cần Thơ,Family,2018
348309,Cần Thơ,Alone,2018
348310,Cần Thơ,Friends,2018
348311,Cần Thơ,Alone,2018
348311,Cần Thơ,Family,2018
348312,Cần Thơ,Friends,2018
348321,Cần Thơ,Friends,2018
348322,Cần Thơ,Friends,2018
348327,Cần Thơ,Friends,2018
348328,Cần Thơ,Friends,2018
348328,Cần Thơ,Family,2018
348398,Cần Thơ,Friends,2018
348399,Cần Thơ,Friends,2018
348399,Cần Thơ,Family,2018
348400,Cần Thơ,Friends,2018
348400,Cần Thơ,Colleagues / Business partner,2018
348401,Cần Thơ,Friends,2018
348403,Hồ Chí Minh,Colleagues / Business partner,2018
348403,Hồ Chí Minh,Friends,2018
349532,Hồ Chí Minh,Friends,2018
349551,Hồ Chí Minh,Friends,2018
349551,Hồ Chí Minh,Colleagues / Business partner,2018
349551,Hồ Chí Minh,Boyfriend / Girlfriend,2018
349552,Hồ Chí Minh,Family,2018
349552,Hồ Chí Minh,Friends,2018
349553,Hồ Chí Minh,Friends,2018
349553,Hồ Chí Minh,Family,2018
349764,Hồ Chí Minh,Family,2018
349764,Hồ Chí Minh,Friends,2018
349874,Hồ Chí Minh,Friends,2018
349874,Hồ Chí Minh,Colleagues / Business partner,2018
349957,Hồ Chí Minh,Colleagues / Business partner,2018
349957,Hồ Chí Minh,Friends,2018
350072,Hồ Chí Minh,Friends,2018
350090,Hồ Chí Minh,Alone,2018
350141,Hồ Chí Minh,Friends,2018
350148,Hồ Chí Minh,Friends,2018
350148,Hồ Chí Minh,Family,2018
350491,Hồ Chí Minh,Friends,2018
350491,Hồ Chí Minh,Family,2018
350576,Hồ Chí Minh,Family,2018
350723,Hồ Chí Minh,Colleagues / Business partner,2018
350723,Hồ Chí Minh,Friends,2018
350822,Hồ Chí Minh,Friends,2018
350822,Hồ Chí Minh,Colleagues / Business partner,2018
351103,Hồ Chí Minh,Friends,2018
351104,Hồ Chí Minh,Friends,2018
351105,Hồ Chí Minh,Friends,2018
351106,Hồ Chí Minh,Alone,2018
351107,Hồ Chí Minh,Alone,2018
351108,Hồ Chí Minh,Friends,2018
351108,Hồ Chí Minh,Colleagues / Business partner,2018
351109,Hồ Chí Minh,Alone,2018
351110,Hồ Chí Minh,Friends,2018
351111,Hồ Chí Minh,Friends,2018
351112,Hồ Chí Minh,Friends,2018
351113,Hồ Chí Minh,Friends,2018
351114,Hồ Chí Minh,Colleagues / Business partner,2018
351115,Hồ Chí Minh,Friends,2018
351116,Hồ Chí Minh,Friends,2018
351117,Hồ Chí Minh,Alone,2018
351651,Hồ Chí Minh,Colleagues / Business partner,2018
351651,Hồ Chí Minh,Friends,2018
351905,Hồ Chí Minh,Family,2018
351905,Hồ Chí Minh,Colleagues / Business partner,2018
351905,Hồ Chí Minh,Friends,2018
351905,Hồ Chí Minh,Alone,2018
352059,Hồ Chí Minh,Friends,2018
352060,Hồ Chí Minh,Friends,2018
352060,Hồ Chí Minh,Family,2018
352980,Hồ Chí Minh,Friends,2018
352980,Hồ Chí Minh,Family,2018
352980,Hồ Chí Minh,Colleagues / Business partner,2018
352981,Hồ Chí Minh,Family,2018
352981,Hồ Chí Minh,Friends,2018
352983,Hồ Chí Minh,Family,2018
352984,Hồ Chí Minh,Colleagues / Business partner,2018
352984,Hồ Chí Minh,Family,2018
352984,Hồ Chí Minh,Friends,2018
353154,Hồ Chí Minh,Friends,2018
353154,Hồ Chí Minh,Family,2018
353396,Hồ Chí Minh,Family,2018
353396,Hồ Chí Minh,Friends,2018
353397,Hồ Chí Minh,Friends,2018
353398,Hồ Chí Minh,Friends,2018
353401,Hồ Chí Minh,Boyfriend / Girlfriend,2018
353401,Hồ Chí Minh,Colleagues / Business partner,2018
353401,Hồ Chí Minh,Friends,2018
353417,Hồ Chí Minh,Friends,2018
353417,Hồ Chí Minh,Boyfriend / Girlfriend,2018
353418,Hồ Chí Minh,Friends,2018
353618,Hồ Chí Minh,Family,2018
353619,Hồ Chí Minh,Colleagues / Business partner,2018
353619,Hồ Chí Minh,Family,2018
353619,Hồ Chí Minh,Friends,2018
353620,Hồ Chí Minh,Friends,2018
353620,Hồ Chí Minh,Boyfriend / Girlfriend,2018
353621,Hồ Chí Minh,Boyfriend / Girlfriend,2018
353621,Hồ Chí Minh,Friends,2018
353622,Hồ Chí Minh,Friends,2018
353623,Hồ Chí Minh,Friends,2018
353623,Hồ Chí Minh,Family,2018
355530,Hồ Chí Minh,Friends,2018
356847,Cần Thơ,Friends,2018
356847,Cần Thơ,Family,2018
357024,Cần Thơ,Friends,2018
357090,Cần Thơ,Friends,2018
357091,Cần Thơ,Friends,2018
357092,Cần Thơ,Friends,2018
357093,Cần Thơ,Friends,2018
357258,Hà Nội,Friends,2018
357258,Hà Nội,Family,2018
357530,Hà Nội,Friends,2018
357530,Hà Nội,Colleagues / Business partner,2018
357580,Cần Thơ,Friends,2018
357745,Hà Nội,Friends,2018
357745,Hà Nội,Colleagues / Business partner,2018
357867,Hà Nội,Friends,2018
358029,Cần Thơ,Boyfriend / Girlfriend,2018
358029,Cần Thơ,Friends,2018
358030,Cần Thơ,Friends,2018
358031,Cần Thơ,Friends,2018
358095,Cần Thơ,Friends,2018
358230,Cần Thơ,Friends,2018
358404,Cần Thơ,Friends,2018
358405,Cần Thơ,Friends,2018
358482,Hà Nội,Friends,2018
358482,Hà Nội,Colleagues / Business partner,2018
358483,Hà Nội,Family,2018
358483,Hà Nội,Friends,2018
358484,Hà Nội,Family,2018
358484,Hà Nội,Alone,2018
358484,Hà Nội,Friends,2018
358485,Hà Nội,Friends,2018
358486,Hà Nội,Friends,2018
358631,Hà Nội,Family,2018
358631,Hà Nội,Friends,2018
358633,Hà Nội,Friends,2018
358634,Hà Nội,Colleagues / Business partner,2018
358634,Hà Nội,Friends,2018
358635,Hà Nội,Friends,2018
358808,Cần Thơ,Colleagues / Business partner,2018
358809,Cần Thơ,Family,2018
358809,Cần Thơ,Friends,2018
358930,Cần Thơ,Friends,2018
358930,Cần Thơ,Family,2018
358960,Cần Thơ,Friends,2018
358960,Cần Thơ,Family,2018
358962,Cần Thơ,Friends,2018
358962,Cần Thơ,Family,2018
358963,Cần Thơ,Family,2018
358963,Cần Thơ,Friends,2018
359041,Cần Thơ,Friends,2018
359041,Cần Thơ,Colleagues / Business partner,2018
359144,Cần Thơ,Friends,2018
359144,Cần Thơ,Family,2018
359149,Cần Thơ,Family,2018
359149,Cần Thơ,Friends,2018
359150,Cần Thơ,Friends,2018
359150,Cần Thơ,Family,2018
359151,Cần Thơ,Family,2018
359151,Cần Thơ,Friends,2018
359183,Cần Thơ,Friends,2018
359245,Cần Thơ,Friends,2018
359383,Cần Thơ,Alone,2018
359399,Hà Nội,Friends,2018
359492,Cần Thơ,Friends,2018
359492,Cần Thơ,Family,2018
359492,Cần Thơ,Colleagues / Business partner,2018
359563,Cần Thơ,Friends,2018
359563,Cần Thơ,Alone,2018
359564,Cần Thơ,Alone,2018
359566,Cần Thơ,Alone,2018
359566,Cần Thơ,Colleagues / Business partner,2018
359566,Cần Thơ,Boyfriend / Girlfriend,2018
359632,Hà Nội,Friends,2018
359683,Đà Nẵng,Friends,2018
359683,Đà Nẵng,Colleagues / Business partner,2018
359683,Đà Nẵng,Family,2018
359718,Cần Thơ,Friends,2018
359847,Cần Thơ,Friends,2018
359874,Hà Nội,Colleagues / Business partner,2018
359874,Hà Nội,Friends,2018
359875,Hà Nội,Friends,2018
359876,Hà Nội,Family,2018
359876,Hà Nội,Friends,2018
359883,Hà Nội,Friends,2018
359883,Hà Nội,Family,2018
359884,Hà Nội,Family,2018
359885,Hà Nội,Colleagues / Business partner,2018
359885,Hà Nội,Friends,2018
359885,Hà Nội,Family,2018
359941,Hà Nội,Friends,2018
359945,Hà Nội,Friends,2018
359945,Hà Nội,Colleagues / Business partner,2018
359946,Hà Nội,Family,2018
359946,Hà Nội,Friends,2018
359946,Hà Nội,Colleagues / Business partner,2018
359947,Hà Nội,Family,2018
359947,Hà Nội,Friends,2018
359983,Hà Nội,Boyfriend / Girlfriend,2018
359983,Hà Nội,Friends,2018
359984,Hà Nội,Friends,2018
359984,Hà Nội,Family,2018
359984,Hà Nội,Boyfriend / Girlfriend,2018
359985,Hà Nội,Colleagues / Business partner,2018
359985,Hà Nội,Family,2018
359985,Hà Nội,Friends,2018
360020,Cần Thơ,Friends,2018
360089,Đà Nẵng,Friends,2018
360106,Cần Thơ,Colleagues / Business partner,2018
360211,Cần Thơ,Family,2018
360220,Hà Nội,Family,2018
360220,Hà Nội,Friends,2018
360355,Cần Thơ,Family,2018
360397,Cần Thơ,Friends,2018
360398,Cần Thơ,Friends,2018
360443,Hà Nội,Boyfriend / Girlfriend,2018
360511,Hà Nội,Friends,2018
360511,Hà Nội,Boyfriend / Girlfriend,2018
360512,Hà Nội,Family,2018
360512,Hà Nội,Friends,2018
360512,Hà Nội,Colleagues / Business partner,2018
360513,Hà Nội,Family,2018
360517,Hà Nội,Boyfriend / Girlfriend,2018
360518,Hà Nội,Friends,2018
360525,Hà Nội,Friends,2018
360526,Hà Nội,Friends,2018
360588,Cần Thơ,Colleagues / Business partner,2018
360588,Cần Thơ,Family,2018
360588,Cần Thơ,Friends,2018
360704,Hà Nội,Friends,2018
360729,Cần Thơ,Friends,2018
360730,Cần Thơ,Family,2018
360730,Cần Thơ,Friends,2018
360731,Cần Thơ,Colleagues / Business partner,2018
360731,Cần Thơ,Friends,2018
360732,Cần Thơ,Colleagues / Business partner,2018
360733,Cần Thơ,Colleagues / Business partner,2018
360733,Cần Thơ,Friends,2018
360734,Cần Thơ,Friends,2018
360734,Cần Thơ,Colleagues / Business partner,2018
360735,Cần Thơ,Family,2018
360736,Cần Thơ,Friends,2018
360736,Cần Thơ,Family,2018
360736,Cần Thơ,Boyfriend / Girlfriend,2018
360737,Cần Thơ,Colleagues / Business partner,2018
360737,Cần Thơ,Friends,2018
360831,Cần Thơ,Colleagues / Business partner,2018
360921,Cần Thơ,Friends,2018
360921,Cần Thơ,Family,2018
361006,Cần Thơ,Family,2018
361006,Cần Thơ,Friends,2018
361053,Cần Thơ,Family,2018
361054,Cần Thơ,Family,2018
361181,Cần Thơ,Friends,2018
361212,Cần Thơ,Friends,2018
361456,Cần Thơ,Colleagues / Business partner,2018
361473,Hà Nội,Friends,2018
361473,Hà Nội,Colleagues / Business partner,2018
361482,Cần Thơ,Friends,2018
361483,Cần Thơ,Friends,2018
361484,Cần Thơ,Friends,2018
361515,Hà Nội,Friends,2018
361515,Hà Nội,Colleagues / Business partner,2018
361515,Hà Nội,Family,2018
361518,Cần Thơ,Friends,2018
361518,Cần Thơ,Family,2018
361519,Cần Thơ,Friends,2018
361519,Cần Thơ,Family,2018
361560,Cần Thơ,Friends,2018
361753,Cần Thơ,Friends,2018
361768,Hà Nội,Friends,2018
361768,Hà Nội,Colleagues / Business partner,2018
361768,Hà Nội,Family,2018
361791,Cần Thơ,Family,2018
361791,Cần Thơ,Friends,2018
361793,Cần Thơ,Alone,2018
361793,Cần Thơ,Family,2018
361793,Cần Thơ,Friends,2018
361794,Cần Thơ,Friends,2018
361794,Cần Thơ,Family,2018
361811,Hà Nội,Family,2018
361811,Hà Nội,Colleagues / Business partner,2018
361811,Hà Nội,Friends,2018
361811,Hà Nội,Alone,2018
361905,Cần Thơ,Friends,2018
362007,Cần Thơ,Family,2018
362007,Cần Thơ,Friends,2018
362008,Cần Thơ,Family,2018
362008,Cần Thơ,Friends,2018
362165,Hà Nội,Colleagues / Business partner,2018
362216,Hà Nội,Friends,2018
362216,Hà Nội,Colleagues / Business partner,2018
362216,Hà Nội,Family,2018
362269,Cần Thơ,Friends,2018
362270,Cần Thơ,Friends,2018
362412,Hà Nội,Family,2018
362412,Hà Nội,Colleagues / Business partner,2018
362412,Hà Nội,Friends,2018
362412,Hà Nội,Boyfriend / Girlfriend,2018
362412,Hà Nội,Alone,2018
362512,Cần Thơ,Family,2018
362512,Cần Thơ,Friends,2018
362667,Cần Thơ,Friends,2018
362676,Hà Nội,Friends,2018
362676,Hà Nội,Boyfriend / Girlfriend,2018
362711,Cần Thơ,Family,2018
362711,Cần Thơ,Friends,2018
362829,Hà Nội,Friends,2018
362977,Cần Thơ,Friends,2018
362978,Cần Thơ,Friends,2018
362979,Cần Thơ,Family,2018
363114,Hà Nội,Colleagues / Business partner,2018
363114,Hà Nội,Friends,2018
363115,Hà Nội,Family,2018
363116,Hà Nội,Friends,2018
363117,Hà Nội,Friends,2018
363279,Cần Thơ,Alone,2018
363279,Cần Thơ,Family,2018
363279,Cần Thơ,Friends,2018
363326,Cần Thơ,Friends,2018
363406,Cần Thơ,Family,2018
363454,Đà Nẵng,Family,2018
363631,Cần Thơ,Friends,2018
363656,Đà Nẵng,Friends,2018
363785,Cần Thơ,Colleagues / Business partner,2018
363813,Hà Nội,Friends,2018
363813,Hà Nội,Colleagues / Business partner,2018
363813,Hà Nội,Family,2018
363943,Đà Nẵng,Boyfriend / Girlfriend,2018
364039,Cần Thơ,Friends,2018
364102,Cần Thơ,Friends,2018
364345,Hà Nội,Friends,2018
364345,Hà Nội,Colleagues / Business partner,2018
364345,Hà Nội,Family,2018
364511,Hà Nội,Friends,2018
364513,Hà Nội,Family,2018
364513,Hà Nội,Colleagues / Business partner,2018
364513,Hà Nội,Friends,2018
364514,Hà Nội,Colleagues / Business partner,2018
364514,Hà Nội,Friends,2018
364677,Hà Nội,Friends,2018
364677,Hà Nội,Family,2018
364678,Hà Nội,Friends,2018
364678,Hà Nội,Boyfriend / Girlfriend,2018
364680,Hà Nội,Friends,2018
364680,Hà Nội,Colleagues / Business partner,2018
364680,Hà Nội,Family,2018
364680,Hà Nội,Alone,2018
365076,Cần Thơ,Family,2018
365304,Cần Thơ,Friends,2018
365304,Cần Thơ,Colleagues / Business partner,2018
365472,Cần Thơ,Family,2018
365525,Cần Thơ,Colleagues / Business partner,2018
365525,Cần Thơ,Friends,2018
365526,Cần Thơ,Family,2018
365657,Hà Nội,Family,2018
365657,Hà Nội,Colleagues / Business partner,2018
365657,Hà Nội,Friends,2018
365681,Hồ Chí Minh,Family,2018
365682,Hồ Chí Minh,Friends,2018
365717,Đà Nẵng,Family,2018
365734,Cần Thơ,Friends,2018
365735,Cần Thơ,Family,2018
365735,Cần Thơ,Friends,2018
365736,Cần Thơ,Friends,2018
365737,Cần Thơ,Friends,2018
365738,Cần Thơ,Friends,2018
365739,Cần Thơ,Friends,2018
365739,Cần Thơ,Colleagues / Business partner,2018
365740,Cần Thơ,Friends,2018
365740,Cần Thơ,Family,2018
365741,Cần Thơ,Friends,2018
365742,Cần Thơ,Family,2018
365742,Cần Thơ,Friends,2018
365744,Cần Thơ,Colleagues / Business partner,2018
365744,Cần Thơ,Friends,2018
365745,Cần Thơ,Friends,2018
365745,Cần Thơ,Family,2018
365746,Cần Thơ,Friends,2018
365747,Cần Thơ,Friends,2018
365748,Cần Thơ,Friends,2018
365845,Cần Thơ,Family,2018
366024,Cần Thơ,Friends,2018
366024,Cần Thơ,Colleagues / Business partner,2018
366024,Cần Thơ,Family,2018
366071,Hà Nội,Friends,2018
366071,Hà Nội,Family,2018
366071,Hà Nội,Boyfriend / Girlfriend,2018
366212,Cần Thơ,Family,2018
366212,Cần Thơ,Friends,2018
366212,Cần Thơ,Colleagues / Business partner,2018
366266,Hải Phòng,Family,2018
366360,Đà Nẵng,Family,2018
366360,Đà Nẵng,Friends,2018
366395,Cần Thơ,Colleagues / Business partner,2018
366420,Đà Nẵng,Colleagues / Business partner,2018
366447,Cần Thơ,Family,2018
366447,Cần Thơ,Friends,2018
366448,Cần Thơ,Family,2018
366448,Cần Thơ,Friends,2018
366448,Cần Thơ,Colleagues / Business partner,2018
366450,Cần Thơ,Alone,2018
366450,Cần Thơ,Friends,2018
366452,Cần Thơ,Friends,2018
366452,Cần Thơ,Family,2018
366453,Cần Thơ,Friends,2018
366453,Cần Thơ,Family,2018
366453,Cần Thơ,Alone,2018
366454,Cần Thơ,Family,2018
366454,Cần Thơ,Friends,2018
366455,Cần Thơ,Friends,2018
366455,Cần Thơ,Family,2018
366456,Cần Thơ,Friends,2018
366456,Cần Thơ,Family,2018
366458,Cần Thơ,Family,2018
366458,Cần Thơ,Alone,2018
366458,Cần Thơ,Friends,2018
366483,Đà Nẵng,Family,2018
366505,Cần Thơ,Colleagues / Business partner,2018
366505,Cần Thơ,Friends,2018
366520,Hồ Chí Minh,Friends,2018
366562,Đà Nẵng,Alone,2018
366595,Đà Nẵng,Friends,2018
366693,Cần Thơ,Friends,2018
366767,Đà Nẵng,Friends,2018
366767,Đà Nẵng,Colleagues / Business partner,2018
366767,Đà Nẵng,Boyfriend / Girlfriend,2018
366774,Đà Nẵng,Friends,2018
366855,Cần Thơ,Family,2018
366880,Hồ Chí Minh,Colleagues / Business partner,2018
366880,Hồ Chí Minh,Friends,2018
366883,Hồ Chí Minh,Friends,2018
366884,Hồ Chí Minh,Colleagues / Business partner,2018
366884,Hồ Chí Minh,Friends,2018
366889,Hồ Chí Minh,Family,2018
366889,Hồ Chí Minh,Colleagues / Business partner,2018
366889,Hồ Chí Minh,Friends,2018
366936,Cần Thơ,Alone,2018
367081,Cần Thơ,Friends,2018
367081,Cần Thơ,Colleagues / Business partner,2018
367081,Cần Thơ,Alone,2018
367082,Cần Thơ,Friends,2018
367083,Cần Thơ,Friends,2018
367084,Cần Thơ,Friends,2018
367085,Cần Thơ,Friends,2018
367132,Đà Nẵng,Colleagues / Business partner,2018
367174,Đà Nẵng,Colleagues / Business partner,2018
367174,Đà Nẵng,Friends,2018
367178,Hải Phòng,Friends,2018
367179,Hải Phòng,Friends,2018
367182,Hải Phòng,Friends,2018
367187,Đà Nẵng,Friends,2018
367187,Đà Nẵng,Family,2018
367222,Hồ Chí Minh,Friends,2018
367316,Đà Nẵng,Family,2018
367316,Đà Nẵng,Friends,2018
367324,Đà Nẵng,Family,2018
367348,Hà Nội,Family,2018
367348,Hà Nội,Friends,2018
367348,Hà Nội,Colleagues / Business partner,2018
367353,Hồ Chí Minh,Friends,2018
367354,Hồ Chí Minh,Friends,2018
367355,Hồ Chí Minh,Friends,2018
367355,Hồ Chí Minh,Family,2018
367357,Hồ Chí Minh,Friends,2018
367358,Hồ Chí Minh,Colleagues / Business partner,2018
367358,Hồ Chí Minh,Friends,2018
367359,Hồ Chí Minh,Colleagues / Business partner,2018
367359,Hồ Chí Minh,Friends,2018
367361,Hồ Chí Minh,Colleagues / Business partner,2018
367363,Hồ Chí Minh,Family,2018
367363,Hồ Chí Minh,Friends,2018
367367,Đà Nẵng,Friends,2018
367450,Cần Thơ,Friends,2018
367455,Cần Thơ,Friends,2018
367595,Cần Thơ,Family,2018
367647,Đà Nẵng,Friends,2018
367647,Đà Nẵng,Alone,2018
367674,Cần Thơ,Family,2018
367674,Cần Thơ,Friends,2018
367742,Đà Nẵng,Alone,2018
367742,Đà Nẵng,Family,2018
367742,Đà Nẵng,Colleagues / Business partner,2018
367742,Đà Nẵng,Friends,2018
367769,Đà Nẵng,Friends,2018
367781,Cần Thơ,Friends,2018
367781,Cần Thơ,Family,2018
367796,Cần Thơ,Friends,2018
367797,Hà Nội,Friends,2018
367856,Hồ Chí Minh,Family,2018
367856,Hồ Chí Minh,Friends,2018
367856,Hồ Chí Minh,Colleagues / Business partner,2018
367857,Hồ Chí Minh,Family,2018
367858,Hồ Chí Minh,Friends,2018
367858,Hồ Chí Minh,Family,2018
367859,Hồ Chí Minh,Friends,2018
367859,Hồ Chí Minh,Family,2018
367860,Hồ Chí Minh,Friends,2018
367861,Hồ Chí Minh,Family,2018
367863,Hồ Chí Minh,Family,2018
367864,Hồ Chí Minh,Friends,2018
367997,Đà Nẵng,Colleagues / Business partner,2018
367997,Đà Nẵng,Friends,2018
368104,Hải Phòng,Colleagues / Business partner,2018
368104,Hải Phòng,Friends,2018
368122,Cần Thơ,Friends,2018
368122,Cần Thơ,Family,2018
368126,Cần Thơ,Friends,2018
368127,Cần Thơ,Friends,2018
368128,Cần Thơ,Boyfriend / Girlfriend,2018
368128,Cần Thơ,Friends,2018
368128,Cần Thơ,Family,2018
368129,Cần Thơ,Friends,2018
368129,Cần Thơ,Family,2018
368130,Cần Thơ,Friends,2018
368130,Cần Thơ,Boyfriend / Girlfriend,2018
368132,Cần Thơ,Friends,2018
368200,Hà Nội,Friends,2018
368201,Hà Nội,Friends,2018
368241,Hà Nội,Friends,2018
368244,Hà Nội,Friends,2018
368244,Hà Nội,Colleagues / Business partner,2018
368244,Hà Nội,Boyfriend / Girlfriend,2018
368245,Hà Nội,Friends,2018
368245,Hà Nội,Boyfriend / Girlfriend,2018
368246,Hà Nội,Colleagues / Business partner,2018
368246,Hà Nội,Friends,2018
368247,Hà Nội,Family,2018
368248,Hà Nội,Family,2018
368248,Hà Nội,Colleagues / Business partner,2018
368249,Hà Nội,Family,2018
368249,Hà Nội,Colleagues / Business partner,2018
368249,Hà Nội,Friends,2018
368256,Cần Thơ,Colleagues / Business partner,2018
368256,Cần Thơ,Friends,2018
368267,Cần Thơ,Friends,2018
368267,Cần Thơ,Colleagues / Business partner,2018
368349,Cần Thơ,Family,2018
368349,Cần Thơ,Friends,2018
368350,Hồ Chí Minh,Friends,2018
368351,Hồ Chí Minh,Colleagues / Business partner,2018
368352,Hồ Chí Minh,Colleagues / Business partner,2018
368354,Hồ Chí Minh,Friends,2018
368355,Hồ Chí Minh,Friends,2018
368356,Hồ Chí Minh,Colleagues / Business partner,2018
368379,Hải Phòng,Friends,2018
368380,Hải Phòng,Friends,2018
368380,Hải Phòng,Alone,2018
368380,Hải Phòng,Colleagues / Business partner,2018
368410,Hồ Chí Minh,Friends,2018
368411,Hải Phòng,Colleagues / Business partner,2018
368411,Hải Phòng,Friends,2018
368415,Hải Phòng,Friends,2018
368416,Hải Phòng,Family,2018
368417,Cần Thơ,Friends,2018
368417,Cần Thơ,Boyfriend / Girlfriend,2018
368417,Cần Thơ,Colleagues / Business partner,2018
368418,Cần Thơ,Friends,2018
368418,Cần Thơ,Colleagues / Business partner,2018
368418,Cần Thơ,Family,2018
368419,Cần Thơ,Friends,2018
368425,Hải Phòng,Friends,2018
368426,Hải Phòng,Friends,2018
368426,Hải Phòng,Family,2018
368428,Hải Phòng,Colleagues / Business partner,2018
368428,Hải Phòng,Friends,2018
368429,Hải Phòng,Friends,2018
368429,Hải Phòng,Family,2018
368436,Hồ Chí Minh,Colleagues / Business partner,2018
368436,Hồ Chí Minh,Friends,2018
368448,Hải Phòng,Friends,2018
368449,Hồ Chí Minh,Friends,2018
368449,Hồ Chí Minh,Colleagues / Business partner,2018
368449,Hồ Chí Minh,Boyfriend / Girlfriend,2018
368450,Hồ Chí Minh,Family,2018
368450,Hồ Chí Minh,Friends,2018
368451,Hồ Chí Minh,Boyfriend / Girlfriend,2018
368451,Hồ Chí Minh,Colleagues / Business partner,2018
368451,Hồ Chí Minh,Friends,2018
368460,Hồ Chí Minh,Friends,2018
368460,Hồ Chí Minh,Colleagues / Business partner,2018
368468,Hà Nội,Family,2018
368468,Hà Nội,Friends,2018
368469,Hà Nội,Friends,2018
368469,Hà Nội,Family,2018
368472,Hải Phòng,Colleagues / Business partner,2018
368472,Hải Phòng,Friends,2018
368473,Hải Phòng,Friends,2018
368473,Hải Phòng,Family,2018
368481,Hồ Chí Minh,Friends,2018
368552,Hồ Chí Minh,Family,2018
368552,Hồ Chí Minh,Friends,2018
368553,Hồ Chí Minh,Alone,2018
368563,Hà Nội,Friends,2018
368563,Hà Nội,Family,2018
368577,Đà Nẵng,Friends,2018
368577,Đà Nẵng,Family,2018
368577,Đà Nẵng,Colleagues / Business partner,2018
368600,Hà Nội,Friends,2018
368600,Hà Nội,Family,2018
368601,Hà Nội,Friends,2018
368602,Hà Nội,Friends,2018
368602,Hà Nội,Family,2018
368647,Hải Phòng,Colleagues / Business partner,2018
368647,Hải Phòng,Friends,2018
368653,Hồ Chí Minh,Friends,2018
368653,Hồ Chí Minh,Family,2018
368654,Hồ Chí Minh,Friends,2018
368654,Hồ Chí Minh,Colleagues / Business partner,2018
368655,Hồ Chí Minh,Colleagues / Business partner,2018
368655,Hồ Chí Minh,Friends,2018
368656,Hồ Chí Minh,Friends,2018
368657,Hồ Chí Minh,Friends,2018
368657,Hồ Chí Minh,Family,2018
368658,Hồ Chí Minh,Friends,2018
368659,Hồ Chí Minh,Friends,2018
368660,Hồ Chí Minh,Friends,2018
368661,Hồ Chí Minh,Friends,2018
368661,Hồ Chí Minh,Family,2018
368681,Hồ Chí Minh,Friends,2018
368681,Hồ Chí Minh,Colleagues / Business partner,2018
368694,Đà Nẵng,Family,2018
368694,Đà Nẵng,Friends,2018
368731,Đà Nẵng,Colleagues / Business partner,2018
368731,Đà Nẵng,Friends,2018
368731,Đà Nẵng,Family,2018
368731,Đà Nẵng,Alone,2018
368846,Hà Nội,Friends,2018
368849,Hà Nội,Friends,2018
368849,Hà Nội,Family,2018
368960,Đà Nẵng,Friends,2018
368988,Đà Nẵng,Friends,2018
368988,Đà Nẵng,Alone,2018
369137,Hồ Chí Minh,Friends,2018
369138,Hồ Chí Minh,Friends,2018
369140,Hồ Chí Minh,Friends,2018
369141,Hồ Chí Minh,Friends,2018
369142,Hồ Chí Minh,Friends,2018
369143,Hồ Chí Minh,Friends,2018
369144,Hồ Chí Minh,Friends,2018
369145,Hồ Chí Minh,Friends,2018
369156,Hồ Chí Minh,Friends,2018
369156,Hồ Chí Minh,Family,2018
369157,Hồ Chí Minh,Friends,2018
369157,Hồ Chí Minh,Colleagues / Business partner,2018
369159,Hồ Chí Minh,Friends,2018
369159,Hồ Chí Minh,Colleagues / Business partner,2018
369159,Hồ Chí Minh,Family,2018
369160,Hồ Chí Minh,Alone,2018
369161,Hồ Chí Minh,Friends,2018
369217,Hải Phòng,Friends,2018
369246,Đà Nẵng,Friends,2018
369258,Đà Nẵng,Boyfriend / Girlfriend,2018
369279,Hà Nội,Friends,2018
369279,Hà Nội,Family,2018
369281,Hà Nội,Friends,2018
369376,Hải Phòng,Alone,2018
369377,Hải Phòng,Friends,2018
369404,Hà Nội,Family,2018
369422,Đà Nẵng,Family,2018
369422,Đà Nẵng,Friends,2018
369434,Hồ Chí Minh,Family,2018
369434,Hồ Chí Minh,Colleagues / Business partner,2018
369434,Hồ Chí Minh,Friends,2018
369435,Hồ Chí Minh,Friends,2018
369435,Hồ Chí Minh,Family,2018
369436,Hồ Chí Minh,Friends,2018
369437,Hồ Chí Minh,Colleagues / Business partner,2018
369437,Hồ Chí Minh,Family,2018
369437,Hồ Chí Minh,Friends,2018
369495,Đà Nẵng,Family,2018
369496,Đà Nẵng,Friends,2018
369501,Đà Nẵng,Colleagues / Business partner,2018
369513,Hồ Chí Minh,Family,2018
369513,Hồ Chí Minh,Friends,2018
369514,Hồ Chí Minh,Colleagues / Business partner,2018
369514,Hồ Chí Minh,Friends,2018
369533,Hà Nội,Friends,2018
369533,Hà Nội,Colleagues / Business partner,2018
369545,Đà Nẵng,Friends,2018
369557,Đà Nẵng,Alone,2018
369581,Đà Nẵng,Colleagues / Business partner,2018
369581,Đà Nẵng,Friends,2018
369590,Hải Phòng,Family,2018
369590,Hải Phòng,Friends,2018
369611,Đà Nẵng,Family,2018
369611,Đà Nẵng,Friends,2018
369685,Hà Nội,Friends,2018
369685,Hà Nội,Family,2018
369709,Đà Nẵng,Family,2018
369709,Đà Nẵng,Friends,2018
369766,Đà Nẵng,Family,2018
369766,Đà Nẵng,Friends,2018
369778,Đà Nẵng,Friends,2018
369778,Đà Nẵng,Alone,2018
369778,Đà Nẵng,Family,2018
369847,Hà Nội,Friends,2018
369862,Hải Phòng,Boyfriend / Girlfriend,2018
369862,Hải Phòng,Friends,2018
370069,Hà Nội,Friends,2018
370078,Đà Nẵng,Alone,2018
370078,Đà Nẵng,Friends,2018
370078,Đà Nẵng,Family,2018
370111,Đà Nẵng,Friends,2018
370111,Đà Nẵng,Colleagues / Business partner,2018
370147,Hải Phòng,Friends,2018
370239,Đà Nẵng,Family,2018
370239,Đà Nẵng,Friends,2018
370345,Hà Nội,Friends,2018
370345,Hà Nội,Boyfriend / Girlfriend,2018
370346,Hà Nội,Family,2018
370346,Hà Nội,Friends,2018
370422,Đà Nẵng,Family,2018
370457,Hồ Chí Minh,Family,2018
370457,Hồ Chí Minh,Colleagues / Business partner,2018
370458,Hồ Chí Minh,Friends,2018
370459,Hồ Chí Minh,Friends,2018
370790,Hồ Chí Minh,Friends,2018
370790,Hồ Chí Minh,Colleagues / Business partner,2018
370790,Hồ Chí Minh,Family,2018
370833,Đà Nẵng,Friends,2018
370833,Đà Nẵng,Family,2018
370839,Hải Phòng,Friends,2018
370839,Hải Phòng,Family,2018
370845,Hải Phòng,Friends,2018
370866,Hồ Chí Minh,Friends,2018
370866,Hồ Chí Minh,Boyfriend / Girlfriend,2018
370869,Hồ Chí Minh,Family,2018
370869,Hồ Chí Minh,Friends,2018
370870,Hồ Chí Minh,Boyfriend / Girlfriend,2018
370870,Hồ Chí Minh,Colleagues / Business partner,2018
370870,Hồ Chí Minh,Friends,2018
370872,Hồ Chí Minh,Friends,2018
370872,Hồ Chí Minh,Alone,2018
370872,Hồ Chí Minh,Family,2018
370873,Hồ Chí Minh,Friends,2018
370873,Hồ Chí Minh,Colleagues / Business partner,2018
370874,Hồ Chí Minh,Friends,2018
370897,Hải Phòng,Friends,2018
370898,Hải Phòng,Family,2018
370899,Hải Phòng,Family,2018
370900,Hải Phòng,Friends,2018
370900,Hải Phòng,Colleagues / Business partner,2018
370901,Hải Phòng,Friends,2018
370902,Hải Phòng,Friends,2018
370903,Hải Phòng,Friends,2018
370953,Hồ Chí Minh,Family,2018
370953,Hồ Chí Minh,Friends,2018
370954,Hồ Chí Minh,Boyfriend / Girlfriend,2018
370954,Hồ Chí Minh,Friends,2018
370955,Hồ Chí Minh,Friends,2018
370956,Hồ Chí Minh,Boyfriend / Girlfriend,2018
370956,Hồ Chí Minh,Friends,2018
370999,Hồ Chí Minh,Friends,2018
371005,Hải Phòng,Friends,2018
371005,Hải Phòng,Family,2018
371006,Hải Phòng,Friends,2018
371027,Hải Phòng,Friends,2018
371027,Hải Phòng,Family,2018
371028,Hải Phòng,Family,2018
371029,Hải Phòng,Friends,2018
371039,Hải Phòng,Friends,2018
371040,Hải Phòng,Family,2018
371040,Hải Phòng,Friends,2018
371041,Hải Phòng,Friends,2018
371058,Hồ Chí Minh,Family,2018
371059,Hồ Chí Minh,Friends,2018
371059,Hồ Chí Minh,Boyfriend / Girlfriend,2018
371060,Hồ Chí Minh,Friends,2018
371061,Hồ Chí Minh,Friends,2018
371062,Hồ Chí Minh,Friends,2018
371064,Hồ Chí Minh,Friends,2018
371065,Hồ Chí Minh,Friends,2018
371066,Hồ Chí Minh,Family,2018
371067,Hồ Chí Minh,Friends,2018
371070,Hải Phòng,Friends,2018
371070,Hải Phòng,Family,2018
371070,Hải Phòng,Colleagues / Business partner,2018
371071,Hải Phòng,Colleagues / Business partner,2018
371071,Hải Phòng,Family,2018
371071,Hải Phòng,Friends,2018
371205,Hồ Chí Minh,Family,2018
371205,Hồ Chí Minh,Friends,2018
371206,Hồ Chí Minh,Colleagues / Business partner,2018
371206,Hồ Chí Minh,Family,2018
371206,Hồ Chí Minh,Friends,2018
371207,Hồ Chí Minh,Friends,2018
371207,Hồ Chí Minh,Family,2018
371208,Hồ Chí Minh,Family,2018
371208,Hồ Chí Minh,Friends,2018
371210,Hồ Chí Minh,Friends,2018
371210,Hồ Chí Minh,Family,2018
371211,Hồ Chí Minh,Friends,2018
371388,Hải Phòng,Friends,2018
371397,Hà Nội,Colleagues / Business partner,2018
371397,Hà Nội,Family,2018
371398,Hà Nội,Friends,2018
371398,Hà Nội,Family,2018
371399,Hà Nội,Friends,2018
371493,Hà Nội,Friends,2018
371495,Hồ Chí Minh,Friends,2018
371496,Hồ Chí Minh,Family,2018
371496,Hồ Chí Minh,Friends,2018
371497,Hồ Chí Minh,Friends,2018
371498,Hồ Chí Minh,Family,2018
371498,Hồ Chí Minh,Friends,2018
371499,Hồ Chí Minh,Friends,2018
371500,Hồ Chí Minh,Friends,2018
371502,Hồ Chí Minh,Friends,2018
371502,Hồ Chí Minh,Family,2018
371503,Hồ Chí Minh,Friends,2018
371503,Hồ Chí Minh,Family,2018
371563,Hải Phòng,Colleagues / Business partner,2018
371563,Hải Phòng,Friends,2018
371563,Hải Phòng,Family,2018
371582,Đà Nẵng,Friends,2018
371582,Đà Nẵng,Family,2018
371588,Hải Phòng,Friends,2018
371600,Đà Nẵng,Friends,2018
371600,Đà Nẵng,Family,2018
371642,Hải Phòng,Friends,2018
371643,Hải Phòng,Colleagues / Business partner,2018
371643,Hải Phòng,Friends,2018
371644,Hải Phòng,Friends,2018
371706,Hải Phòng,Family,2018
371706,Hải Phòng,Friends,2018
371738,Hồ Chí Minh,Friends,2018
371738,Hồ Chí Minh,Family,2018
371754,Hồ Chí Minh,Friends,2018
371754,Hồ Chí Minh,Colleagues / Business partner,2018
371761,Hồ Chí Minh,Friends,2018
371761,Hồ Chí Minh,Colleagues / Business partner,2018
371761,Hồ Chí Minh,Boyfriend / Girlfriend,2018
371763,Hồ Chí Minh,Friends,2018
371873,Hà Nội,Friends,2018
371873,Hà Nội,Boyfriend / Girlfriend,2018
371899,Đà Nẵng,Family,2018
371899,Đà Nẵng,Friends,2018
372096,Hà Nội,Family,2018
372096,Hà Nội,Colleagues / Business partner,2018
372165,Hồ Chí Minh,Friends,2018
372188,Đà Nẵng,Colleagues / Business partner,2018
372327,Đà Nẵng,Colleagues / Business partner,2018
372415,Hải Phòng,Friends,2018
372416,Đà Nẵng,Family,2018
372416,Đà Nẵng,Alone,2018
372557,Hồ Chí Minh,Family,2018
372558,Hồ Chí Minh,Alone,2018
372662,Đà Nẵng,Friends,2018
372778,Hải Phòng,Colleagues / Business partner,2018
372778,Hải Phòng,Friends,2018
372778,Hải Phòng,Family,2018
372860,Hải Phòng,Friends,2018
372873,Đà Nẵng,Family,2018
372873,Đà Nẵng,Friends,2018
372878,Đà Nẵng,Friends,2018
372878,Đà Nẵng,Colleagues / Business partner,2018
372878,Đà Nẵng,Family,2018
373000,Hải Phòng,Friends,2018
373000,Hải Phòng,Boyfriend / Girlfriend,2018
373248,Hồ Chí Minh,Colleagues / Business partner,2018
373248,Hồ Chí Minh,Friends,2018
373321,Đà Nẵng,Friends,2018
373321,Đà Nẵng,Family,2018
373321,Đà Nẵng,Colleagues / Business partner,2018
373371,Đà Nẵng,Colleagues / Business partner,2018
373371,Đà Nẵng,Family,2018
373375,Đà Nẵng,Family,2018
373375,Đà Nẵng,Friends,2018
373375,Đà Nẵng,Alone,2018
373375,Đà Nẵng,Colleagues / Business partner,2018
373376,Đà Nẵng,Alone,2018
373376,Đà Nẵng,Colleagues / Business partner,2018
373377,Đà Nẵng,Family,2018
373685,Hồ Chí Minh,Family,2018
373691,Hải Phòng,Colleagues / Business partner,2018
373691,Hải Phòng,Friends,2018
373691,Hải Phòng,Family,2018
373706,Hải Phòng,Family,2018
373706,Hải Phòng,Friends,2018
373706,Hải Phòng,Colleagues / Business partner,2018
373789,Hồ Chí Minh,Friends,2018
373854,Hồ Chí Minh,Family,2018
373854,Hồ Chí Minh,Colleagues / Business partner,2018
373854,Hồ Chí Minh,Friends,2018
373855,Hồ Chí Minh,Colleagues / Business partner,2018
373855,Hồ Chí Minh,Friends,2018
373855,Hồ Chí Minh,Family,2018
373856,Hồ Chí Minh,Friends,2018
373856,Hồ Chí Minh,Family,2018
374075,Hải Phòng,Friends,2018
374076,Hải Phòng,Family,2018
374076,Hải Phòng,Friends,2018
374077,Hải Phòng,Friends,2018
374078,Hải Phòng,Friends,2018
374079,Hải Phòng,Colleagues / Business partner,2018
374079,Hải Phòng,Friends,2018
374080,Hải Phòng,Family,2018
374080,Hải Phòng,Friends,2018
374275,Hồ Chí Minh,Friends,2018
374276,Hồ Chí Minh,Colleagues / Business partner,2018
374276,Hồ Chí Minh,Friends,2018
374277,Hồ Chí Minh,Friends,2018
374277,Hồ Chí Minh,Boyfriend / Girlfriend,2018
374278,Hồ Chí Minh,Friends,2018
374278,Hồ Chí Minh,Colleagues / Business partner,2018
374279,Hồ Chí Minh,Friends,2018
374282,Hải Phòng,Family,2018
374282,Hải Phòng,Friends,2018
374282,Hải Phòng,Alone,2018
374331,Hồ Chí Minh,Friends,2018
374332,Hồ Chí Minh,Family,2018
374332,Hồ Chí Minh,Friends,2018
374332,Hồ Chí Minh,Alone,2018
374333,Hồ Chí Minh,Friends,2018
374334,Hồ Chí Minh,Friends,2018
374334,Hồ Chí Minh,Alone,2018
374362,Hồ Chí Minh,Friends,2018
374362,Hồ Chí Minh,Family,2018
374363,Hồ Chí Minh,Boyfriend / Girlfriend,2018
374363,Hồ Chí Minh,Friends,2018
374364,Hồ Chí Minh,Friends,2018
374365,Hồ Chí Minh,Friends,2018
374365,Hồ Chí Minh,Boyfriend / Girlfriend,2018
374691,Đà Nẵng,Friends,2018
374727,Đà Nẵng,Family,2018
374856,Đà Nẵng,Alone,2018
374856,Đà Nẵng,Friends,2018
374856,Đà Nẵng,Family,2018
375194,Đà Nẵng,Friends,2018
375271,Đà Nẵng,Family,2018
375500,Đà Nẵng,Friends,2018
375504,Đà Nẵng,Friends,2018
375678,Đà Nẵng,Friends,2018
375849,Đà Nẵng,Family,2018
375849,Đà Nẵng,Friends,2018
375856,Đà Nẵng,Friends,2018
375991,Đà Nẵng,Colleagues / Business partner,2018
376026,Đà Nẵng,Friends,2018
376082,Cần Thơ,Family,2018
376083,Cần Thơ,Friends,2018
376176,Đà Nẵng,Friends,2018
376176,Đà Nẵng,Colleagues / Business partner,2018
376693,Đà Nẵng,Friends,2018
376724,Đà Nẵng,Family,2018
376724,Đà Nẵng,Friends,2018
376744,Đà Nẵng,Colleagues / Business partner,2018
376744,Đà Nẵng,Family,2018
376744,Đà Nẵng,Friends,2018
376744,Đà Nẵng,Alone,2018
376855,Đà Nẵng,Friends,2018
376992,Đà Nẵng,Friends,2018
377074,Cần Thơ,Friends,2018
377177,Đà Nẵng,Friends,2018
377177,Đà Nẵng,Colleagues / Business partner,2018
377177,Đà Nẵng,Boyfriend / Girlfriend,2018
377250,Đà Nẵng,Friends,2018
377402,Hà Nội,Family,2018
377402,Hà Nội,Friends,2018
377402,Hà Nội,Colleagues / Business partner,2018
377783,Hà Nội,Friends,2018
377784,Hà Nội,Friends,2018
377785,Hà Nội,Friends,2018
377786,Hồ Chí Minh,Friends,2018
377786,Hồ Chí Minh,Colleagues / Business partner,2018
377849,Cần Thơ,Colleagues / Business partner,2018
377930,Cần Thơ,Friends,2018
378154,Cần Thơ,Colleagues / Business partner,2018
378154,Cần Thơ,Family,2018
378154,Cần Thơ,Friends,2018
378334,Cần Thơ,Family,2018
378334,Cần Thơ,Friends,2018
378350,Đà Nẵng,Colleagues / Business partner,2018
378350,Đà Nẵng,Friends,2018
378362,Đà Nẵng,Family,2018
378362,Đà Nẵng,Friends,2018
378382,Hồ Chí Minh,Friends,2018
378382,Hồ Chí Minh,Colleagues / Business partner,2018
378433,Đà Nẵng,Friends,2018
378433,Đà Nẵng,Colleagues / Business partner,2018
378582,Đà Nẵng,Alone,2018
378582,Đà Nẵng,Friends,2018
378613,Hồ Chí Minh,Friends,2018
378613,Hồ Chí Minh,Family,2018
378651,Đà Nẵng,Family,2018
378651,Đà Nẵng,Colleagues / Business partner,2018
378651,Đà Nẵng,Friends,2018
378653,Đà Nẵng,Friends,2018
378653,Đà Nẵng,Family,2018
378669,Đà Nẵng,Friends,2018
378872,Hà Nội,Friends,2018
378873,Hà Nội,Friends,2018
378874,Hà Nội,Friends,2018
378875,Hà Nội,Colleagues / Business partner,2018
378875,Hà Nội,Friends,2018
378877,Hà Nội,Friends,2018
378877,Hà Nội,Family,2018
378878,Hà Nội,Friends,2018
378878,Hà Nội,Colleagues / Business partner,2018
378879,Hà Nội,Family,2018
378879,Hà Nội,Friends,2018
379200,Đà Nẵng,Friends,2018
379240,Đà Nẵng,Colleagues / Business partner,2018
379240,Đà Nẵng,Friends,2018
379249,Đà Nẵng,Family,2018
379336,Đà Nẵng,Friends,2018
379336,Đà Nẵng,Family,2018
379368,Đà Nẵng,Alone,2018
379368,Đà Nẵng,Friends,2018
379371,Hồ Chí Minh,Colleagues / Business partner,2018
379371,Hồ Chí Minh,Friends,2018
379371,Hồ Chí Minh,Family,2018
379451,Cần Thơ,Friends,2018
379569,Cần Thơ,Friends,2018
379570,Cần Thơ,Friends,2018
379571,Cần Thơ,Friends,2018
379572,Cần Thơ,Friends,2018
379573,Cần Thơ,Friends,2018
379615,Đà Nẵng,Family,2018
379722,Nha Trang,Friends,2018
379818,Đà Nẵng,Family,2018
379818,Đà Nẵng,Colleagues / Business partner,2018
379818,Đà Nẵng,Friends,2018
379845,Nha Trang,Family,2018
379869,Hà Nội,Friends,2018
379914,Đà Nẵng,Family,2018
379914,Đà Nẵng,Colleagues / Business partner,2018
379914,Đà Nẵng,Friends,2018
380040,Đà Nẵng,Friends,2018
380067,Đà Nẵng,Friends,2018
380089,Cần Thơ,Friends,2018
380089,Cần Thơ,Family,2018
380205,Đà Nẵng,Family,2018
380205,Đà Nẵng,Friends,2018
380213,Đà Nẵng,Friends,2018
380213,Đà Nẵng,Family,2018
380319,Đà Nẵng,Friends,2018
380330,Đà Nẵng,Colleagues / Business partner,2018
380332,Đà Nẵng,Friends,2018
380332,Đà Nẵng,Family,2018
380362,Cần Thơ,Family,2018
380365,Nha Trang,Family,2018
380522,Đà Nẵng,Friends,2018
380570,Đà Nẵng,Friends,2018
380570,Đà Nẵng,Family,2018
380658,Đà Nẵng,Friends,2018
380658,Đà Nẵng,Alone,2018
380659,Đà Nẵng,Alone,2018
380659,Đà Nẵng,Friends,2018
380668,Đà Nẵng,Colleagues / Business partner,2018
380668,Đà Nẵng,Family,2018
380670,Đà Nẵng,Friends,2018
380670,Đà Nẵng,Alone,2018
380814,Đà Nẵng,Friends,2018
380837,Hồ Chí Minh,Colleagues / Business partner,2018
380837,Hồ Chí Minh,Family,2018
380839,Hồ Chí Minh,Colleagues / Business partner,2018
380884,Đà Nẵng,Friends,2018
380900,Đà Nẵng,Boyfriend / Girlfriend,2018
380900,Đà Nẵng,Friends,2018
381311,Hà Nội,Friends,2018
381312,Hà Nội,Boyfriend / Girlfriend,2018
381312,Hà Nội,Friends,2018
381313,Hà Nội,Friends,2018
381313,Hà Nội,Boyfriend / Girlfriend,2018
381314,Hà Nội,Friends,2018
381315,Hà Nội,Family,2018
381316,Hà Nội,Boyfriend / Girlfriend,2018
381316,Hà Nội,Friends,2018
381317,Hà Nội,Family,2018
381317,Hà Nội,Friends,2018
381389,Hà Nội,Friends,2018
381390,Hà Nội,Family,2018
381390,Hà Nội,Friends,2018
381391,Hà Nội,Friends,2018
381391,Hà Nội,Family,2018
381392,Hà Nội,Friends,2018
381392,Hà Nội,Family,2018
381392,Hà Nội,Colleagues / Business partner,2018
381393,Hà Nội,Family,2018
381393,Hà Nội,Friends,2018
381394,Hà Nội,Friends,2018
381394,Hà Nội,Colleagues / Business partner,2018
381395,Hà Nội,Friends,2018
381395,Hà Nội,Family,2018
381396,Hà Nội,Friends,2018
381398,Hà Nội,Colleagues / Business partner,2018
381398,Hà Nội,Friends,2018
381463,Hà Nội,Friends,2018
381464,Hà Nội,Friends,2018
381465,Hà Nội,Friends,2018
381466,Hà Nội,Colleagues / Business partner,2018
381466,Hà Nội,Family,2018
381468,Hà Nội,Friends,2018
381469,Hà Nội,Friends,2018
381470,Hà Nội,Friends,2018
381495,Hà Nội,Family,2018
381497,Hà Nội,Friends,2018
381498,Hà Nội,Friends,2018
381499,Hà Nội,Friends,2018
381500,Hà Nội,Friends,2018
381647,Hải Phòng,Friends,2018
381647,Hải Phòng,Colleagues / Business partner,2018
381726,Cần Thơ,Friends,2018
381730,Cần Thơ,Friends,2018
381735,Cần Thơ,Family,2018
381735,Cần Thơ,Friends,2018
381736,Cần Thơ,Friends,2018
381737,Cần Thơ,Friends,2018
381738,Cần Thơ,Friends,2018
381738,Cần Thơ,Family,2018
381772,Đà Nẵng,Friends,2018
381822,Đà Nẵng,Friends,2018
381822,Đà Nẵng,Colleagues / Business partner,2018
381822,Đà Nẵng,Family,2018
381859,Hải Phòng,Family,2018
381859,Hải Phòng,Friends,2018
381897,Nha Trang,Friends,2018
381956,Nha Trang,Family,2018
381956,Nha Trang,Colleagues / Business partner,2018
381956,Nha Trang,Friends,2018
382137,Đà Nẵng,Friends,2018
382137,Đà Nẵng,Family,2018
382171,Cần Thơ,Friends,2018
382172,Cần Thơ,Family,2018
382173,Cần Thơ,Friends,2018
382174,Cần Thơ,Friends,2018
382177,Hồ Chí Minh,Boyfriend / Girlfriend,2018
382177,Hồ Chí Minh,Colleagues / Business partner,2018
382177,Hồ Chí Minh,Friends,2018
382203,Nha Trang,Friends,2018
382207,Nha Trang,Friends,2018
382210,Hà Nội,Friends,2018
382211,Hà Nội,Colleagues / Business partner,2018
382211,Hà Nội,Friends,2018
382212,Hà Nội,Alone,2018
382212,Hà Nội,Family,2018
382213,Hà Nội,Friends,2018
382215,Hà Nội,Alone,2018
382217,Hà Nội,Friends,2018
382218,Hà Nội,Family,2018
382218,Hà Nội,Friends,2018
382219,Hà Nội,Boyfriend / Girlfriend,2018
382219,Hà Nội,Friends,2018
382221,Hà Nội,Family,2018
382221,Hà Nội,Friends,2018
382222,Hà Nội,Colleagues / Business partner,2018
382222,Hà Nội,Friends,2018
382223,Hà Nội,Friends,2018
382225,Hà Nội,Family,2018
382226,Hà Nội,Friends,2018
382231,Nha Trang,Friends,2018
382231,Nha Trang,Family,2018
382263,Nha Trang,Family,2018
382263,Nha Trang,Friends,2018
382264,Đà Nẵng,Friends,2018
382290,Cần Thơ,Family,2018
382290,Cần Thơ,Friends,2018
382291,Cần Thơ,Friends,2018
382292,Cần Thơ,Friends,2018
382293,Cần Thơ,Colleagues / Business partner,2018
382293,Cần Thơ,Friends,2018
382352,Nha Trang,Family,2018
382352,Nha Trang,Friends,2018
382352,Nha Trang,Colleagues / Business partner,2018
382378,Nha Trang,Family,2018
382378,Nha Trang,Friends,2018
382383,Đà Nẵng,Friends,2018
382412,Hà Nội,Friends,2018
382427,Đà Nẵng,Family,2018
382457,Nha Trang,Colleagues / Business partner,2018
382457,Nha Trang,Friends,2018
382494,Nha Trang,Friends,2018
382494,Nha Trang,Colleagues / Business partner,2018
382499,Nha Trang,Friends,2018
382499,Nha Trang,Colleagues / Business partner,2018
382499,Nha Trang,Alone,2018
382499,Nha Trang,Family,2018
382574,Hà Nội,Friends,2018
382574,Hà Nội,Colleagues / Business partner,2018
382574,Hà Nội,Family,2018
382575,Hà Nội,Colleagues / Business partner,2018
382575,Hà Nội,Boyfriend / Girlfriend,2018
382575,Hà Nội,Family,2018
382575,Hà Nội,Friends,2018
382576,Hà Nội,Alone,2018
382576,Hà Nội,Colleagues / Business partner,2018
382576,Hà Nội,Friends,2018
382576,Hà Nội,Family,2018
382577,Hà Nội,Colleagues / Business partner,2018
382577,Hà Nội,Friends,2018
382577,Hà Nội,Family,2018
382578,Hà Nội,Family,2018
382578,Hà Nội,Friends,2018
382579,Hà Nội,Colleagues / Business partner,2018
382579,Hà Nội,Family,2018
382579,Hà Nội,Friends,2018
382580,Hà Nội,Friends,2018
382580,Hà Nội,Family,2018
382581,Hà Nội,Colleagues / Business partner,2018
382581,Hà Nội,Friends,2018
382581,Hà Nội,Family,2018
382582,Hà Nội,Family,2018
382582,Hà Nội,Friends,2018
382582,Hà Nội,Colleagues / Business partner,2018
382583,Hà Nội,Boyfriend / Girlfriend,2018
382583,Hà Nội,Friends,2018
382593,Nha Trang,Family,2018
382593,Nha Trang,Friends,2018
382607,Nha Trang,Family,2018
382607,Nha Trang,Friends,2018
382607,Nha Trang,Boyfriend / Girlfriend,2018
382645,Cần Thơ,Friends,2018
382693,Hà Nội,Family,2018
382693,Hà Nội,Friends,2018
382694,Hà Nội,Friends,2018
382694,Hà Nội,Family,2018
382695,Hà Nội,Family,2018
382695,Hà Nội,Friends,2018
382702,Cần Thơ,Friends,2018
382704,Nha Trang,Family,2018
382704,Nha Trang,Colleagues / Business partner,2018
382704,Nha Trang,Friends,2018
382754,Hà Nội,Boyfriend / Girlfriend,2018
382754,Hà Nội,Family,2018
382754,Hà Nội,Friends,2018
382768,Đà Nẵng,Family,2018
382768,Đà Nẵng,Friends,2018
382885,Đà Nẵng,Alone,2018
382903,Nha Trang,Friends,2018
382903,Nha Trang,Family,2018
382905,Cần Thơ,Friends,2018
382947,Đà Nẵng,Boyfriend / Girlfriend,2018
382947,Đà Nẵng,Alone,2018
382969,Hồ Chí Minh,Friends,2018
382969,Hồ Chí Minh,Alone,2018
382970,Hồ Chí Minh,Friends,2018
382970,Hồ Chí Minh,Colleagues / Business partner,2018
382972,Hồ Chí Minh,Alone,2018
382972,Hồ Chí Minh,Friends,2018
382972,Hồ Chí Minh,Family,2018
382973,Hồ Chí Minh,Family,2018
382973,Hồ Chí Minh,Alone,2018
382973,Hồ Chí Minh,Friends,2018
382974,Hồ Chí Minh,Friends,2018
382974,Hồ Chí Minh,Family,2018
382974,Hồ Chí Minh,Alone,2018
382975,Hồ Chí Minh,Friends,2018
382976,Hồ Chí Minh,Friends,2018
382998,Nha Trang,Friends,2018
383033,Nha Trang,Family,2018
383033,Nha Trang,Friends,2018
383033,Nha Trang,Colleagues / Business partner,2018
383045,Đà Nẵng,Family,2018
383060,Đà Nẵng,Family,2018
383095,Cần Thơ,Family,2018
383095,Cần Thơ,Friends,2018
383120,Nha Trang,Colleagues / Business partner,2018
383120,Nha Trang,Friends,2018
383126,Cần Thơ,Friends,2018
383126,Cần Thơ,Family,2018
383129,Cần Thơ,Friends,2018
383197,Đà Nẵng,Boyfriend / Girlfriend,2018
383234,Đà Nẵng,Friends,2018
383234,Đà Nẵng,Colleagues / Business partner,2018
383252,Đà Nẵng,Alone,2018
383252,Đà Nẵng,Friends,2018
383260,Cần Thơ,Friends,2018
383261,Cần Thơ,Friends,2018
383262,Cần Thơ,Family,2018
383262,Cần Thơ,Friends,2018
383263,Cần Thơ,Family,2018
383263,Cần Thơ,Friends,2018
383263,Cần Thơ,Colleagues / Business partner,2018
383346,Nha Trang,Friends,2018
383346,Nha Trang,Colleagues / Business partner,2018
383350,Đà Nẵng,Friends,2018
383363,Đà Nẵng,Friends,2018
383411,Cần Thơ,Friends,2018
383411,Cần Thơ,Family,2018
383475,Cần Thơ,Friends,2018
383502,Cần Thơ,Friends,2018
383551,Hồ Chí Minh,Boyfriend / Girlfriend,2018
383552,Hồ Chí Minh,Boyfriend / Girlfriend,2018
383552,Hồ Chí Minh,Friends,2018
383553,Hồ Chí Minh,Family,2018
383555,Hồ Chí Minh,Family,2018
383555,Hồ Chí Minh,Friends,2018
383556,Hồ Chí Minh,Friends,2018
383557,Hồ Chí Minh,Colleagues / Business partner,2018
383606,Cần Thơ,Family,2018
383606,Cần Thơ,Friends,2018
383606,Cần Thơ,Colleagues / Business partner,2018
383607,Cần Thơ,Friends,2018
383607,Cần Thơ,Alone,2018
383607,Cần Thơ,Family,2018
383608,Cần Thơ,Friends,2018
383608,Cần Thơ,Family,2018
383608,Cần Thơ,Alone,2018
383629,Đà Nẵng,Friends,2018
383647,Cần Thơ,Family,2018
383649,Cần Thơ,Friends,2018
383669,Đà Nẵng,Colleagues / Business partner,2018
383728,Cần Thơ,Family,2018
383728,Cần Thơ,Friends,2018
383728,Cần Thơ,Colleagues / Business partner,2018
383729,Cần Thơ,Friends,2018
383729,Cần Thơ,Family,2018
383729,Cần Thơ,Alone,2018
383729,Cần Thơ,Colleagues / Business partner,2018
383730,Cần Thơ,Family,2018
383730,Cần Thơ,Alone,2018
383730,Cần Thơ,Friends,2018
383731,Cần Thơ,Colleagues / Business partner,2018
383731,Cần Thơ,Friends,2018
383731,Cần Thơ,Alone,2018
383731,Cần Thơ,Family,2018
383803,Cần Thơ,Family,2018
383818,Cần Thơ,Family,2018
383881,Cần Thơ,Alone,2018
383881,Cần Thơ,Friends,2018
383881,Cần Thơ,Family,2018
383928,Cần Thơ,Friends,2018
384175,Hồ Chí Minh,Family,2018
384175,Hồ Chí Minh,Friends,2018
384239,Hà Nội,Friends,2018
384239,Hà Nội,Boyfriend / Girlfriend,2018
384438,Cần Thơ,Friends,2018
384438,Cần Thơ,Family,2018
384565,Đà Nẵng,Friends,2018
384688,Nha Trang,Family,2018
384688,Nha Trang,Colleagues / Business partner,2018
384688,Nha Trang,Friends,2018
384887,Cần Thơ,Friends,2018
384912,Nha Trang,Friends,2018
384912,Nha Trang,Family,2018
384912,Nha Trang,Colleagues / Business partner,2018
384921,Hà Nội,Friends,2018
384921,Hà Nội,Colleagues / Business partner,2018
384922,Hà Nội,Friends,2018
384927,Hà Nội,Family,2018
384927,Hà Nội,Friends,2018
384928,Hà Nội,Friends,2018
384947,Đà Nẵng,Friends,2018
385283,Cần Thơ,Friends,2018
385284,Cần Thơ,Colleagues / Business partner,2018
385284,Cần Thơ,Friends,2018
385286,Cần Thơ,Friends,2018
385286,Cần Thơ,Family,2018
385288,Cần Thơ,Friends,2018
385339,Đà Nẵng,Friends,2018
385348,Đà Nẵng,Friends,2018
385428,Đà Nẵng,Others,2018
385726,Đà Nẵng,Friends,2018
385884,Cần Thơ,Family,2018
385884,Cần Thơ,Friends,2018
385885,Cần Thơ,Family,2018
385886,Cần Thơ,Friends,2018
385963,Hồ Chí Minh,Family,2018
385963,Hồ Chí Minh,Friends,2018
386007,Cần Thơ,Friends,2018
386130,Hồ Chí Minh,Family,2018
386130,Hồ Chí Minh,Friends,2018
386148,Đà Nẵng,Colleagues / Business partner,2018
386262,Nha Trang,Friends,2018
386262,Nha Trang,Family,2018
386262,Nha Trang,Colleagues / Business partner,2018
386271,Hải Phòng,Friends,2018
386271,Hải Phòng,Colleagues / Business partner,2018
386271,Hải Phòng,Family,2018
386287,Hồ Chí Minh,Friends,2018
386287,Hồ Chí Minh,Boyfriend / Girlfriend,2018
386288,Hồ Chí Minh,Family,2018
386288,Hồ Chí Minh,Friends,2018
386289,Hồ Chí Minh,Family,2018
386289,Hồ Chí Minh,Friends,2018
386290,Hồ Chí Minh,Family,2018
386291,Hồ Chí Minh,Friends,2018
386291,Hồ Chí Minh,Family,2018
386293,Hồ Chí Minh,Family,2018
386293,Hồ Chí Minh,Friends,2018
386294,Hồ Chí Minh,Friends,2018
386294,Hồ Chí Minh,Boyfriend / Girlfriend,2018
386296,Hồ Chí Minh,Family,2018
386296,Hồ Chí Minh,Friends,2018
386309,Đà Nẵng,Friends,2018
386309,Đà Nẵng,Family,2018
386417,Đà Nẵng,Friends,2018
386426,Cần Thơ,Friends,2018
386466,Cần Thơ,Friends,2018
386467,Cần Thơ,Friends,2018
386468,Cần Thơ,Friends,2018
386469,Cần Thơ,Friends,2018
386475,Đà Nẵng,Family,2018
386475,Đà Nẵng,Friends,2018
386486,Nha Trang,Colleagues / Business partner,2018
386486,Nha Trang,Boyfriend / Girlfriend,2018
386524,Đà Nẵng,Family,2018
386524,Đà Nẵng,Colleagues / Business partner,2018
386525,Cần Thơ,Family,2018
386525,Cần Thơ,Friends,2018
386526,Cần Thơ,Friends,2018
386526,Cần Thơ,Alone,2018
386526,Cần Thơ,Family,2018
386527,Cần Thơ,Friends,2018
386527,Cần Thơ,Family,2018
386550,Hồ Chí Minh,Friends,2018
386550,Hồ Chí Minh,Family,2018
386551,Đà Nẵng,Family,2018
386598,Nha Trang,Friends,2018
386646,Hồ Chí Minh,Colleagues / Business partner,2018
386646,Hồ Chí Minh,Family,2018
386646,Hồ Chí Minh,Friends,2018
386647,Hồ Chí Minh,Friends,2018
386664,Đà Nẵng,Friends,2018
386687,Đà Nẵng,Friends,2018
386694,Nha Trang,Alone,2018
386706,Cần Thơ,Friends,2018
386729,Cần Thơ,Family,2018
386729,Cần Thơ,Alone,2018
386729,Cần Thơ,Friends,2018
386734,Cần Thơ,Friends,2018
386735,Cần Thơ,Friends,2018
386735,Cần Thơ,Family,2018
386736,Cần Thơ,Family,2018
386737,Cần Thơ,Friends,2018
386738,Cần Thơ,Friends,2018
386747,Cần Thơ,Friends,2018
386762,Cần Thơ,Family,2018
386762,Cần Thơ,Alone,2018
386762,Cần Thơ,Friends,2018
386763,Cần Thơ,Friends,2018
386763,Cần Thơ,Colleagues / Business partner,2018
386763,Cần Thơ,Family,2018
386764,Cần Thơ,Friends,2018
386764,Cần Thơ,Family,2018
386782,Đà Nẵng,Friends,2018
386832,Cần Thơ,Colleagues / Business partner,2018
386832,Cần Thơ,Friends,2018
386847,Nha Trang,Family,2018
386847,Nha Trang,Alone,2018
386847,Nha Trang,Colleagues / Business partner,2018
386847,Nha Trang,Friends,2018
386899,Cần Thơ,Friends,2018
386899,Cần Thơ,Boyfriend / Girlfriend,2018
386901,Nha Trang,Family,2018
386901,Nha Trang,Colleagues / Business partner,2018
386901,Nha Trang,Friends,2018
386923,Cần Thơ,Friends,2018
386923,Cần Thơ,Family,2018
386993,Hải Phòng,Colleagues / Business partner,2018
386993,Hải Phòng,Family,2018
386993,Hải Phòng,Friends,2018
386995,Hải Phòng,Friends,2018
386995,Hải Phòng,Colleagues / Business partner,2018
387017,Nha Trang,Alone,2018
387031,Nha Trang,Family,2018
387044,Nha Trang,Friends,2018
387055,Nha Trang,Friends,2018
387067,Đà Nẵng,Friends,2018
387104,Cần Thơ,Friends,2018
387150,Cần Thơ,Family,2018
387164,Nha Trang,Family,2018
387164,Nha Trang,Colleagues / Business partner,2018
387164,Nha Trang,Friends,2018
387167,Nha Trang,Friends,2018
387167,Nha Trang,Colleagues / Business partner,2018
387298,Cần Thơ,Friends,2018
387338,Đà Nẵng,Family,2018
387442,Đà Nẵng,Friends,2018
387721,Hải Phòng,Colleagues / Business partner,2018
387721,Hải Phòng,Friends,2018
387721,Hải Phòng,Boyfriend / Girlfriend,2018
387778,Hải Phòng,Friends,2018
387784,Cần Thơ,Family,2018
387801,Cần Thơ,Friends,2018
387870,Hải Phòng,Boyfriend / Girlfriend,2018
387870,Hải Phòng,Friends,2018
387928,Cần Thơ,Family,2018
387932,Cần Thơ,Friends,2018
387946,Hải Phòng,Colleagues / Business partner,2018
387946,Hải Phòng,Friends,2018
388080,Hồ Chí Minh,Boyfriend / Girlfriend,2018
388080,Hồ Chí Minh,Friends,2018
388338,Hà Nội,Friends,2018
388339,Hải Phòng,Friends,2018
388340,Hải Phòng,Friends,2018
388340,Hải Phòng,Family,2018
388341,Hải Phòng,Friends,2018
388341,Hải Phòng,Family,2018
388349,Hải Phòng,Friends,2018
388359,Hải Phòng,Family,2018
388360,Hải Phòng,Family,2018
388360,Hải Phòng,Friends,2018
388601,Nha Trang,Friends,2018
388725,Cần Thơ,Friends,2018
388725,Cần Thơ,Family,2018
388725,Cần Thơ,Alone,2018
388788,Đà Nẵng,Friends,2018
389039,Cần Thơ,Friends,2018
389045,Nha Trang,Family,2018
389045,Nha Trang,Friends,2018
389115,Hải Phòng,Friends,2018
389115,Hải Phòng,Colleagues / Business partner,2018
389115,Hải Phòng,Boyfriend / Girlfriend,2018
389205,Cần Thơ,Friends,2018
389205,Cần Thơ,Family,2018
389205,Cần Thơ,Alone,2018
389206,Cần Thơ,Family,2018
389206,Cần Thơ,Friends,2018
389206,Cần Thơ,Colleagues / Business partner,2018
389207,Cần Thơ,Friends,2018
389207,Cần Thơ,Colleagues / Business partner,2018
389207,Cần Thơ,Alone,2018
389207,Cần Thơ,Family,2018
389251,Cần Thơ,Friends,2018
389251,Cần Thơ,Colleagues / Business partner,2018
389255,Cần Thơ,Friends,2018
389255,Cần Thơ,Alone,2018
389255,Cần Thơ,Family,2018
389256,Cần Thơ,Colleagues / Business partner,2018
389256,Cần Thơ,Friends,2018
389256,Cần Thơ,Family,2018
389257,Cần Thơ,Friends,2018
389257,Cần Thơ,Colleagues / Business partner,2018
389257,Cần Thơ,Alone,2018
389257,Cần Thơ,Family,2018
389419,Cần Thơ,Friends,2018
389424,Cần Thơ,Friends,2018
389425,Cần Thơ,Family,2018
389454,Cần Thơ,Alone,2018
389454,Cần Thơ,Friends,2018
389454,Cần Thơ,Colleagues / Business partner,2018
389587,Nha Trang,Family,2018
389587,Nha Trang,Friends,2018
389598,Cần Thơ,Colleagues / Business partner,2018
389598,Cần Thơ,Friends,2018
389598,Cần Thơ,Alone,2018
389598,Cần Thơ,Family,2018
389637,Hải Phòng,Friends,2018
389700,Đà Nẵng,Colleagues / Business partner,2018
389704,Cần Thơ,Colleagues / Business partner,2018
389760,Hải Phòng,Friends,2018
389760,Hải Phòng,Family,2018
389760,Hải Phòng,Colleagues / Business partner,2018
389761,Hải Phòng,Family,2018
389761,Hải Phòng,Friends,2018
389761,Hải Phòng,Colleagues / Business partner,2018
389770,Cần Thơ,Alone,2018
389770,Cần Thơ,Family,2018
389770,Cần Thơ,Colleagues / Business partner,2018
389770,Cần Thơ,Friends,2018
389772,Cần Thơ,Alone,2018
389772,Cần Thơ,Colleagues / Business partner,2018
389772,Cần Thơ,Family,2018
389772,Cần Thơ,Friends,2018
389783,Cần Thơ,Colleagues / Business partner,2018
389783,Cần Thơ,Friends,2018
389783,Cần Thơ,Alone,2018
389783,Cần Thơ,Family,2018
389784,Cần Thơ,Colleagues / Business partner,2018
389784,Cần Thơ,Alone,2018
389784,Cần Thơ,Family,2018
389784,Cần Thơ,Friends,2018
389893,Đà Nẵng,Alone,2018
389894,Hải Phòng,Friends,2018
389894,Hải Phòng,Boyfriend / Girlfriend,2018
389905,Cần Thơ,Colleagues / Business partner,2018
389905,Cần Thơ,Friends,2018
389988,Cần Thơ,Friends,2018
390025,Cần Thơ,Alone,2018
390102,Cần Thơ,Friends,2018
390115,Hải Phòng,Friends,2018
390115,Hải Phòng,Alone,2018
390115,Hải Phòng,Family,2018
390119,Nha Trang,Family,2018
390119,Nha Trang,Friends,2018
390222,Hải Phòng,Colleagues / Business partner,2018
390222,Hải Phòng,Friends,2018
390223,Hải Phòng,Friends,2018
390224,Hải Phòng,Family,2018
390224,Hải Phòng,Friends,2018
390225,Hải Phòng,Family,2018
390226,Hải Phòng,Friends,2018
390232,Hải Phòng,Friends,2018
390233,Hải Phòng,Colleagues / Business partner,2018
390246,Đà Nẵng,Friends,2018
390311,Đà Nẵng,Friends,2018
390311,Đà Nẵng,Colleagues / Business partner,2018
390348,Hồ Chí Minh,Family,2018
390348,Hồ Chí Minh,Friends,2018
390348,Hồ Chí Minh,Colleagues / Business partner,2018
390349,Hồ Chí Minh,Family,2018
390349,Hồ Chí Minh,Alone,2018
390350,Hồ Chí Minh,Friends,2018
390350,Hồ Chí Minh,Family,2018
390352,Hồ Chí Minh,Friends,2018
390353,Hồ Chí Minh,Friends,2018
390427,Nha Trang,Colleagues / Business partner,2018
390427,Nha Trang,Family,2018
390440,Hải Phòng,Alone,2018
390440,Hải Phòng,Friends,2018
390440,Hải Phòng,Family,2018
390443,Đà Nẵng,Family,2018
390443,Đà Nẵng,Friends,2018
390576,Đà Nẵng,Friends,2018
390576,Đà Nẵng,Alone,2018
390582,Hà Nội,Friends,2018
390582,Hà Nội,Family,2018
390603,Hải Phòng,Friends,2018
390744,Hà Nội,Friends,2018
390744,Hà Nội,Family,2018
390803,Nha Trang,Friends,2018
390831,Đà Nẵng,Friends,2018
390865,Đà Nẵng,Friends,2018
390865,Đà Nẵng,Colleagues / Business partner,2018
390974,Hà Nội,Family,2018
390974,Hà Nội,Friends,2018
390984,Nha Trang,Colleagues / Business partner,2018
390984,Nha Trang,Friends,2018
390984,Nha Trang,Family,2018
391042,Đà Nẵng,Friends,2018
391042,Đà Nẵng,Family,2018
391044,Đà Nẵng,Friends,2018
391044,Đà Nẵng,Alone,2018
391106,Hồ Chí Minh,Friends,2018
391106,Hồ Chí Minh,Boyfriend / Girlfriend,2018
391108,Hồ Chí Minh,Friends,2018
391108,Hồ Chí Minh,Colleagues / Business partner,2018
391109,Hồ Chí Minh,Friends,2018
391109,Hồ Chí Minh,Family,2018
391110,Hồ Chí Minh,Friends,2018
391110,Hồ Chí Minh,Family,2018
391111,Hồ Chí Minh,Friends,2018
391112,Hồ Chí Minh,Family,2018
391112,Hồ Chí Minh,Friends,2018
391113,Hồ Chí Minh,Friends,2018
391113,Hồ Chí Minh,Family,2018
391114,Hồ Chí Minh,Friends,2018
391114,Hồ Chí Minh,Boyfriend / Girlfriend,2018
391193,Hà Nội,Family,2018
391193,Hà Nội,Friends,2018
391225,Hải Phòng,Family,2018
391225,Hải Phòng,Friends,2018
391432,Hà Nội,Friends,2018
391535,Đà Nẵng,Friends,2018
391535,Đà Nẵng,Family,2018
391667,Đà Nẵng,Friends,2018
391944,Hải Phòng,Colleagues / Business partner,2018
391973,Hải Phòng,Friends,2018
391973,Hải Phòng,Colleagues / Business partner,2018
391987,Hải Phòng,Friends,2018
391988,Hải Phòng,Friends,2018
391991,Hải Phòng,Friends,2018
391991,Hải Phòng,Colleagues / Business partner,2018
391992,Hải Phòng,Family,2018
392005,Hải Phòng,Friends,2018
392008,Hà Nội,Family,2018
392008,Hà Nội,Friends,2018
392009,Hà Nội,Family,2018
392009,Hà Nội,Friends,2018
392010,Hà Nội,Friends,2018
392011,Hà Nội,Friends,2018
392012,Hải Phòng,Friends,2018
392013,Hải Phòng,Friends,2018
392015,Hải Phòng,Friends,2018
392018,Hải Phòng,Family,2018
392018,Hải Phòng,Friends,2018
392019,Hải Phòng,Friends,2018
392020,Hải Phòng,Friends,2018
392021,Hải Phòng,Family,2018
392021,Hải Phòng,Friends,2018
392022,Hải Phòng,Friends,2018
392023,Hải Phòng,Friends,2018
392024,Hải Phòng,Family,2018
392025,Hải Phòng,Family,2018
392025,Hải Phòng,Friends,2018
392028,Hải Phòng,Family,2018
392029,Hải Phòng,Family,2018
392029,Hải Phòng,Friends,2018
392030,Hải Phòng,Friends,2018
392032,Hải Phòng,Family,2018
392032,Hải Phòng,Friends,2018
392033,Hải Phòng,Family,2018
392033,Hải Phòng,Friends,2018
392040,Hải Phòng,Friends,2018
392040,Hải Phòng,Colleagues / Business partner,2018
392040,Hải Phòng,Family,2018
392041,Hải Phòng,Friends,2018
392042,Hải Phòng,Family,2018
392043,Hải Phòng,Family,2018
392043,Hải Phòng,Friends,2018
392044,Hải Phòng,Friends,2018
392045,Hải Phòng,Family,2018
392045,Hải Phòng,Friends,2018
392122,Cần Thơ,Family,2018
392123,Cần Thơ,Family,2018
392123,Cần Thơ,Friends,2018
392124,Cần Thơ,Colleagues / Business partner,2018
392124,Cần Thơ,Friends,2018
392125,Cần Thơ,Colleagues / Business partner,2018
392125,Cần Thơ,Friends,2018
392126,Cần Thơ,Friends,2018
392126,Cần Thơ,Alone,2018
392165,Hồ Chí Minh,Friends,2018
392165,Hồ Chí Minh,Alone,2018
392166,Hồ Chí Minh,Alone,2018
392166,Hồ Chí Minh,Friends,2018
392167,Hồ Chí Minh,Friends,2018
392167,Hồ Chí Minh,Alone,2018
392168,Hồ Chí Minh,Friends,2018
392168,Hồ Chí Minh,Alone,2018
392304,Đà Nẵng,Friends,2018
392306,Hải Phòng,Friends,2018
392306,Hải Phòng,Colleagues / Business partner,2018
392307,Hải Phòng,Family,2018
392307,Hải Phòng,Friends,2018
392319,Đà Nẵng,Friends,2018
392319,Đà Nẵng,Boyfriend / Girlfriend,2018
392344,Hà Nội,Friends,2018
392406,Hồ Chí Minh,Family,2018
392407,Hồ Chí Minh,Friends,2018
392408,Hồ Chí Minh,Family,2018
392408,Hồ Chí Minh,Friends,2018
392409,Hồ Chí Minh,Family,2018
392410,Hồ Chí Minh,Colleagues / Business partner,2018
392411,Hồ Chí Minh,Family,2018
392428,Hồ Chí Minh,Friends,2018
392429,Hồ Chí Minh,Friends,2018
392429,Hồ Chí Minh,Alone,2018
392429,Hồ Chí Minh,Colleagues / Business partner,2018
392493,Hà Nội,Boyfriend / Girlfriend,2018
392493,Hà Nội,Friends,2018
392546,Cần Thơ,Friends,2018
392628,Cần Thơ,Friends,2018
392629,Cần Thơ,Family,2018
392645,Hà Nội,Family,2018
392645,Hà Nội,Friends,2018
392712,Đà Nẵng,Alone,2018
392738,Cần Thơ,Friends,2018
392746,Cần Thơ,Family,2018
392838,Cần Thơ,Friends,2018
392871,Hà Nội,Family,2018
392871,Hà Nội,Colleagues / Business partner,2018
392871,Hà Nội,Friends,2018
392984,Cần Thơ,Friends,2018
392985,Đà Nẵng,Friends,2018
392985,Đà Nẵng,Family,2018
392992,Hải Phòng,Family,2018
392992,Hải Phòng,Friends,2018
392993,Hải Phòng,Friends,2018
392993,Hải Phòng,Family,2018
393002,Đà Nẵng,Friends,2018
393048,Hà Nội,Family,2018
393064,Cần Thơ,Friends,2018
393077,Hải Phòng,Friends,2018
393077,Hải Phòng,Boyfriend / Girlfriend,2018
393125,Đà Nẵng,Friends,2018
393125,Đà Nẵng,Alone,2018
393198,Cần Thơ,Friends,2018
393329,Cần Thơ,Family,2018
393330,Cần Thơ,Family,2018
393332,Cần Thơ,Colleagues / Business partner,2018
393332,Cần Thơ,Friends,2018
393333,Cần Thơ,Friends,2018
393333,Cần Thơ,Alone,2018
393364,Đà Nẵng,Alone,2018
393364,Đà Nẵng,Friends,2018
393422,Cần Thơ,Friends,2018
393493,Hải Phòng,Boyfriend / Girlfriend,2018
393493,Hải Phòng,Friends,2018
393495,Hải Phòng,Colleagues / Business partner,2018
393495,Hải Phòng,Family,2018
393609,Hải Phòng,Others,2018
393609,Hải Phòng,Friends,2018
393620,Cần Thơ,Friends,2018
393620,Cần Thơ,Alone,2018
393656,Đà Nẵng,Alone,2018
393656,Đà Nẵng,Friends,2018
393751,Cần Thơ,Friends,2018
393751,Cần Thơ,Family,2018
393783,Hải Phòng,Family,2018
393783,Hải Phòng,Friends,2018
394018,Hải Phòng,Colleagues / Business partner,2018
394018,Hải Phòng,Friends,2018
394254,Hồ Chí Minh,Family,2018
394254,Hồ Chí Minh,Friends,2018
394255,Hồ Chí Minh,Friends,2018
394256,Hồ Chí Minh,Friends,2018
394279,Hải Phòng,Colleagues / Business partner,2018
394279,Hải Phòng,Friends,2018
394279,Hải Phòng,Family,2018
394280,Hải Phòng,Family,2018
394280,Hải Phòng,Friends,2018
394280,Hải Phòng,Colleagues / Business partner,2018
394281,Hải Phòng,Colleagues / Business partner,2018
394282,Hải Phòng,Boyfriend / Girlfriend,2018
394282,Hải Phòng,Friends,2018
394282,Hải Phòng,Colleagues / Business partner,2018
394485,Hải Phòng,Alone,2018
394486,Hải Phòng,Friends,2018
394486,Hải Phòng,Colleagues / Business partner,2018
394516,Hải Phòng,Friends,2018
394517,Hải Phòng,Friends,2018
394518,Hải Phòng,Friends,2018
394529,Hải Phòng,Friends,2018
394531,Hải Phòng,Friends,2018
394532,Hải Phòng,Friends,2018
394533,Hải Phòng,Friends,2018
394541,Hải Phòng,Family,2018
394541,Hải Phòng,Friends,2018
394546,Hải Phòng,Family,2018
394547,Hải Phòng,Friends,2018
394548,Hải Phòng,Friends,2018
394549,Hải Phòng,Colleagues / Business partner,2018
394550,Hải Phòng,Friends,2018
394572,Hải Phòng,Family,2018
394572,Hải Phòng,Friends,2018
394573,Cần Thơ,Colleagues / Business partner,2018
394574,Cần Thơ,Friends,2018
394575,Hải Phòng,Family,2018
394575,Hải Phòng,Friends,2018
394576,Hải Phòng,Family,2018
394576,Hải Phòng,Friends,2018
394577,Hải Phòng,Colleagues / Business partner,2018
394577,Hải Phòng,Family,2018
394581,Hải Phòng,Colleagues / Business partner,2018
394581,Hải Phòng,Friends,2018
394581,Hải Phòng,Family,2018
394595,Hải Phòng,Friends,2018
394596,Hải Phòng,Friends,2018
394596,Hải Phòng,Family,2018
394597,Hải Phòng,Family,2018
394597,Hải Phòng,Friends,2018
394598,Hải Phòng,Colleagues / Business partner,2018
394598,Hải Phòng,Friends,2018
394599,Hải Phòng,Family,2018
394599,Hải Phòng,Friends,2018
394599,Hải Phòng,Colleagues / Business partner,2018
394600,Hải Phòng,Friends,2018
394601,Cần Thơ,Family,2018
394602,Cần Thơ,Family,2018
394613,Hải Phòng,Friends,2018
394614,Hải Phòng,Friends,2018
394615,Hải Phòng,Friends,2018
394628,Cần Thơ,Alone,2018
394645,Cần Thơ,Boyfriend / Girlfriend,2018
394678,Hải Phòng,Colleagues / Business partner,2018
394679,Hải Phòng,Friends,2018
394679,Hải Phòng,Colleagues / Business partner,2018
394680,Hải Phòng,Friends,2018
394747,Đà Nẵng,Friends,2018
394747,Đà Nẵng,Colleagues / Business partner,2018
395037,Hà Nội,Friends,2018
395038,Hà Nội,Friends,2018
395039,Hà Nội,Boyfriend / Girlfriend,2018
395039,Hà Nội,Friends,2018
395040,Hà Nội,Friends,2018
395099,Đà Nẵng,Alone,2018
395124,Hải Phòng,Friends,2018
395125,Hải Phòng,Friends,2018
395125,Hải Phòng,Family,2018
395622,Cần Thơ,Family,2018
395622,Cần Thơ,Friends,2018
395622,Cần Thơ,Alone,2018
395622,Cần Thơ,Colleagues / Business partner,2018
395730,Hà Nội,Boyfriend / Girlfriend,2018
395730,Hà Nội,Friends,2018
395731,Hà Nội,Family,2018
395731,Hà Nội,Friends,2018
395732,Hà Nội,Friends,2018
395732,Hà Nội,Boyfriend / Girlfriend,2018
395791,Hải Phòng,Friends,2018
395851,Đà Nẵng,Friends,2018
395916,Hà Nội,Family,2018
395916,Hà Nội,Friends,2018
396066,Cần Thơ,Family,2018
396066,Cần Thơ,Colleagues / Business partner,2018
396090,Đà Nẵng,Friends,2018
396090,Đà Nẵng,Family,2018
396117,Đà Nẵng,Colleagues / Business partner,2018
396117,Đà Nẵng,Friends,2018
396117,Đà Nẵng,Family,2018
396117,Đà Nẵng,Alone,2018
396119,Đà Nẵng,Friends,2018
396119,Đà Nẵng,Alone,2018
396188,Hải Phòng,Boyfriend / Girlfriend,2018
396188,Hải Phòng,Friends,2018
396257,Hà Nội,Friends,2018
396257,Hà Nội,Boyfriend / Girlfriend,2018
396259,Hà Nội,Friends,2018
396259,Hà Nội,Colleagues / Business partner,2018
396267,Cần Thơ,Friends,2018
396267,Cần Thơ,Colleagues / Business partner,2018
396275,Hải Phòng,Colleagues / Business partner,2018
396318,Cần Thơ,Colleagues / Business partner,2018
396320,Cần Thơ,Friends,2018
396321,Cần Thơ,Colleagues / Business partner,2018
396322,Cần Thơ,Friends,2018
396323,Cần Thơ,Colleagues / Business partner,2018
396325,Cần Thơ,Friends,2018
396326,Cần Thơ,Friends,2018
396328,Cần Thơ,Friends,2018
396335,Đà Nẵng,Family,2018
396335,Đà Nẵng,Alone,2018
396389,Cần Thơ,Boyfriend / Girlfriend,2018
396389,Cần Thơ,Friends,2018
396391,Cần Thơ,Family,2018
396391,Cần Thơ,Friends,2018
396393,Cần Thơ,Friends,2018
396393,Cần Thơ,Boyfriend / Girlfriend,2018
396614,Cần Thơ,Friends,2018
396614,Cần Thơ,Family,2018
396614,Cần Thơ,Alone,2018
396684,Đà Nẵng,Family,2018
396684,Đà Nẵng,Alone,2018
396684,Đà Nẵng,Colleagues / Business partner,2018
396684,Đà Nẵng,Friends,2018
396866,Đà Nẵng,Friends,2018
396866,Đà Nẵng,Colleagues / Business partner,2018
396866,Đà Nẵng,Family,2018
396939,Hải Phòng,Friends,2018
396940,Hải Phòng,Family,2018
396940,Hải Phòng,Friends,2018
396941,Hải Phòng,Colleagues / Business partner,2018
397061,Đà Nẵng,Alone,2018
397155,Cần Thơ,Family,2018
397280,Cần Thơ,Family,2018
397723,Cần Thơ,Colleagues / Business partner,2018
397995,Hải Phòng,Friends,2018
397995,Hải Phòng,Boyfriend / Girlfriend,2018
397996,Hải Phòng,Friends,2018
397996,Hải Phòng,Colleagues / Business partner,2018
398177,Hải Phòng,Friends,2018
398190,Hồ Chí Minh,Colleagues / Business partner,2018
398190,Hồ Chí Minh,Friends,2018
398190,Hồ Chí Minh,Boyfriend / Girlfriend,2018
398191,Hồ Chí Minh,Colleagues / Business partner,2018
398191,Hồ Chí Minh,Friends,2018
398191,Hồ Chí Minh,Family,2018
398192,Hồ Chí Minh,Friends,2018
398192,Hồ Chí Minh,Boyfriend / Girlfriend,2018
398193,Hồ Chí Minh,Colleagues / Business partner,2018
398193,Hồ Chí Minh,Friends,2018
398193,Hồ Chí Minh,Family,2018
398194,Hồ Chí Minh,Friends,2018
398194,Hồ Chí Minh,Family,2018
398196,Hải Phòng,Family,2018
398196,Hải Phòng,Friends,2018
398197,Hải Phòng,Friends,2018
398198,Hải Phòng,Colleagues / Business partner,2018
398198,Hải Phòng,Friends,2018
398202,Hồ Chí Minh,Colleagues / Business partner,2018
398202,Hồ Chí Minh,Friends,2018
398202,Hồ Chí Minh,Family,2018
398203,Hồ Chí Minh,Friends,2018
398203,Hồ Chí Minh,Family,2018
398203,Hồ Chí Minh,Colleagues / Business partner,2018
398204,Hồ Chí Minh,Colleagues / Business partner,2018
398205,Hồ Chí Minh,Family,2018
398241,Hải Phòng,Family,2018
398241,Hải Phòng,Friends,2018
398249,Hải Phòng,Friends,2018
398249,Hải Phòng,Family,2018
398379,Hà Nội,Friends,2018
398380,Hà Nội,Friends,2018
398380,Hà Nội,Boyfriend / Girlfriend,2018
398461,Hải Phòng,Boyfriend / Girlfriend,2018
398461,Hải Phòng,Friends,2018
398499,Hồ Chí Minh,Friends,2018
398500,Hồ Chí Minh,Friends,2018
398501,Hồ Chí Minh,Family,2018
398503,Hà Nội,Friends,2018
398511,Hồ Chí Minh,Family,2018
398511,Hồ Chí Minh,Friends,2018
398540,Hồ Chí Minh,Friends,2018
398541,Hồ Chí Minh,Family,2018
398541,Hồ Chí Minh,Friends,2018
398541,Hồ Chí Minh,Colleagues / Business partner,2018
398542,Hồ Chí Minh,Family,2018
398623,Đà Nẵng,Family,2018
398623,Đà Nẵng,Friends,2018
398783,Hải Phòng,Family,2018
398783,Hải Phòng,Alone,2018
398783,Hải Phòng,Friends,2018
398809,Hồ Chí Minh,Friends,2018
398810,Hồ Chí Minh,Friends,2018
398811,Hồ Chí Minh,Friends,2018
398812,Hồ Chí Minh,Friends,2018
398814,Hồ Chí Minh,Friends,2018
398815,Hồ Chí Minh,Friends,2018
398941,Hà Nội,Friends,2018
398942,Hà Nội,Friends,2018
398942,Hà Nội,Family,2018
398942,Hà Nội,Colleagues / Business partner,2018
398943,Hà Nội,Friends,2018
398944,Hà Nội,Friends,2018
398945,Hà Nội,Colleagues / Business partner,2018
398945,Hà Nội,Family,2018
398945,Hà Nội,Friends,2018
398946,Hà Nội,Friends,2018
398946,Hà Nội,Family,2018
398947,Hà Nội,Friends,2018
398948,Hà Nội,Friends,2018
399047,Hồ Chí Minh,Family,2018
399193,Hồ Chí Minh,Friends,2018
399195,Hồ Chí Minh,Family,2018
399195,Hồ Chí Minh,Friends,2018
399255,Hồ Chí Minh,Colleagues / Business partner,2018
399255,Hồ Chí Minh,Friends,2018
399259,Hải Phòng,Friends,2018
399259,Hải Phòng,Family,2018
399374,Hồ Chí Minh,Friends,2018
399375,Hồ Chí Minh,Friends,2018
399375,Hồ Chí Minh,Colleagues / Business partner,2018
399392,Hà Nội,Friends,2018
399409,Hồ Chí Minh,Family,2018
399410,Hồ Chí Minh,Family,2018
399411,Hồ Chí Minh,Family,2018
399411,Hồ Chí Minh,Friends,2018
399412,Hồ Chí Minh,Friends,2018
399416,Hồ Chí Minh,Family,2018
399416,Hồ Chí Minh,Friends,2018
399418,Hồ Chí Minh,Friends,2018
399418,Hồ Chí Minh,Boyfriend / Girlfriend,2018
399419,Hồ Chí Minh,Friends,2018
399420,Hồ Chí Minh,Friends,2018
399420,Hồ Chí Minh,Family,2018
399421,Hồ Chí Minh,Family,2018
399421,Hồ Chí Minh,Friends,2018
399422,Hồ Chí Minh,Friends,2018
399422,Hồ Chí Minh,Family,2018
399423,Hồ Chí Minh,Friends,2018
399423,Hồ Chí Minh,Family,2018
399424,Hồ Chí Minh,Friends,2018
399425,Hồ Chí Minh,Family,2018
399425,Hồ Chí Minh,Friends,2018
399426,Hồ Chí Minh,Friends,2018
399426,Hồ Chí Minh,Family,2018
399439,Hồ Chí Minh,Colleagues / Business partner,2018
399439,Hồ Chí Minh,Friends,2018
399443,Hồ Chí Minh,Friends,2018
399479,Hồ Chí Minh,Friends,2018
399480,Hồ Chí Minh,Friends,2018
399518,Hà Nội,Friends,2018
399520,Hải Phòng,Friends,2018
399694,Đà Nẵng,Family,2018
399747,Hà Nội,Friends,2018
399748,Hà Nội,Friends,2018
399748,Hà Nội,Colleagues / Business partner,2018
399749,Hà Nội,Friends,2018
399750,Hà Nội,Family,2018
399750,Hà Nội,Friends,2018
399751,Hà Nội,Friends,2018
399752,Hà Nội,Friends,2018
399753,Hồ Chí Minh,Friends,2018
399753,Hồ Chí Minh,Family,2018
399797,Đà Nẵng,Friends,2018
399826,Hà Nội,Friends,2018
399826,Hà Nội,Colleagues / Business partner,2018
399827,Hà Nội,Friends,2018
399828,Hà Nội,Family,2018
399828,Hà Nội,Friends,2018
399829,Hà Nội,Colleagues / Business partner,2018
399830,Hà Nội,Friends,2018
399830,Hà Nội,Colleagues / Business partner,2018
399838,Đà Nẵng,Family,2018
399838,Đà Nẵng,Friends,2018
399843,Đà Nẵng,Friends,2018
399843,Đà Nẵng,Alone,2018
399864,Hồ Chí Minh,Family,2018
399871,Đà Nẵng,Friends,2018
399871,Đà Nẵng,Colleagues / Business partner,2018
399951,Hải Phòng,Boyfriend / Girlfriend,2018
399951,Hải Phòng,Friends,2018
399970,Đà Nẵng,Friends,2018
399970,Đà Nẵng,Family,2018
400019,Đà Nẵng,Family,2018
400075,Đà Nẵng,Friends,2018
400075,Đà Nẵng,Family,2018
400075,Đà Nẵng,Alone,2018
400169,Hải Phòng,Friends,2018
400174,Hải Phòng,Friends,2018
400174,Hải Phòng,Colleagues / Business partner,2018
400209,Cần Thơ,Colleagues / Business partner,2018
400650,Hải Phòng,Friends,2018
400650,Hải Phòng,Family,2018
400650,Hải Phòng,Alone,2018
400651,Hải Phòng,Friends,2018
400654,Hải Phòng,Boyfriend / Girlfriend,2018
400654,Hải Phòng,Friends,2018
400655,Hải Phòng,Friends,2018
401175,Hồ Chí Minh,Friends,2018
401187,Hồ Chí Minh,Family,2018
401187,Hồ Chí Minh,Friends,2018
401474,Hải Phòng,Friends,2018
401474,Hải Phòng,Boyfriend / Girlfriend,2018
401625,Hà Nội,Friends,2018
401626,Hà Nội,Boyfriend / Girlfriend,2018
401626,Hà Nội,Friends,2018
401631,Hà Nội,Family,2018
401631,Hà Nội,Boyfriend / Girlfriend,2018
401631,Hà Nội,Friends,2018
401780,Hải Phòng,Colleagues / Business partner,2018
401780,Hải Phòng,Friends,2018
401780,Hải Phòng,Family,2018
401975,Hải Phòng,Friends,2018
402156,Hà Nội,Colleagues / Business partner,2018
402156,Hà Nội,Friends,2018
402158,Hà Nội,Family,2018
402158,Hà Nội,Friends,2018
402158,Hà Nội,Colleagues / Business partner,2018
402268,Đà Nẵng,Family,2018
402504,Đà Nẵng,Alone,2018
402504,Đà Nẵng,Family,2018
402504,Đà Nẵng,Colleagues / Business partner,2018
402623,Hồ Chí Minh,Friends,2018
402623,Hồ Chí Minh,Boyfriend / Girlfriend,2018
402685,Hồ Chí Minh,Friends,2018
402695,Đà Nẵng,Alone,2018
402695,Đà Nẵng,Family,2018
402695,Đà Nẵng,Friends,2018
402695,Đà Nẵng,Colleagues / Business partner,2018
402757,Hồ Chí Minh,Friends,2018
402757,Hồ Chí Minh,Family,2018
402758,Hồ Chí Minh,Colleagues / Business partner,2018
402758,Hồ Chí Minh,Friends,2018
402759,Hồ Chí Minh,Colleagues / Business partner,2018
402759,Hồ Chí Minh,Friends,2018
402760,Hồ Chí Minh,Colleagues / Business partner,2018
402760,Hồ Chí Minh,Friends,2018
402760,Hồ Chí Minh,Alone,2018
402761,Hồ Chí Minh,Friends,2018
402761,Hồ Chí Minh,Alone,2018
402780,Đà Nẵng,Friends,2018
402807,Đà Nẵng,Colleagues / Business partner,2018
402807,Đà Nẵng,Friends,2018
402807,Đà Nẵng,Family,2018
402814,Hồ Chí Minh,Boyfriend / Girlfriend,2018
402814,Hồ Chí Minh,Friends,2018
402815,Hồ Chí Minh,Friends,2018
402815,Hồ Chí Minh,Family,2018
402816,Hồ Chí Minh,Friends,2018
402817,Hồ Chí Minh,Friends,2018
402817,Hồ Chí Minh,Family,2018
402818,Hồ Chí Minh,Friends,2018
402819,Hồ Chí Minh,Friends,2018
402836,Đà Nẵng,Family,2018
402851,Đà Nẵng,Friends,2018
402856,Hồ Chí Minh,Friends,2018
402899,Đà Nẵng,Alone,2018
402936,Đà Nẵng,Friends,2018
402940,Đà Nẵng,Colleagues / Business partner,2018
402940,Đà Nẵng,Friends,2018
403020,Đà Nẵng,Friends,2018
403020,Đà Nẵng,Colleagues / Business partner,2018
403076,Hồ Chí Minh,Family,2018
403076,Hồ Chí Minh,Friends,2018
403530,Hồ Chí Minh,Friends,2018
403591,Hồ Chí Minh,Boyfriend / Girlfriend,2018
403592,Hồ Chí Minh,Friends,2018
403773,Hồ Chí Minh,Friends,2018
404278,Hải Phòng,Friends,2018
404429,Đà Nẵng,Friends,2018
404429,Đà Nẵng,Family,2018
404508,Hồ Chí Minh,Family,2018
404509,Hồ Chí Minh,Friends,2018
404592,Hồ Chí Minh,Friends,2018
404593,Hồ Chí Minh,Friends,2018
404594,Hồ Chí Minh,Friends,2018
404595,Hồ Chí Minh,Friends,2018
404596,Hồ Chí Minh,Boyfriend / Girlfriend,2018
404754,Hồ Chí Minh,Friends,2018
404755,Hồ Chí Minh,Family,2018
404755,Hồ Chí Minh,Colleagues / Business partner,2018
404755,Hồ Chí Minh,Friends,2018
404755,Hồ Chí Minh,Alone,2018
404756,Hồ Chí Minh,Family,2018
404756,Hồ Chí Minh,Alone,2018
404756,Hồ Chí Minh,Friends,2018
404757,Hồ Chí Minh,Alone,2018
404757,Hồ Chí Minh,Boyfriend / Girlfriend,2018
404757,Hồ Chí Minh,Colleagues / Business partner,2018
404757,Hồ Chí Minh,Friends,2018
404757,Hồ Chí Minh,Family,2018
404758,Hồ Chí Minh,Alone,2018
404758,Hồ Chí Minh,Family,2018
404758,Hồ Chí Minh,Friends,2018
404759,Hồ Chí Minh,Alone,2018
404759,Hồ Chí Minh,Friends,2018
405111,Hồ Chí Minh,Friends,2018
405111,Hồ Chí Minh,Family,2018
405137,Hồ Chí Minh,Friends,2018
405138,Hồ Chí Minh,Friends,2018
405138,Hồ Chí Minh,Boyfriend / Girlfriend,2018
405139,Hồ Chí Minh,Friends,2018
405139,Hồ Chí Minh,Family,2018
405140,Hồ Chí Minh,Friends,2018
405205,Hồ Chí Minh,Boyfriend / Girlfriend,2018
405205,Hồ Chí Minh,Colleagues / Business partner,2018
405205,Hồ Chí Minh,Friends,2018
405433,Hồ Chí Minh,Friends,2018
405571,Hồ Chí Minh,Friends,2018
405572,Hồ Chí Minh,Friends,2018
405573,Hồ Chí Minh,Friends,2018
405574,Hồ Chí Minh,Alone,2018
405576,Hồ Chí Minh,Friends,2018
405662,Hồ Chí Minh,Friends,2018
405663,Hồ Chí Minh,Boyfriend / Girlfriend,2018
405663,Hồ Chí Minh,Friends,2018
405664,Hồ Chí Minh,Family,2018
405664,Hồ Chí Minh,Friends,2018
405665,Hồ Chí Minh,Colleagues / Business partner,2018
405665,Hồ Chí Minh,Friends,2018
405665,Hồ Chí Minh,Family,2018
405666,Hồ Chí Minh,Boyfriend / Girlfriend,2018
405666,Hồ Chí Minh,Friends,2018
405667,Hồ Chí Minh,Friends,2018
405667,Hồ Chí Minh,Family,2018
405698,Hà Nội,Friends,2018
405698,Hà Nội,Family,2018
405699,Hà Nội,Colleagues / Business partner,2018
405699,Hà Nội,Friends,2018
405701,Hà Nội,Friends,2018
405704,Hà Nội,Friends,2018
405704,Hà Nội,Family,2018
405715,Hồ Chí Minh,Family,2018
405889,Hồ Chí Minh,Friends,2018
405889,Hồ Chí Minh,Family,2018
405889,Hồ Chí Minh,Alone,2018
405892,Hồ Chí Minh,Colleagues / Business partner,2018
405892,Hồ Chí Minh,Friends,2018
405979,Đà Nẵng,Friends,2018
405979,Đà Nẵng,Family,2018
405979,Đà Nẵng,Colleagues / Business partner,2018
406003,Hồ Chí Minh,Friends,2018
406003,Hồ Chí Minh,Alone,2018
406018,Hồ Chí Minh,Friends,2018
406018,Hồ Chí Minh,Colleagues / Business partner,2018
406018,Hồ Chí Minh,Family,2018
406136,Hồ Chí Minh,Family,2018
406136,Hồ Chí Minh,Alone,2018
406169,Hồ Chí Minh,Alone,2018
406169,Hồ Chí Minh,Friends,2018
406267,Hồ Chí Minh,Friends,2018
406323,Hồ Chí Minh,Friends,2018
406323,Hồ Chí Minh,Colleagues / Business partner,2018
406335,Hồ Chí Minh,Family,2018
406408,Hồ Chí Minh,Friends,2018
406409,Hồ Chí Minh,Colleagues / Business partner,2018
406409,Hồ Chí Minh,Friends,2018
406410,Hồ Chí Minh,Friends,2018
406413,Hồ Chí Minh,Friends,2018
406413,Hồ Chí Minh,Boyfriend / Girlfriend,2018
406413,Hồ Chí Minh,Colleagues / Business partner,2018
406414,Hồ Chí Minh,Friends,2018
406414,Hồ Chí Minh,Boyfriend / Girlfriend,2018
406482,Đà Nẵng,Friends,2018
406519,Hồ Chí Minh,Friends,2018
406519,Hồ Chí Minh,Colleagues / Business partner,2018
406701,Hồ Chí Minh,Friends,2018
406742,Đà Nẵng,Family,2018
406742,Đà Nẵng,Friends,2018
406793,Hồ Chí Minh,Friends,2018
406793,Hồ Chí Minh,Family,2018
406794,Hồ Chí Minh,Friends,2018
406795,Hồ Chí Minh,Friends,2018
406912,Đà Nẵng,Friends,2018
406912,Đà Nẵng,Colleagues / Business partner,2018
406953,Hồ Chí Minh,Family,2018
406953,Hồ Chí Minh,Boyfriend / Girlfriend,2018
406953,Hồ Chí Minh,Friends,2018
406967,Đà Nẵng,Family,2018
407137,Đà Nẵng,Friends,2018
407155,Đà Nẵng,Friends,2018
407155,Đà Nẵng,Colleagues / Business partner,2018
407155,Đà Nẵng,Family,2018
407372,Hải Phòng,Family,2018
407372,Hải Phòng,Friends,2018
407372,Hải Phòng,Colleagues / Business partner,2018
407390,Hồ Chí Minh,Friends,2018
407563,Hà Nội,Colleagues / Business partner,2018
407563,Hà Nội,Friends,2018
407567,Hà Nội,Family,2018
407567,Hà Nội,Friends,2018
407596,Hải Phòng,Friends,2018
407597,Hải Phòng,Friends,2018
407598,Hải Phòng,Friends,2018
407599,Hải Phòng,Friends,2018
407599,Hải Phòng,Family,2018
407613,Hải Phòng,Friends,2018
407817,Hà Nội,Friends,2018
407817,Hà Nội,Family,2018
407818,Hà Nội,Friends,2018
407818,Hà Nội,Family,2018
408350,Đà Nẵng,Friends,2018
408350,Đà Nẵng,Family,2018
408454,Hồ Chí Minh,Family,2018
408657,Hồ Chí Minh,Family,2018
408800,Hồ Chí Minh,Colleagues / Business partner,2018
408800,Hồ Chí Minh,Boyfriend / Girlfriend,2018
408800,Hồ Chí Minh,Friends,2018
408804,Đà Nẵng,Family,2018
408804,Đà Nẵng,Alone,2018
408804,Đà Nẵng,Friends,2018
408870,Hồ Chí Minh,Family,2018
408902,Đà Nẵng,Colleagues / Business partner,2018
408902,Đà Nẵng,Friends,2018
408952,Đà Nẵng,Friends,2018
408952,Đà Nẵng,Colleagues / Business partner,2018
409029,Đà Nẵng,Friends,2018
409131,Hà Nội,Friends,2018
409205,Hà Nội,Friends,2018
409205,Hà Nội,Boyfriend / Girlfriend,2018
409232,Hồ Chí Minh,Friends,2018
409265,Đà Nẵng,Friends,2018
409265,Đà Nẵng,Colleagues / Business partner,2018
409265,Đà Nẵng,Family,2018
409374,Hồ Chí Minh,Friends,2018
409396,Hồ Chí Minh,Friends,2018
409503,Hồ Chí Minh,Family,2018
409503,Hồ Chí Minh,Friends,2018
409503,Hồ Chí Minh,Colleagues / Business partner,2018
409565,Cần Thơ,Boyfriend / Girlfriend,2018
409565,Cần Thơ,Colleagues / Business partner,2018
409581,Hải Phòng,Family,2018
409581,Hải Phòng,Friends,2018
409581,Hải Phòng,Boyfriend / Girlfriend,2018
409619,Hồ Chí Minh,Friends,2018
409637,Nha Trang,Friends,2018
409637,Nha Trang,Family,2018
409685,Đà Nẵng,Alone,2018
409685,Đà Nẵng,Friends,2018
409695,Hải Phòng,Friends,2018
409724,Hồ Chí Minh,Family,2018
409755,Nha Trang,Family,2018
409755,Nha Trang,Friends,2018
409782,Cần Thơ,Friends,2018
409784,Cần Thơ,Family,2018
409784,Cần Thơ,Colleagues / Business partner,2018
409852,Nha Trang,Family,2018
409852,Nha Trang,Friends,2018
409878,Cần Thơ,Friends,2018
409948,Nha Trang,Family,2018
409948,Nha Trang,Friends,2018
409992,Nha Trang,Friends,2018
410003,Hồ Chí Minh,Friends,2018
410021,Nha Trang,Colleagues / Business partner,2018
410021,Nha Trang,Friends,2018
410051,Nha Trang,Family,2018
410051,Nha Trang,Friends,2018
410053,Cần Thơ,Friends,2018
410053,Cần Thơ,Colleagues / Business partner,2018
410053,Cần Thơ,Family,2018
410105,Cần Thơ,Colleagues / Business partner,2018
410105,Cần Thơ,Friends,2018
410111,Hải Phòng,Friends,2018
410112,Hải Phòng,Boyfriend / Girlfriend,2018
410112,Hải Phòng,Friends,2018
410189,Hồ Chí Minh,Friends,2018
410249,Cần Thơ,Colleagues / Business partner,2018
410249,Cần Thơ,Friends,2018
410254,Cần Thơ,Friends,2018
410446,Cần Thơ,Friends,2018
410851,Hà Nội,Friends,2018
410852,Hà Nội,Family,2018
410852,Hà Nội,Friends,2018
410852,Hà Nội,Colleagues / Business partner,2018
410854,Hà Nội,Friends,2018
410854,Hà Nội,Colleagues / Business partner,2018
410855,Hà Nội,Family,2018
410855,Hà Nội,Colleagues / Business partner,2018
410855,Hà Nội,Friends,2018
410856,Hà Nội,Family,2018
410856,Hà Nội,Colleagues / Business partner,2018
410856,Hà Nội,Friends,2018
410857,Hà Nội,Friends,2018
410858,Hà Nội,Family,2018
410858,Hà Nội,Friends,2018
410859,Hà Nội,Friends,2018
410860,Hà Nội,Family,2018
410860,Hà Nội,Colleagues / Business partner,2018
410860,Hà Nội,Friends,2018
410861,Hà Nội,Friends,2018
410861,Hà Nội,Colleagues / Business partner,2018
410861,Hà Nội,Family,2018
410862,Hà Nội,Friends,2018
410865,Hà Nội,Friends,2018
410866,Hà Nội,Friends,2018
410944,Hải Phòng,Friends,2018
410946,Hải Phòng,Friends,2018
410988,Hà Nội,Friends,2018
410988,Hà Nội,Family,2018
410989,Hà Nội,Friends,2018
410992,Hà Nội,Friends,2018
410992,Hà Nội,Family,2018
411004,Hải Phòng,Friends,2018
411017,Hải Phòng,Friends,2018
411018,Hải Phòng,Friends,2018
411018,Hải Phòng,Family,2018
411080,Hải Phòng,Family,2018
411080,Hải Phòng,Friends,2018
411142,Hồ Chí Minh,Friends,2018
411214,Nha Trang,Friends,2018
411312,Hà Nội,Friends,2018
411314,Hà Nội,Friends,2018
411316,Hà Nội,Friends,2018
411333,Hà Nội,Friends,2018
411333,Hà Nội,Family,2018
411334,Hà Nội,Friends,2018
411335,Hà Nội,Friends,2018
411335,Hà Nội,Family,2018
411336,Hà Nội,Family,2018
411336,Hà Nội,Friends,2018
411337,Hà Nội,Family,2018
411337,Hà Nội,Friends,2018
411338,Hà Nội,Family,2018
411338,Hà Nội,Friends,2018
411339,Hà Nội,Friends,2018
411339,Hà Nội,Family,2018
411352,Hồ Chí Minh,Family,2018
411352,Hồ Chí Minh,Friends,2018
411354,Hà Nội,Friends,2018
411355,Hà Nội,Family,2018
411355,Hà Nội,Friends,2018
411356,Hà Nội,Friends,2018
411357,Nha Trang,Family,2018
411357,Nha Trang,Friends,2018
411358,Hải Phòng,Friends,2018
411359,Hải Phòng,Friends,2018
411360,Hải Phòng,Boyfriend / Girlfriend,2018
411360,Hải Phòng,Friends,2018
411361,Hải Phòng,Family,2018
411361,Hải Phòng,Friends,2018
411363,Hồ Chí Minh,Alone,2018
411363,Hồ Chí Minh,Friends,2018
411455,Hà Nội,Family,2018
411456,Hà Nội,Family,2018
411456,Hà Nội,Friends,2018
411456,Hà Nội,Colleagues / Business partner,2018
411458,Hà Nội,Friends,2018
411459,Hà Nội,Family,2018
411459,Hà Nội,Friends,2018
411460,Hà Nội,Family,2018
411461,Hà Nội,Friends,2018
411461,Hà Nội,Colleagues / Business partner,2018
411548,Nha Trang,Colleagues / Business partner,2018
411548,Nha Trang,Friends,2018
411548,Nha Trang,Boyfriend / Girlfriend,2018
411661,Hà Nội,Friends,2018
411661,Hà Nội,Family,2018
411662,Hà Nội,Friends,2018
411663,Hà Nội,Friends,2018
411663,Hà Nội,Colleagues / Business partner,2018
411665,Hà Nội,Friends,2018
411679,Hà Nội,Family,2018
411679,Hà Nội,Friends,2018
411679,Hà Nội,Boyfriend / Girlfriend,2018
411680,Hà Nội,Friends,2018
411680,Hà Nội,Family,2018
411680,Hà Nội,Colleagues / Business partner,2018
411681,Hà Nội,Family,2018
411681,Hà Nội,Friends,2018
411682,Hà Nội,Boyfriend / Girlfriend,2018
411682,Hà Nội,Friends,2018
411684,Hà Nội,Family,2018
411684,Hà Nội,Friends,2018
411685,Hà Nội,Friends,2018
411685,Hà Nội,Family,2018
411687,Hà Nội,Family,2018
411687,Hà Nội,Alone,2018
411687,Hà Nội,Friends,2018
411688,Hà Nội,Family,2018
411688,Hà Nội,Friends,2018
411689,Hà Nội,Boyfriend / Girlfriend,2018
411689,Hà Nội,Friends,2018
411690,Hà Nội,Friends,2018
411690,Hà Nội,Family,2018
411691,Hà Nội,Friends,2018
411691,Hà Nội,Colleagues / Business partner,2018
411692,Hà Nội,Colleagues / Business partner,2018
411692,Hà Nội,Friends,2018
411693,Hà Nội,Colleagues / Business partner,2018
411693,Hà Nội,Friends,2018
411694,Hà Nội,Family,2018
411694,Hà Nội,Friends,2018
411695,Hà Nội,Friends,2018
411695,Hà Nội,Colleagues / Business partner,2018
411697,Hà Nội,Boyfriend / Girlfriend,2018
411697,Hà Nội,Friends,2018
411698,Hà Nội,Friends,2018
411698,Hà Nội,Family,2018
411700,Hà Nội,Family,2018
411700,Hà Nội,Friends,2018
411704,Nha Trang,Family,2018
411704,Nha Trang,Friends,2018
411711,Hồ Chí Minh,Friends,2018
411794,Hà Nội,Friends,2018
411794,Hà Nội,Family,2018
411795,Hà Nội,Family,2018
411795,Hà Nội,Friends,2018
411797,Hà Nội,Friends,2018
411798,Hà Nội,Friends,2018
411798,Hà Nội,Family,2018
411799,Hà Nội,Colleagues / Business partner,2018
411799,Hà Nội,Friends,2018
411799,Hà Nội,Family,2018
411800,Hà Nội,Friends,2018
411800,Hà Nội,Family,2018
411801,Hà Nội,Family,2018
411814,Hà Nội,Friends,2018
411815,Hà Nội,Boyfriend / Girlfriend,2018
411815,Hà Nội,Friends,2018
411816,Hà Nội,Friends,2018
411818,Cần Thơ,Friends,2018
411843,Hà Nội,Family,2018
411843,Hà Nội,Friends,2018
411844,Hà Nội,Friends,2018
411899,Cần Thơ,Family,2018
411967,Hải Phòng,Friends,2018
411992,Cần Thơ,Friends,2018
411992,Cần Thơ,Colleagues / Business partner,2018
411993,Cần Thơ,Colleagues / Business partner,2018
411993,Cần Thơ,Family,2018
411993,Cần Thơ,Alone,2018
411993,Cần Thơ,Friends,2018
412129,Cần Thơ,Friends,2018
412129,Cần Thơ,Family,2018
412129,Cần Thơ,Colleagues / Business partner,2018
412157,Nha Trang,Family,2018
412157,Nha Trang,Friends,2018
412190,Nha Trang,Friends,2018
412190,Nha Trang,Family,2018
412190,Nha Trang,Boyfriend / Girlfriend,2018
412203,Hải Phòng,Friends,2018
412264,Nha Trang,Family,2018
412271,Hồ Chí Minh,Family,2018
412271,Hồ Chí Minh,Friends,2018
412271,Hồ Chí Minh,Alone,2018
412272,Hồ Chí Minh,Friends,2018
412272,Hồ Chí Minh,Family,2018
412272,Hồ Chí Minh,Alone,2018
412325,Hải Phòng,Friends,2018
412325,Hải Phòng,Colleagues / Business partner,2018
412342,Nha Trang,Family,2018
412342,Nha Trang,Friends,2018
412404,Đà Nẵng,Friends,2018
412404,Đà Nẵng,Alone,2018
412423,Nha Trang,Family,2018
412423,Nha Trang,Friends,2018
412468,Hà Nội,Colleagues / Business partner,2018
412468,Hà Nội,Friends,2018
412468,Hà Nội,Boyfriend / Girlfriend,2018
412498,Nha Trang,Friends,2018
412498,Nha Trang,Colleagues / Business partner,2018
412503,Nha Trang,Boyfriend / Girlfriend,2018
412503,Nha Trang,Family,2018
412527,Đà Nẵng,Family,2018
412532,Cần Thơ,Colleagues / Business partner,2018
412532,Cần Thơ,Family,2018
412532,Cần Thơ,Alone,2018
412532,Cần Thơ,Friends,2018
412599,Hải Phòng,Family,2018
412643,Cần Thơ,Friends,2018
412643,Cần Thơ,Colleagues / Business partner,2018
412659,Cần Thơ,Family,2018
412679,Nha Trang,Colleagues / Business partner,2018
412679,Nha Trang,Friends,2018
412725,Đà Nẵng,Colleagues / Business partner,2018
412725,Đà Nẵng,Friends,2018
412763,Hải Phòng,Friends,2018
412764,Hải Phòng,Family,2018
412764,Hải Phòng,Friends,2018
412764,Hải Phòng,Colleagues / Business partner,2018
412765,Hải Phòng,Family,2018
412877,Cần Thơ,Friends,2018
412877,Cần Thơ,Family,2018
412882,Cần Thơ,Family,2018
412882,Cần Thơ,Friends,2018
412883,Cần Thơ,Friends,2018
412883,Cần Thơ,Colleagues / Business partner,2018
412885,Cần Thơ,Colleagues / Business partner,2018
412885,Cần Thơ,Friends,2018
412959,Nha Trang,Colleagues / Business partner,2018
412959,Nha Trang,Family,2018
412959,Nha Trang,Friends,2018
412983,Đà Nẵng,Colleagues / Business partner,2018
412983,Đà Nẵng,Alone,2018
413140,Nha Trang,Family,2018
413140,Nha Trang,Colleagues / Business partner,2018
413198,Cần Thơ,Family,2018
413198,Cần Thơ,Colleagues / Business partner,2018
413198,Cần Thơ,Friends,2018
413198,Cần Thơ,Alone,2018
413246,Hồ Chí Minh,Friends,2018
413246,Hồ Chí Minh,Family,2018
413246,Hồ Chí Minh,Alone,2018
413246,Hồ Chí Minh,Colleagues / Business partner,2018
413247,Hồ Chí Minh,Alone,2018
413247,Hồ Chí Minh,Family,2018
413391,Nha Trang,Colleagues / Business partner,2018
413411,Hải Phòng,Friends,2018
413411,Hải Phòng,Colleagues / Business partner,2018
413411,Hải Phòng,Family,2018
413412,Hải Phòng,Friends,2018
413412,Hải Phòng,Colleagues / Business partner,2018
413412,Hải Phòng,Family,2018
413438,Nha Trang,Friends,2018
413447,Nha Trang,Friends,2018
413447,Nha Trang,Colleagues / Business partner,2018
413450,Nha Trang,Friends,2018
413566,Nha Trang,Family,2018
413566,Nha Trang,Colleagues / Business partner,2018
413566,Nha Trang,Friends,2018
413666,Nha Trang,Family,2018
413666,Nha Trang,Friends,2018
413666,Nha Trang,Alone,2018
413672,Cần Thơ,Family,2018
413672,Cần Thơ,Friends,2018
413818,Nha Trang,Colleagues / Business partner,2018
413818,Nha Trang,Boyfriend / Girlfriend,2018
413818,Nha Trang,Friends,2018
413818,Nha Trang,Family,2018
413829,Hải Phòng,Friends,2018
413830,Hải Phòng,Friends,2018
413831,Hải Phòng,Friends,2018
413831,Hải Phòng,Colleagues / Business partner,2018
413832,Hải Phòng,Friends,2018
413832,Hải Phòng,Family,2018
413833,Hải Phòng,Friends,2018
413834,Hải Phòng,Friends,2018
413853,Hồ Chí Minh,Friends,2018
413854,Hồ Chí Minh,Friends,2018
413913,Hồ Chí Minh,Family,2018
413914,Hồ Chí Minh,Friends,2018
414064,Hải Phòng,Family,2018
414069,Hồ Chí Minh,Friends,2018
414070,Hồ Chí Minh,Friends,2018
414071,Hồ Chí Minh,Friends,2018
414128,Hải Phòng,Friends,2018
414128,Hải Phòng,Family,2018
414141,Hải Phòng,Family,2018
414141,Hải Phòng,Friends,2018
414143,Hải Phòng,Friends,2018
414143,Hải Phòng,Colleagues / Business partner,2018
414144,Hải Phòng,Friends,2018
414144,Hải Phòng,Family,2018
414167,Hà Nội,Boyfriend / Girlfriend,2018
414167,Hà Nội,Friends,2018
414167,Hà Nội,Colleagues / Business partner,2018
414168,Hà Nội,Colleagues / Business partner,2018
414168,Hà Nội,Friends,2018
414169,Hà Nội,Friends,2018
414169,Hà Nội,Family,2018
414170,Hà Nội,Friends,2018
414171,Hà Nội,Friends,2018
414172,Hồ Chí Minh,Friends,2018
414172,Hồ Chí Minh,Family,2018
414173,Hồ Chí Minh,Family,2018
414173,Hồ Chí Minh,Friends,2018
414174,Hồ Chí Minh,Boyfriend / Girlfriend,2018
414174,Hồ Chí Minh,Friends,2018
414228,Hồ Chí Minh,Friends,2018
414363,Nha Trang,Friends,2018
414454,Cần Thơ,Friends,2018
414454,Cần Thơ,Family,2018
414458,Hải Phòng,Boyfriend / Girlfriend,2018
414458,Hải Phòng,Friends,2018
414459,Hải Phòng,Friends,2018
414459,Hải Phòng,Family,2018
414482,Nha Trang,Colleagues / Business partner,2018
414515,Nha Trang,Friends,2018
414540,Nha Trang,Friends,2018
414613,Nha Trang,Friends,2018
414637,Nha Trang,Colleagues / Business partner,2018
414637,Nha Trang,Friends,2018
414680,Nha Trang,Boyfriend / Girlfriend,2018
414680,Nha Trang,Friends,2018
414741,Hồ Chí Minh,Colleagues / Business partner,2018
414741,Hồ Chí Minh,Friends,2018
414751,Đà Nẵng,Family,2018
414751,Đà Nẵng,Friends,2018
414755,Cần Thơ,Friends,2018
414763,Nha Trang,Colleagues / Business partner,2018
414763,Nha Trang,Family,2018
414763,Nha Trang,Friends,2018
414820,Cần Thơ,Others,2018
414884,Cần Thơ,Colleagues / Business partner,2018
414884,Cần Thơ,Family,2018
414912,Nha Trang,Friends,2018
414912,Nha Trang,Family,2018
415025,Nha Trang,Colleagues / Business partner,2018
415025,Nha Trang,Friends,2018
415077,Đà Nẵng,Family,2018
415077,Đà Nẵng,Friends,2018
415077,Đà Nẵng,Colleagues / Business partner,2018
415105,Hải Phòng,Alone,2018
415123,Nha Trang,Family,2018
415123,Nha Trang,Friends,2018
415127,Cần Thơ,Alone,2018
415127,Cần Thơ,Family,2018
415127,Cần Thơ,Colleagues / Business partner,2018
415127,Cần Thơ,Friends,2018
415173,Hải Phòng,Family,2018
415173,Hải Phòng,Friends,2018
415186,Hồ Chí Minh,Friends,2018
415193,Nha Trang,Colleagues / Business partner,2018
415193,Nha Trang,Friends,2018
415202,Hải Phòng,Friends,2018
415202,Hải Phòng,Boyfriend / Girlfriend,2018
415227,Đà Nẵng,Family,2018
415227,Đà Nẵng,Friends,2018
415247,Nha Trang,Friends,2018
415252,Nha Trang,Family,2018
415252,Nha Trang,Friends,2018
415263,Cần Thơ,Family,2018
415301,Hải Phòng,Family,2018
415301,Hải Phòng,Friends,2018
415318,Cần Thơ,Friends,2018
415338,Nha Trang,Friends,2018
415338,Nha Trang,Family,2018
415350,Nha Trang,Family,2018
415354,Nha Trang,Friends,2018
415400,Nha Trang,Friends,2018
415432,Nha Trang,Family,2018
415432,Nha Trang,Friends,2018
415469,Nha Trang,Friends,2018
415469,Nha Trang,Colleagues / Business partner,2018
415473,Cần Thơ,Family,2018
415473,Cần Thơ,Colleagues / Business partner,2018
415473,Cần Thơ,Friends,2018
415474,Cần Thơ,Family,2018
415474,Cần Thơ,Colleagues / Business partner,2018
415474,Cần Thơ,Alone,2018
415474,Cần Thơ,Friends,2018
415475,Cần Thơ,Colleagues / Business partner,2018
415475,Cần Thơ,Family,2018
415475,Cần Thơ,Alone,2018
415475,Cần Thơ,Friends,2018
415476,Cần Thơ,Friends,2018
415476,Cần Thơ,Alone,2018
415476,Cần Thơ,Colleagues / Business partner,2018
415476,Cần Thơ,Family,2018
415477,Cần Thơ,Colleagues / Business partner,2018
415477,Cần Thơ,Friends,2018
415477,Cần Thơ,Family,2018
415478,Cần Thơ,Alone,2018
415478,Cần Thơ,Family,2018
415478,Cần Thơ,Friends,2018
415479,Cần Thơ,Colleagues / Business partner,2018
415479,Cần Thơ,Friends,2018
415479,Cần Thơ,Alone,2018
415479,Cần Thơ,Family,2018
415480,Cần Thơ,Friends,2018
415480,Cần Thơ,Colleagues / Business partner,2018
415480,Cần Thơ,Family,2018
415480,Cần Thơ,Alone,2018
415483,Cần Thơ,Alone,2018
415483,Cần Thơ,Colleagues / Business partner,2018
415483,Cần Thơ,Friends,2018
415483,Cần Thơ,Family,2018
415486,Cần Thơ,Family,2018
415486,Cần Thơ,Colleagues / Business partner,2018
415486,Cần Thơ,Friends,2018
415488,Cần Thơ,Friends,2018
415488,Cần Thơ,Alone,2018
415488,Cần Thơ,Family,2018
415488,Cần Thơ,Colleagues / Business partner,2018
415489,Cần Thơ,Colleagues / Business partner,2018
415489,Cần Thơ,Family,2018
415489,Cần Thơ,Alone,2018
415489,Cần Thơ,Friends,2018
415490,Cần Thơ,Alone,2018
415490,Cần Thơ,Family,2018
415490,Cần Thơ,Friends,2018
415491,Cần Thơ,Colleagues / Business partner,2018
415491,Cần Thơ,Family,2018
415491,Cần Thơ,Friends,2018
415491,Cần Thơ,Alone,2018
415492,Cần Thơ,Colleagues / Business partner,2018
415492,Cần Thơ,Family,2018
415492,Cần Thơ,Friends,2018
415492,Cần Thơ,Alone,2018
415493,Cần Thơ,Alone,2018
415493,Cần Thơ,Friends,2018
415493,Cần Thơ,Family,2018
415504,Nha Trang,Family,2018
415520,Cần Thơ,Friends,2018
415520,Cần Thơ,Colleagues / Business partner,2018
415522,Cần Thơ,Alone,2018
415524,Cần Thơ,Friends,2018
415525,Cần Thơ,Alone,2018
415526,Cần Thơ,Friends,2018
415528,Cần Thơ,Friends,2018
415529,Cần Thơ,Colleagues / Business partner,2018
415538,Nha Trang,Boyfriend / Girlfriend,2018
415538,Nha Trang,Friends,2018
415538,Nha Trang,Colleagues / Business partner,2018
415567,Hải Phòng,Friends,2018
415567,Hải Phòng,Family,2018
415632,Nha Trang,Friends,2018
415632,Nha Trang,Family,2018
415632,Nha Trang,Alone,2018
415709,Nha Trang,Family,2018
415715,Cần Thơ,Friends,2018
415715,Cần Thơ,Family,2018
415722,Nha Trang,Friends,2018
415750,Nha Trang,Family,2018
415773,Nha Trang,Family,2018
415773,Nha Trang,Friends,2018
415793,Hải Phòng,Friends,2018
415793,Hải Phòng,Colleagues / Business partner,2018
415794,Hải Phòng,Boyfriend / Girlfriend,2018
415827,Nha Trang,Family,2018
415848,Nha Trang,Colleagues / Business partner,2018
415848,Nha Trang,Friends,2018
415857,Nha Trang,Family,2018
415934,Cần Thơ,Family,2018
415934,Cần Thơ,Colleagues / Business partner,2018
415946,Cần Thơ,Friends,2018
415973,Nha Trang,Friends,2018
415973,Nha Trang,Family,2018
415986,Đà Nẵng,Friends,2018
416088,Cần Thơ,Friends,2018
416088,Cần Thơ,Colleagues / Business partner,2018
416088,Cần Thơ,Family,2018
416088,Cần Thơ,Alone,2018
416092,Cần Thơ,Colleagues / Business partner,2018
416092,Cần Thơ,Friends,2018
416092,Cần Thơ,Alone,2018
416092,Cần Thơ,Family,2018
416109,Đà Nẵng,Friends,2018
416109,Đà Nẵng,Family,2018
416110,Cần Thơ,Friends,2018
416111,Cần Thơ,Friends,2018
416160,Cần Thơ,Friends,2018
416161,Cần Thơ,Family,2018
416162,Cần Thơ,Friends,2018
416163,Cần Thơ,Friends,2018
416165,Cần Thơ,Friends,2018
416166,Cần Thơ,Friends,2018
416167,Cần Thơ,Family,2018
416168,Cần Thơ,Colleagues / Business partner,2018
416168,Cần Thơ,Friends,2018
416170,Cần Thơ,Friends,2018
416172,Cần Thơ,Friends,2018
416187,Cần Thơ,Colleagues / Business partner,2018
416188,Cần Thơ,Friends,2018
416188,Cần Thơ,Colleagues / Business partner,2018
416189,Cần Thơ,Colleagues / Business partner,2018
416190,Cần Thơ,Friends,2018
416191,Cần Thơ,Friends,2018
416192,Cần Thơ,Friends,2018
416193,Cần Thơ,Alone,2018
416194,Cần Thơ,Friends,2018
416195,Cần Thơ,Friends,2018
416197,Cần Thơ,Friends,2018
416233,Cần Thơ,Family,2018
416233,Cần Thơ,Alone,2018
416233,Cần Thơ,Friends,2018
416233,Cần Thơ,Colleagues / Business partner,2018
416235,Cần Thơ,Alone,2018
416235,Cần Thơ,Family,2018
416235,Cần Thơ,Friends,2018
416235,Cần Thơ,Colleagues / Business partner,2018
416242,Cần Thơ,Family,2018
416243,Cần Thơ,Colleagues / Business partner,2018
416244,Cần Thơ,Colleagues / Business partner,2018
416244,Cần Thơ,Friends,2018
416330,Cần Thơ,Friends,2018
416330,Cần Thơ,Family,2018
416331,Cần Thơ,Colleagues / Business partner,2018
416332,Cần Thơ,Friends,2018
416332,Cần Thơ,Colleagues / Business partner,2018
416333,Cần Thơ,Colleagues / Business partner,2018
416333,Cần Thơ,Friends,2018
416334,Cần Thơ,Family,2018
416335,Cần Thơ,Boyfriend / Girlfriend,2018
416336,Cần Thơ,Friends,2018
416336,Cần Thơ,Colleagues / Business partner,2018
416337,Cần Thơ,Friends,2018
416338,Cần Thơ,Boyfriend / Girlfriend,2018
416338,Cần Thơ,Colleagues / Business partner,2018
416344,Cần Thơ,Friends,2018
416344,Cần Thơ,Colleagues / Business partner,2018
416344,Cần Thơ,Alone,2018
416345,Cần Thơ,Alone,2018
416345,Cần Thơ,Colleagues / Business partner,2018
416345,Cần Thơ,Friends,2018
416377,Hải Phòng,Family,2018
416377,Hải Phòng,Friends,2018
416427,Hải Phòng,Family,2018
416428,Hải Phòng,Friends,2018
416428,Hải Phòng,Family,2018
416428,Hải Phòng,Colleagues / Business partner,2018
416429,Hải Phòng,Friends,2018
416430,Hải Phòng,Family,2018
416455,Hải Phòng,Friends,2018
416455,Hải Phòng,Colleagues / Business partner,2018
416456,Hải Phòng,Friends,2018
416456,Hải Phòng,Colleagues / Business partner,2018
416458,Hải Phòng,Friends,2018
416459,Hải Phòng,Friends,2018
416459,Hải Phòng,Colleagues / Business partner,2018
416503,Hải Phòng,Friends,2018
416504,Hải Phòng,Friends,2018
416505,Hải Phòng,Friends,2018
416551,Hải Phòng,Friends,2018
416551,Hải Phòng,Family,2018
416690,Cần Thơ,Friends,2018
416690,Cần Thơ,Family,2018
416690,Cần Thơ,Colleagues / Business partner,2018
416690,Cần Thơ,Alone,2018
416733,Hải Phòng,Friends,2018
416733,Hải Phòng,Family,2018
416831,Đà Nẵng,Boyfriend / Girlfriend,2018
416924,Cần Thơ,Colleagues / Business partner,2018
416924,Cần Thơ,Friends,2018
416924,Cần Thơ,Alone,2018
416928,Cần Thơ,Alone,2018
416928,Cần Thơ,Family,2018
417060,Nha Trang,Friends,2018
417092,Nha Trang,Colleagues / Business partner,2018
417092,Nha Trang,Boyfriend / Girlfriend,2018
417092,Nha Trang,Friends,2018
417230,Nha Trang,Friends,2018
417281,Hồ Chí Minh,Alone,2018
417281,Hồ Chí Minh,Friends,2018
417316,Hải Phòng,Friends,2018
417351,Cần Thơ,Friends,2018
417358,Cần Thơ,Friends,2018
417362,Cần Thơ,Friends,2018
417363,Cần Thơ,Family,2018
417508,Cần Thơ,Colleagues / Business partner,2018
417508,Cần Thơ,Alone,2018
417508,Cần Thơ,Friends,2018
417508,Cần Thơ,Family,2018
417510,Cần Thơ,Alone,2018
417510,Cần Thơ,Family,2018
417510,Cần Thơ,Colleagues / Business partner,2018
417511,Cần Thơ,Family,2018
417511,Cần Thơ,Colleagues / Business partner,2018
417511,Cần Thơ,Friends,2018
417511,Cần Thơ,Alone,2018
417512,Cần Thơ,Alone,2018
417512,Cần Thơ,Family,2018
417512,Cần Thơ,Friends,2018
417512,Cần Thơ,Colleagues / Business partner,2018
417639,Cần Thơ,Friends,2018
417741,Đà Nẵng,Alone,2018
417741,Đà Nẵng,Family,2018
417743,Cần Thơ,Friends,2018
417743,Cần Thơ,Family,2018
417744,Cần Thơ,Friends,2018
417862,Nha Trang,Friends,2018
417862,Nha Trang,Colleagues / Business partner,2018
417880,Hải Phòng,Friends,2018
417989,Đà Nẵng,Family,2018
418003,Đà Nẵng,Friends,2018
418012,Đà Nẵng,Friends,2018
418012,Đà Nẵng,Family,2018
418070,Hải Phòng,Friends,2018
418094,Đà Nẵng,Colleagues / Business partner,2018
418113,Cần Thơ,Family,2018
418113,Cần Thơ,Friends,2018
418146,Đà Nẵng,Family,2018
418146,Đà Nẵng,Friends,2018
418153,Đà Nẵng,Friends,2018
418153,Đà Nẵng,Family,2018
418199,Đà Nẵng,Family,2018
418205,Nha Trang,Family,2018
418205,Nha Trang,Friends,2018
418205,Nha Trang,Colleagues / Business partner,2018
418219,Đà Nẵng,Family,2018
418228,Đà Nẵng,Family,2018
418228,Đà Nẵng,Alone,2018
418245,Cần Thơ,Friends,2018
418249,Nha Trang,Family,2018
418249,Nha Trang,Friends,2018
418343,Cần Thơ,Family,2018
418343,Cần Thơ,Friends,2018
418381,Nha Trang,Colleagues / Business partner,2018
418400,Nha Trang,Family,2018
418400,Nha Trang,Friends,2018
418414,Cần Thơ,Friends,2018
418421,Hải Phòng,Friends,2018
418442,Nha Trang,Friends,2018
418478,Nha Trang,Colleagues / Business partner,2018
418478,Nha Trang,Friends,2018
418478,Nha Trang,Family,2018
418487,Hải Phòng,Friends,2018
418491,Hải Phòng,Friends,2018
418506,Cần Thơ,Family,2018
418506,Cần Thơ,Friends,2018
418519,Đà Nẵng,Friends,2018
418519,Đà Nẵng,Colleagues / Business partner,2018
418571,Nha Trang,Family,2018
418588,Nha Trang,Friends,2018
418588,Nha Trang,Colleagues / Business partner,2018
418666,Nha Trang,Family,2018
418666,Nha Trang,Friends,2018
418682,Cần Thơ,Family,2018
418682,Cần Thơ,Friends,2018
418683,Cần Thơ,Friends,2018
418683,Cần Thơ,Boyfriend / Girlfriend,2018
418684,Cần Thơ,Family,2018
418684,Cần Thơ,Colleagues / Business partner,2018
418685,Cần Thơ,Family,2018
418685,Cần Thơ,Friends,2018
418686,Cần Thơ,Colleagues / Business partner,2018
418686,Cần Thơ,Friends,2018
418687,Cần Thơ,Friends,2018
418688,Cần Thơ,Boyfriend / Girlfriend,2018
418688,Cần Thơ,Family,2018
418689,Cần Thơ,Colleagues / Business partner,2018
418690,Cần Thơ,Colleagues / Business partner,2018
418690,Cần Thơ,Friends,2018
418691,Cần Thơ,Friends,2018
418691,Cần Thơ,Colleagues / Business partner,2018
418730,Nha Trang,Friends,2018
418809,Nha Trang,Family,2018
418809,Nha Trang,Friends,2018
418916,Hải Phòng,Family,2018
418916,Hải Phòng,Friends,2018
418935,Hải Phòng,Friends,2018
418935,Hải Phòng,Family,2018
418941,Hải Phòng,Family,2018
418941,Hải Phòng,Friends,2018
418944,Hải Phòng,Friends,2018
418944,Hải Phòng,Family,2018
418947,Hải Phòng,Colleagues / Business partner,2018
418947,Hải Phòng,Friends,2018
418947,Hải Phòng,Family,2018
419051,Hồ Chí Minh,Friends,2018
419052,Cần Thơ,Family,2018
419052,Cần Thơ,Alone,2018
419052,Cần Thơ,Friends,2018
419054,Cần Thơ,Friends,2018
419055,Cần Thơ,Friends,2018
419056,Cần Thơ,Family,2018
419056,Cần Thơ,Friends,2018
419057,Cần Thơ,Friends,2018
419058,Cần Thơ,Friends,2018
419104,Cần Thơ,Friends,2018
419104,Cần Thơ,Alone,2018
419104,Cần Thơ,Family,2018
419104,Cần Thơ,Colleagues / Business partner,2018
419105,Cần Thơ,Friends,2018
419105,Cần Thơ,Family,2018
419106,Cần Thơ,Colleagues / Business partner,2018
419106,Cần Thơ,Friends,2018
419106,Cần Thơ,Alone,2018
419106,Cần Thơ,Family,2018
419107,Cần Thơ,Family,2018
419107,Cần Thơ,Colleagues / Business partner,2018
419107,Cần Thơ,Friends,2018
419108,Cần Thơ,Colleagues / Business partner,2018
419108,Cần Thơ,Alone,2018
419108,Cần Thơ,Friends,2018
419108,Cần Thơ,Family,2018
419113,Đà Nẵng,Family,2018
419113,Đà Nẵng,Alone,2018
419113,Đà Nẵng,Friends,2018
419114,Cần Thơ,Colleagues / Business partner,2018
419114,Cần Thơ,Friends,2018
419115,Cần Thơ,Friends,2018
419115,Cần Thơ,Family,2018
419116,Cần Thơ,Family,2018
419116,Cần Thơ,Alone,2018
419116,Cần Thơ,Friends,2018
419117,Cần Thơ,Alone,2018
419117,Cần Thơ,Colleagues / Business partner,2018
419117,Cần Thơ,Friends,2018
419117,Cần Thơ,Family,2018
419118,Cần Thơ,Friends,2018
419118,Cần Thơ,Family,2018
419118,Cần Thơ,Alone,2018
419145,Cần Thơ,Colleagues / Business partner,2018
419184,Nha Trang,Friends,2018
419198,Nha Trang,Family,2018
419198,Nha Trang,Friends,2018
419198,Nha Trang,Colleagues / Business partner,2018
419208,Hải Phòng,Friends,2018
419211,Cần Thơ,Friends,2018
419223,Cần Thơ,Friends,2018
419224,Cần Thơ,Family,2018
419240,Đà Nẵng,Family,2018
419240,Đà Nẵng,Friends,2018
419240,Đà Nẵng,Alone,2018
419245,Hải Phòng,Friends,2018
419331,Hải Phòng,Friends,2018
419335,Hải Phòng,Family,2018
419336,Hải Phòng,Friends,2018
419336,Hải Phòng,Family,2018
419358,Hải Phòng,Friends,2018
419364,Nha Trang,Family,2018
419364,Nha Trang,Colleagues / Business partner,2018
419364,Nha Trang,Friends,2018
419366,Hải Phòng,Family,2018
419367,Hải Phòng,Family,2018
419418,Cần Thơ,Alone,2018
419419,Cần Thơ,Colleagues / Business partner,2018
419419,Cần Thơ,Friends,2018
419420,Cần Thơ,Friends,2018
419421,Cần Thơ,Colleagues / Business partner,2018
419481,Hải Phòng,Friends,2018
419481,Hải Phòng,Colleagues / Business partner,2018
419481,Hải Phòng,Family,2018
419482,Hải Phòng,Boyfriend / Girlfriend,2018
419482,Hải Phòng,Friends,2018
419484,Hải Phòng,Colleagues / Business partner,2018
419489,Hải Phòng,Friends,2018
419489,Hải Phòng,Family,2018
419491,Hải Phòng,Colleagues / Business partner,2018
419491,Hải Phòng,Friends,2018
419492,Hải Phòng,Friends,2018
419492,Hải Phòng,Colleagues / Business partner,2018
419493,Hải Phòng,Colleagues / Business partner,2018
419493,Hải Phòng,Friends,2018
419494,Hải Phòng,Friends,2018
419495,Hải Phòng,Friends,2018
419495,Hải Phòng,Family,2018
419496,Hải Phòng,Friends,2018
419496,Hải Phòng,Colleagues / Business partner,2018
419497,Hải Phòng,Friends,2018
419504,Hải Phòng,Friends,2018
419504,Hải Phòng,Family,2018
419505,Hải Phòng,Friends,2018
419505,Hải Phòng,Family,2018
419506,Hải Phòng,Family,2018
419506,Hải Phòng,Colleagues / Business partner,2018
419506,Hải Phòng,Friends,2018
419507,Hải Phòng,Family,2018
419507,Hải Phòng,Friends,2018
419508,Hải Phòng,Family,2018
419508,Hải Phòng,Colleagues / Business partner,2018
419508,Hải Phòng,Friends,2018
419509,Hải Phòng,Colleagues / Business partner,2018
419509,Hải Phòng,Family,2018
419509,Hải Phòng,Friends,2018
419510,Hải Phòng,Family,2018
419510,Hải Phòng,Friends,2018
419535,Hải Phòng,Friends,2018
419536,Hải Phòng,Friends,2018
419536,Hải Phòng,Family,2018
419537,Hải Phòng,Friends,2018
419538,Hải Phòng,Friends,2018
419538,Hải Phòng,Family,2018
419540,Hải Phòng,Friends,2018
419541,Hải Phòng,Friends,2018
419541,Hải Phòng,Family,2018
419542,Hải Phòng,Friends,2018
419638,Nha Trang,Friends,2018
419720,Hải Phòng,Friends,2018
419723,Nha Trang,Family,2018
419803,Nha Trang,Family,2018
419814,Nha Trang,Colleagues / Business partner,2018
419975,Nha Trang,Friends,2018
420095,Đà Nẵng,Family,2018
420095,Đà Nẵng,Friends,2018
420114,Hồ Chí Minh,Friends,2018
420124,Nha Trang,Friends,2018
420124,Nha Trang,Family,2018
420287,Nha Trang,Friends,2018
420500,Nha Trang,Friends,2018
420656,Nha Trang,Friends,2018
420656,Nha Trang,Boyfriend / Girlfriend,2018
420656,Nha Trang,Colleagues / Business partner,2018
420663,Nha Trang,Friends,2018
420663,Nha Trang,Colleagues / Business partner,2018
420755,Đà Nẵng,Friends,2018
420767,Hồ Chí Minh,Friends,2018
420767,Hồ Chí Minh,Family,2018
420781,Hồ Chí Minh,Family,2018
420781,Hồ Chí Minh,Friends,2018
420797,Nha Trang,Colleagues / Business partner,2018
420797,Nha Trang,Friends,2018
420805,Nha Trang,Friends,2018
420805,Nha Trang,Family,2018
420812,Nha Trang,Friends,2018
420836,Đà Nẵng,Alone,2018
420836,Đà Nẵng,Friends,2018
420880,Hồ Chí Minh,Friends,2018
420894,Nha Trang,Friends,2018
420902,Nha Trang,Friends,2018
420962,Nha Trang,Family,2018
420962,Nha Trang,Friends,2018
420974,Đà Nẵng,Friends,2018
420974,Đà Nẵng,Family,2018
421039,Nha Trang,Friends,2018
421114,Nha Trang,Colleagues / Business partner,2018
421114,Nha Trang,Friends,2018
421114,Nha Trang,Family,2018
421127,Nha Trang,Friends,2018
421181,Đà Nẵng,Colleagues / Business partner,2018
421181,Đà Nẵng,Friends,2018
421181,Đà Nẵng,Family,2018
421181,Đà Nẵng,Alone,2018
421328,Nha Trang,Friends,2018
421328,Nha Trang,Boyfriend / Girlfriend,2018
421328,Nha Trang,Colleagues / Business partner,2018
421333,Nha Trang,Friends,2018
421335,Hồ Chí Minh,Friends,2018
421367,Đà Nẵng,Family,2018
421458,Nha Trang,Alone,2018
421467,Đà Nẵng,Alone,2018
421467,Đà Nẵng,Colleagues / Business partner,2018
421467,Đà Nẵng,Friends,2018
421507,Nha Trang,Friends,2018
421507,Nha Trang,Family,2018
421519,Đà Nẵng,Colleagues / Business partner,2018
421521,Đà Nẵng,Friends,2018
421521,Đà Nẵng,Colleagues / Business partner,2018
421677,Hồ Chí Minh,Friends,2018
421677,Hồ Chí Minh,Colleagues / Business partner,2018
421730,Đà Nẵng,Colleagues / Business partner,2018
421741,Đà Nẵng,Family,2018
421754,Đà Nẵng,Friends,2018
421768,Hồ Chí Minh,Friends,2018
421783,Nha Trang,Family,2018
421783,Nha Trang,Friends,2018
421880,Hồ Chí Minh,Friends,2018
421880,Hồ Chí Minh,Boyfriend / Girlfriend,2018
422008,Hồ Chí Minh,Friends,2018
422261,Nha Trang,Friends,2018
422270,Nha Trang,Boyfriend / Girlfriend,2018
422270,Nha Trang,Friends,2018
422307,Nha Trang,Friends,2018
422368,Nha Trang,Friends,2018
422598,Nha Trang,Friends,2018
422610,Nha Trang,Boyfriend / Girlfriend,2018
422610,Nha Trang,Friends,2018
422652,Nha Trang,Friends,2018
422659,Nha Trang,Friends,2018
422851,Nha Trang,Family,2018
422923,Nha Trang,Family,2018
422923,Nha Trang,Friends,2018
422952,Hồ Chí Minh,Alone,2018
422952,Hồ Chí Minh,Friends,2018
422952,Hồ Chí Minh,Colleagues / Business partner,2018
422965,Nha Trang,Friends,2018
422965,Nha Trang,Family,2018
422968,Nha Trang,Colleagues / Business partner,2018
422968,Nha Trang,Family,2018
423000,Nha Trang,Alone,2018
423060,Nha Trang,Friends,2018
423060,Nha Trang,Family,2018
423075,Nha Trang,Colleagues / Business partner,2018
423111,Hồ Chí Minh,Family,2018
423111,Hồ Chí Minh,Colleagues / Business partner,2018
423111,Hồ Chí Minh,Alone,2018
423111,Hồ Chí Minh,Boyfriend / Girlfriend,2018
423111,Hồ Chí Minh,Friends,2018
423140,Nha Trang,Family,2018
423140,Nha Trang,Friends,2018
423196,Nha Trang,Friends,2018
423196,Nha Trang,Family,2018
423204,Nha Trang,Friends,2018
423288,Hồ Chí Minh,Family,2018
423288,Hồ Chí Minh,Friends,2018
423311,Nha Trang,Friends,2018
423311,Nha Trang,Family,2018
423346,Nha Trang,Friends,2018
423413,Nha Trang,Friends,2018
423473,Nha Trang,Alone,2018
423491,Nha Trang,Friends,2018
423514,Nha Trang,Family,2018
423514,Nha Trang,Friends,2018
423639,Nha Trang,Colleagues / Business partner,2018
423639,Nha Trang,Friends,2018
423736,Nha Trang,Colleagues / Business partner,2018
423784,Nha Trang,Friends,2018
423784,Nha Trang,Colleagues / Business partner,2018
423852,Nha Trang,Colleagues / Business partner,2018
423852,Nha Trang,Friends,2018
423886,Nha Trang,Friends,2018
423886,Nha Trang,Family,2018
424050,Nha Trang,Colleagues / Business partner,2018
424050,Nha Trang,Boyfriend / Girlfriend,2018
424050,Nha Trang,Friends,2018
424082,Nha Trang,Colleagues / Business partner,2018
424082,Nha Trang,Friends,2018
424224,Nha Trang,Boyfriend / Girlfriend,2018
424242,Nha Trang,Friends,2018
424242,Nha Trang,Colleagues / Business partner,2018
424244,Đà Nẵng,Friends,2018
424244,Đà Nẵng,Family,2018
424252,Nha Trang,Friends,2018
424283,Nha Trang,Colleagues / Business partner,2018
424283,Nha Trang,Friends,2018
424428,Đà Nẵng,Friends,2018
424652,Nha Trang,Friends,2018
424652,Nha Trang,Colleagues / Business partner,2018
424880,Nha Trang,Friends,2018
424885,Nha Trang,Friends,2018
424888,Nha Trang,Family,2018
424888,Nha Trang,Friends,2018
425022,Nha Trang,Family,2018
425022,Nha Trang,Friends,2018
425233,Hải Phòng,Family,2018
425233,Hải Phòng,Friends,2018
425233,Hải Phòng,Colleagues / Business partner,2018
425340,Nha Trang,Friends,2018
425340,Nha Trang,Family,2018
425519,Hồ Chí Minh,Friends,2018
425519,Hồ Chí Minh,Family,2018
425609,Hải Phòng,Friends,2018
425609,Hải Phòng,Boyfriend / Girlfriend,2018
425762,Hồ Chí Minh,Boyfriend / Girlfriend,2018
425762,Hồ Chí Minh,Friends,2018
425777,Đà Nẵng,Family,2018
425777,Đà Nẵng,Friends,2018
425892,Hải Phòng,Friends,2018
425892,Hải Phòng,Family,2018
425930,Hồ Chí Minh,Family,2018
425930,Hồ Chí Minh,Friends,2018
425931,Hồ Chí Minh,Friends,2018
425932,Hồ Chí Minh,Boyfriend / Girlfriend,2018
425950,Đà Nẵng,Friends,2018
426483,Đà Nẵng,Friends,2018
426762,Hải Phòng,Friends,2018
426762,Hải Phòng,Family,2018
426763,Hải Phòng,Colleagues / Business partner,2018
426763,Hải Phòng,Friends,2018
426862,Hải Phòng,Friends,2018
426862,Hải Phòng,Family,2018
426901,Đà Nẵng,Family,2018
427010,Hải Phòng,Family,2018
427010,Hải Phòng,Friends,2018
427192,Đà Nẵng,Family,2018
427192,Đà Nẵng,Friends,2018
427933,Hồ Chí Minh,Friends,2018
428417,Hải Phòng,Family,2018
428417,Hải Phòng,Friends,2018
428466,Đà Nẵng,Friends,2018
428471,Đà Nẵng,Family,2018
428471,Đà Nẵng,Friends,2018
428572,Đà Nẵng,Family,2018
428572,Đà Nẵng,Colleagues / Business partner,2018
428572,Đà Nẵng,Friends,2018
428726,Hải Phòng,Friends,2018
428727,Hải Phòng,Friends,2018
428756,Hải Phòng,Friends,2018
428756,Hải Phòng,Family,2018
428757,Hải Phòng,Family,2018
428758,Hải Phòng,Family,2018
428758,Hải Phòng,Friends,2018
428982,Hải Phòng,Friends,2018
428982,Hải Phòng,Family,2018
428983,Hải Phòng,Family,2018
428983,Hải Phòng,Friends,2018
428984,Hải Phòng,Friends,2018
428984,Hải Phòng,Colleagues / Business partner,2018
428985,Hải Phòng,Colleagues / Business partner,2018
428985,Hải Phòng,Friends,2018
428985,Hải Phòng,Family,2018
429053,Hải Phòng,Friends,2018
429053,Hải Phòng,Family,2018
429153,Hải Phòng,Family,2018
429262,Hồ Chí Minh,Friends,2018
429290,Đà Nẵng,Friends,2018
429290,Đà Nẵng,Alone,2018
429329,Đà Nẵng,Family,2018
429329,Đà Nẵng,Friends,2018
429443,Đà Nẵng,Friends,2018
429462,Đà Nẵng,Family,2018
429462,Đà Nẵng,Friends,2018
429487,Hải Phòng,Friends,2018
429487,Hải Phòng,Family,2018
429556,Đà Nẵng,Friends,2018
429556,Đà Nẵng,Alone,2018
429580,Hải Phòng,Friends,2018
429592,Hồ Chí Minh,Colleagues / Business partner,2018
429592,Hồ Chí Minh,Friends,2018
429913,Hải Phòng,Friends,2018
429914,Hải Phòng,Family,2018
429914,Hải Phòng,Friends,2018
429915,Hải Phòng,Friends,2018
429983,Hải Phòng,Colleagues / Business partner,2018
429983,Hải Phòng,Friends,2018
429983,Hải Phòng,Boyfriend / Girlfriend,2018
430168,Hà Nội,Colleagues / Business partner,2018
430168,Hà Nội,Friends,2018
430168,Hà Nội,Family,2018
430284,Hà Nội,Friends,2018
430284,Hà Nội,Family,2018
430292,Hà Nội,Boyfriend / Girlfriend,2018
430293,Hà Nội,Friends,2018
430293,Hà Nội,Boyfriend / Girlfriend,2018
430294,Hải Phòng,Friends,2018
430294,Hải Phòng,Colleagues / Business partner,2018
430295,Hải Phòng,Friends,2018
430299,Hồ Chí Minh,Family,2018
430299,Hồ Chí Minh,Friends,2018
430323,Hà Nội,Friends,2018
430323,Hà Nội,Family,2018
430324,Hà Nội,Friends,2018
430332,Hà Nội,Boyfriend / Girlfriend,2018
430332,Hà Nội,Family,2018
430333,Hà Nội,Boyfriend / Girlfriend,2018
430333,Hà Nội,Friends,2018
430334,Hà Nội,Friends,2018
430335,Hà Nội,Family,2018
430335,Hà Nội,Friends,2018
430336,Hà Nội,Colleagues / Business partner,2018
430336,Hà Nội,Friends,2018
430337,Hà Nội,Colleagues / Business partner,2018
430337,Hà Nội,Friends,2018
430337,Hà Nội,Family,2018
430338,Hà Nội,Friends,2018
430339,Hà Nội,Colleagues / Business partner,2018
430339,Hà Nội,Friends,2018
430347,Hải Phòng,Friends,2018
430347,Hải Phòng,Family,2018
430348,Hải Phòng,Family,2018
430348,Hải Phòng,Friends,2018
430445,Đà Nẵng,Friends,2018
430445,Đà Nẵng,Family,2018
430445,Đà Nẵng,Alone,2018
430586,Đà Nẵng,Alone,2018
430586,Đà Nẵng,Family,2018
430709,Hồ Chí Minh,Friends,2018
430710,Hồ Chí Minh,Friends,2018
430711,Hồ Chí Minh,Family,2018
430712,Hồ Chí Minh,Friends,2018
430712,Hồ Chí Minh,Family,2018
430813,Đà Nẵng,Friends,2018
430813,Đà Nẵng,Colleagues / Business partner,2018
430877,Đà Nẵng,Family,2018
430877,Đà Nẵng,Friends,2018
430889,Hà Nội,Friends,2018
430901,Đà Nẵng,Friends,2018
430901,Đà Nẵng,Alone,2018
430901,Đà Nẵng,Colleagues / Business partner,2018
430906,Đà Nẵng,Alone,2018
430906,Đà Nẵng,Family,2018
431013,Đà Nẵng,Family,2018
431041,Đà Nẵng,Family,2018
431041,Đà Nẵng,Friends,2018
431075,Đà Nẵng,Friends,2018
431211,Hồ Chí Minh,Friends,2018
431391,Đà Nẵng,Alone,2018
431491,Đà Nẵng,Alone,2018
431491,Đà Nẵng,Family,2018
431586,Hải Phòng,Friends,2018
431586,Hải Phòng,Colleagues / Business partner,2018
431587,Hải Phòng,Friends,2018
431617,Hải Phòng,Friends,2018
431617,Hải Phòng,Colleagues / Business partner,2018
431619,Hà Nội,Friends,2018
431619,Hà Nội,Boyfriend / Girlfriend,2018
431620,Hà Nội,Friends,2018
431621,Hà Nội,Friends,2018
431621,Hà Nội,Family,2018
431622,Hà Nội,Others,2018
431623,Hà Nội,Friends,2018
431624,Hà Nội,Colleagues / Business partner,2018
431625,Hà Nội,Boyfriend / Girlfriend,2018
431625,Hà Nội,Friends,2018
431626,Hà Nội,Friends,2018
431627,Hà Nội,Family,2018
431628,Hà Nội,Friends,2018
431629,Hà Nội,Family,2018
431630,Hà Nội,Colleagues / Business partner,2018
431631,Hà Nội,Boyfriend / Girlfriend,2018
431632,Hà Nội,Family,2018
431633,Hà Nội,Friends,2018
431633,Hà Nội,Colleagues / Business partner,2018
431804,Hải Phòng,Friends,2018
431804,Hải Phòng,Colleagues / Business partner,2018
431832,Đà Nẵng,Family,2018
431832,Đà Nẵng,Colleagues / Business partner,2018
431832,Đà Nẵng,Friends,2018
431925,Hà Nội,Friends,2018
431925,Hà Nội,Family,2018
431926,Hà Nội,Colleagues / Business partner,2018
431926,Hà Nội,Friends,2018
431927,Hà Nội,Family,2018
431927,Hà Nội,Friends,2018
431929,Hà Nội,Friends,2018
431930,Hà Nội,Family,2018
431931,Hà Nội,Friends,2018
431931,Hà Nội,Colleagues / Business partner,2018
431932,Hà Nội,Colleagues / Business partner,2018
431932,Hà Nội,Friends,2018
431933,Hà Nội,Friends,2018
431933,Hà Nội,Colleagues / Business partner,2018
432040,Hồ Chí Minh,Boyfriend / Girlfriend,2018
432041,Hồ Chí Minh,Friends,2018
432041,Hồ Chí Minh,Family,2018
432056,Hải Phòng,Friends,2018
432056,Hải Phòng,Family,2018
432104,Đà Nẵng,Friends,2018
432169,Hải Phòng,Friends,2018
432192,Hồ Chí Minh,Friends,2018
432259,Đà Nẵng,Friends,2018
432259,Đà Nẵng,Family,2018
432259,Đà Nẵng,Colleagues / Business partner,2018
432266,Hà Nội,Family,2018
432307,Đà Nẵng,Friends,2018
432318,Hà Nội,Friends,2018
432319,Hà Nội,Friends,2018
432319,Hà Nội,Family,2018
432320,Hà Nội,Family,2018
432320,Hà Nội,Friends,2018
432405,Đà Nẵng,Friends,2018
432405,Đà Nẵng,Family,2018
432405,Đà Nẵng,Alone,2018
432414,Đà Nẵng,Friends,2018
432423,Đà Nẵng,Colleagues / Business partner,2018
432423,Đà Nẵng,Friends,2018
432427,Hồ Chí Minh,Friends,2018
432428,Hồ Chí Minh,Family,2018
432429,Hồ Chí Minh,Family,2018
432430,Hồ Chí Minh,Family,2018
432455,Hồ Chí Minh,Friends,2018
432455,Hồ Chí Minh,Alone,2018
432464,Nha Trang,Friends,2018
432464,Nha Trang,Family,2018
432538,Hà Nội,Friends,2018
432539,Hà Nội,Colleagues / Business partner,2018
432540,Hà Nội,Friends,2018
432541,Hà Nội,Family,2018
432542,Hà Nội,Friends,2018
432543,Hà Nội,Family,2018
432545,Hà Nội,Friends,2018
432621,Hồ Chí Minh,Family,2018
432621,Hồ Chí Minh,Colleagues / Business partner,2018
432621,Hồ Chí Minh,Friends,2018
432637,Hải Phòng,Family,2018
432640,Hải Phòng,Friends,2018
432641,Hải Phòng,Colleagues / Business partner,2018
432641,Hải Phòng,Friends,2018
432664,Nha Trang,Friends,2018
432664,Nha Trang,Colleagues / Business partner,2018
432713,Nha Trang,Friends,2018
432752,Nha Trang,Family,2018
432820,Hồ Chí Minh,Friends,2018
432820,Hồ Chí Minh,Family,2018
432824,Nha Trang,Family,2018
432833,Đà Nẵng,Family,2018
432833,Đà Nẵng,Friends,2018
432841,Đà Nẵng,Friends,2018
432847,Nha Trang,Family,2018
432875,Đà Nẵng,Friends,2018
432875,Đà Nẵng,Family,2018
432875,Đà Nẵng,Alone,2018
432897,Đà Nẵng,Family,2018
432897,Đà Nẵng,Colleagues / Business partner,2018
432897,Đà Nẵng,Friends,2018
433023,Đà Nẵng,Friends,2018
433037,Đà Nẵng,Friends,2018
433037,Đà Nẵng,Colleagues / Business partner,2018
433076,Đà Nẵng,Alone,2018
433076,Đà Nẵng,Family,2018
433128,Hồ Chí Minh,Colleagues / Business partner,2018
433128,Hồ Chí Minh,Friends,2018
433149,Hải Phòng,Friends,2018
433149,Hải Phòng,Family,2018
433234,Hồ Chí Minh,Friends,2018
433235,Hồ Chí Minh,Friends,2018
433236,Hồ Chí Minh,Family,2018
433237,Hồ Chí Minh,Friends,2018
433237,Hồ Chí Minh,Family,2018
433238,Hồ Chí Minh,Friends,2018
433238,Hồ Chí Minh,Colleagues / Business partner,2018
433239,Hồ Chí Minh,Friends,2018
433240,Hồ Chí Minh,Family,2018
433240,Hồ Chí Minh,Friends,2018
433253,Hải Phòng,Family,2018
433253,Hải Phòng,Friends,2018
433256,Hồ Chí Minh,Family,2018
433256,Hồ Chí Minh,Friends,2018
433259,Hà Nội,Friends,2018
433259,Hà Nội,Family,2018
433260,Hải Phòng,Alone,2018
433260,Hải Phòng,Family,2018
433260,Hải Phòng,Friends,2018
433261,Hải Phòng,Alone,2018
433261,Hải Phòng,Family,2018
433261,Hải Phòng,Friends,2018
433262,Hải Phòng,Colleagues / Business partner,2018
433262,Hải Phòng,Friends,2018
433272,Đà Nẵng,Friends,2018
433298,Đà Nẵng,Alone,2018
433298,Đà Nẵng,Friends,2018
433329,Hà Nội,Colleagues / Business partner,2018
433329,Hà Nội,Friends,2018
433330,Hà Nội,Friends,2018
433330,Hà Nội,Colleagues / Business partner,2018
433331,Hà Nội,Family,2018
433331,Hà Nội,Friends,2018
433332,Hà Nội,Colleagues / Business partner,2018
433332,Hà Nội,Friends,2018
433333,Hà Nội,Family,2018
433333,Hà Nội,Friends,2018
433334,Hà Nội,Friends,2018
433334,Hà Nội,Boyfriend / Girlfriend,2018
433335,Hà Nội,Friends,2018
433335,Hà Nội,Colleagues / Business partner,2018
433336,Hà Nội,Friends,2018
433348,Đà Nẵng,Friends,2018
433348,Đà Nẵng,Alone,2018
433366,Hải Phòng,Friends,2018
433368,Hải Phòng,Friends,2018
433450,Đà Nẵng,Friends,2018
433571,Đà Nẵng,Friends,2018
433571,Đà Nẵng,Alone,2018
433585,Đà Nẵng,Friends,2018
433667,Đà Nẵng,Family,2018
433667,Đà Nẵng,Friends,2018
433695,Hà Nội,Friends,2018
433695,Hà Nội,Family,2018
433696,Hà Nội,Friends,2018
433697,Hà Nội,Family,2018
433698,Hà Nội,Colleagues / Business partner,2018
433698,Hà Nội,Family,2018
433699,Hà Nội,Family,2018
433699,Hà Nội,Friends,2018
433700,Hà Nội,Friends,2018
433700,Hà Nội,Colleagues / Business partner,2018
433701,Hà Nội,Friends,2018
433702,Hà Nội,Family,2018
433706,Nha Trang,Friends,2018
433706,Nha Trang,Family,2018
433719,Hồ Chí Minh,Friends,2018
433724,Đà Nẵng,Friends,2018
433726,Nha Trang,Colleagues / Business partner,2018
433732,Đà Nẵng,Friends,2018
433732,Đà Nẵng,Family,2018
433782,Nha Trang,Friends,2018
433782,Nha Trang,Family,2018
433837,Nha Trang,Family,2018
433837,Nha Trang,Friends,2018
433871,Đà Nẵng,Colleagues / Business partner,2018
433871,Đà Nẵng,Friends,2018
433871,Đà Nẵng,Alone,2018
433877,Đà Nẵng,Alone,2018
433877,Đà Nẵng,Friends,2018
433877,Đà Nẵng,Family,2018
433938,Nha Trang,Family,2018
433943,Đà Nẵng,Family,2018
433943,Đà Nẵng,Alone,2018
433945,Nha Trang,Friends,2018
433945,Nha Trang,Colleagues / Business partner,2018
433946,Đà Nẵng,Family,2018
433957,Nha Trang,Friends,2018
433963,Nha Trang,Family,2018
433981,Đà Nẵng,Alone,2018
433981,Đà Nẵng,Friends,2018
433981,Đà Nẵng,Colleagues / Business partner,2018
433981,Đà Nẵng,Boyfriend / Girlfriend,2018
434000,Nha Trang,Friends,2018
434005,Nha Trang,Family,2018
434006,Nha Trang,Family,2018
434006,Nha Trang,Friends,2018
434021,Hồ Chí Minh,Friends,2018
434032,Đà Nẵng,Friends,2018
434072,Nha Trang,Friends,2018
434078,Đà Nẵng,Colleagues / Business partner,2018
434078,Đà Nẵng,Alone,2018
434083,Nha Trang,Colleagues / Business partner,2018
434083,Nha Trang,Friends,2018
434084,Hồ Chí Minh,Boyfriend / Girlfriend,2018
434084,Hồ Chí Minh,Friends,2018
434085,Hồ Chí Minh,Friends,2018
434088,Đà Nẵng,Family,2018
434091,Hồ Chí Minh,Friends,2018
434091,Hồ Chí Minh,Colleagues / Business partner,2018
434097,Đà Nẵng,Family,2018
434120,Đà Nẵng,Family,2018
434177,Nha Trang,Friends,2018
434177,Nha Trang,Colleagues / Business partner,2018
434215,Nha Trang,Friends,2018
434215,Nha Trang,Family,2018
434216,Nha Trang,Friends,2018
434241,Đà Nẵng,Friends,2018
434241,Đà Nẵng,Family,2018
434300,Nha Trang,Friends,2018
434330,Nha Trang,Friends,2018
434369,Hồ Chí Minh,Family,2018
434383,Nha Trang,Friends,2018
434449,Hồ Chí Minh,Friends,2018
434449,Hồ Chí Minh,Boyfriend / Girlfriend,2018
434449,Hồ Chí Minh,Colleagues / Business partner,2018
434461,Hồ Chí Minh,Friends,2018
434464,Nha Trang,Friends,2018
434471,Nha Trang,Family,2018
434471,Nha Trang,Friends,2018
434487,Đà Nẵng,Family,2018
434487,Đà Nẵng,Friends,2018
434501,Đà Nẵng,Colleagues / Business partner,2018
434502,Nha Trang,Colleagues / Business partner,2018
434502,Nha Trang,Friends,2018
434663,Nha Trang,Family,2018
434720,Đà Nẵng,Colleagues / Business partner,2018
434720,Đà Nẵng,Friends,2018
434774,Đà Nẵng,Family,2018
434774,Đà Nẵng,Friends,2018
434793,Hà Nội,Friends,2018
434849,Hải Phòng,Friends,2018
434854,Hải Phòng,Friends,2018
434854,Hải Phòng,Family,2018
434855,Hải Phòng,Friends,2018
434856,Hải Phòng,Friends,2018
434897,Hải Phòng,Friends,2018
434898,Hải Phòng,Friends,2018
434898,Hải Phòng,Colleagues / Business partner,2018
435036,Hà Nội,Friends,2018
435039,Hà Nội,Friends,2018
435040,Hà Nội,Family,2018
435040,Hà Nội,Friends,2018
435041,Hà Nội,Friends,2018
435042,Hà Nội,Family,2018
435042,Hà Nội,Friends,2018
435043,Hà Nội,Friends,2018
435044,Hà Nội,Boyfriend / Girlfriend,2018
435044,Hà Nội,Friends,2018
435051,Hải Phòng,Family,2018
435051,Hải Phòng,Colleagues / Business partner,2018
435052,Hải Phòng,Friends,2018
435053,Hải Phòng,Friends,2018
435054,Hải Phòng,Friends,2018
435055,Hải Phòng,Friends,2018
435056,Hải Phòng,Friends,2018
435056,Hải Phòng,Family,2018
435057,Hải Phòng,Family,2018
435057,Hải Phòng,Friends,2018
435058,Hải Phòng,Friends,2018
435058,Hải Phòng,Family,2018
435059,Hải Phòng,Colleagues / Business partner,2018
435059,Hải Phòng,Friends,2018
435060,Hải Phòng,Alone,2018
435061,Hải Phòng,Friends,2018
435083,Hồ Chí Minh,Friends,2018
435084,Hồ Chí Minh,Friends,2018
435085,Hồ Chí Minh,Colleagues / Business partner,2018
435085,Hồ Chí Minh,Family,2018
435085,Hồ Chí Minh,Alone,2018
435085,Hồ Chí Minh,Friends,2018
435106,Hồ Chí Minh,Friends,2018
435107,Hồ Chí Minh,Friends,2018
435108,Hồ Chí Minh,Friends,2018
435109,Hồ Chí Minh,Friends,2018
435111,Hồ Chí Minh,Friends,2018
435140,Hồ Chí Minh,Colleagues / Business partner,2018
435140,Hồ Chí Minh,Family,2018
435140,Hồ Chí Minh,Friends,2018
435165,Hà Nội,Colleagues / Business partner,2018
435165,Hà Nội,Friends,2018
435166,Hà Nội,Friends,2018
435166,Hà Nội,Family,2018
435168,Hà Nội,Colleagues / Business partner,2018
435168,Hà Nội,Friends,2018
435168,Hà Nội,Family,2018
435169,Hà Nội,Boyfriend / Girlfriend,2018
435169,Hà Nội,Family,2018
435169,Hà Nội,Friends,2018
435170,Hà Nội,Friends,2018
435214,Nha Trang,Friends,2018
435223,Hải Phòng,Boyfriend / Girlfriend,2018
435223,Hải Phòng,Friends,2018
435224,Hải Phòng,Colleagues / Business partner,2018
435224,Hải Phòng,Friends,2018
435225,Hải Phòng,Friends,2018
435225,Hải Phòng,Family,2018
435226,Hải Phòng,Family,2018
435226,Hải Phòng,Friends,2018
435227,Hải Phòng,Friends,2018
435227,Hải Phòng,Family,2018
435228,Hải Phòng,Friends,2018
435229,Hải Phòng,Friends,2018
435229,Hải Phòng,Family,2018
435230,Hải Phòng,Friends,2018
435231,Hải Phòng,Friends,2018
435231,Hải Phòng,Colleagues / Business partner,2018
435232,Hải Phòng,Friends,2018
435232,Hải Phòng,Colleagues / Business partner,2018
435232,Hải Phòng,Family,2018
435233,Hải Phòng,Family,2018
435233,Hải Phòng,Friends,2018
435233,Hải Phòng,Colleagues / Business partner,2018
435234,Hải Phòng,Friends,2018
435234,Hải Phòng,Family,2018
435235,Hải Phòng,Family,2018
435235,Hải Phòng,Friends,2018
435236,Hải Phòng,Friends,2018
435236,Hải Phòng,Family,2018
435237,Hải Phòng,Friends,2018
435237,Hải Phòng,Family,2018
435238,Hải Phòng,Family,2018
435238,Hải Phòng,Friends,2018
435240,Nha Trang,Colleagues / Business partner,2018
435240,Nha Trang,Boyfriend / Girlfriend,2018
435240,Nha Trang,Friends,2018
435268,Hồ Chí Minh,Friends,2018
435300,Nha Trang,Colleagues / Business partner,2018
435300,Nha Trang,Boyfriend / Girlfriend,2018
435300,Nha Trang,Friends,2018
435316,Hồ Chí Minh,Friends,2018
435316,Hồ Chí Minh,Alone,2018
435316,Hồ Chí Minh,Colleagues / Business partner,2018
435322,Nha Trang,Friends,2018
435322,Nha Trang,Colleagues / Business partner,2018
435324,Đà Nẵng,Alone,2018
435324,Đà Nẵng,Colleagues / Business partner,2018
435324,Đà Nẵng,Friends,2018
435382,Hải Phòng,Friends,2018
435382,Hải Phòng,Colleagues / Business partner,2018
435383,Hải Phòng,Friends,2018
435480,Nha Trang,Friends,2018
435593,Hải Phòng,Friends,2018
435597,Hải Phòng,Family,2018
435597,Hải Phòng,Friends,2018
435598,Hải Phòng,Friends,2018
435598,Hải Phòng,Family,2018
435599,Hải Phòng,Family,2018
435599,Hải Phòng,Friends,2018
435612,Hà Nội,Friends,2018
435612,Hà Nội,Family,2018
435613,Hà Nội,Friends,2018
435613,Hà Nội,Family,2018
435614,Hà Nội,Friends,2018
435615,Hà Nội,Colleagues / Business partner,2018
435615,Hà Nội,Friends,2018
435630,Hồ Chí Minh,Friends,2018
435697,Nha Trang,Friends,2018
435786,Hồ Chí Minh,Friends,2018
435786,Hồ Chí Minh,Colleagues / Business partner,2018
435828,Nha Trang,Family,2018
435860,Hồ Chí Minh,Family,2018
435874,Nha Trang,Colleagues / Business partner,2018
435874,Nha Trang,Friends,2018
435967,Hà Nội,Colleagues / Business partner,2018
435967,Hà Nội,Friends,2018
435968,Hà Nội,Friends,2018
435969,Hà Nội,Colleagues / Business partner,2018
435969,Hà Nội,Friends,2018
435970,Hà Nội,Friends,2018
435970,Hà Nội,Colleagues / Business partner,2018
435971,Hà Nội,Colleagues / Business partner,2018
435971,Hà Nội,Friends,2018
435972,Hà Nội,Friends,2018
435973,Hà Nội,Friends,2018
435973,Hà Nội,Family,2018
435974,Hà Nội,Friends,2018
435974,Hà Nội,Family,2018
435976,Hà Nội,Friends,2018
436002,Hồ Chí Minh,Family,2018
436076,Hải Phòng,Friends,2018
436143,Hồ Chí Minh,Friends,2018
436143,Hồ Chí Minh,Family,2018
436154,Nha Trang,Friends,2018
436159,Nha Trang,Family,2018
436159,Nha Trang,Friends,2018
436161,Đà Nẵng,Family,2018
436239,Đà Nẵng,Colleagues / Business partner,2018
436240,Nha Trang,Friends,2018
436258,Hồ Chí Minh,Family,2018
436263,Nha Trang,Friends,2018
436269,Nha Trang,Friends,2018
436315,Nha Trang,Colleagues / Business partner,2018
436315,Nha Trang,Family,2018
436342,Nha Trang,Friends,2018
436351,Hồ Chí Minh,Colleagues / Business partner,2018
436351,Hồ Chí Minh,Friends,2018
436352,Nha Trang,Family,2018
436387,Nha Trang,Friends,2018
436392,Nha Trang,Family,2018
436392,Nha Trang,Friends,2018
436502,Hồ Chí Minh,Friends,2018
436514,Hồ Chí Minh,Colleagues / Business partner,2018
436514,Hồ Chí Minh,Family,2018
436514,Hồ Chí Minh,Friends,2018
436515,Đà Nẵng,Friends,2018
436532,Nha Trang,Family,2018
436551,Nha Trang,Friends,2018
436610,Nha Trang,Friends,2018
436610,Nha Trang,Colleagues / Business partner,2018
436655,Nha Trang,Friends,2018
436686,Hồ Chí Minh,Friends,2018
436686,Hồ Chí Minh,Family,2018
436749,Nha Trang,Friends,2018
436749,Nha Trang,Colleagues / Business partner,2018
436794,Đà Nẵng,Colleagues / Business partner,2018
436864,Nha Trang,Friends,2018
436869,Đà Nẵng,Alone,2018
436869,Đà Nẵng,Friends,2018
436877,Hồ Chí Minh,Family,2018
436877,Hồ Chí Minh,Friends,2018
436987,Đà Nẵng,Colleagues / Business partner,2018
436987,Đà Nẵng,Others,2018
437187,Hồ Chí Minh,Friends,2018
437231,Hà Nội,Friends,2018
437232,Hà Nội,Friends,2018
437232,Hà Nội,Colleagues / Business partner,2018
437238,Hà Nội,Colleagues / Business partner,2018
437238,Hà Nội,Friends,2018
437238,Hà Nội,Family,2018
437239,Hà Nội,Family,2018
437240,Hà Nội,Friends,2018
437240,Hà Nội,Colleagues / Business partner,2018
437241,Hà Nội,Family,2018
437241,Hà Nội,Friends,2018
437242,Hà Nội,Friends,2018
437242,Hà Nội,Family,2018
437245,Hà Nội,Friends,2018
437246,Hà Nội,Friends,2018
437247,Hà Nội,Family,2018
437247,Hà Nội,Friends,2018
437248,Hà Nội,Family,2018
437249,Hà Nội,Colleagues / Business partner,2018
437249,Hà Nội,Friends,2018
437250,Hà Nội,Family,2018
437251,Hà Nội,Others,2018
437252,Hà Nội,Colleagues / Business partner,2018
437253,Hà Nội,Family,2018
437253,Hà Nội,Friends,2018
437254,Hà Nội,Friends,2018
437255,Hà Nội,Friends,2018
437256,Hà Nội,Friends,2018
437256,Hà Nội,Boyfriend / Girlfriend,2018
437257,Hà Nội,Friends,2018
437257,Hà Nội,Family,2018
437258,Hà Nội,Family,2018
437259,Hà Nội,Friends,2018
437259,Hà Nội,Family,2018
437270,Hải Phòng,Friends,2018
437270,Hải Phòng,Colleagues / Business partner,2018
437271,Hải Phòng,Friends,2018
437272,Hải Phòng,Friends,2018
437273,Hải Phòng,Friends,2018
437274,Hải Phòng,Family,2018
437274,Hải Phòng,Friends,2018
437310,Nha Trang,Family,2018
437310,Nha Trang,Friends,2018
437316,Nha Trang,Friends,2018
437316,Nha Trang,Colleagues / Business partner,2018
437316,Nha Trang,Boyfriend / Girlfriend,2018
437320,Nha Trang,Family,2018
437320,Nha Trang,Friends,2018
437327,Nha Trang,Friends,2018
437350,Hồ Chí Minh,Colleagues / Business partner,2018
437350,Hồ Chí Minh,Family,2018
437350,Hồ Chí Minh,Friends,2018
437385,Nha Trang,Family,2018
437385,Nha Trang,Friends,2018
437403,Hồ Chí Minh,Friends,2018
437403,Hồ Chí Minh,Alone,2018
437405,Nha Trang,Family,2018
437405,Nha Trang,Friends,2018
437405,Nha Trang,Colleagues / Business partner,2018
437405,Nha Trang,Boyfriend / Girlfriend,2018
437410,Nha Trang,Friends,2018
437493,Đà Nẵng,Family,2018
437494,Nha Trang,Friends,2018
437527,Nha Trang,Friends,2018
437592,Nha Trang,Friends,2018
437595,Hồ Chí Minh,Friends,2018
437595,Hồ Chí Minh,Colleagues / Business partner,2018
437595,Hồ Chí Minh,Family,2018
437632,Hồ Chí Minh,Friends,2018
437663,Đà Nẵng,Friends,2018
437703,Đà Nẵng,Family,2018
437703,Đà Nẵng,Friends,2018
437703,Đà Nẵng,Alone,2018
437707,Nha Trang,Friends,2018
437707,Nha Trang,Family,2018
437729,Nha Trang,Family,2018
437729,Nha Trang,Friends,2018
437767,Hà Nội,Family,2018
437767,Hà Nội,Friends,2018
437768,Hà Nội,Friends,2018
437768,Hà Nội,Family,2018
437769,Hà Nội,Family,2018
437769,Hà Nội,Boyfriend / Girlfriend,2018
437769,Hà Nội,Friends,2018
437790,Nha Trang,Colleagues / Business partner,2018
437790,Nha Trang,Friends,2018
437796,Hồ Chí Minh,Colleagues / Business partner,2018
437796,Hồ Chí Minh,Friends,2018
437841,Hồ Chí Minh,Friends,2018
437844,Hồ Chí Minh,Family,2018
437851,Đà Nẵng,Alone,2018
437851,Đà Nẵng,Friends,2018
437859,Đà Nẵng,Friends,2018
437878,Hồ Chí Minh,Friends,2018
437900,Hải Phòng,Friends,2018
437909,Hà Nội,Family,2018
437909,Hà Nội,Friends,2018
437909,Hà Nội,Colleagues / Business partner,2018
437910,Hà Nội,Family,2018
437910,Hà Nội,Friends,2018
437911,Hà Nội,Friends,2018
437911,Hà Nội,Family,2018
437912,Hà Nội,Friends,2018
437912,Hà Nội,Family,2018
437913,Hà Nội,Alone,2018
437913,Hà Nội,Family,2018
437913,Hà Nội,Friends,2018
437921,Hồ Chí Minh,Family,2018
437921,Hồ Chí Minh,Colleagues / Business partner,2018
437921,Hồ Chí Minh,Friends,2018
437927,Hồ Chí Minh,Friends,2018
437932,Nha Trang,Family,2018
437945,Hồ Chí Minh,Friends,2018
437947,Hồ Chí Minh,Friends,2018
437948,Hồ Chí Minh,Alone,2018
437948,Hồ Chí Minh,Friends,2018
437949,Hồ Chí Minh,Friends,2018
437962,Nha Trang,Friends,2018
437974,Đà Nẵng,Friends,2018
437997,Nha Trang,Friends,2018
438000,Hồ Chí Minh,Friends,2018
438000,Hồ Chí Minh,Colleagues / Business partner,2018
438000,Hồ Chí Minh,Boyfriend / Girlfriend,2018
438019,Nha Trang,Family,2018
438019,Nha Trang,Friends,2018
438019,Nha Trang,Colleagues / Business partner,2018
438034,Đà Nẵng,Family,2018
438034,Đà Nẵng,Colleagues / Business partner,2018
438034,Đà Nẵng,Friends,2018
438034,Đà Nẵng,Alone,2018
438050,Nha Trang,Family,2018
438055,Nha Trang,Family,2018
438063,Nha Trang,Family,2018
438063,Nha Trang,Friends,2018
438078,Hồ Chí Minh,Colleagues / Business partner,2018
438096,Nha Trang,Friends,2018
438096,Nha Trang,Colleagues / Business partner,2018
438096,Nha Trang,Family,2018
438153,Nha Trang,Friends,2018
438157,Nha Trang,Friends,2018
438169,Nha Trang,Family,2018
438169,Nha Trang,Friends,2018
438194,Nha Trang,Family,2018
438205,Nha Trang,Friends,2018
438216,Nha Trang,Friends,2018
438219,Hải Phòng,Friends,2018
438260,Đà Nẵng,Friends,2018
438301,Đà Nẵng,Friends,2018
438301,Đà Nẵng,Family,2018
438331,Nha Trang,Friends,2018
438333,Nha Trang,Colleagues / Business partner,2018
438401,Nha Trang,Friends,2018
438404,Nha Trang,Boyfriend / Girlfriend,2018
438432,Nha Trang,Friends,2018
438450,Hồ Chí Minh,Colleagues / Business partner,2018
438450,Hồ Chí Minh,Friends,2018
438452,Hồ Chí Minh,Family,2018
438453,Hồ Chí Minh,Friends,2018
438454,Hồ Chí Minh,Family,2018
438454,Hồ Chí Minh,Friends,2018
438455,Hồ Chí Minh,Friends,2018
438456,Hồ Chí Minh,Friends,2018
438456,Hồ Chí Minh,Family,2018
438474,Nha Trang,Friends,2018
438479,Đà Nẵng,Friends,2018
438561,Nha Trang,Colleagues / Business partner,2018
438561,Nha Trang,Friends,2018
438563,Đà Nẵng,Friends,2018
438602,Nha Trang,Friends,2018
438602,Nha Trang,Colleagues / Business partner,2018
438626,Hải Phòng,Family,2018
438626,Hải Phòng,Friends,2018
438680,Nha Trang,Friends,2018
438680,Nha Trang,Family,2018
438701,Hải Phòng,Boyfriend / Girlfriend,2018
438701,Hải Phòng,Friends,2018
438702,Hải Phòng,Family,2018
438702,Hải Phòng,Friends,2018
438703,Hải Phòng,Friends,2018
438703,Hải Phòng,Family,2018
438710,Nha Trang,Friends,2018
438766,Nha Trang,Friends,2018
438813,Cần Thơ,Friends,2018
438814,Hồ Chí Minh,Friends,2018
438814,Hồ Chí Minh,Family,2018
438815,Hồ Chí Minh,Friends,2018
438815,Hồ Chí Minh,Family,2018
438817,Hồ Chí Minh,Family,2018
438817,Hồ Chí Minh,Friends,2018
438818,Hồ Chí Minh,Friends,2018
438978,Hải Phòng,Friends,2018
438980,Hồ Chí Minh,Friends,2018
438980,Hồ Chí Minh,Boyfriend / Girlfriend,2018
438981,Hà Nội,Family,2018
438981,Hà Nội,Friends,2018
438981,Hà Nội,Colleagues / Business partner,2018
438982,Hà Nội,Colleagues / Business partner,2018
438982,Hà Nội,Friends,2018
438982,Hà Nội,Family,2018
438984,Hà Nội,Colleagues / Business partner,2018
438984,Hà Nội,Family,2018
438984,Hà Nội,Friends,2018
438986,Hà Nội,Friends,2018
438986,Hà Nội,Family,2018
438987,Hà Nội,Friends,2018
438987,Hà Nội,Colleagues / Business partner,2018
438988,Hà Nội,Family,2018
438988,Hà Nội,Friends,2018
438989,Hà Nội,Friends,2018
438989,Hà Nội,Colleagues / Business partner,2018
438989,Hà Nội,Family,2018
438991,Hà Nội,Friends,2018
438992,Hà Nội,Friends,2018
438993,Hà Nội,Friends,2018
438995,Hà Nội,Friends,2018
438995,Hà Nội,Colleagues / Business partner,2018
438996,Hà Nội,Friends,2018
438997,Hà Nội,Friends,2018
438997,Hà Nội,Family,2018
438998,Hà Nội,Colleagues / Business partner,2018
438998,Hà Nội,Friends,2018
438999,Hà Nội,Friends,2018
438999,Hà Nội,Boyfriend / Girlfriend,2018
439000,Hà Nội,Friends,2018
439000,Hà Nội,Family,2018
439001,Hà Nội,Family,2018
439001,Hà Nội,Friends,2018
439001,Hà Nội,Colleagues / Business partner,2018
439002,Hà Nội,Friends,2018
439002,Hà Nội,Family,2018
439012,Hồ Chí Minh,Friends,2018
439014,Hồ Chí Minh,Family,2018
439014,Hồ Chí Minh,Colleagues / Business partner,2018
439014,Hồ Chí Minh,Friends,2018
439015,Hồ Chí Minh,Friends,2018
439016,Hồ Chí Minh,Friends,2018
439016,Hồ Chí Minh,Family,2018
439017,Hồ Chí Minh,Friends,2018
439018,Hồ Chí Minh,Family,2018
439018,Hồ Chí Minh,Colleagues / Business partner,2018
439018,Hồ Chí Minh,Friends,2018
439051,Hải Phòng,Family,2018
439052,Hải Phòng,Friends,2018
439052,Hải Phòng,Family,2018
439053,Hải Phòng,Family,2018
439053,Hải Phòng,Friends,2018
439054,Hải Phòng,Friends,2018
439065,Hà Nội,Friends,2018
439066,Hà Nội,Friends,2018
439067,Hà Nội,Friends,2018
439067,Hà Nội,Family,2018
439068,Hà Nội,Friends,2018
439069,Hà Nội,Colleagues / Business partner,2018
439069,Hà Nội,Friends,2018
439070,Hà Nội,Colleagues / Business partner,2018
439070,Hà Nội,Friends,2018
439073,Hải Phòng,Friends,2018
439073,Hải Phòng,Family,2018
439074,Hải Phòng,Friends,2018
439074,Hải Phòng,Family,2018
439138,Nha Trang,Colleagues / Business partner,2018
439138,Nha Trang,Friends,2018
439151,Nha Trang,Friends,2018
439151,Nha Trang,Colleagues / Business partner,2018
439151,Nha Trang,Family,2018
439153,Nha Trang,Family,2018
439153,Nha Trang,Friends,2018
439174,Hà Nội,Friends,2018
439174,Hà Nội,Boyfriend / Girlfriend,2018
439175,Hà Nội,Family,2018
439175,Hà Nội,Friends,2018
439176,Hà Nội,Boyfriend / Girlfriend,2018
439177,Hà Nội,Colleagues / Business partner,2018
439177,Hà Nội,Family,2018
439177,Hà Nội,Friends,2018
439177,Hà Nội,Boyfriend / Girlfriend,2018
439178,Hà Nội,Family,2018
439178,Hà Nội,Friends,2018
439179,Hà Nội,Friends,2018
439179,Hà Nội,Family,2018
439180,Hà Nội,Family,2018
439180,Hà Nội,Friends,2018
439180,Hà Nội,Colleagues / Business partner,2018
439181,Hà Nội,Friends,2018
439181,Hà Nội,Boyfriend / Girlfriend,2018
439188,Hồ Chí Minh,Friends,2018
439192,Hà Nội,Friends,2018
439192,Hà Nội,Family,2018
439193,Hà Nội,Family,2018
439193,Hà Nội,Friends,2018
439194,Hà Nội,Friends,2018
439195,Hà Nội,Family,2018
439195,Hà Nội,Friends,2018
439196,Hà Nội,Friends,2018
439197,Hà Nội,Friends,2018
439198,Hà Nội,Colleagues / Business partner,2018
439198,Hà Nội,Family,2018
439199,Hà Nội,Colleagues / Business partner,2018
439199,Hà Nội,Friends,2018
439199,Hà Nội,Family,2018
439217,Nha Trang,Friends,2018
439238,Nha Trang,Family,2018
439238,Nha Trang,Friends,2018
439304,Nha Trang,Friends,2018
439304,Nha Trang,Family,2018
439318,Hồ Chí Minh,Alone,2018
439318,Hồ Chí Minh,Friends,2018
439318,Hồ Chí Minh,Colleagues / Business partner,2018
439324,Hải Phòng,Friends,2018
439324,Hải Phòng,Boyfriend / Girlfriend,2018
439324,Hải Phòng,Colleagues / Business partner,2018
439344,Nha Trang,Family,2018
439344,Nha Trang,Friends,2018
439350,Nha Trang,Family,2018
439354,Hồ Chí Minh,Friends,2018
439355,Hồ Chí Minh,Family,2018
439356,Hồ Chí Minh,Family,2018
439359,Hồ Chí Minh,Family,2018
439404,Nha Trang,Friends,2018
439404,Nha Trang,Family,2018
439426,Hồ Chí Minh,Friends,2018
439426,Hồ Chí Minh,Colleagues / Business partner,2018
439430,Hà Nội,Friends,2018
439430,Hà Nội,Family,2018
439431,Hà Nội,Family,2018
439431,Hà Nội,Friends,2018
439432,Hà Nội,Friends,2018
439432,Hà Nội,Colleagues / Business partner,2018
439434,Hồ Chí Minh,Friends,2018
439434,Hồ Chí Minh,Family,2018
439435,Hồ Chí Minh,Friends,2018
439436,Hồ Chí Minh,Friends,2018
439438,Hồ Chí Minh,Friends,2018
439439,Hồ Chí Minh,Friends,2018
439439,Hồ Chí Minh,Family,2018
439443,Hồ Chí Minh,Friends,2018
439487,Cần Thơ,Family,2018
439556,Nha Trang,Friends,2018
439568,Hồ Chí Minh,Colleagues / Business partner,2018
439568,Hồ Chí Minh,Friends,2018
439569,Cần Thơ,Family,2018
439607,Hồ Chí Minh,Friends,2018
439607,Hồ Chí Minh,Family,2018
439608,Hồ Chí Minh,Family,2018
439612,Đà Nẵng,Friends,2018
439645,Nha Trang,Friends,2018
439645,Nha Trang,Family,2018
439645,Nha Trang,Colleagues / Business partner,2018
439662,Hồ Chí Minh,Family,2018
439665,Nha Trang,Friends,2018
439685,Đà Nẵng,Family,2018
439701,Nha Trang,Family,2018
439701,Nha Trang,Friends,2018
439731,Nha Trang,Family,2018
439731,Nha Trang,Friends,2018
439750,Hồ Chí Minh,Family,2018
439750,Hồ Chí Minh,Friends,2018
439763,Hà Nội,Friends,2018
439782,Hồ Chí Minh,Friends,2018
439840,Nha Trang,Friends,2018
439853,Nha Trang,Friends,2018
439853,Nha Trang,Colleagues / Business partner,2018
439855,Nha Trang,Family,2018
439861,Hồ Chí Minh,Friends,2018
439869,Nha Trang,Colleagues / Business partner,2018
439872,Nha Trang,Family,2018
439872,Nha Trang,Friends,2018
439878,Hồ Chí Minh,Friends,2018
439894,Nha Trang,Family,2018
439894,Nha Trang,Friends,2018
439895,Nha Trang,Family,2018
439899,Hồ Chí Minh,Friends,2018
439927,Hải Phòng,Friends,2018
439927,Hải Phòng,Family,2018
439928,Nha Trang,Friends,2018
439928,Nha Trang,Family,2018
439934,Nha Trang,Colleagues / Business partner,2018
439934,Nha Trang,Friends,2018
439934,Nha Trang,Family,2018
439941,Nha Trang,Family,2018
439945,Hồ Chí Minh,Friends,2018
439946,Hồ Chí Minh,Friends,2018
439947,Hồ Chí Minh,Family,2018
439948,Hồ Chí Minh,Friends,2018
439948,Hồ Chí Minh,Colleagues / Business partner,2018
439949,Hồ Chí Minh,Friends,2018
439950,Hồ Chí Minh,Friends,2018
439951,Hồ Chí Minh,Friends,2018
439952,Hồ Chí Minh,Family,2018
439956,Nha Trang,Family,2018
439956,Nha Trang,Colleagues / Business partner,2018
439956,Nha Trang,Friends,2018
439964,Nha Trang,Family,2018
439973,Nha Trang,Friends,2018
439973,Nha Trang,Colleagues / Business partner,2018
439973,Nha Trang,Family,2018
439979,Hà Nội,Friends,2018
439979,Hà Nội,Colleagues / Business partner,2018
439990,Nha Trang,Family,2018
440000,Nha Trang,Friends,2018
440001,Đà Nẵng,Family,2018
440026,Đà Nẵng,Alone,2018
440028,Nha Trang,Friends,2018
440030,Hải Phòng,Family,2018
440031,Hải Phòng,Friends,2018
440048,Hà Nội,Friends,2018
440048,Hà Nội,Colleagues / Business partner,2018
440050,Hồ Chí Minh,Friends,2018
440060,Nha Trang,Friends,2018
440069,Nha Trang,Friends,2018
440126,Nha Trang,Friends,2018
440126,Nha Trang,Family,2018
440145,Nha Trang,Friends,2018
440145,Nha Trang,Colleagues / Business partner,2018
440145,Nha Trang,Family,2018
440158,Nha Trang,Friends,2018
440158,Nha Trang,Family,2018
440170,Đà Nẵng,Friends,2018
440189,Đà Nẵng,Friends,2018
440195,Cần Thơ,Family,2018
440195,Cần Thơ,Friends,2018
440224,Hồ Chí Minh,Family,2018
440224,Hồ Chí Minh,Friends,2018
440232,Đà Nẵng,Friends,2018
440277,Đà Nẵng,Boyfriend / Girlfriend,2018
440277,Đà Nẵng,Family,2018
440277,Đà Nẵng,Colleagues / Business partner,2018
440277,Đà Nẵng,Friends,2018
440330,Hồ Chí Minh,Friends,2018
440423,Hải Phòng,Family,2018
440423,Hải Phòng,Friends,2018
440424,Hải Phòng,Family,2018
440424,Hải Phòng,Friends,2018
440426,Nha Trang,Friends,2018
440427,Nha Trang,Friends,2018
440427,Nha Trang,Family,2018
440428,Nha Trang,Family,2018
440471,Hà Nội,Friends,2018
440471,Hà Nội,Boyfriend / Girlfriend,2018
440501,Hải Phòng,Family,2018
440501,Hải Phòng,Friends,2018
440504,Hà Nội,Colleagues / Business partner,2018
440504,Hà Nội,Friends,2018
440505,Hà Nội,Friends,2018
440505,Hà Nội,Colleagues / Business partner,2018
440515,Hà Nội,Friends,2018
440515,Hà Nội,Family,2018
440516,Hà Nội,Family,2018
440516,Hà Nội,Friends,2018
440517,Hà Nội,Family,2018
440517,Hà Nội,Friends,2018
440517,Hà Nội,Colleagues / Business partner,2018
440518,Hà Nội,Boyfriend / Girlfriend,2018
440518,Hà Nội,Friends,2018
440521,Hải Phòng,Colleagues / Business partner,2018
440521,Hải Phòng,Friends,2018
440521,Hải Phòng,Family,2018
440522,Hải Phòng,Friends,2018
440523,Hải Phòng,Family,2018
440524,Hải Phòng,Boyfriend / Girlfriend,2018
440524,Hải Phòng,Colleagues / Business partner,2018
440524,Hải Phòng,Friends,2018
440525,Hải Phòng,Friends,2018
440525,Hải Phòng,Family,2018
440526,Hải Phòng,Family,2018
440526,Hải Phòng,Friends,2018
440537,Hải Phòng,Friends,2018
440537,Hải Phòng,Colleagues / Business partner,2018
440539,Hà Nội,Friends,2018
440539,Hà Nội,Colleagues / Business partner,2018
440539,Hà Nội,Family,2018
440557,Nha Trang,Family,2018
440557,Nha Trang,Friends,2018
440577,Hà Nội,Colleagues / Business partner,2018
440599,Hồ Chí Minh,Alone,2018
440599,Hồ Chí Minh,Family,2018
440601,Nha Trang,Friends,2018
440601,Nha Trang,Colleagues / Business partner,2018
440612,Nha Trang,Family,2018
440612,Nha Trang,Friends,2018
440614,Hà Nội,Family,2018
440614,Hà Nội,Friends,2018
440614,Hà Nội,Colleagues / Business partner,2018
440634,Nha Trang,Friends,2018
440634,Nha Trang,Colleagues / Business partner,2018
440634,Nha Trang,Family,2018
440661,Hồ Chí Minh,Family,2018
440668,Nha Trang,Friends,2018
440668,Nha Trang,Family,2018
440730,Hồ Chí Minh,Friends,2018
440730,Hồ Chí Minh,Alone,2018
440745,Hồ Chí Minh,Friends,2018
440747,Hồ Chí Minh,Friends,2018
440748,Hồ Chí Minh,Family,2018
440750,Hồ Chí Minh,Friends,2018
440751,Hồ Chí Minh,Friends,2018
440752,Hồ Chí Minh,Friends,2018
440752,Hồ Chí Minh,Family,2018
440753,Hồ Chí Minh,Friends,2018
440754,Hồ Chí Minh,Friends,2018
440804,Nha Trang,Colleagues / Business partner,2018
440804,Nha Trang,Friends,2018
440806,Nha Trang,Friends,2018
440806,Nha Trang,Colleagues / Business partner,2018
440806,Nha Trang,Family,2018
440808,Nha Trang,Friends,2018
440808,Nha Trang,Family,2018
440819,Hồ Chí Minh,Alone,2018
440869,Đà Nẵng,Family,2018
440869,Đà Nẵng,Friends,2018
440890,Hồ Chí Minh,Friends,2018
440893,Nha Trang,Friends,2018
440905,Cần Thơ,Family,2018
440905,Cần Thơ,Friends,2018
440905,Cần Thơ,Colleagues / Business partner,2018
440906,Hồ Chí Minh,Family,2018
440906,Hồ Chí Minh,Friends,2018
440973,Hồ Chí Minh,Friends,2018
440973,Hồ Chí Minh,Family,2018
440973,Hồ Chí Minh,Colleagues / Business partner,2018
440979,Hồ Chí Minh,Friends,2018
440987,Hồ Chí Minh,Friends,2018
441001,Hải Phòng,Friends,2018
441001,Hải Phòng,Colleagues / Business partner,2018
441001,Hải Phòng,Family,2018
441002,Hải Phòng,Friends,2018
441040,Nha Trang,Family,2018
441048,Hồ Chí Minh,Friends,2018
441058,Nha Trang,Family,2018
441070,Hồ Chí Minh,Friends,2018
441071,Hồ Chí Minh,Colleagues / Business partner,2018
441071,Hồ Chí Minh,Friends,2018
441072,Hồ Chí Minh,Friends,2018
441073,Hồ Chí Minh,Friends,2018
441074,Hồ Chí Minh,Colleagues / Business partner,2018
441074,Hồ Chí Minh,Friends,2018
441077,Hồ Chí Minh,Friends,2018
441094,Nha Trang,Family,2018
441094,Nha Trang,Alone,2018
441094,Nha Trang,Friends,2018
441097,Nha Trang,Friends,2018
441097,Nha Trang,Colleagues / Business partner,2018
441115,Hồ Chí Minh,Alone,2018
441136,Hải Phòng,Friends,2018
441136,Hải Phòng,Colleagues / Business partner,2018
441182,Hồ Chí Minh,Alone,2018
441214,Hải Phòng,Family,2018
441214,Hải Phòng,Friends,2018
441229,Đà Nẵng,Friends,2018
441230,Cần Thơ,Alone,2018
441230,Cần Thơ,Friends,2018
441230,Cần Thơ,Family,2018
441230,Cần Thơ,Colleagues / Business partner,2018
441234,Hồ Chí Minh,Friends,2018
441235,Hồ Chí Minh,Family,2018
441236,Hồ Chí Minh,Family,2018
441239,Hồ Chí Minh,Friends,2018
441240,Hồ Chí Minh,Colleagues / Business partner,2018
441241,Hồ Chí Minh,Friends,2018
441243,Hồ Chí Minh,Family,2018
441255,Hồ Chí Minh,Friends,2018
441255,Hồ Chí Minh,Family,2018
441284,Đà Nẵng,Friends,2018
441295,Hồ Chí Minh,Alone,2018
441304,Hồ Chí Minh,Family,2018
441305,Hồ Chí Minh,Friends,2018
441305,Hồ Chí Minh,Family,2018
441306,Hồ Chí Minh,Friends,2018
441306,Hồ Chí Minh,Colleagues / Business partner,2018
441307,Hồ Chí Minh,Friends,2018
441307,Hồ Chí Minh,Family,2018
441307,Hồ Chí Minh,Alone,2018
441310,Nha Trang,Friends,2018
441315,Hà Nội,Family,2018
441315,Hà Nội,Colleagues / Business partner,2018
441315,Hà Nội,Friends,2018
441332,Đà Nẵng,Friends,2018
441332,Đà Nẵng,Family,2018
441349,Nha Trang,Friends,2018
441361,Hồ Chí Minh,Family,2018
441362,Đà Nẵng,Alone,2018
441362,Đà Nẵng,Friends,2018
441369,Hải Phòng,Friends,2018
441369,Hải Phòng,Boyfriend / Girlfriend,2018
441392,Nha Trang,Friends,2018
441392,Nha Trang,Family,2018
441396,Cần Thơ,Friends,2018
441398,Nha Trang,Friends,2018
441398,Nha Trang,Family,2018
441430,Hải Phòng,Friends,2018
441444,Nha Trang,Family,2018
441444,Nha Trang,Friends,2018
441456,Nha Trang,Friends,2018
441456,Nha Trang,Family,2018
441482,Hồ Chí Minh,Friends,2018
441482,Hồ Chí Minh,Family,2018
441482,Hồ Chí Minh,Colleagues / Business partner,2018
441484,Nha Trang,Friends,2018
441487,Nha Trang,Colleagues / Business partner,2018
441487,Nha Trang,Friends,2018
441487,Nha Trang,Family,2018
441491,Đà Nẵng,Alone,2018
441491,Đà Nẵng,Boyfriend / Girlfriend,2018
441491,Đà Nẵng,Colleagues / Business partner,2018
441491,Đà Nẵng,Friends,2018
441536,Nha Trang,Friends,2018
441554,Cần Thơ,Friends,2018
441554,Cần Thơ,Family,2018
441614,Đà Nẵng,Friends,2018
441614,Đà Nẵng,Colleagues / Business partner,2018
441619,Nha Trang,Friends,2018
441619,Nha Trang,Family,2018
441648,Hồ Chí Minh,Friends,2018
441649,Hồ Chí Minh,Family,2018
441649,Hồ Chí Minh,Friends,2018
441653,Hồ Chí Minh,Family,2018
441654,Hồ Chí Minh,Friends,2018
441655,Hải Phòng,Friends,2018
441665,Hồ Chí Minh,Family,2018
441700,Hải Phòng,Friends,2018
441700,Hải Phòng,Family,2018
441701,Hải Phòng,Friends,2018
441701,Hải Phòng,Family,2018
441715,Đà Nẵng,Friends,2018
441715,Đà Nẵng,Colleagues / Business partner,2018
441752,Hải Phòng,Friends,2018
441763,Nha Trang,Colleagues / Business partner,2018
441763,Nha Trang,Family,2018
441763,Nha Trang,Friends,2018
441787,Hồ Chí Minh,Family,2018
441884,Hải Phòng,Family,2018
441884,Hải Phòng,Friends,2018
441885,Hải Phòng,Friends,2018
441885,Hải Phòng,Family,2018
441886,Hải Phòng,Friends,2018
441887,Hải Phòng,Friends,2018
441888,Hải Phòng,Family,2018
441888,Hải Phòng,Friends,2018
441895,Hà Nội,Colleagues / Business partner,2018
441895,Hà Nội,Friends,2018
441903,Hà Nội,Colleagues / Business partner,2018
441904,Hà Nội,Colleagues / Business partner,2018
441904,Hà Nội,Family,2018
441905,Hà Nội,Friends,2018
441906,Hà Nội,Family,2018
441907,Hà Nội,Friends,2018
441908,Hà Nội,Family,2018
441908,Hà Nội,Friends,2018
441909,Hà Nội,Family,2018
441909,Hà Nội,Friends,2018
441910,Hà Nội,Family,2018
441910,Hà Nội,Colleagues / Business partner,2018
441912,Hà Nội,Friends,2018
441912,Hà Nội,Family,2018
441912,Hà Nội,Colleagues / Business partner,2018
441913,Hà Nội,Friends,2018
441914,Hà Nội,Family,2018
441915,Hà Nội,Family,2018
441916,Hà Nội,Family,2018
441917,Hà Nội,Family,2018
441918,Hà Nội,Friends,2018
441919,Hà Nội,Friends,2018
441926,Hải Phòng,Family,2018
441926,Hải Phòng,Friends,2018
441934,Hải Phòng,Family,2018
441934,Hải Phòng,Friends,2018
441935,Hải Phòng,Friends,2018
441935,Hải Phòng,Family,2018
441936,Hải Phòng,Friends,2018
441936,Hải Phòng,Family,2018
441937,Hải Phòng,Family,2018
441937,Hải Phòng,Friends,2018
441938,Hải Phòng,Family,2018
441938,Hải Phòng,Colleagues / Business partner,2018
441938,Hải Phòng,Friends,2018
441939,Hải Phòng,Colleagues / Business partner,2018
441939,Hải Phòng,Friends,2018
441939,Hải Phòng,Family,2018
441940,Hải Phòng,Family,2018
441940,Hải Phòng,Friends,2018
441941,Hải Phòng,Friends,2018
441941,Hải Phòng,Family,2018
441943,Hà Nội,Family,2018
441943,Hà Nội,Colleagues / Business partner,2018
441943,Hà Nội,Friends,2018
441944,Hà Nội,Colleagues / Business partner,2018
441945,Hồ Chí Minh,Friends,2018
441946,Hồ Chí Minh,Family,2018
441953,Hải Phòng,Friends,2018
441959,Hồ Chí Minh,Colleagues / Business partner,2018
441959,Hồ Chí Minh,Family,2018
441960,Hồ Chí Minh,Boyfriend / Girlfriend,2018
441961,Hải Phòng,Friends,2018
441962,Hải Phòng,Family,2018
441962,Hải Phòng,Friends,2018
441963,Hà Nội,Colleagues / Business partner,2018
441972,Nha Trang,Family,2018
441974,Cần Thơ,Friends,2018
441975,Cần Thơ,Colleagues / Business partner,2018
441975,Cần Thơ,Family,2018
441975,Cần Thơ,Friends,2018
441976,Cần Thơ,Family,2018
441976,Cần Thơ,Colleagues / Business partner,2018
441976,Cần Thơ,Friends,2018
441977,Cần Thơ,Colleagues / Business partner,2018
441977,Cần Thơ,Friends,2018
441978,Cần Thơ,Friends,2018
441979,Cần Thơ,Friends,2018
441979,Cần Thơ,Alone,2018
441980,Cần Thơ,Family,2018
441980,Cần Thơ,Friends,2018
441981,Cần Thơ,Colleagues / Business partner,2018
441981,Cần Thơ,Friends,2018
442094,Hồ Chí Minh,Friends,2018
442099,Hải Phòng,Friends,2018
442099,Hải Phòng,Boyfriend / Girlfriend,2018
442129,Hồ Chí Minh,Friends,2018
442155,Hồ Chí Minh,Boyfriend / Girlfriend,2018
442156,Nha Trang,Friends,2018
442159,Hồ Chí Minh,Friends,2018
442208,Nha Trang,Friends,2018
442246,Hà Nội,Family,2018
442247,Hà Nội,Friends,2018
442247,Hà Nội,Colleagues / Business partner,2018
442248,Hà Nội,Colleagues / Business partner,2018
442248,Hà Nội,Friends,2018
442248,Hà Nội,Family,2018
442249,Hà Nội,Colleagues / Business partner,2018
442249,Hà Nội,Friends,2018
442250,Hà Nội,Friends,2018
442250,Hà Nội,Family,2018
442251,Hà Nội,Family,2018
442252,Hà Nội,Colleagues / Business partner,2018
442252,Hà Nội,Friends,2018
442253,Hà Nội,Friends,2018
442253,Hà Nội,Colleagues / Business partner,2018
442269,Hải Phòng,Friends,2018
442269,Hải Phòng,Family,2018
442270,Hải Phòng,Friends,2018
442301,Nha Trang,Friends,2018
442308,Đà Nẵng,Alone,2018
442338,Hà Nội,Colleagues / Business partner,2018
442338,Hà Nội,Friends,2018
442340,Cần Thơ,Colleagues / Business partner,2018
442340,Cần Thơ,Family,2018
442340,Cần Thơ,Friends,2018
442341,Cần Thơ,Family,2018
442341,Cần Thơ,Colleagues / Business partner,2018
442341,Cần Thơ,Friends,2018
442342,Cần Thơ,Family,2018
442343,Hà Nội,Friends,2018
442343,Hà Nội,Colleagues / Business partner,2018
442353,Hồ Chí Minh,Family,2018
442395,Hồ Chí Minh,Friends,2018
442479,Nha Trang,Friends,2018
442486,Hồ Chí Minh,Friends,2018
442526,Hồ Chí Minh,Alone,2018
442529,Nha Trang,Family,2018
442531,Nha Trang,Family,2018
442531,Nha Trang,Friends,2018
442569,Hồ Chí Minh,Family,2018
442574,Hồ Chí Minh,Alone,2018
442575,Hải Phòng,Friends,2018
442581,Nha Trang,Family,2018
442581,Nha Trang,Friends,2018
442585,Hồ Chí Minh,Friends,2018
442634,Cần Thơ,Colleagues / Business partner,2018
442634,Cần Thơ,Friends,2018
442634,Cần Thơ,Family,2018
442634,Cần Thơ,Alone,2018
442635,Cần Thơ,Friends,2018
442635,Cần Thơ,Alone,2018
442635,Cần Thơ,Family,2018
442635,Cần Thơ,Colleagues / Business partner,2018
442636,Cần Thơ,Family,2018
442636,Cần Thơ,Friends,2018
442636,Cần Thơ,Colleagues / Business partner,2018
442636,Cần Thơ,Alone,2018
442637,Hải Phòng,Family,2018
442645,Nha Trang,Friends,2018
442645,Nha Trang,Colleagues / Business partner,2018
442655,Hải Phòng,Boyfriend / Girlfriend,2018
442655,Hải Phòng,Friends,2018
442749,Nha Trang,Family,2018
442749,Nha Trang,Friends,2018
442776,Cần Thơ,Family,2018
442777,Cần Thơ,Colleagues / Business partner,2018
442778,Cần Thơ,Friends,2018
442778,Cần Thơ,Colleagues / Business partner,2018
442779,Cần Thơ,Family,2018
442780,Cần Thơ,Family,2018
442781,Cần Thơ,Colleagues / Business partner,2018
442832,Hà Nội,Friends,2018
442833,Hà Nội,Friends,2018
442834,Hà Nội,Friends,2018
442834,Hà Nội,Colleagues / Business partner,2018
442835,Hà Nội,Family,2018
442836,Hà Nội,Friends,2018
442836,Hà Nội,Family,2018
442837,Hà Nội,Friends,2018
442838,Hà Nội,Friends,2018
442839,Hà Nội,Family,2018
442854,Nha Trang,Boyfriend / Girlfriend,2018
442854,Nha Trang,Friends,2018
442944,Hải Phòng,Friends,2018
442987,Nha Trang,Friends,2018
442995,Đà Nẵng,Friends,2018
443004,Cần Thơ,Family,2018
443016,Hồ Chí Minh,Friends,2018
443016,Hồ Chí Minh,Family,2018
443017,Hồ Chí Minh,Alone,2018
443018,Hồ Chí Minh,Friends,2018
443019,Hồ Chí Minh,Boyfriend / Girlfriend,2018
443019,Hồ Chí Minh,Alone,2018
443082,Hà Nội,Colleagues / Business partner,2018
443098,Hải Phòng,Family,2018
443098,Hải Phòng,Friends,2018
443098,Hải Phòng,Colleagues / Business partner,2018
443099,Hải Phòng,Friends,2018
443123,Hồ Chí Minh,Alone,2018
443151,Nha Trang,Family,2018
443151,Nha Trang,Friends,2018
443169,Nha Trang,Friends,2018
443325,Nha Trang,Family,2018
443325,Nha Trang,Friends,2018
443346,Hà Nội,Colleagues / Business partner,2018
443362,Nha Trang,Colleagues / Business partner,2018
443362,Nha Trang,Family,2018
443362,Nha Trang,Friends,2018
443560,Hà Nội,Family,2018
443560,Hà Nội,Friends,2018
443560,Hà Nội,Colleagues / Business partner,2018
443560,Hà Nội,Alone,2018
443561,Hà Nội,Friends,2018
443561,Hà Nội,Family,2018
443562,Hà Nội,Family,2018
443562,Hà Nội,Colleagues / Business partner,2018
443562,Hà Nội,Friends,2018
443563,Hà Nội,Friends,2018
443563,Hà Nội,Family,2018
443564,Hà Nội,Friends,2018
443565,Hà Nội,Friends,2018
443565,Hà Nội,Family,2018
443566,Hà Nội,Alone,2018
443567,Hà Nội,Family,2018
443567,Hà Nội,Boyfriend / Girlfriend,2018
443567,Hà Nội,Friends,2018
443588,Hải Phòng,Boyfriend / Girlfriend,2018
443589,Hải Phòng,Family,2018
443589,Hải Phòng,Friends,2018
443590,Hải Phòng,Boyfriend / Girlfriend,2018
443590,Hải Phòng,Friends,2018
443595,Hà Nội,Boyfriend / Girlfriend,2018
443607,Hồ Chí Minh,Friends,2018
443608,Hồ Chí Minh,Boyfriend / Girlfriend,2018
443608,Hồ Chí Minh,Friends,2018
443609,Hồ Chí Minh,Friends,2018
443609,Hồ Chí Minh,Boyfriend / Girlfriend,2018
443610,Hồ Chí Minh,Colleagues / Business partner,2018
443610,Hồ Chí Minh,Friends,2018
443611,Hồ Chí Minh,Friends,2018
443611,Hồ Chí Minh,Colleagues / Business partner,2018
443612,Hồ Chí Minh,Colleagues / Business partner,2018
443612,Hồ Chí Minh,Friends,2018
443620,Hải Phòng,Friends,2018
443621,Hải Phòng,Colleagues / Business partner,2018
443622,Hải Phòng,Friends,2018
443622,Hải Phòng,Boyfriend / Girlfriend,2018
443623,Hải Phòng,Friends,2018
443624,Hải Phòng,Friends,2018
443624,Hải Phòng,Family,2018
443625,Hải Phòng,Family,2018
443626,Hải Phòng,Boyfriend / Girlfriend,2018
443627,Hải Phòng,Friends,2018
443632,Hải Phòng,Friends,2018
443633,Hải Phòng,Family,2018
443633,Hải Phòng,Friends,2018
443634,Hải Phòng,Friends,2018
443634,Hải Phòng,Family,2018
443635,Hải Phòng,Family,2018
443635,Hải Phòng,Friends,2018
443636,Hải Phòng,Friends,2018
443636,Hải Phòng,Colleagues / Business partner,2018
443647,Hà Nội,Family,2018
443647,Hà Nội,Friends,2018
443648,Hà Nội,Friends,2018
443648,Hà Nội,Family,2018
443649,Hà Nội,Friends,2018
443649,Hà Nội,Family,2018
443649,Hà Nội,Boyfriend / Girlfriend,2018
443650,Hà Nội,Friends,2018
443650,Hà Nội,Family,2018
443652,Hà Nội,Friends,2018
443653,Hà Nội,Colleagues / Business partner,2018
443654,Hà Nội,Family,2018
443654,Hà Nội,Friends,2018
443655,Hà Nội,Friends,2018
443657,Hà Nội,Family,2018
443657,Hà Nội,Colleagues / Business partner,2018
443657,Hà Nội,Friends,2018
443658,Hà Nội,Friends,2018
443659,Hà Nội,Colleagues / Business partner,2018
443659,Hà Nội,Friends,2018
443660,Hà Nội,Friends,2018
443660,Hà Nội,Colleagues / Business partner,2018
443696,Nha Trang,Colleagues / Business partner,2018
443696,Nha Trang,Friends,2018
443697,Nha Trang,Friends,2018
443700,Nha Trang,Friends,2018
443711,Hải Phòng,Friends,2018
443711,Hải Phòng,Family,2018
443712,Hải Phòng,Colleagues / Business partner,2018
443712,Hải Phòng,Friends,2018
443713,Hải Phòng,Family,2018
443713,Hải Phòng,Colleagues / Business partner,2018
443713,Hải Phòng,Friends,2018
443720,Hà Nội,Friends,2018
443720,Hà Nội,Family,2018
443721,Hà Nội,Family,2018
443721,Hà Nội,Friends,2018
443722,Hà Nội,Friends,2018
443723,Hà Nội,Friends,2018
443723,Hà Nội,Colleagues / Business partner,2018
443723,Hà Nội,Family,2018
443724,Hà Nội,Family,2018
443724,Hà Nội,Colleagues / Business partner,2018
443724,Hà Nội,Friends,2018
443725,Hà Nội,Family,2018
443725,Hà Nội,Friends,2018
443726,Hà Nội,Friends,2018
443726,Hà Nội,Family,2018
443727,Hà Nội,Family,2018
443727,Hà Nội,Friends,2018
443728,Hà Nội,Friends,2018
443729,Hà Nội,Friends,2018
443729,Hà Nội,Family,2018
443730,Hà Nội,Friends,2018
443730,Hà Nội,Family,2018
443731,Hà Nội,Friends,2018
443734,Hà Nội,Family,2018
443734,Hà Nội,Friends,2018
443734,Hà Nội,Boyfriend / Girlfriend,2018
443735,Hà Nội,Colleagues / Business partner,2018
443735,Hà Nội,Friends,2018
443736,Hà Nội,Friends,2018
443736,Hà Nội,Family,2018
443737,Hà Nội,Friends,2018
443737,Hà Nội,Colleagues / Business partner,2018
443747,Nha Trang,Family,2018
443758,Nha Trang,Friends,2018
443758,Nha Trang,Family,2018
443798,Hồ Chí Minh,Alone,2018
443814,Cần Thơ,Friends,2018
443814,Cần Thơ,Family,2018
443841,Hồ Chí Minh,Friends,2018
443867,Cần Thơ,Family,2018
443886,Hồ Chí Minh,Friends,2018
443914,Nha Trang,Family,2018
443914,Nha Trang,Friends,2018
443914,Nha Trang,Alone,2018
443966,Đà Nẵng,Family,2018
443980,Hồ Chí Minh,Friends,2018
443984,Cần Thơ,Family,2018
443997,Hà Nội,Colleagues / Business partner,2018
443997,Hà Nội,Friends,2018
443997,Hà Nội,Family,2018
443998,Hà Nội,Friends,2018
443999,Hà Nội,Colleagues / Business partner,2018
443999,Hà Nội,Family,2018
444000,Hà Nội,Friends,2018
444000,Hà Nội,Family,2018
444016,Hà Nội,Family,2018
444016,Hà Nội,Friends,2018
444023,Nha Trang,Family,2018
444075,Hà Nội,Family,2018
444075,Hà Nội,Friends,2018
444076,Hà Nội,Friends,2018
444076,Hà Nội,Family,2018
444077,Hà Nội,Colleagues / Business partner,2018
444077,Hà Nội,Friends,2018
444077,Hà Nội,Family,2018
444078,Hà Nội,Friends,2018
444079,Hà Nội,Boyfriend / Girlfriend,2018
444079,Hà Nội,Friends,2018
444080,Hà Nội,Others,2018
444080,Hà Nội,Friends,2018
444081,Hà Nội,Family,2018
444098,Hải Phòng,Friends,2018
444108,Đà Nẵng,Family,2018
444110,Nha Trang,Alone,2018
444116,Cần Thơ,Boyfriend / Girlfriend,2018
444176,Cần Thơ,Friends,2018
444177,Hải Phòng,Family,2018
444177,Hải Phòng,Friends,2018
444184,Hồ Chí Minh,Family,2018
444221,Hồ Chí Minh,Alone,2018
444227,Hải Phòng,Friends,2018
444227,Hải Phòng,Family,2018
444303,Đà Nẵng,Friends,2018
444388,Hồ Chí Minh,Friends,2018
444388,Hồ Chí Minh,Alone,2018
444411,Hồ Chí Minh,Colleagues / Business partner,2018
444411,Hồ Chí Minh,Friends,2018
444425,Hà Nội,Family,2018
444425,Hà Nội,Friends,2018
444439,Đà Nẵng,Colleagues / Business partner,2018
444439,Đà Nẵng,Friends,2018
444441,Cần Thơ,Friends,2018
444441,Cần Thơ,Alone,2018
444441,Cần Thơ,Family,2018
444441,Cần Thơ,Colleagues / Business partner,2018
444443,Cần Thơ,Colleagues / Business partner,2018
444443,Cần Thơ,Alone,2018
444443,Cần Thơ,Friends,2018
444443,Cần Thơ,Family,2018
444444,Cần Thơ,Friends,2018
444444,Cần Thơ,Colleagues / Business partner,2018
444444,Cần Thơ,Family,2018
444445,Cần Thơ,Family,2018
444445,Cần Thơ,Colleagues / Business partner,2018
444445,Cần Thơ,Alone,2018
444445,Cần Thơ,Friends,2018
444447,Cần Thơ,Colleagues / Business partner,2018
444447,Cần Thơ,Family,2018
444447,Cần Thơ,Friends,2018
444447,Cần Thơ,Alone,2018
444448,Cần Thơ,Alone,2018
444448,Cần Thơ,Colleagues / Business partner,2018
444448,Cần Thơ,Family,2018
444448,Cần Thơ,Friends,2018
444449,Cần Thơ,Colleagues / Business partner,2018
444449,Cần Thơ,Alone,2018
444449,Cần Thơ,Friends,2018
444449,Cần Thơ,Family,2018
444450,Cần Thơ,Alone,2018
444450,Cần Thơ,Colleagues / Business partner,2018
444450,Cần Thơ,Family,2018
444450,Cần Thơ,Friends,2018
444451,Cần Thơ,Family,2018
444451,Cần Thơ,Friends,2018
444451,Cần Thơ,Alone,2018
444451,Cần Thơ,Colleagues / Business partner,2018
444452,Cần Thơ,Colleagues / Business partner,2018
444452,Cần Thơ,Alone,2018
444452,Cần Thơ,Family,2018
444452,Cần Thơ,Friends,2018
444453,Cần Thơ,Colleagues / Business partner,2018
444453,Cần Thơ,Friends,2018
444453,Cần Thơ,Family,2018
444454,Cần Thơ,Colleagues / Business partner,2018
444454,Cần Thơ,Alone,2018
444454,Cần Thơ,Family,2018
444454,Cần Thơ,Friends,2018
444455,Hà Nội,Friends,2018
444455,Hà Nội,Colleagues / Business partner,2018
444456,Hà Nội,Friends,2018
444457,Hà Nội,Family,2018
444457,Hà Nội,Friends,2018
444458,Hà Nội,Colleagues / Business partner,2018
444458,Hà Nội,Friends,2018
444459,Hà Nội,Friends,2018
444460,Hà Nội,Family,2018
444460,Hà Nội,Friends,2018
444462,Hà Nội,Friends,2018
444463,Hà Nội,Friends,2018
444463,Hà Nội,Colleagues / Business partner,2018
444464,Hà Nội,Friends,2018
444474,Hồ Chí Minh,Family,2018
444516,Nha Trang,Family,2018
444516,Nha Trang,Friends,2018
444539,Nha Trang,Family,2018
444553,Đà Nẵng,Colleagues / Business partner,2018
444561,Hà Nội,Friends,2018
444562,Cần Thơ,Alone,2018
444562,Cần Thơ,Friends,2018
444562,Cần Thơ,Family,2018
444562,Cần Thơ,Colleagues / Business partner,2018
444566,Nha Trang,Family,2018
444566,Nha Trang,Colleagues / Business partner,2018
444568,Nha Trang,Family,2018
444568,Nha Trang,Colleagues / Business partner,2018
444570,Hà Nội,Others,2018
444570,Hà Nội,Friends,2018
444570,Hà Nội,Family,2018
444588,Cần Thơ,Alone,2018
444589,Cần Thơ,Friends,2018
444589,Cần Thơ,Colleagues / Business partner,2018
444590,Cần Thơ,Colleagues / Business partner,2018
444591,Cần Thơ,Friends,2018
444591,Cần Thơ,Family,2018
444592,Cần Thơ,Friends,2018
444592,Cần Thơ,Colleagues / Business partner,2018
444593,Cần Thơ,Friends,2018
444594,Cần Thơ,Friends,2018
444595,Cần Thơ,Friends,2018
444596,Cần Thơ,Colleagues / Business partner,2018
444596,Cần Thơ,Friends,2018
444597,Cần Thơ,Colleagues / Business partner,2018
444597,Cần Thơ,Friends,2018
444600,Cần Thơ,Friends,2018
444601,Cần Thơ,Friends,2018
444603,Cần Thơ,Friends,2018
444604,Cần Thơ,Friends,2018
444604,Cần Thơ,Colleagues / Business partner,2018
444610,Hồ Chí Minh,Family,2018
444611,Nha Trang,Friends,2018
444613,Nha Trang,Family,2018
444613,Nha Trang,Friends,2018
444616,Cần Thơ,Colleagues / Business partner,2018
444616,Cần Thơ,Alone,2018
444616,Cần Thơ,Family,2018
444616,Cần Thơ,Friends,2018
444617,Cần Thơ,Friends,2018
444617,Cần Thơ,Colleagues / Business partner,2018
444617,Cần Thơ,Family,2018
444617,Cần Thơ,Alone,2018
444620,Cần Thơ,Colleagues / Business partner,2018
444620,Cần Thơ,Friends,2018
444620,Cần Thơ,Family,2018
444620,Cần Thơ,Alone,2018
444631,Cần Thơ,Friends,2018
444631,Cần Thơ,Colleagues / Business partner,2018
444632,Cần Thơ,Family,2018
444633,Hồ Chí Minh,Friends,2018
444635,Hồ Chí Minh,Friends,2018
444636,Hà Nội,Family,2018
444636,Hà Nội,Friends,2018
444646,Hồ Chí Minh,Friends,2018
444646,Hồ Chí Minh,Family,2018
444664,Cần Thơ,Friends,2018
444664,Cần Thơ,Colleagues / Business partner,2018
444669,Hà Nội,Family,2018
444669,Hà Nội,Friends,2018
444670,Hà Nội,Friends,2018
444671,Hà Nội,Friends,2018
444671,Hà Nội,Colleagues / Business partner,2018
444672,Hà Nội,Friends,2018
444672,Hà Nội,Colleagues / Business partner,2018
444673,Hà Nội,Friends,2018
444673,Hà Nội,Boyfriend / Girlfriend,2018
444674,Hà Nội,Friends,2018
444675,Hà Nội,Friends,2018
444676,Hà Nội,Friends,2018
444676,Hà Nội,Colleagues / Business partner,2018
444677,Hà Nội,Friends,2018
444678,Hà Nội,Friends,2018
444678,Hà Nội,Colleagues / Business partner,2018
444679,Hà Nội,Friends,2018
444680,Hà Nội,Colleagues / Business partner,2018
444680,Hà Nội,Friends,2018
444681,Hà Nội,Friends,2018
444682,Hà Nội,Friends,2018
444685,Hồ Chí Minh,Colleagues / Business partner,2018
444685,Hồ Chí Minh,Family,2018
444693,Hải Phòng,Friends,2018
444693,Hải Phòng,Family,2018
444695,Hồ Chí Minh,Friends,2018
444696,Đà Nẵng,Colleagues / Business partner,2018
444696,Đà Nẵng,Friends,2018
444699,Hồ Chí Minh,Alone,2018
444706,Cần Thơ,Family,2018
444706,Cần Thơ,Colleagues / Business partner,2018
444707,Hồ Chí Minh,Friends,2018
444707,Hồ Chí Minh,Family,2018
444713,Hà Nội,Friends,2018
444713,Hà Nội,Family,2018
444714,Nha Trang,Friends,2018
444714,Nha Trang,Family,2018
444729,Hà Nội,Colleagues / Business partner,2018
444729,Hà Nội,Family,2018
444736,Nha Trang,Friends,2018
444758,Đà Nẵng,Family,2018
444758,Đà Nẵng,Friends,2018
444763,Cần Thơ,Colleagues / Business partner,2018
444763,Cần Thơ,Friends,2018
444763,Cần Thơ,Family,2018
444766,Đà Nẵng,Colleagues / Business partner,2018
444823,Cần Thơ,Colleagues / Business partner,2018
444823,Cần Thơ,Friends,2018
444823,Cần Thơ,Family,2018
444824,Hải Phòng,Family,2018
444824,Hải Phòng,Friends,2018
444888,Cần Thơ,Family,2018
444888,Cần Thơ,Colleagues / Business partner,2018
444888,Cần Thơ,Friends,2018
444914,Đà Nẵng,Friends,2018
444953,Hải Phòng,Family,2018
444953,Hải Phòng,Friends,2018
444955,Hải Phòng,Family,2018
444955,Hải Phòng,Friends,2018
444963,Cần Thơ,Colleagues / Business partner,2018
444963,Cần Thơ,Friends,2018
444963,Cần Thơ,Alone,2018
444963,Cần Thơ,Family,2018
444964,Cần Thơ,Alone,2018
444964,Cần Thơ,Colleagues / Business partner,2018
444964,Cần Thơ,Family,2018
444964,Cần Thơ,Friends,2018
444974,Cần Thơ,Friends,2018
444974,Cần Thơ,Family,2018
444986,Cần Thơ,Friends,2018
445000,Đà Nẵng,Boyfriend / Girlfriend,2018
445000,Đà Nẵng,Friends,2018
445031,Cần Thơ,Family,2018
445031,Cần Thơ,Friends,2018
445033,Cần Thơ,Friends,2018
445034,Cần Thơ,Friends,2018
445035,Cần Thơ,Friends,2018
445036,Cần Thơ,Friends,2018
445038,Nha Trang,Friends,2018
445059,Hải Phòng,Friends,2018
445059,Hải Phòng,Family,2018
445062,Hải Phòng,Colleagues / Business partner,2018
445062,Hải Phòng,Friends,2018
445098,Cần Thơ,Friends,2018
445098,Cần Thơ,Colleagues / Business partner,2018
445099,Cần Thơ,Friends,2018
445099,Cần Thơ,Colleagues / Business partner,2018
445099,Cần Thơ,Family,2018
445100,Cần Thơ,Family,2018
445104,Cần Thơ,Colleagues / Business partner,2018
445105,Cần Thơ,Friends,2018
445106,Cần Thơ,Friends,2018
445125,Hồ Chí Minh,Friends,2018
445173,Hồ Chí Minh,Family,2018
445173,Hồ Chí Minh,Colleagues / Business partner,2018
445173,Hồ Chí Minh,Friends,2018
445202,Đà Nẵng,Family,2018
445208,Cần Thơ,Colleagues / Business partner,2018
445208,Cần Thơ,Friends,2018
445208,Cần Thơ,Family,2018
445208,Cần Thơ,Alone,2018
445209,Cần Thơ,Family,2018
445209,Cần Thơ,Alone,2018
445209,Cần Thơ,Friends,2018
445209,Cần Thơ,Colleagues / Business partner,2018
445210,Cần Thơ,Friends,2018
445210,Cần Thơ,Family,2018
445216,Hải Phòng,Family,2018
445216,Hải Phòng,Colleagues / Business partner,2018
445216,Hải Phòng,Friends,2018
445217,Hà Nội,Friends,2018
445217,Hà Nội,Family,2018
445252,Hải Phòng,Friends,2018
445263,Cần Thơ,Friends,2018
445264,Cần Thơ,Family,2018
445264,Cần Thơ,Colleagues / Business partner,2018
445264,Cần Thơ,Friends,2018
445272,Hải Phòng,Friends,2018
445293,Cần Thơ,Family,2018
445293,Cần Thơ,Friends,2018
445294,Cần Thơ,Friends,2018
445295,Cần Thơ,Friends,2018
445296,Cần Thơ,Friends,2018
445296,Cần Thơ,Family,2018
445297,Hải Phòng,Family,2018
445297,Hải Phòng,Friends,2018
445298,Hải Phòng,Friends,2018
445298,Hải Phòng,Family,2018
445299,Hải Phòng,Alone,2018
445300,Cần Thơ,Friends,2018
445301,Cần Thơ,Friends,2018
445301,Cần Thơ,Family,2018
445302,Hải Phòng,Friends,2018
445303,Hải Phòng,Friends,2018
445304,Hải Phòng,Friends,2018
445305,Hải Phòng,Family,2018
445305,Hải Phòng,Friends,2018
445306,Hải Phòng,Friends,2018
445306,Hải Phòng,Colleagues / Business partner,2018
445307,Hải Phòng,Family,2018
445307,Hải Phòng,Friends,2018
445308,Hải Phòng,Family,2018
445308,Hải Phòng,Friends,2018
445309,Cần Thơ,Friends,2018
445310,Cần Thơ,Family,2018
445311,Cần Thơ,Friends,2018
445311,Cần Thơ,Colleagues / Business partner,2018
445312,Cần Thơ,Family,2018
445313,Cần Thơ,Friends,2018
445323,Hải Phòng,Colleagues / Business partner,2018
445323,Hải Phòng,Family,2018
445324,Hải Phòng,Friends,2018
445325,Hải Phòng,Friends,2018
445326,Hải Phòng,Family,2018
445326,Hải Phòng,Friends,2018
445327,Hải Phòng,Friends,2018
445327,Hải Phòng,Family,2018
445328,Hải Phòng,Friends,2018
445328,Hải Phòng,Family,2018
445329,Hải Phòng,Family,2018
445329,Hải Phòng,Friends,2018
445330,Hồ Chí Minh,Family,2018
445331,Hồ Chí Minh,Family,2018
445332,Hồ Chí Minh,Friends,2018
445332,Hồ Chí Minh,Family,2018
445333,Hồ Chí Minh,Family,2018
445334,Hồ Chí Minh,Family,2018
445334,Hồ Chí Minh,Friends,2018
445335,Hải Phòng,Friends,2018
445336,Hải Phòng,Friends,2018
445337,Hải Phòng,Family,2018
445337,Hải Phòng,Friends,2018
445338,Hải Phòng,Friends,2018
445339,Hải Phòng,Colleagues / Business partner,2018
445339,Hải Phòng,Family,2018
445339,Hải Phòng,Friends,2018
445340,Hải Phòng,Family,2018
445340,Hải Phòng,Colleagues / Business partner,2018
445340,Hải Phòng,Friends,2018
445358,Nha Trang,Family,2018
445358,Nha Trang,Friends,2018
445360,Nha Trang,Friends,2018
445371,Đà Nẵng,Alone,2018
445371,Đà Nẵng,Friends,2018
445381,Hải Phòng,Family,2018
445381,Hải Phòng,Friends,2018
445381,Hải Phòng,Colleagues / Business partner,2018
445393,Nha Trang,Friends,2018
445394,Nha Trang,Friends,2018
445414,Nha Trang,Family,2018
445482,Hải Phòng,Friends,2018
445517,Hồ Chí Minh,Friends,2018
445517,Hồ Chí Minh,Family,2018
445524,Nha Trang,Friends,2018
445552,Đà Nẵng,Family,2018
445552,Đà Nẵng,Alone,2018
445552,Đà Nẵng,Friends,2018
445606,Nha Trang,Friends,2018
445606,Nha Trang,Family,2018
445607,Hà Nội,Family,2018
445607,Hà Nội,Friends,2018
445662,Hải Phòng,Friends,2018
445676,Hồ Chí Minh,Family,2018
445699,Hải Phòng,Family,2018
445699,Hải Phòng,Friends,2018
445717,Nha Trang,Boyfriend / Girlfriend,2018
445717,Nha Trang,Friends,2018
445756,Hồ Chí Minh,Friends,2018
445812,Hà Nội,Boyfriend / Girlfriend,2018
445812,Hà Nội,Family,2018
445812,Hà Nội,Friends,2018
445818,Hồ Chí Minh,Friends,2018
445818,Hồ Chí Minh,Family,2018
445819,Hồ Chí Minh,Family,2018
445819,Hồ Chí Minh,Friends,2018
445819,Hồ Chí Minh,Alone,2018
445831,Hà Nội,Friends,2018
445831,Hà Nội,Family,2018
445834,Nha Trang,Family,2018
445834,Nha Trang,Boyfriend / Girlfriend,2018
445853,Hồ Chí Minh,Friends,2018
445855,Hà Nội,Friends,2018
445860,Hà Nội,Colleagues / Business partner,2018
445860,Hà Nội,Friends,2018
445864,Hà Nội,Family,2018
445884,Đà Nẵng,Alone,2018
445884,Đà Nẵng,Friends,2018
445912,Hải Phòng,Friends,2018
445913,Hải Phòng,Friends,2018
445914,Hải Phòng,Friends,2018
445926,Đà Nẵng,Family,2018
445926,Đà Nẵng,Colleagues / Business partner,2018
445926,Đà Nẵng,Friends,2018
445951,Hà Nội,Friends,2018
445951,Hà Nội,Others,2018
445969,Hà Nội,Friends,2018
445982,Hà Nội,Friends,2018
445986,Hồ Chí Minh,Family,2018
445986,Hồ Chí Minh,Friends,2018
445991,Nha Trang,Friends,2018
446009,Đà Nẵng,Family,2018
446018,Hồ Chí Minh,Friends,2018
446036,Hồ Chí Minh,Alone,2018
446046,Cần Thơ,Friends,2018
446067,Hà Nội,Family,2018
446067,Hà Nội,Friends,2018
446075,Hà Nội,Boyfriend / Girlfriend,2018
446075,Hà Nội,Friends,2018
446092,Hà Nội,Alone,2018
446092,Hà Nội,Friends,2018
446092,Hà Nội,Family,2018
446094,Hà Nội,Family,2018
446096,Hà Nội,Family,2018
446100,Hồ Chí Minh,Friends,2018
446107,Hà Nội,Family,2018
446107,Hà Nội,Friends,2018
446136,Đà Nẵng,Friends,2018
446136,Đà Nẵng,Alone,2018
446158,Hồ Chí Minh,Friends,2018
446160,Cần Thơ,Friends,2018
446167,Hà Nội,Friends,2018
446169,Hà Nội,Family,2018
446169,Hà Nội,Friends,2018
446169,Hà Nội,Boyfriend / Girlfriend,2018
446173,Cần Thơ,Family,2018
446177,Hà Nội,Family,2018
446179,Hồ Chí Minh,Friends,2018
446179,Hồ Chí Minh,Colleagues / Business partner,2018
446181,Hà Nội,Friends,2018
446181,Hà Nội,Family,2018
446184,Hồ Chí Minh,Friends,2018
446187,Nha Trang,Family,2018
446187,Nha Trang,Friends,2018
446193,Nha Trang,Colleagues / Business partner,2018
446193,Nha Trang,Friends,2018
446195,Hà Nội,Friends,2018
446196,Hà Nội,Family,2018
446196,Hà Nội,Friends,2018
446197,Hà Nội,Alone,2018
446197,Hà Nội,Colleagues / Business partner,2018
446197,Hà Nội,Family,2018
446197,Hà Nội,Friends,2018
446209,Cần Thơ,Friends,2018
446215,Cần Thơ,Family,2018
446216,Cần Thơ,Friends,2018
446216,Cần Thơ,Colleagues / Business partner,2018
446228,Hà Nội,Friends,2018
446235,Hải Phòng,Friends,2018
446235,Hải Phòng,Family,2018
446236,Nha Trang,Friends,2018
446238,Hà Nội,Boyfriend / Girlfriend,2018
446238,Hà Nội,Friends,2018
446238,Hà Nội,Family,2018
446245,Nha Trang,Friends,2018
446250,Hà Nội,Friends,2018
446251,Hà Nội,Friends,2018
446251,Hà Nội,Boyfriend / Girlfriend,2018
446254,Hồ Chí Minh,Family,2018
446258,Cần Thơ,Friends,2018
446260,Hà Nội,Friends,2018
446265,Hồ Chí Minh,Alone,2018
446281,Nha Trang,Colleagues / Business partner,2018
446281,Nha Trang,Friends,2018
446284,Nha Trang,Family,2018
446284,Nha Trang,Friends,2018
446290,Hồ Chí Minh,Friends,2018
446290,Hồ Chí Minh,Family,2018
446292,Hà Nội,Friends,2018
446292,Hà Nội,Boyfriend / Girlfriend,2018
446300,Đà Nẵng,Colleagues / Business partner,2018
446301,Hà Nội,Friends,2018
446301,Hà Nội,Colleagues / Business partner,2018
446301,Hà Nội,Family,2018
446305,Hà Nội,Friends,2018
446316,Đà Nẵng,Family,2018
446316,Đà Nẵng,Friends,2018
446316,Đà Nẵng,Colleagues / Business partner,2018
446336,Hồ Chí Minh,Friends,2018
446336,Hồ Chí Minh,Family,2018
446343,Nha Trang,Friends,2018
446355,Đà Nẵng,Colleagues / Business partner,2018
446355,Đà Nẵng,Family,2018
446358,Đà Nẵng,Friends,2018
446358,Đà Nẵng,Colleagues / Business partner,2018
446358,Đà Nẵng,Family,2018
446358,Đà Nẵng,Boyfriend / Girlfriend,2018
446369,Hà Nội,Family,2018
446369,Hà Nội,Friends,2018
446380,Nha Trang,Friends,2018
446380,Nha Trang,Family,2018
446380,Nha Trang,Colleagues / Business partner,2018
446381,Hà Nội,Friends,2018
446381,Hà Nội,Colleagues / Business partner,2018
446390,Hà Nội,Boyfriend / Girlfriend,2018
446390,Hà Nội,Friends,2018
446400,Hải Phòng,Friends,2018
446400,Hải Phòng,Family,2018
446408,Nha Trang,Friends,2018
446408,Nha Trang,Family,2018
446437,Hồ Chí Minh,Family,2018
446445,Hải Phòng,Friends,2018
446446,Hải Phòng,Friends,2018
446447,Hải Phòng,Friends,2018
446448,Hải Phòng,Friends,2018
446449,Hải Phòng,Friends,2018
446449,Hải Phòng,Colleagues / Business partner,2018
446450,Hải Phòng,Friends,2018
446450,Hải Phòng,Colleagues / Business partner,2018
446463,Hải Phòng,Boyfriend / Girlfriend,2018
446463,Hải Phòng,Friends,2018
446465,Nha Trang,Friends,2018
446474,Hải Phòng,Family,2018
446489,Cần Thơ,Family,2018
446491,Đà Nẵng,Family,2018
446491,Đà Nẵng,Colleagues / Business partner,2018
446491,Đà Nẵng,Friends,2018
446501,Nha Trang,Colleagues / Business partner,2018
446501,Nha Trang,Friends,2018
446503,Đà Nẵng,Family,2018
446505,Hà Nội,Friends,2018
446505,Hà Nội,Boyfriend / Girlfriend,2018
446511,Nha Trang,Friends,2018
446517,Hà Nội,Friends,2018
446524,Đà Nẵng,Family,2018
446545,Hà Nội,Colleagues / Business partner,2018
446545,Hà Nội,Family,2018
446554,Đà Nẵng,Family,2018
446563,Hà Nội,Friends,2018
446563,Hà Nội,Boyfriend / Girlfriend,2018
446584,Cần Thơ,Friends,2018
446601,Cần Thơ,Boyfriend / Girlfriend,2018
446634,Hồ Chí Minh,Friends,2018
446649,Đà Nẵng,Friends,2018
446649,Đà Nẵng,Colleagues / Business partner,2018
446665,Đà Nẵng,Alone,2018
446665,Đà Nẵng,Colleagues / Business partner,2018
446665,Đà Nẵng,Friends,2018
446665,Đà Nẵng,Family,2018
446669,Hà Nội,Family,2018
446669,Hà Nội,Friends,2018
446691,Đà Nẵng,Family,2018
446691,Đà Nẵng,Friends,2018
446701,Nha Trang,Friends,2018
446701,Nha Trang,Family,2018
446712,Hà Nội,Boyfriend / Girlfriend,2018
446714,Hải Phòng,Colleagues / Business partner,2018
446714,Hải Phòng,Family,2018
446714,Hải Phòng,Friends,2018
446715,Hải Phòng,Family,2018
446715,Hải Phòng,Friends,2018
446715,Hải Phòng,Alone,2018
446729,Hải Phòng,Boyfriend / Girlfriend,2018
446729,Hải Phòng,Friends,2018
446739,Đà Nẵng,Friends,2018
446739,Đà Nẵng,Family,2018
446739,Đà Nẵng,Colleagues / Business partner,2018
446739,Đà Nẵng,Boyfriend / Girlfriend,2018
446818,Hải Phòng,Family,2018
446818,Hải Phòng,Friends,2018
446818,Hải Phòng,Colleagues / Business partner,2018
446819,Hải Phòng,Family,2018
446819,Hải Phòng,Colleagues / Business partner,2018
446820,Hải Phòng,Friends,2018
446821,Hải Phòng,Colleagues / Business partner,2018
446821,Hải Phòng,Friends,2018
446821,Hải Phòng,Family,2018
446822,Hải Phòng,Family,2018
446822,Hải Phòng,Friends,2018
446823,Hải Phòng,Colleagues / Business partner,2018
446833,Hải Phòng,Colleagues / Business partner,2018
446833,Hải Phòng,Friends,2018
446859,Hải Phòng,Friends,2018
446859,Hải Phòng,Colleagues / Business partner,2018
446863,Hải Phòng,Friends,2018
446863,Hải Phòng,Colleagues / Business partner,2018
446866,Hải Phòng,Friends,2018
446866,Hải Phòng,Family,2018
446867,Hải Phòng,Friends,2018
446868,Hải Phòng,Friends,2018
446869,Hải Phòng,Friends,2018
446870,Hải Phòng,Alone,2018
446871,Hải Phòng,Family,2018
446871,Hải Phòng,Friends,2018
446872,Hải Phòng,Family,2018
446872,Hải Phòng,Friends,2018
446873,Hải Phòng,Friends,2018
446874,Hải Phòng,Friends,2018
446875,Hải Phòng,Friends,2018
446875,Hải Phòng,Colleagues / Business partner,2018
446875,Hải Phòng,Family,2018
446877,Hải Phòng,Friends,2018
446877,Hải Phòng,Family,2018
446878,Hải Phòng,Friends,2018
446879,Hải Phòng,Family,2018
446879,Hải Phòng,Friends,2018
446880,Hải Phòng,Friends,2018
446881,Hải Phòng,Friends,2018
446881,Hải Phòng,Family,2018
446882,Hải Phòng,Family,2018
446882,Hải Phòng,Friends,2018
446883,Hải Phòng,Friends,2018
446883,Hải Phòng,Family,2018
446884,Hải Phòng,Friends,2018
446907,Hải Phòng,Family,2018
446907,Hải Phòng,Friends,2018
446908,Hải Phòng,Friends,2018
446926,Nha Trang,Friends,2018
446931,Nha Trang,Colleagues / Business partner,2018
446931,Nha Trang,Friends,2018
447005,Nha Trang,Friends,2018
447016,Hà Nội,Friends,2018
447018,Hà Nội,Family,2018
447018,Hà Nội,Colleagues / Business partner,2018
447018,Hà Nội,Friends,2018
447066,Nha Trang,Friends,2018
447076,Đà Nẵng,Friends,2018
447076,Đà Nẵng,Family,2018
447107,Hà Nội,Friends,2018
447107,Hà Nội,Colleagues / Business partner,2018
447139,Hà Nội,Boyfriend / Girlfriend,2018
447179,Hồ Chí Minh,Family,2018
447179,Hồ Chí Minh,Alone,2018
447179,Hồ Chí Minh,Friends,2018
447179,Hồ Chí Minh,Colleagues / Business partner,2018
447251,Hà Nội,Family,2018
447251,Hà Nội,Friends,2018
447253,Hồ Chí Minh,Friends,2018
447262,Hà Nội,Family,2018
447275,Hà Nội,Friends,2018
447327,Nha Trang,Friends,2018
447327,Nha Trang,Boyfriend / Girlfriend,2018
447328,Hà Nội,Colleagues / Business partner,2018
447328,Hà Nội,Friends,2018
447335,Đà Nẵng,Friends,2018
447338,Đà Nẵng,Colleagues / Business partner,2018
447338,Đà Nẵng,Friends,2018
447349,Hà Nội,Friends,2018
447349,Hà Nội,Boyfriend / Girlfriend,2018
447355,Hồ Chí Minh,Friends,2018
447355,Hồ Chí Minh,Colleagues / Business partner,2018
447367,Hà Nội,Friends,2018
447415,Đà Nẵng,Colleagues / Business partner,2018
447415,Đà Nẵng,Friends,2018
447415,Đà Nẵng,Family,2018
447419,Hà Nội,Friends,2018
447439,Hà Nội,Friends,2018
447444,Hà Nội,Friends,2018
447506,Hồ Chí Minh,Colleagues / Business partner,2018
447506,Hồ Chí Minh,Friends,2018
447531,Nha Trang,Friends,2018
447544,Đà Nẵng,Friends,2018
447563,Đà Nẵng,Friends,2018
447563,Đà Nẵng,Colleagues / Business partner,2018
447572,Đà Nẵng,Friends,2018
447607,Đà Nẵng,Alone,2018
447607,Đà Nẵng,Friends,2018
447618,Hà Nội,Family,2018
447619,Hà Nội,Friends,2018
447619,Hà Nội,Colleagues / Business partner,2018
447619,Hà Nội,Family,2018
447625,Nha Trang,Friends,2018
447625,Nha Trang,Family,2018
447639,Đà Nẵng,Alone,2018
447639,Đà Nẵng,Colleagues / Business partner,2018
447639,Đà Nẵng,Friends,2018
447639,Đà Nẵng,Family,2018
447651,Hải Phòng,Family,2018
447651,Hải Phòng,Friends,2018
447652,Hải Phòng,Friends,2018
447652,Hải Phòng,Family,2018
447653,Hải Phòng,Friends,2018
447653,Hải Phòng,Family,2018
447654,Hải Phòng,Friends,2018
447654,Hải Phòng,Family,2018
447655,Đà Nẵng,Colleagues / Business partner,2018
447657,Hà Nội,Friends,2018
447658,Nha Trang,Friends,2018
447658,Nha Trang,Family,2018
447660,Nha Trang,Friends,2018
447662,Đà Nẵng,Friends,2018
447664,Hà Nội,Friends,2018
447664,Hà Nội,Family,2018
447667,Hà Nội,Family,2018
447667,Hà Nội,Friends,2018
447669,Hà Nội,Friends,2018
447669,Hà Nội,Family,2018
447678,Hải Phòng,Family,2018
447678,Hải Phòng,Friends,2018
447685,Hồ Chí Minh,Friends,2018
447687,Nha Trang,Friends,2018
447691,Đà Nẵng,Friends,2018
447691,Đà Nẵng,Family,2018
447691,Đà Nẵng,Alone,2018
447693,Nha Trang,Friends,2018
447693,Nha Trang,Boyfriend / Girlfriend,2018
447696,Nha Trang,Friends,2018
447701,Hà Nội,Friends,2018
447702,Hà Nội,Friends,2018
447706,Đà Nẵng,Friends,2018
447706,Đà Nẵng,Family,2018
447712,Hà Nội,Friends,2018
447712,Hà Nội,Family,2018
447716,Hồ Chí Minh,Family,2018
447716,Hồ Chí Minh,Colleagues / Business partner,2018
447716,Hồ Chí Minh,Friends,2018
447717,Nha Trang,Family,2018
447720,Hà Nội,Friends,2018
447722,Hà Nội,Friends,2018
447722,Hà Nội,Family,2018
447722,Hà Nội,Colleagues / Business partner,2018
447726,Hồ Chí Minh,Alone,2018
447731,Nha Trang,Boyfriend / Girlfriend,2018
447731,Nha Trang,Friends,2018
447736,Hà Nội,Friends,2018
447737,Đà Nẵng,Family,2018
447737,Đà Nẵng,Friends,2018
447737,Đà Nẵng,Alone,2018
447742,Hà Nội,Friends,2018
447748,Nha Trang,Friends,2018
447748,Nha Trang,Family,2018
447753,Hà Nội,Alone,2018
447760,Hà Nội,Family,2018
447767,Hà Nội,Friends,2018
447767,Hà Nội,Boyfriend / Girlfriend,2018
447770,Hà Nội,Colleagues / Business partner,2018
447770,Hà Nội,Family,2018
447770,Hà Nội,Friends,2018
447773,Hà Nội,Friends,2018
447773,Hà Nội,Family,2018
447783,Hồ Chí Minh,Family,2018
447783,Hồ Chí Minh,Friends,2018
447788,Hồ Chí Minh,Friends,2018
447796,Hà Nội,Colleagues / Business partner,2018
447796,Hà Nội,Family,2018
447796,Hà Nội,Friends,2018
447816,Hà Nội,Friends,2018
447816,Hà Nội,Colleagues / Business partner,2018
447857,Hồ Chí Minh,Family,2018
447924,Đà Nẵng,Friends,2018
447928,Nha Trang,Colleagues / Business partner,2018
447928,Nha Trang,Friends,2018
447933,Nha Trang,Friends,2018
447945,Hồ Chí Minh,Family,2018
447955,Đà Nẵng,Alone,2018
447955,Đà Nẵng,Friends,2018
447981,Nha Trang,Family,2018
447981,Nha Trang,Colleagues / Business partner,2018
447984,Hà Nội,Colleagues / Business partner,2018
447984,Hà Nội,Friends,2018
447984,Hà Nội,Family,2018
447986,Nha Trang,Friends,2018
447986,Nha Trang,Colleagues / Business partner,2018
447989,Đà Nẵng,Friends,2018
447989,Đà Nẵng,Family,2018
447991,Hà Nội,Friends,2018
447992,Hà Nội,Friends,2018
447995,Hà Nội,Friends,2018
448001,Hồ Chí Minh,Friends,2018
448004,Hồ Chí Minh,Family,2018
448004,Hồ Chí Minh,Friends,2018
448031,Hồ Chí Minh,Family,2018
448051,Đà Nẵng,Family,2018
448071,Hà Nội,Colleagues / Business partner,2018
448071,Hà Nội,Friends,2018
448073,Hà Nội,Family,2018
448073,Hà Nội,Colleagues / Business partner,2018
448073,Hà Nội,Friends,2018
448079,Hà Nội,Family,2018
448079,Hà Nội,Friends,2018
448085,Hồ Chí Minh,Family,2018
448113,Hà Nội,Family,2018
448116,Hà Nội,Family,2018
448117,Đà Nẵng,Alone,2018
448120,Hồ Chí Minh,Colleagues / Business partner,2018
448120,Hồ Chí Minh,Friends,2018
448123,Hà Nội,Colleagues / Business partner,2018
448123,Hà Nội,Boyfriend / Girlfriend,2018
448125,Hồ Chí Minh,Friends,2018
448133,Hà Nội,Family,2018
448133,Hà Nội,Friends,2018
448144,Hồ Chí Minh,Colleagues / Business partner,2018
448161,Hà Nội,Family,2018
448161,Hà Nội,Friends,2018
448213,Hải Phòng,Friends,2018
448213,Hải Phòng,Family,2018
448214,Hải Phòng,Alone,2018
448214,Hải Phòng,Friends,2018
448214,Hải Phòng,Family,2018
448215,Hải Phòng,Friends,2018
448215,Hải Phòng,Family,2018
448216,Hải Phòng,Family,2018
448216,Hải Phòng,Friends,2018
448217,Hải Phòng,Family,2018
448217,Hải Phòng,Friends,2018
448219,Hải Phòng,Friends,2018
448220,Hải Phòng,Family,2018
448220,Hải Phòng,Friends,2018
448221,Hải Phòng,Friends,2018
448221,Hải Phòng,Family,2018
448222,Hải Phòng,Friends,2018
448222,Hải Phòng,Boyfriend / Girlfriend,2018
448223,Hải Phòng,Friends,2018
448224,Hải Phòng,Colleagues / Business partner,2018
448225,Hải Phòng,Friends,2018
448243,Hà Nội,Friends,2018
448243,Hà Nội,Family,2018
448245,Nha Trang,Family,2018
448245,Nha Trang,Friends,2018
448258,Hồ Chí Minh,Family,2018
448258,Hồ Chí Minh,Friends,2018
448259,Hồ Chí Minh,Friends,2018
448259,Hồ Chí Minh,Family,2018
448259,Hồ Chí Minh,Colleagues / Business partner,2018
448260,Hồ Chí Minh,Family,2018
448260,Hồ Chí Minh,Friends,2018
448261,Hồ Chí Minh,Family,2018
448261,Hồ Chí Minh,Friends,2018
448271,Hồ Chí Minh,Friends,2018
448298,Hà Nội,Friends,2018
448300,Hà Nội,Friends,2018
448300,Hà Nội,Colleagues / Business partner,2018
448349,Nha Trang,Family,2018
448393,Hồ Chí Minh,Friends,2018
448417,Hà Nội,Friends,2018
448467,Hà Nội,Colleagues / Business partner,2018
448467,Hà Nội,Friends,2018
448487,Đà Nẵng,Friends,2018
448487,Đà Nẵng,Family,2018
448502,Đà Nẵng,Friends,2018
448508,Đà Nẵng,Colleagues / Business partner,2018
448508,Đà Nẵng,Family,2018
448508,Đà Nẵng,Friends,2018
448524,Hà Nội,Friends,2018
448536,Hà Nội,Friends,2018
448536,Hà Nội,Colleagues / Business partner,2018
448578,Hà Nội,Friends,2018
448587,Hà Nội,Friends,2018
448587,Hà Nội,Family,2018
448613,Hồ Chí Minh,Friends,2018
448637,Hồ Chí Minh,Friends,2018
448644,Đà Nẵng,Friends,2018
448644,Đà Nẵng,Alone,2018
448666,Hà Nội,Boyfriend / Girlfriend,2018
448666,Hà Nội,Friends,2018
448666,Hà Nội,Family,2018
448681,Hồ Chí Minh,Family,2018
448689,Hà Nội,Family,2018
448689,Hà Nội,Friends,2018
448694,Hà Nội,Friends,2018
448729,Đà Nẵng,Family,2018
448729,Đà Nẵng,Friends,2018
448729,Đà Nẵng,Colleagues / Business partner,2018
448732,Hà Nội,Friends,2018
448822,Hồ Chí Minh,Friends,2018
448822,Hồ Chí Minh,Family,2018
448824,Hà Nội,Colleagues / Business partner,2018
448824,Hà Nội,Friends,2018
448832,Đà Nẵng,Boyfriend / Girlfriend,2018
448832,Đà Nẵng,Friends,2018
448832,Đà Nẵng,Colleagues / Business partner,2018
448833,Hà Nội,Family,2018
448833,Hà Nội,Friends,2018
448845,Đà Nẵng,Family,2018
448859,Hồ Chí Minh,Family,2018
448859,Hồ Chí Minh,Friends,2018
448895,Hà Nội,Friends,2018
448896,Hà Nội,Family,2018
448896,Hà Nội,Friends,2018
448897,Hà Nội,Friends,2018
448898,Hồ Chí Minh,Friends,2018
448898,Hồ Chí Minh,Colleagues / Business partner,2018
448898,Hồ Chí Minh,Boyfriend / Girlfriend,2018
448899,Hà Nội,Family,2018
448899,Hà Nội,Colleagues / Business partner,2018
448902,Hà Nội,Friends,2018
448902,Hà Nội,Family,2018
448908,Hà Nội,Friends,2018
448908,Hà Nội,Boyfriend / Girlfriend,2018
448915,Nha Trang,Friends,2018
448920,Đà Nẵng,Alone,2018
448924,Hà Nội,Friends,2018
448924,Hà Nội,Boyfriend / Girlfriend,2018
448930,Hà Nội,Family,2018
448930,Hà Nội,Friends,2018
448940,Hà Nội,Colleagues / Business partner,2018
448940,Hà Nội,Friends,2018
448946,Hồ Chí Minh,Friends,2018
448955,Hà Nội,Family,2018
448955,Hà Nội,Friends,2018
448961,Đà Nẵng,Friends,2018
448964,Hà Nội,Family,2018
448964,Hà Nội,Friends,2018
448966,Hồ Chí Minh,Family,2018
448966,Hồ Chí Minh,Friends,2018
448968,Hà Nội,Family,2018
448972,Hồ Chí Minh,Friends,2018
448973,Nha Trang,Family,2018
448973,Nha Trang,Friends,2018
448984,Hà Nội,Friends,2018
448986,Hà Nội,Friends,2018
448989,Hà Nội,Alone,2018
448994,Hà Nội,Colleagues / Business partner,2018
448994,Hà Nội,Boyfriend / Girlfriend,2018
448994,Hà Nội,Friends,2018
449000,Đà Nẵng,Alone,2018
449001,Hồ Chí Minh,Family,2018
449009,Hà Nội,Family,2018
449009,Hà Nội,Friends,2018
449018,Hà Nội,Family,2018
449018,Hà Nội,Others,2018
449019,Hà Nội,Friends,2018
449026,Hồ Chí Minh,Friends,2018
449026,Hồ Chí Minh,Boyfriend / Girlfriend,2018
449031,Hồ Chí Minh,Friends,2018
449031,Hồ Chí Minh,Boyfriend / Girlfriend,2018
449032,Hồ Chí Minh,Friends,2018
449032,Hồ Chí Minh,Family,2018
449034,Hà Nội,Family,2018
449034,Hà Nội,Friends,2018
449036,Nha Trang,Friends,2018
449037,Hồ Chí Minh,Family,2018
449038,Hà Nội,Colleagues / Business partner,2018
449038,Hà Nội,Friends,2018
449059,Hồ Chí Minh,Family,2018
449059,Hồ Chí Minh,Friends,2018
449061,Hồ Chí Minh,Friends,2018
449067,Hồ Chí Minh,Friends,2018
449090,Nha Trang,Friends,2018
449092,Nha Trang,Friends,2018
449103,Đà Nẵng,Friends,2018
449119,Hà Nội,Friends,2018
449119,Hà Nội,Family,2018
449127,Nha Trang,Family,2018
449133,Nha Trang,Friends,2018
449137,Nha Trang,Friends,2018
449143,Đà Nẵng,Alone,2018
449156,Đà Nẵng,Family,2018
449249,Hà Nội,Family,2018
449249,Hà Nội,Friends,2018
449249,Hà Nội,Colleagues / Business partner,2018
449259,Đà Nẵng,Family,2018
449259,Đà Nẵng,Friends,2018
449270,Hà Nội,Colleagues / Business partner,2018
449276,Hà Nội,Friends,2018
449279,Hà Nội,Friends,2018
449311,Hồ Chí Minh,Friends,2018
449311,Hồ Chí Minh,Family,2018
449328,Hồ Chí Minh,Friends,2018
449340,Hà Nội,Family,2018
449340,Hà Nội,Colleagues / Business partner,2018
449340,Hà Nội,Friends,2018
449355,Hà Nội,Friends,2018
449355,Hà Nội,Family,2018
449421,Đà Nẵng,Alone,2018
449421,Đà Nẵng,Friends,2018
449424,Nha Trang,Colleagues / Business partner,2018
449424,Nha Trang,Friends,2018
449428,Hà Nội,Friends,2018
449429,Hà Nội,Family,2018
449429,Hà Nội,Friends,2018
449430,Hồ Chí Minh,Friends,2018
449430,Hồ Chí Minh,Boyfriend / Girlfriend,2018
449459,Hồ Chí Minh,Alone,2018
449469,Hồ Chí Minh,Friends,2018
449470,Hồ Chí Minh,Friends,2018
449471,Hồ Chí Minh,Friends,2018
449472,Hồ Chí Minh,Friends,2018
449473,Hồ Chí Minh,Friends,2018
449474,Hồ Chí Minh,Friends,2018
449475,Hồ Chí Minh,Family,2018
449477,Hồ Chí Minh,Friends,2018
449498,Hải Phòng,Colleagues / Business partner,2018
449498,Hải Phòng,Friends,2018
449499,Hải Phòng,Friends,2018
449500,Hải Phòng,Colleagues / Business partner,2018
449500,Hải Phòng,Friends,2018
449501,Hải Phòng,Friends,2018
449502,Hải Phòng,Colleagues / Business partner,2018
449502,Hải Phòng,Friends,2018
449503,Hải Phòng,Friends,2018
449504,Hải Phòng,Family,2018
449505,Hải Phòng,Friends,2018
449515,Nha Trang,Colleagues / Business partner,2018
449515,Nha Trang,Friends,2018
449520,Nha Trang,Colleagues / Business partner,2018
449520,Nha Trang,Friends,2018
449533,Hà Nội,Friends,2018
449533,Hà Nội,Colleagues / Business partner,2018
449535,Hà Nội,Colleagues / Business partner,2018
449535,Hà Nội,Family,2018
449535,Hà Nội,Friends,2018
449556,Đà Nẵng,Friends,2018
449566,Hà Nội,Family,2018
449566,Hà Nội,Friends,2018
449566,Hà Nội,Colleagues / Business partner,2018
449582,Nha Trang,Friends,2018
449582,Nha Trang,Colleagues / Business partner,2018
449584,Nha Trang,Colleagues / Business partner,2018
449584,Nha Trang,Family,2018
449584,Nha Trang,Friends,2018
449587,Đà Nẵng,Family,2018
449587,Đà Nẵng,Friends,2018
449622,Hồ Chí Minh,Family,2018
449627,Đà Nẵng,Friends,2018
449640,Đà Nẵng,Family,2018
449653,Nha Trang,Family,2018
449653,Nha Trang,Friends,2018
449653,Nha Trang,Colleagues / Business partner,2018
449668,Đà Nẵng,Friends,2018
449668,Đà Nẵng,Alone,2018
449668,Đà Nẵng,Colleagues / Business partner,2018
449681,Hà Nội,Colleagues / Business partner,2018
449681,Hà Nội,Friends,2018
449682,Hà Nội,Friends,2018
449719,Hà Nội,Friends,2018
449727,Hà Nội,Family,2018
449727,Hà Nội,Friends,2018
449734,Đà Nẵng,Family,2018
449746,Đà Nẵng,Family,2018
449776,Nha Trang,Family,2018
449777,Nha Trang,Friends,2018
449777,Nha Trang,Family,2018
449796,Đà Nẵng,Colleagues / Business partner,2018
449796,Đà Nẵng,Friends,2018
449797,Đà Nẵng,Colleagues / Business partner,2018
449797,Đà Nẵng,Friends,2018
449797,Đà Nẵng,Family,2018
449822,Hà Nội,Friends,2018
449822,Hà Nội,Colleagues / Business partner,2018
449830,Hà Nội,Friends,2018
449840,Đà Nẵng,Friends,2018
449869,Đà Nẵng,Family,2018
449869,Đà Nẵng,Friends,2018
449889,Nha Trang,Friends,2018
449895,Nha Trang,Friends,2018
449895,Nha Trang,Family,2018
449897,Nha Trang,Friends,2018
449904,Hồ Chí Minh,Boyfriend / Girlfriend,2018
449904,Hồ Chí Minh,Friends,2018
449969,Hà Nội,Friends,2018
449987,Hà Nội,Friends,2018
449992,Hải Phòng,Friends,2018
449993,Hải Phòng,Colleagues / Business partner,2018
449993,Hải Phòng,Friends,2018
449994,Hải Phòng,Friends,2018
449995,Hải Phòng,Friends,2018
449995,Hải Phòng,Colleagues / Business partner,2018
449996,Hải Phòng,Colleagues / Business partner,2018
449996,Hải Phòng,Friends,2018
449997,Hải Phòng,Friends,2018
450014,Nha Trang,Friends,2018
450041,Hồ Chí Minh,Friends,2018
450050,Đà Nẵng,Family,2018
450050,Đà Nẵng,Friends,2018
450050,Đà Nẵng,Colleagues / Business partner,2018
450075,Hà Nội,Friends,2018
450075,Hà Nội,Family,2018
450100,Nha Trang,Friends,2018
450100,Nha Trang,Family,2018
450107,Đà Nẵng,Friends,2018
450119,Hà Nội,Friends,2018
450119,Hà Nội,Family,2018
450119,Hà Nội,Colleagues / Business partner,2018
450130,Hà Nội,Family,2018
450130,Hà Nội,Friends,2018
450135,Hà Nội,Friends,2018
450152,Đà Nẵng,Friends,2018
450155,Đà Nẵng,Friends,2018
450155,Đà Nẵng,Colleagues / Business partner,2018
450155,Đà Nẵng,Alone,2018
450155,Đà Nẵng,Family,2018
450157,Đà Nẵng,Alone,2018
450157,Đà Nẵng,Friends,2018
450158,Nha Trang,Friends,2018
450168,Nha Trang,Friends,2018
450170,Đà Nẵng,Colleagues / Business partner,2018
450170,Đà Nẵng,Friends,2018
450171,Hồ Chí Minh,Alone,2018
450192,Đà Nẵng,Colleagues / Business partner,2018
450201,Đà Nẵng,Alone,2018
450201,Đà Nẵng,Friends,2018
450217,Nha Trang,Boyfriend / Girlfriend,2018
450217,Nha Trang,Friends,2018
450247,Đà Nẵng,Friends,2018
450252,Nha Trang,Friends,2018
450252,Nha Trang,Colleagues / Business partner,2018
450259,Nha Trang,Friends,2018
450263,Đà Nẵng,Friends,2018
450311,Nha Trang,Friends,2018
450342,Nha Trang,Family,2018
450342,Nha Trang,Friends,2018
450342,Nha Trang,Colleagues / Business partner,2018
450377,Nha Trang,Colleagues / Business partner,2018
450377,Nha Trang,Friends,2018
450379,Nha Trang,Family,2018
450399,Nha Trang,Family,2018
450399,Nha Trang,Friends,2018
450427,Đà Nẵng,Family,2018
450427,Đà Nẵng,Boyfriend / Girlfriend,2018
450427,Đà Nẵng,Friends,2018
450460,Hồ Chí Minh,Friends,2018
450499,Nha Trang,Friends,2018
450529,Đà Nẵng,Family,2018
450529,Đà Nẵng,Friends,2018
450663,Đà Nẵng,Family,2018
450675,Đà Nẵng,Friends,2018
450692,Nha Trang,Family,2018
450698,Hồ Chí Minh,Friends,2018
450698,Hồ Chí Minh,Family,2018
450751,Nha Trang,Friends,2018
450753,Nha Trang,Friends,2018
450753,Nha Trang,Colleagues / Business partner,2018
450758,Đà Nẵng,Friends,2018
450796,Hà Nội,Family,2018
450796,Hà Nội,Friends,2018
450797,Hà Nội,Friends,2018
450797,Hà Nội,Family,2018
450797,Hà Nội,Colleagues / Business partner,2018
450798,Hà Nội,Friends,2018
450798,Hà Nội,Colleagues / Business partner,2018
450804,Hà Nội,Family,2018
450805,Hà Nội,Colleagues / Business partner,2018
450805,Hà Nội,Family,2018
450806,Hà Nội,Friends,2018
450807,Hà Nội,Colleagues / Business partner,2018
450807,Hà Nội,Friends,2018
450808,Hà Nội,Friends,2018
450808,Hà Nội,Colleagues / Business partner,2018
450809,Hà Nội,Friends,2018
450810,Hà Nội,Colleagues / Business partner,2018
450810,Hà Nội,Friends,2018
450811,Hà Nội,Friends,2018
450812,Hà Nội,Colleagues / Business partner,2018
450812,Hà Nội,Boyfriend / Girlfriend,2018
450812,Hà Nội,Friends,2018
450818,Hải Phòng,Friends,2018
450819,Hải Phòng,Friends,2018
450828,Hải Phòng,Family,2018
450828,Hải Phòng,Friends,2018
450829,Hải Phòng,Friends,2018
450830,Hải Phòng,Friends,2018
450832,Hải Phòng,Friends,2018
450832,Hải Phòng,Family,2018
450833,Hải Phòng,Friends,2018
450834,Hải Phòng,Boyfriend / Girlfriend,2018
450834,Hải Phòng,Friends,2018
450835,Đà Nẵng,Friends,2018
450835,Đà Nẵng,Colleagues / Business partner,2018
450869,Đà Nẵng,Alone,2018
450873,Đà Nẵng,Friends,2018
450932,Đà Nẵng,Alone,2018
450932,Đà Nẵng,Friends,2018
450932,Đà Nẵng,Family,2018
450968,Hà Nội,Friends,2018
450968,Hà Nội,Family,2018
450969,Hà Nội,Family,2018
450969,Hà Nội,Friends,2018
450970,Hà Nội,Friends,2018
450970,Hà Nội,Colleagues / Business partner,2018
450971,Hà Nội,Friends,2018
450971,Hà Nội,Colleagues / Business partner,2018
450972,Hà Nội,Friends,2018
450973,Hà Nội,Friends,2018
450973,Hà Nội,Family,2018
450990,Nha Trang,Friends,2018
451008,Hà Nội,Colleagues / Business partner,2018
451008,Hà Nội,Friends,2018
451010,Đà Nẵng,Friends,2018
451026,Nha Trang,Friends,2018
451044,Hà Nội,Friends,2018
451044,Hà Nội,Family,2018
451071,Hồ Chí Minh,Friends,2018
451074,Đà Nẵng,Friends,2018
451074,Đà Nẵng,Family,2018
451085,Nha Trang,Friends,2018
451085,Nha Trang,Colleagues / Business partner,2018
451087,Đà Nẵng,Friends,2018
451087,Đà Nẵng,Family,2018
451098,Đà Nẵng,Friends,2018
451098,Đà Nẵng,Family,2018
451105,Đà Nẵng,Friends,2018
451135,Hồ Chí Minh,Family,2018
451143,Nha Trang,Friends,2018
451143,Nha Trang,Family,2018
451147,Hà Nội,Colleagues / Business partner,2018
451174,Đà Nẵng,Family,2018
451174,Đà Nẵng,Friends,2018
451218,Hồ Chí Minh,Colleagues / Business partner,2018
451218,Hồ Chí Minh,Friends,2018
451221,Nha Trang,Friends,2018
451223,Nha Trang,Friends,2018
451235,Đà Nẵng,Family,2018
451240,Hồ Chí Minh,Alone,2018
451240,Hồ Chí Minh,Colleagues / Business partner,2018
451250,Đà Nẵng,Friends,2018
451250,Đà Nẵng,Colleagues / Business partner,2018
451250,Đà Nẵng,Alone,2018
451273,Đà Nẵng,Friends,2018
451332,Hà Nội,Colleagues / Business partner,2018
451340,Hồ Chí Minh,Friends,2018
451343,Nha Trang,Friends,2018
451343,Nha Trang,Family,2018
451350,Nha Trang,Friends,2018
451351,Nha Trang,Friends,2018
451351,Nha Trang,Family,2018
451355,Đà Nẵng,Family,2018
451356,Hồ Chí Minh,Friends,2018
451358,Đà Nẵng,Colleagues / Business partner,2018
451358,Đà Nẵng,Family,2018
451358,Đà Nẵng,Friends,2018
451359,Đà Nẵng,Friends,2018
451360,Hồ Chí Minh,Boyfriend / Girlfriend,2018
451360,Hồ Chí Minh,Friends,2018
451364,Nha Trang,Friends,2018
451374,Nha Trang,Friends,2018
451384,Nha Trang,Friends,2018
451384,Nha Trang,Family,2018
451389,Đà Nẵng,Friends,2018
451390,Hồ Chí Minh,Friends,2018
451391,Hồ Chí Minh,Friends,2018
451392,Hồ Chí Minh,Friends,2018
451393,Hồ Chí Minh,Friends,2018
451394,Hồ Chí Minh,Friends,2018
451395,Hồ Chí Minh,Friends,2018
451396,Hồ Chí Minh,Friends,2018
451397,Hồ Chí Minh,Friends,2018
451398,Hồ Chí Minh,Friends,2018
451399,Hồ Chí Minh,Boyfriend / Girlfriend,2018
451399,Hồ Chí Minh,Friends,2018
451409,Hà Nội,Family,2018
451409,Hà Nội,Colleagues / Business partner,2018
451409,Hà Nội,Friends,2018
451410,Hà Nội,Friends,2018
451411,Hà Nội,Friends,2018
451411,Hà Nội,Family,2018
451412,Hà Nội,Family,2018
451412,Hà Nội,Friends,2018
451413,Hà Nội,Friends,2018
451413,Hà Nội,Family,2018
451420,Hà Nội,Friends,2018
451420,Hà Nội,Family,2018
451421,Hà Nội,Friends,2018
451422,Hà Nội,Family,2018
451422,Hà Nội,Friends,2018
451423,Hà Nội,Friends,2018
451424,Hà Nội,Friends,2018
451424,Hà Nội,Family,2018
451426,Hồ Chí Minh,Alone,2018
451426,Hồ Chí Minh,Boyfriend / Girlfriend,2018
451426,Hồ Chí Minh,Colleagues / Business partner,2018
451431,Đà Nẵng,Alone,2018
451431,Đà Nẵng,Family,2018
451438,Hà Nội,Family,2018
451438,Hà Nội,Friends,2018
451440,Nha Trang,Friends,2018
451440,Nha Trang,Colleagues / Business partner,2018
451450,Hồ Chí Minh,Friends,2018
451450,Hồ Chí Minh,Boyfriend / Girlfriend,2018
451451,Hồ Chí Minh,Friends,2018
451454,Đà Nẵng,Friends,2018
451455,Đà Nẵng,Family,2018
451455,Đà Nẵng,Friends,2018
451456,Đà Nẵng,Friends,2018
451456,Đà Nẵng,Family,2018
451461,Hồ Chí Minh,Friends,2018
451462,Hồ Chí Minh,Friends,2018
451475,Hồ Chí Minh,Family,2018
451475,Hồ Chí Minh,Friends,2018
451483,Hồ Chí Minh,Friends,2018
451483,Hồ Chí Minh,Boyfriend / Girlfriend,2018
451484,Đà Nẵng,Friends,2018
451484,Đà Nẵng,Colleagues / Business partner,2018
451486,Nha Trang,Friends,2018
451486,Nha Trang,Family,2018
451487,Nha Trang,Family,2018
451494,Đà Nẵng,Friends,2018
451504,Hồ Chí Minh,Colleagues / Business partner,2018
451512,Đà Nẵng,Friends,2018
451512,Đà Nẵng,Family,2018
451513,Hồ Chí Minh,Friends,2018
451523,Nha Trang,Friends,2018
451524,Hồ Chí Minh,Boyfriend / Girlfriend,2018
451530,Đà Nẵng,Family,2018
451530,Đà Nẵng,Friends,2018
451539,Đà Nẵng,Friends,2018
451540,Nha Trang,Friends,2018
451546,Nha Trang,Family,2018
451548,Hồ Chí Minh,Friends,2018
451548,Hồ Chí Minh,Colleagues / Business partner,2018
451568,Hồ Chí Minh,Family,2018
451568,Hồ Chí Minh,Friends,2018
451569,Hồ Chí Minh,Colleagues / Business partner,2018
451569,Hồ Chí Minh,Friends,2018
451570,Hồ Chí Minh,Family,2018
451570,Hồ Chí Minh,Colleagues / Business partner,2018
451570,Hồ Chí Minh,Friends,2018
451571,Hồ Chí Minh,Alone,2018
451571,Hồ Chí Minh,Colleagues / Business partner,2018
451571,Hồ Chí Minh,Friends,2018
451578,Nha Trang,Friends,2018
451578,Nha Trang,Colleagues / Business partner,2018
451591,Hà Nội,Friends,2018
451591,Hà Nội,Family,2018
451600,Đà Nẵng,Friends,2018
451600,Đà Nẵng,Family,2018
451606,Nha Trang,Colleagues / Business partner,2018
451606,Nha Trang,Friends,2018
451623,Hồ Chí Minh,Colleagues / Business partner,2018
451623,Hồ Chí Minh,Friends,2018
451624,Hồ Chí Minh,Friends,2018
451627,Hồ Chí Minh,Friends,2018
451628,Hồ Chí Minh,Friends,2018
451629,Hồ Chí Minh,Friends,2018
451629,Hồ Chí Minh,Colleagues / Business partner,2018
451693,Đà Nẵng,Family,2018
451693,Đà Nẵng,Friends,2018
451695,Hồ Chí Minh,Friends,2018
451701,Đà Nẵng,Friends,2018
451715,Đà Nẵng,Friends,2018
451715,Đà Nẵng,Family,2018
451718,Đà Nẵng,Family,2018
451718,Đà Nẵng,Friends,2018
451749,Đà Nẵng,Family,2018
451750,Đà Nẵng,Family,2018
451750,Đà Nẵng,Friends,2018
451764,Đà Nẵng,Colleagues / Business partner,2018
451764,Đà Nẵng,Friends,2018
451775,Hồ Chí Minh,Family,2018
451815,Hồ Chí Minh,Friends,2018
451815,Hồ Chí Minh,Family,2018
451839,Hồ Chí Minh,Friends,2018
451840,Hồ Chí Minh,Friends,2018
451841,Hồ Chí Minh,Friends,2018
451842,Hồ Chí Minh,Family,2018
451842,Hồ Chí Minh,Friends,2018
451843,Hồ Chí Minh,Friends,2018
451845,Hồ Chí Minh,Friends,2018
451846,Hồ Chí Minh,Boyfriend / Girlfriend,2018
451846,Hồ Chí Minh,Friends,2018
451847,Hà Nội,Friends,2018
451847,Hà Nội,Colleagues / Business partner,2018
451848,Hà Nội,Family,2018
451848,Hà Nội,Friends,2018
451849,Hà Nội,Friends,2018
451849,Hà Nội,Family,2018
451850,Hà Nội,Family,2018
451850,Hà Nội,Friends,2018
451851,Hà Nội,Colleagues / Business partner,2018
451851,Hà Nội,Family,2018
451851,Hà Nội,Friends,2018
451852,Hà Nội,Friends,2018
451852,Hà Nội,Family,2018
451853,Hà Nội,Friends,2018
451855,Hà Nội,Boyfriend / Girlfriend,2018
451855,Hà Nội,Friends,2018
451856,Hà Nội,Others,2018
451856,Hà Nội,Friends,2018
451857,Hà Nội,Friends,2018
451857,Hà Nội,Boyfriend / Girlfriend,2018
451858,Hồ Chí Minh,Friends,2018
451858,Hồ Chí Minh,Family,2018
451859,Hồ Chí Minh,Colleagues / Business partner,2018
451859,Hồ Chí Minh,Family,2018
451860,Hồ Chí Minh,Friends,2018
451861,Hồ Chí Minh,Friends,2018
451862,Hồ Chí Minh,Friends,2018
451863,Hồ Chí Minh,Friends,2018
451870,Hà Nội,Friends,2018
451871,Hà Nội,Friends,2018
451871,Hà Nội,Family,2018
451872,Hà Nội,Boyfriend / Girlfriend,2018
451872,Hà Nội,Friends,2018
451873,Hà Nội,Family,2018
451873,Hà Nội,Friends,2018
451874,Hà Nội,Colleagues / Business partner,2018
451874,Hà Nội,Family,2018
451875,Hà Nội,Friends,2018
451875,Hà Nội,Family,2018
451876,Hà Nội,Colleagues / Business partner,2018
451876,Hà Nội,Friends,2018
451877,Hà Nội,Family,2018
451878,Hà Nội,Colleagues / Business partner,2018
451878,Hà Nội,Family,2018
451879,Hà Nội,Family,2018
451879,Hà Nội,Friends,2018
451880,Hà Nội,Colleagues / Business partner,2018
451880,Hà Nội,Friends,2018
451881,Hà Nội,Boyfriend / Girlfriend,2018
451888,Hà Nội,Family,2018
451888,Hà Nội,Friends,2018
451889,Hà Nội,Friends,2018
451889,Hà Nội,Family,2018
451890,Hà Nội,Friends,2018
451891,Hà Nội,Family,2018
451892,Hà Nội,Family,2018
451893,Hà Nội,Family,2018
451893,Hà Nội,Friends,2018
451894,Hà Nội,Friends,2018
451895,Hồ Chí Minh,Friends,2018
451895,Hồ Chí Minh,Family,2018
451896,Hồ Chí Minh,Friends,2018
451897,Hồ Chí Minh,Family,2018
451898,Hồ Chí Minh,Colleagues / Business partner,2018
451898,Hồ Chí Minh,Family,2018
451898,Hồ Chí Minh,Friends,2018
451899,Hà Nội,Friends,2018
451900,Hà Nội,Friends,2018
451901,Hà Nội,Colleagues / Business partner,2018
451901,Hà Nội,Family,2018
451901,Hà Nội,Friends,2018
451902,Hà Nội,Friends,2018
451903,Hà Nội,Friends,2018
451904,Hà Nội,Friends,2018
451905,Hà Nội,Friends,2018
451906,Hà Nội,Family,2018
451906,Hà Nội,Friends,2018
451907,Hà Nội,Friends,2018
451907,Hà Nội,Family,2018
451908,Hà Nội,Friends,2018
451909,Hà Nội,Colleagues / Business partner,2018
451909,Hà Nội,Family,2018
451910,Hà Nội,Colleagues / Business partner,2018
451910,Hà Nội,Family,2018
451911,Hà Nội,Friends,2018
451912,Hà Nội,Family,2018
451912,Hà Nội,Friends,2018
451913,Hà Nội,Friends,2018
451914,Hà Nội,Friends,2018
451914,Hà Nội,Family,2018
451916,Hồ Chí Minh,Family,2018
451918,Hồ Chí Minh,Family,2018
451935,Hải Phòng,Colleagues / Business partner,2018
451936,Hải Phòng,Family,2018
451936,Hải Phòng,Friends,2018
451937,Hải Phòng,Colleagues / Business partner,2018
451938,Hải Phòng,Colleagues / Business partner,2018
451939,Hà Nội,Family,2018
451941,Hà Nội,Family,2018
451941,Hà Nội,Friends,2018
451979,Hồ Chí Minh,Friends,2018
451999,Hải Phòng,Friends,2018
451999,Hải Phòng,Family,2018
452000,Hải Phòng,Friends,2018
452000,Hải Phòng,Family,2018
452001,Hải Phòng,Family,2018
452001,Hải Phòng,Friends,2018
452002,Hải Phòng,Friends,2018
452009,Hà Nội,Friends,2018
452012,Hà Nội,Family,2018
452014,Nha Trang,Friends,2018
452038,Hồ Chí Minh,Family,2018
452038,Hồ Chí Minh,Friends,2018
452038,Hồ Chí Minh,Alone,2018
452039,Hồ Chí Minh,Family,2018
452039,Hồ Chí Minh,Friends,2018
452047,Nha Trang,Friends,2018
452079,Hồ Chí Minh,Family,2018
452079,Hồ Chí Minh,Friends,2018
452087,Hồ Chí Minh,Friends,2018
452087,Hồ Chí Minh,Colleagues / Business partner,2018
452095,Hà Nội,Colleagues / Business partner,2018
452095,Hà Nội,Family,2018
452098,Hà Nội,Friends,2018
452099,Đà Nẵng,Friends,2018
452108,Đà Nẵng,Friends,2018
452125,Hà Nội,Friends,2018
452125,Hà Nội,Colleagues / Business partner,2018
452134,Hà Nội,Friends,2018
452162,Hồ Chí Minh,Friends,2018
452162,Hồ Chí Minh,Family,2018
452199,Hà Nội,Friends,2018
452225,Hà Nội,Family,2018
452225,Hà Nội,Friends,2018
452235,Hồ Chí Minh,Boyfriend / Girlfriend,2018
452235,Hồ Chí Minh,Friends,2018
452239,Đà Nẵng,Friends,2018
452239,Đà Nẵng,Colleagues / Business partner,2018
452239,Đà Nẵng,Family,2018
452258,Hồ Chí Minh,Friends,2018
452268,Đà Nẵng,Colleagues / Business partner,2018
452268,Đà Nẵng,Friends,2018
452276,Đà Nẵng,Family,2018
452276,Đà Nẵng,Friends,2018
452277,Hồ Chí Minh,Friends,2018
452299,Đà Nẵng,Family,2018
452302,Hà Nội,Family,2018
452304,Hà Nội,Friends,2018
452306,Hà Nội,Friends,2018
452317,Hồ Chí Minh,Colleagues / Business partner,2018
452319,Đà Nẵng,Colleagues / Business partner,2018
452332,Hà Nội,Friends,2018
452332,Hà Nội,Family,2018
452339,Hồ Chí Minh,Friends,2018
452351,Hồ Chí Minh,Colleagues / Business partner,2018
452351,Hồ Chí Minh,Friends,2018
452353,Đà Nẵng,Friends,2018
452353,Đà Nẵng,Family,2018
452355,Đà Nẵng,Family,2018
452356,Hà Nội,Friends,2018
452356,Hà Nội,Family,2018
452375,Hà Nội,Family,2018
452375,Hà Nội,Friends,2018
452378,Hồ Chí Minh,Friends,2018
452379,Đà Nẵng,Friends,2018
452396,Nha Trang,Friends,2018
452400,Hà Nội,Friends,2018
452400,Hà Nội,Family,2018
452402,Hồ Chí Minh,Alone,2018
452402,Hồ Chí Minh,Friends,2018
452404,Hồ Chí Minh,Friends,2018
452411,Đà Nẵng,Colleagues / Business partner,2018
452411,Đà Nẵng,Friends,2018
452411,Đà Nẵng,Boyfriend / Girlfriend,2018
452419,Nha Trang,Friends,2018
452419,Nha Trang,Family,2018
452419,Nha Trang,Colleagues / Business partner,2018
452436,Đà Nẵng,Alone,2018
452437,Hà Nội,Friends,2018
452453,Hà Nội,Friends,2018
452471,Hồ Chí Minh,Boyfriend / Girlfriend,2018
452487,Đà Nẵng,Friends,2018
452488,Đà Nẵng,Family,2018
452488,Đà Nẵng,Colleagues / Business partner,2018
452488,Đà Nẵng,Friends,2018
452507,Hồ Chí Minh,Friends,2018
452510,Hồ Chí Minh,Friends,2018
452510,Hồ Chí Minh,Colleagues / Business partner,2018
452516,Hà Nội,Friends,2018
452517,Hà Nội,Friends,2018
452522,Hà Nội,Boyfriend / Girlfriend,2018
452522,Hà Nội,Family,2018
452523,Hà Nội,Friends,2018
452523,Hà Nội,Boyfriend / Girlfriend,2018
452527,Nha Trang,Colleagues / Business partner,2018
452527,Nha Trang,Friends,2018
452528,Đà Nẵng,Friends,2018
452529,Nha Trang,Friends,2018
452529,Nha Trang,Colleagues / Business partner,2018
452530,Hồ Chí Minh,Boyfriend / Girlfriend,2018
452532,Hà Nội,Friends,2018
452532,Hà Nội,Family,2018
452533,Đà Nẵng,Family,2018
452533,Đà Nẵng,Alone,2018
452533,Đà Nẵng,Friends,2018
452535,Nha Trang,Friends,2018
452535,Nha Trang,Family,2018
452541,Hà Nội,Family,2018
452560,Hà Nội,Family,2018
452561,Hà Nội,Friends,2018
452569,Nha Trang,Friends,2018
452569,Nha Trang,Family,2018
452572,Nha Trang,Family,2018
452577,Hà Nội,Friends,2018
452577,Hà Nội,Family,2018
452586,Hà Nội,Family,2018
452586,Hà Nội,Friends,2018
452588,Hồ Chí Minh,Family,2018
452588,Hồ Chí Minh,Friends,2018
452589,Hồ Chí Minh,Friends,2018
452589,Hồ Chí Minh,Family,2018
452595,Hà Nội,Friends,2018
452595,Hà Nội,Colleagues / Business partner,2018
452608,Đà Nẵng,Alone,2018
452608,Đà Nẵng,Colleagues / Business partner,2018
452608,Đà Nẵng,Friends,2018
452611,Đà Nẵng,Friends,2018
452611,Đà Nẵng,Alone,2018
452611,Đà Nẵng,Colleagues / Business partner,2018
452616,Hà Nội,Friends,2018
452625,Hà Nội,Friends,2018
452632,Hà Nội,Friends,2018
452635,Hà Nội,Friends,2018
452635,Hà Nội,Colleagues / Business partner,2018
452635,Hà Nội,Family,2018
452636,Hồ Chí Minh,Colleagues / Business partner,2018
452636,Hồ Chí Minh,Friends,2018
452644,Hồ Chí Minh,Friends,2018
452644,Hồ Chí Minh,Boyfriend / Girlfriend,2018
452647,Nha Trang,Family,2018
452647,Nha Trang,Friends,2018
452648,Đà Nẵng,Colleagues / Business partner,2018
452648,Đà Nẵng,Family,2018
452648,Đà Nẵng,Friends,2018
452650,Hồ Chí Minh,Colleagues / Business partner,2018
452650,Hồ Chí Minh,Friends,2018
452658,Hà Nội,Friends,2018
452675,Nha Trang,Friends,2018
452700,Hồ Chí Minh,Friends,2018
452700,Hồ Chí Minh,Family,2018
452707,Hà Nội,Friends,2018
452707,Hà Nội,Family,2018
452707,Hà Nội,Colleagues / Business partner,2018
452709,Nha Trang,Friends,2018
452721,Nha Trang,Friends,2018
452721,Nha Trang,Family,2018
452721,Nha Trang,Boyfriend / Girlfriend,2018
452745,Hồ Chí Minh,Family,2018
452747,Hà Nội,Family,2018
452747,Hà Nội,Friends,2018
452749,Hà Nội,Friends,2018
452749,Hà Nội,Family,2018
452757,Hồ Chí Minh,Friends,2018
452757,Hồ Chí Minh,Colleagues / Business partner,2018
452761,Hà Nội,Colleagues / Business partner,2018
452761,Hà Nội,Friends,2018
452767,Hà Nội,Friends,2018
452767,Hà Nội,Colleagues / Business partner,2018
452767,Hà Nội,Family,2018
452809,Nha Trang,Friends,2018
452809,Nha Trang,Colleagues / Business partner,2018
452831,Hồ Chí Minh,Friends,2018
452831,Hồ Chí Minh,Boyfriend / Girlfriend,2018
452848,Hà Nội,Friends,2018
452848,Hà Nội,Colleagues / Business partner,2018
452880,Hồ Chí Minh,Colleagues / Business partner,2018
452880,Hồ Chí Minh,Family,2018
452922,Hà Nội,Friends,2018
452922,Hà Nội,Family,2018
452926,Hồ Chí Minh,Colleagues / Business partner,2018
452926,Hồ Chí Minh,Family,2018
452926,Hồ Chí Minh,Friends,2018
452931,Đà Nẵng,Friends,2018
452931,Đà Nẵng,Alone,2018
452942,Hồ Chí Minh,Colleagues / Business partner,2018
452949,Hồ Chí Minh,Friends,2018
452984,Đà Nẵng,Friends,2018
452984,Đà Nẵng,Boyfriend / Girlfriend,2018
452990,Hà Nội,Colleagues / Business partner,2018
452990,Hà Nội,Friends,2018
452993,Hà Nội,Family,2018
453023,Hà Nội,Friends,2018
453023,Hà Nội,Family,2018
453024,Hà Nội,Friends,2018
453082,Hồ Chí Minh,Family,2018
453083,Hồ Chí Minh,Friends,2018
453084,Hồ Chí Minh,Friends,2018
453085,Hồ Chí Minh,Family,2018
453086,Hồ Chí Minh,Family,2018
453087,Hồ Chí Minh,Friends,2018
453119,Nha Trang,Friends,2018
453120,Nha Trang,Family,2018
453148,Nha Trang,Friends,2018
453148,Nha Trang,Family,2018
453151,Nha Trang,Family,2018
453151,Nha Trang,Friends,2018
453176,Nha Trang,Family,2018
453176,Nha Trang,Friends,2018
453196,Nha Trang,Friends,2018
453196,Nha Trang,Family,2018
453196,Nha Trang,Colleagues / Business partner,2018
453250,Nha Trang,Friends,2018
453267,Hà Nội,Friends,2018
453267,Hà Nội,Family,2018
453276,Nha Trang,Friends,2018
453276,Nha Trang,Boyfriend / Girlfriend,2018
453283,Nha Trang,Colleagues / Business partner,2018
453283,Nha Trang,Friends,2018
453285,Hà Nội,Friends,2018
453288,Nha Trang,Family,2018
453296,Đà Nẵng,Family,2018
453296,Đà Nẵng,Friends,2018
453299,Đà Nẵng,Friends,2018
453299,Đà Nẵng,Family,2018
453351,Hà Nội,Friends,2018
453374,Đà Nẵng,Family,2018
453374,Đà Nẵng,Friends,2018
453393,Đà Nẵng,Friends,2018
453399,Hà Nội,Friends,2018
453399,Hà Nội,Family,2018
453400,Hà Nội,Friends,2018
453404,Nha Trang,Family,2018
453404,Nha Trang,Friends,2018
453412,Hà Nội,Friends,2018
453413,Đà Nẵng,Alone,2018
453413,Đà Nẵng,Friends,2018
453415,Đà Nẵng,Friends,2018
453415,Đà Nẵng,Alone,2018
453418,Hà Nội,Family,2018
453418,Hà Nội,Friends,2018
453460,Hồ Chí Minh,Friends,2018
453460,Hồ Chí Minh,Family,2018
453460,Hồ Chí Minh,Colleagues / Business partner,2018
453461,Đà Nẵng,Boyfriend / Girlfriend,2018
453461,Đà Nẵng,Friends,2018
453489,Đà Nẵng,Colleagues / Business partner,2018
453489,Đà Nẵng,Friends,2018
453506,Hà Nội,Family,2018
453546,Nha Trang,Friends,2018
453550,Nha Trang,Friends,2018
453555,Hồ Chí Minh,Colleagues / Business partner,2018
453555,Hồ Chí Minh,Friends,2018
453561,Hồ Chí Minh,Friends,2018
453568,Hồ Chí Minh,Friends,2018
453571,Hà Nội,Friends,2018
453572,Hà Nội,Colleagues / Business partner,2018
453572,Hà Nội,Friends,2018
453573,Hà Nội,Friends,2018
453573,Hà Nội,Colleagues / Business partner,2018
453574,Hà Nội,Friends,2018
453576,Hà Nội,Friends,2018
453576,Hà Nội,Family,2018
453577,Hà Nội,Friends,2018
453578,Hà Nội,Friends,2018
453578,Hà Nội,Colleagues / Business partner,2018
453579,Hà Nội,Friends,2018
453579,Hà Nội,Colleagues / Business partner,2018
453598,Hồ Chí Minh,Family,2018
453598,Hồ Chí Minh,Friends,2018
453607,Đà Nẵng,Friends,2018
453615,Hà Nội,Friends,2018
453615,Hà Nội,Family,2018
453619,Đà Nẵng,Others,2018
453619,Đà Nẵng,Alone,2018
453621,Đà Nẵng,Friends,2018
453627,Đà Nẵng,Alone,2018
453627,Đà Nẵng,Friends,2018
453627,Đà Nẵng,Colleagues / Business partner,2018
453637,Cần Thơ,Colleagues / Business partner,2018
453637,Cần Thơ,Boyfriend / Girlfriend,2018
453637,Cần Thơ,Friends,2018
453650,Nha Trang,Friends,2018
453650,Nha Trang,Family,2018
453658,Đà Nẵng,Friends,2018
453658,Đà Nẵng,Alone,2018
453658,Đà Nẵng,Colleagues / Business partner,2018
453658,Đà Nẵng,Family,2018
453659,Hà Nội,Family,2018
453666,Đà Nẵng,Friends,2018
453684,Đà Nẵng,Alone,2018
453685,Hồ Chí Minh,Friends,2018
453686,Nha Trang,Family,2018
453686,Nha Trang,Friends,2018
453725,Đà Nẵng,Friends,2018
453726,Nha Trang,Alone,2018
453731,Hồ Chí Minh,Friends,2018
453737,Nha Trang,Boyfriend / Girlfriend,2018
453738,Hà Nội,Friends,2018
453739,Hà Nội,Family,2018
453739,Hà Nội,Friends,2018
453741,Hồ Chí Minh,Friends,2018
453741,Hồ Chí Minh,Family,2018
453741,Hồ Chí Minh,Colleagues / Business partner,2018
453754,Nha Trang,Friends,2018
453757,Hà Nội,Friends,2018
453757,Hà Nội,Colleagues / Business partner,2018
453758,Hồ Chí Minh,Friends,2018
453758,Hồ Chí Minh,Family,2018
453759,Hồ Chí Minh,Friends,2018
453760,Hồ Chí Minh,Friends,2018
453761,Hà Nội,Family,2018
453761,Hà Nội,Friends,2018
453764,Hồ Chí Minh,Friends,2018
453764,Hồ Chí Minh,Alone,2018
453779,Nha Trang,Friends,2018
453782,Đà Nẵng,Colleagues / Business partner,2018
453782,Đà Nẵng,Friends,2018
453783,Nha Trang,Friends,2018
453816,Nha Trang,Friends,2018
453828,Nha Trang,Family,2018
453843,Nha Trang,Colleagues / Business partner,2018
453846,Nha Trang,Friends,2018
453868,Hà Nội,Friends,2018
453884,Đà Nẵng,Friends,2018
453885,Nha Trang,Friends,2018
453885,Nha Trang,Family,2018
453896,Nha Trang,Friends,2018
453916,Nha Trang,Friends,2018
453936,Hà Nội,Colleagues / Business partner,2018
453936,Hà Nội,Friends,2018
453950,Hồ Chí Minh,Friends,2018
453950,Hồ Chí Minh,Family,2018
453991,Nha Trang,Family,2018
453991,Nha Trang,Friends,2018
453994,Hà Nội,Friends,2018
453996,Nha Trang,Friends,2018
454037,Hồ Chí Minh,Friends,2018
454079,Hà Nội,Friends,2018
454079,Hà Nội,Colleagues / Business partner,2018
454102,Hồ Chí Minh,Family,2018
454102,Hồ Chí Minh,Friends,2018
454114,Hồ Chí Minh,Family,2018
454114,Hồ Chí Minh,Friends,2018
454122,Đà Nẵng,Others,2018
454122,Đà Nẵng,Friends,2018
454149,Đà Nẵng,Alone,2018
454195,Đà Nẵng,Alone,2018
454195,Đà Nẵng,Friends,2018
454269,Hồ Chí Minh,Family,2018
454269,Hồ Chí Minh,Friends,2018
454273,Hồ Chí Minh,Family,2018
454274,Hồ Chí Minh,Colleagues / Business partner,2018
454275,Hồ Chí Minh,Friends,2018
454276,Hồ Chí Minh,Friends,2018
454288,Hồ Chí Minh,Family,2018
454292,Hồ Chí Minh,Friends,2018
454305,Nha Trang,Colleagues / Business partner,2018
454305,Nha Trang,Friends,2018
454308,Nha Trang,Friends,2018
454308,Nha Trang,Family,2018
454310,Nha Trang,Friends,2018
454310,Nha Trang,Colleagues / Business partner,2018
454331,Nha Trang,Colleagues / Business partner,2018
454331,Nha Trang,Family,2018
454331,Nha Trang,Friends,2018
454332,Hồ Chí Minh,Family,2018
454332,Hồ Chí Minh,Friends,2018
454333,Hồ Chí Minh,Family,2018
454334,Hồ Chí Minh,Family,2018
454336,Nha Trang,Colleagues / Business partner,2018
454336,Nha Trang,Friends,2018
454375,Hồ Chí Minh,Family,2018
454386,Nha Trang,Friends,2018
454422,Nha Trang,Friends,2018
454422,Nha Trang,Family,2018
454424,Hồ Chí Minh,Family,2018
454456,Nha Trang,Friends,2018
454456,Nha Trang,Family,2018
454506,Nha Trang,Friends,2018
454506,Nha Trang,Family,2018
454506,Nha Trang,Colleagues / Business partner,2018
454523,Nha Trang,Family,2018
454544,Hồ Chí Minh,Colleagues / Business partner,2018
454544,Hồ Chí Minh,Friends,2018
454567,Hà Nội,Colleagues / Business partner,2018
454579,Đà Nẵng,Friends,2018
454579,Đà Nẵng,Family,2018
454584,Đà Nẵng,Friends,2018
454584,Đà Nẵng,Colleagues / Business partner,2018
454604,Nha Trang,Friends,2018
454604,Nha Trang,Boyfriend / Girlfriend,2018
454621,Đà Nẵng,Friends,2018
454621,Đà Nẵng,Family,2018
454634,Nha Trang,Friends,2018
454634,Nha Trang,Family,2018
454672,Hà Nội,Friends,2018
454673,Hồ Chí Minh,Colleagues / Business partner,2018
454692,Hà Nội,Friends,2018
454703,Hồ Chí Minh,Friends,2018
454704,Hồ Chí Minh,Friends,2018
454705,Nha Trang,Colleagues / Business partner,2018
454705,Nha Trang,Family,2018
454705,Nha Trang,Friends,2018
454719,Đà Nẵng,Alone,2018
454719,Đà Nẵng,Colleagues / Business partner,2018
454719,Đà Nẵng,Friends,2018
454721,Nha Trang,Friends,2018
454736,Hà Nội,Friends,2018
454736,Hà Nội,Family,2018
454750,Hà Nội,Boyfriend / Girlfriend,2018
454750,Hà Nội,Friends,2018
454750,Hà Nội,Colleagues / Business partner,2018
454751,Hà Nội,Friends,2018
454752,Hà Nội,Friends,2018
454753,Hà Nội,Colleagues / Business partner,2018
454753,Hà Nội,Friends,2018
454767,Hồ Chí Minh,Friends,2018
454788,Đà Nẵng,Friends,2018
454790,Hồ Chí Minh,Friends,2018
454790,Hồ Chí Minh,Family,2018
454792,Hà Nội,Friends,2018
454793,Hà Nội,Friends,2018
454793,Hà Nội,Colleagues / Business partner,2018
454793,Hà Nội,Family,2018
454803,Hồ Chí Minh,Friends,2018
454803,Hồ Chí Minh,Colleagues / Business partner,2018
454803,Hồ Chí Minh,Family,2018
454805,Nha Trang,Friends,2018
454831,Hà Nội,Friends,2018
454844,Hà Nội,Friends,2018
454854,Hà Nội,Friends,2018
454854,Hà Nội,Colleagues / Business partner,2018
454854,Hà Nội,Family,2018
454860,Hồ Chí Minh,Colleagues / Business partner,2018
454860,Hồ Chí Minh,Alone,2018
454881,Hà Nội,Family,2018
454881,Hà Nội,Others,2018
454887,Hà Nội,Colleagues / Business partner,2018
454898,Nha Trang,Boyfriend / Girlfriend,2018
454898,Nha Trang,Friends,2018
454911,Hà Nội,Friends,2018
454911,Hà Nội,Family,2018
454912,Hà Nội,Friends,2018
454912,Hà Nội,Family,2018
454913,Hồ Chí Minh,Friends,2018
454913,Hồ Chí Minh,Family,2018
454915,Đà Nẵng,Friends,2018
454916,Nha Trang,Friends,2018
454918,Hà Nội,Colleagues / Business partner,2018
454918,Hà Nội,Friends,2018
454919,Đà Nẵng,Alone,2018
454919,Đà Nẵng,Colleagues / Business partner,2018
454919,Đà Nẵng,Boyfriend / Girlfriend,2018
454919,Đà Nẵng,Friends,2018
454921,Hà Nội,Colleagues / Business partner,2018
454921,Hà Nội,Friends,2018
454924,Hà Nội,Friends,2018
454924,Hà Nội,Family,2018
454936,Nha Trang,Family,2018
454936,Nha Trang,Friends,2018
454943,Nha Trang,Friends,2018
454943,Nha Trang,Colleagues / Business partner,2018
454943,Nha Trang,Family,2018
454952,Nha Trang,Friends,2018
454958,Hồ Chí Minh,Family,2018
454962,Hồ Chí Minh,Family,2018
454969,Hà Nội,Friends,2018
454976,Nha Trang,Friends,2018
454979,Đà Nẵng,Friends,2018
454980,Hà Nội,Colleagues / Business partner,2018
454980,Hà Nội,Friends,2018
454984,Hồ Chí Minh,Family,2018
454985,Hồ Chí Minh,Family,2018
455004,Hà Nội,Friends,2018
455004,Hà Nội,Family,2018
455007,Hà Nội,Friends,2018
455010,Hà Nội,Family,2018
455010,Hà Nội,Friends,2018
455019,Hồ Chí Minh,Family,2018
455053,Nha Trang,Family,2018
455053,Nha Trang,Friends,2018
455061,Hà Nội,Friends,2018
455061,Hà Nội,Boyfriend / Girlfriend,2018
455068,Hà Nội,Friends,2018
455070,Hồ Chí Minh,Alone,2018
455070,Hồ Chí Minh,Family,2018
455072,Đà Nẵng,Alone,2018
455083,Hà Nội,Friends,2018
455100,Nha Trang,Friends,2018
455141,Hồ Chí Minh,Friends,2018
455145,Nha Trang,Friends,2018
455145,Nha Trang,Family,2018
455166,Hồ Chí Minh,Family,2018
455180,Đà Nẵng,Friends,2018
455180,Đà Nẵng,Family,2018
455197,Nha Trang,Friends,2018
455197,Nha Trang,Family,2018
455197,Nha Trang,Colleagues / Business partner,2018
455225,Đà Nẵng,Friends,2018
455232,Hồ Chí Minh,Family,2018
455232,Hồ Chí Minh,Friends,2018
455259,Nha Trang,Family,2018
455259,Nha Trang,Friends,2018
455274,Hồ Chí Minh,Friends,2018
455274,Hồ Chí Minh,Family,2018
455319,Hà Nội,Friends,2018
455320,Hà Nội,Family,2018
455330,Hà Nội,Friends,2018
455337,Hồ Chí Minh,Friends,2018
455348,Nha Trang,Family,2018
455349,Nha Trang,Friends,2018
455353,Nha Trang,Alone,2018
455408,Hồ Chí Minh,Alone,2018
455410,Nha Trang,Family,2018
455410,Nha Trang,Friends,2018
455418,Hồ Chí Minh,Friends,2018
455439,Hà Nội,Friends,2018
455442,Nha Trang,Family,2018
455443,Hà Nội,Friends,2018
455444,Nha Trang,Friends,2018
455461,Nha Trang,Friends,2018
455461,Nha Trang,Family,2018
455461,Nha Trang,Colleagues / Business partner,2018
455491,Hồ Chí Minh,Friends,2018
455496,Hồ Chí Minh,Alone,2018
455530,Nha Trang,Family,2018
455530,Nha Trang,Friends,2018
455537,Nha Trang,Family,2018
455548,Hà Nội,Friends,2018
455550,Hồ Chí Minh,Friends,2018
455550,Hồ Chí Minh,Family,2018
455550,Hồ Chí Minh,Colleagues / Business partner,2018
455573,Hà Nội,Friends,2018
455582,Hà Nội,Friends,2018
455587,Hà Nội,Friends,2018
455587,Hà Nội,Colleagues / Business partner,2018
455604,Hà Nội,Friends,2018
455623,Hà Nội,Friends,2018
455691,Hồ Chí Minh,Family,2018
455691,Hồ Chí Minh,Colleagues / Business partner,2018
455691,Hồ Chí Minh,Friends,2018
455712,Hà Nội,Friends,2018
455712,Hà Nội,Colleagues / Business partner,2018
455716,Hà Nội,Family,2018
455716,Hà Nội,Colleagues / Business partner,2018
455716,Hà Nội,Friends,2018
455719,Hà Nội,Friends,2018
455719,Hà Nội,Colleagues / Business partner,2018
455719,Hà Nội,Family,2018
455720,Hà Nội,Friends,2018
455740,Hà Nội,Family,2018
455740,Hà Nội,Friends,2018
455770,Hà Nội,Boyfriend / Girlfriend,2018
455806,Hà Nội,Friends,2018
455807,Hà Nội,Friends,2018
455807,Hà Nội,Colleagues / Business partner,2018
455807,Hà Nội,Boyfriend / Girlfriend,2018
455808,Hà Nội,Family,2018
455808,Hà Nội,Friends,2018
455808,Hà Nội,Colleagues / Business partner,2018
455809,Hà Nội,Colleagues / Business partner,2018
455809,Hà Nội,Friends,2018
455814,Hồ Chí Minh,Family,2018
455815,Hồ Chí Minh,Family,2018
455816,Hồ Chí Minh,Colleagues / Business partner,2018
455825,Đà Nẵng,Friends,2018
455825,Đà Nẵng,Family,2018
455840,Hồ Chí Minh,Friends,2018
455840,Hồ Chí Minh,Family,2018
455898,Hà Nội,Friends,2018
455911,Nha Trang,Friends,2018
455911,Nha Trang,Colleagues / Business partner,2018
455927,Đà Nẵng,Friends,2018
455968,Nha Trang,Colleagues / Business partner,2018
455993,Nha Trang,Friends,2018
455993,Nha Trang,Family,2018
456027,Nha Trang,Friends,2018
456044,Nha Trang,Friends,2018
456053,Hà Nội,Friends,2018
456053,Hà Nội,Family,2018
456067,Nha Trang,Boyfriend / Girlfriend,2018
456067,Nha Trang,Friends,2018
456072,Đà Nẵng,Family,2018
456072,Đà Nẵng,Friends,2018
456103,Nha Trang,Colleagues / Business partner,2018
456103,Nha Trang,Friends,2018
456103,Nha Trang,Family,2018
456138,Đà Nẵng,Alone,2018
456149,Hà Nội,Friends,2018
456149,Hà Nội,Colleagues / Business partner,2018
456150,Hà Nội,Colleagues / Business partner,2018
456150,Hà Nội,Friends,2018
456151,Hà Nội,Friends,2018
456151,Hà Nội,Family,2018
456157,Hồ Chí Minh,Friends,2018
456167,Hồ Chí Minh,Friends,2018
456167,Hồ Chí Minh,Family,2018
456175,Hà Nội,Friends,2018
456180,Nha Trang,Friends,2018
456232,Hồ Chí Minh,Friends,2018
456256,Hà Nội,Friends,2018
456257,Đà Nẵng,Friends,2018
456257,Đà Nẵng,Others,2018
456260,Hồ Chí Minh,Colleagues / Business partner,2018
456260,Hồ Chí Minh,Friends,2018
456309,Nha Trang,Friends,2018
456309,Nha Trang,Family,2018
456313,Đà Nẵng,Friends,2018
456381,Đà Nẵng,Friends,2018
456381,Đà Nẵng,Family,2018
456387,Nha Trang,Friends,2018
456387,Nha Trang,Family,2018
456394,Đà Nẵng,Colleagues / Business partner,2018
456394,Đà Nẵng,Friends,2018
456399,Nha Trang,Boyfriend / Girlfriend,2018
456399,Nha Trang,Friends,2018
456444,Nha Trang,Friends,2018
456444,Nha Trang,Colleagues / Business partner,2018
456444,Nha Trang,Family,2018
456501,Hồ Chí Minh,Friends,2018
456512,Hồ Chí Minh,Friends,2018
456518,Nha Trang,Colleagues / Business partner,2018
456518,Nha Trang,Friends,2018
456524,Hồ Chí Minh,Friends,2018
456538,Hồ Chí Minh,Friends,2018
456538,Hồ Chí Minh,Colleagues / Business partner,2018
456547,Hồ Chí Minh,Alone,2018
456547,Hồ Chí Minh,Friends,2018
456548,Hồ Chí Minh,Friends,2018
456548,Hồ Chí Minh,Family,2018
456549,Hồ Chí Minh,Friends,2018
456549,Hồ Chí Minh,Family,2018
456559,Hồ Chí Minh,Friends,2018
456562,Hà Nội,Family,2018
456562,Hà Nội,Colleagues / Business partner,2018
456562,Hà Nội,Friends,2018
456563,Hà Nội,Friends,2018
456563,Hà Nội,Family,2018
456564,Hà Nội,Friends,2018
456564,Hà Nội,Colleagues / Business partner,2018
456565,Nha Trang,Family,2018
456565,Nha Trang,Friends,2018
456571,Hồ Chí Minh,Friends,2018
456572,Hồ Chí Minh,Friends,2018
456573,Hồ Chí Minh,Friends,2018
456573,Hồ Chí Minh,Family,2018
456582,Hồ Chí Minh,Boyfriend / Girlfriend,2018
456582,Hồ Chí Minh,Friends,2018
456582,Hồ Chí Minh,Colleagues / Business partner,2018
456583,Hồ Chí Minh,Family,2018
456583,Hồ Chí Minh,Friends,2018
456583,Hồ Chí Minh,Colleagues / Business partner,2018
456584,Hồ Chí Minh,Friends,2018
456584,Hồ Chí Minh,Family,2018
456588,Nha Trang,Family,2018
456588,Nha Trang,Friends,2018
456600,Hồ Chí Minh,Friends,2018
456618,Đà Nẵng,Alone,2018
456627,Hồ Chí Minh,Alone,2018
456628,Nha Trang,Family,2018
456628,Nha Trang,Friends,2018
456668,Nha Trang,Family,2018
456668,Nha Trang,Friends,2018
456668,Nha Trang,Colleagues / Business partner,2018
456689,Hồ Chí Minh,Friends,2018
456724,Hồ Chí Minh,Friends,2018
456729,Nha Trang,Colleagues / Business partner,2018
456729,Nha Trang,Family,2018
456729,Nha Trang,Friends,2018
456735,Nha Trang,Colleagues / Business partner,2018
456735,Nha Trang,Friends,2018
456739,Nha Trang,Colleagues / Business partner,2018
456739,Nha Trang,Family,2018
456739,Nha Trang,Friends,2018
456740,Đà Nẵng,Family,2018
456740,Đà Nẵng,Friends,2018
456760,Hà Nội,Colleagues / Business partner,2018
456760,Hà Nội,Friends,2018
456760,Hà Nội,Family,2018
456777,Nha Trang,Friends,2018
456781,Nha Trang,Friends,2018
456781,Nha Trang,Colleagues / Business partner,2018
456787,Hồ Chí Minh,Family,2018
456799,Nha Trang,Alone,2018
456802,Hồ Chí Minh,Family,2018
456808,Hồ Chí Minh,Alone,2018
456808,Hồ Chí Minh,Colleagues / Business partner,2018
456808,Hồ Chí Minh,Friends,2018
456809,Hồ Chí Minh,Friends,2018
456809,Hồ Chí Minh,Family,2018
456826,Hồ Chí Minh,Alone,2018
456854,Hà Nội,Friends,2018
456857,Hà Nội,Friends,2018
456880,Hồ Chí Minh,Friends,2018
456907,Nha Trang,Friends,2018
456907,Nha Trang,Colleagues / Business partner,2018
456910,Nha Trang,Colleagues / Business partner,2018
456910,Nha Trang,Family,2018
456936,Hồ Chí Minh,Alone,2018
456937,Hà Nội,Friends,2018
456937,Hà Nội,Colleagues / Business partner,2018
456937,Hà Nội,Family,2018
456943,Hà Nội,Colleagues / Business partner,2018
456943,Hà Nội,Friends,2018
456943,Hà Nội,Family,2018
456947,Hà Nội,Friends,2018
456947,Hà Nội,Colleagues / Business partner,2018
456947,Hà Nội,Family,2018
456954,Hà Nội,Friends,2018
456954,Hà Nội,Boyfriend / Girlfriend,2018
457003,Đà Nẵng,Family,2018
457003,Đà Nẵng,Friends,2018
457005,Đà Nẵng,Friends,2018
457023,Hồ Chí Minh,Colleagues / Business partner,2018
457052,Đà Nẵng,Colleagues / Business partner,2018
457052,Đà Nẵng,Friends,2018
457102,Đà Nẵng,Boyfriend / Girlfriend,2018
457102,Đà Nẵng,Friends,2018
457104,Nha Trang,Friends,2018
457128,Hà Nội,Friends,2018
457149,Hà Nội,Friends,2018
457153,Đà Nẵng,Colleagues / Business partner,2018
457153,Đà Nẵng,Friends,2018
457171,Đà Nẵng,Alone,2018
457171,Đà Nẵng,Family,2018
457175,Nha Trang,Family,2018
457175,Nha Trang,Friends,2018
457212,Hà Nội,Friends,2018
457212,Hà Nội,Family,2018
457213,Hà Nội,Friends,2018
457214,Hà Nội,Friends,2018
457214,Hà Nội,Colleagues / Business partner,2018
457214,Hà Nội,Family,2018
457216,Hà Nội,Friends,2018
457216,Hà Nội,Colleagues / Business partner,2018
457228,Hồ Chí Minh,Family,2018
457228,Hồ Chí Minh,Friends,2018
457229,Hồ Chí Minh,Family,2018
457229,Hồ Chí Minh,Friends,2018
457245,Đà Nẵng,Colleagues / Business partner,2018
457245,Đà Nẵng,Friends,2018
457269,Hồ Chí Minh,Family,2018
457275,Nha Trang,Friends,2018
457287,Hồ Chí Minh,Friends,2018
457288,Hồ Chí Minh,Alone,2018
457288,Hồ Chí Minh,Family,2018
457289,Hồ Chí Minh,Boyfriend / Girlfriend,2018
457289,Hồ Chí Minh,Friends,2018
457289,Hồ Chí Minh,Alone,2018
457290,Hồ Chí Minh,Colleagues / Business partner,2018
457290,Hồ Chí Minh,Friends,2018
457291,Hồ Chí Minh,Colleagues / Business partner,2018
457291,Hồ Chí Minh,Friends,2018
457300,Hồ Chí Minh,Family,2018
457301,Hồ Chí Minh,Friends,2018
457301,Hồ Chí Minh,Family,2018
457301,Hồ Chí Minh,Alone,2018
457302,Hồ Chí Minh,Alone,2018
457302,Hồ Chí Minh,Friends,2018
457303,Hồ Chí Minh,Family,2018
457303,Hồ Chí Minh,Friends,2018
457304,Hồ Chí Minh,Alone,2018
457307,Hồ Chí Minh,Alone,2018
457329,Nha Trang,Friends,2018
457338,Hồ Chí Minh,Family,2018
457338,Hồ Chí Minh,Colleagues / Business partner,2018
457338,Hồ Chí Minh,Friends,2018
457419,Hồ Chí Minh,Alone,2018
457459,Hồ Chí Minh,Friends,2018
457477,Đà Nẵng,Boyfriend / Girlfriend,2018
457477,Đà Nẵng,Friends,2018
457495,Hồ Chí Minh,Alone,2018
457498,Hồ Chí Minh,Friends,2018
457517,Hồ Chí Minh,Friends,2018
457517,Hồ Chí Minh,Colleagues / Business partner,2018
457551,Nha Trang,Friends,2018
457554,Hồ Chí Minh,Friends,2018
457554,Hồ Chí Minh,Family,2018
457570,Hồ Chí Minh,Family,2018
457570,Hồ Chí Minh,Friends,2018
457570,Hồ Chí Minh,Colleagues / Business partner,2018
457571,Hồ Chí Minh,Friends,2018
457572,Hồ Chí Minh,Friends,2018
457572,Hồ Chí Minh,Colleagues / Business partner,2018
457583,Hồ Chí Minh,Friends,2018
457601,Hồ Chí Minh,Friends,2018
457601,Hồ Chí Minh,Family,2018
457602,Hồ Chí Minh,Friends,2018
457621,Đà Nẵng,Friends,2018
457621,Đà Nẵng,Colleagues / Business partner,2018
457622,Đà Nẵng,Friends,2018
457627,Hồ Chí Minh,Friends,2018
457627,Hồ Chí Minh,Family,2018
457637,Hồ Chí Minh,Friends,2018
457637,Hồ Chí Minh,Family,2018
457660,Hồ Chí Minh,Friends,2018
457677,Hồ Chí Minh,Alone,2018
457695,Hồ Chí Minh,Friends,2018
457695,Hồ Chí Minh,Family,2018
457699,Hồ Chí Minh,Friends,2018
457714,Hồ Chí Minh,Alone,2018
457718,Hồ Chí Minh,Friends,2018
457728,Hồ Chí Minh,Friends,2018
457771,Hồ Chí Minh,Colleagues / Business partner,2018
457771,Hồ Chí Minh,Friends,2018
457774,Hồ Chí Minh,Alone,2018
457774,Hồ Chí Minh,Friends,2018
457777,Hồ Chí Minh,Friends,2018
457778,Hồ Chí Minh,Friends,2018
457783,Hồ Chí Minh,Friends,2018
457786,Nha Trang,Family,2018
457786,Nha Trang,Friends,2018
457789,Hồ Chí Minh,Friends,2018
457825,Hồ Chí Minh,Friends,2018
457935,Hồ Chí Minh,Friends,2018
457953,Hồ Chí Minh,Family,2018
457953,Hồ Chí Minh,Alone,2018
458002,Hồ Chí Minh,Friends,2018
458021,Hồ Chí Minh,Family,2018
458046,Hồ Chí Minh,Colleagues / Business partner,2018
458046,Hồ Chí Minh,Friends,2018
458059,Hà Nội,Family,2018
458059,Hà Nội,Friends,2018
458063,Hà Nội,Family,2018
458063,Hà Nội,Friends,2018
458085,Hồ Chí Minh,Friends,2018
458086,Hồ Chí Minh,Friends,2018
458088,Hồ Chí Minh,Friends,2018
458090,Hồ Chí Minh,Friends,2018
458091,Hồ Chí Minh,Friends,2018
458095,Hồ Chí Minh,Family,2018
458096,Hồ Chí Minh,Friends,2018
458098,Hồ Chí Minh,Friends,2018
458098,Hồ Chí Minh,Family,2018
458099,Hồ Chí Minh,Friends,2018
458100,Hồ Chí Minh,Friends,2018
458101,Hồ Chí Minh,Friends,2018
458123,Đà Nẵng,Colleagues / Business partner,2018
458123,Đà Nẵng,Friends,2018
458126,Hồ Chí Minh,Friends,2018
458164,Hà Nội,Friends,2018
458165,Hà Nội,Friends,2018
458186,Đà Nẵng,Family,2018
458186,Đà Nẵng,Colleagues / Business partner,2018
458186,Đà Nẵng,Friends,2018
458206,Hà Nội,Friends,2018
458207,Hà Nội,Family,2018
458207,Hà Nội,Friends,2018
458208,Hà Nội,Friends,2018
458210,Hà Nội,Friends,2018
458230,Hà Nội,Family,2018
458230,Hà Nội,Friends,2018
458230,Hà Nội,Boyfriend / Girlfriend,2018
458230,Hà Nội,Colleagues / Business partner,2018
458231,Hà Nội,Boyfriend / Girlfriend,2018
458231,Hà Nội,Friends,2018
458232,Hà Nội,Others,2018
458232,Hà Nội,Friends,2018
458232,Hà Nội,Family,2018
458233,Hà Nội,Friends,2018
458233,Hà Nội,Family,2018
458245,Hồ Chí Minh,Family,2018
458245,Hồ Chí Minh,Friends,2018
458246,Hồ Chí Minh,Friends,2018
458246,Hồ Chí Minh,Family,2018
458246,Hồ Chí Minh,Alone,2018
458247,Hồ Chí Minh,Friends,2018
458248,Hồ Chí Minh,Family,2018
458248,Hồ Chí Minh,Alone,2018
458248,Hồ Chí Minh,Friends,2018
458249,Hồ Chí Minh,Alone,2018
458249,Hồ Chí Minh,Family,2018
458250,Hồ Chí Minh,Family,2018
458250,Hồ Chí Minh,Friends,2018
458251,Hồ Chí Minh,Family,2018
458251,Hồ Chí Minh,Colleagues / Business partner,2018
458251,Hồ Chí Minh,Friends,2018
458253,Hồ Chí Minh,Alone,2018
458269,Hồ Chí Minh,Colleagues / Business partner,2018
458269,Hồ Chí Minh,Friends,2018
458270,Hồ Chí Minh,Friends,2018
458271,Hồ Chí Minh,Friends,2018
458271,Hồ Chí Minh,Colleagues / Business partner,2018
458273,Hồ Chí Minh,Colleagues / Business partner,2018
458280,Nha Trang,Friends,2018
458280,Nha Trang,Colleagues / Business partner,2018
458314,Hồ Chí Minh,Alone,2018
458345,Nha Trang,Family,2018
458350,Hồ Chí Minh,Family,2018
458350,Hồ Chí Minh,Alone,2018
458351,Hồ Chí Minh,Friends,2018
458351,Hồ Chí Minh,Family,2018
458352,Hồ Chí Minh,Friends,2018
458352,Hồ Chí Minh,Family,2018
458361,Hà Nội,Friends,2018
458361,Hà Nội,Boyfriend / Girlfriend,2018
458376,Nha Trang,Colleagues / Business partner,2018
458399,Hồ Chí Minh,Friends,2018
458399,Hồ Chí Minh,Colleagues / Business partner,2018
458419,Nha Trang,Colleagues / Business partner,2018
458436,Hồ Chí Minh,Friends,2018
458436,Hồ Chí Minh,Family,2018
458444,Nha Trang,Friends,2018
458444,Nha Trang,Colleagues / Business partner,2018
458462,Nha Trang,Colleagues / Business partner,2018
458462,Nha Trang,Friends,2018
458490,Hồ Chí Minh,Friends,2018
458496,Nha Trang,Colleagues / Business partner,2018
458503,Nha Trang,Friends,2018
458507,Nha Trang,Colleagues / Business partner,2018
458545,Hà Nội,Friends,2018
458546,Hồ Chí Minh,Family,2018
458546,Hồ Chí Minh,Friends,2018
458556,Nha Trang,Friends,2018
458577,Nha Trang,Friends,2018
458610,Nha Trang,Friends,2018
458612,Nha Trang,Friends,2018
458619,Nha Trang,Friends,2018
458619,Nha Trang,Boyfriend / Girlfriend,2018
458622,Nha Trang,Family,2018
458622,Nha Trang,Friends,2018
458630,Hồ Chí Minh,Family,2018
458641,Hồ Chí Minh,Friends,2018
458644,Đà Nẵng,Boyfriend / Girlfriend,2018
458644,Đà Nẵng,Friends,2018
458698,Hồ Chí Minh,Colleagues / Business partner,2018
458698,Hồ Chí Minh,Friends,2018
458710,Nha Trang,Friends,2018
458710,Nha Trang,Colleagues / Business partner,2018
458719,Nha Trang,Boyfriend / Girlfriend,2018
458719,Nha Trang,Friends,2018
458747,Hà Nội,Family,2018
458748,Nha Trang,Friends,2018
458762,Hồ Chí Minh,Alone,2018
458770,Hồ Chí Minh,Family,2018
458777,Hồ Chí Minh,Friends,2018
458778,Hồ Chí Minh,Colleagues / Business partner,2018
458782,Đà Nẵng,Friends,2018
458782,Đà Nẵng,Boyfriend / Girlfriend,2018
458783,Hồ Chí Minh,Friends,2018
458791,Nha Trang,Friends,2018
458797,Hồ Chí Minh,Friends,2018
458797,Hồ Chí Minh,Family,2018
458803,Nha Trang,Colleagues / Business partner,2018
458803,Nha Trang,Friends,2018
458807,Nha Trang,Friends,2018
458807,Nha Trang,Family,2018
458820,Nha Trang,Friends,2018
458847,Nha Trang,Friends,2018
458864,Nha Trang,Friends,2018
458864,Nha Trang,Colleagues / Business partner,2018
458884,Đà Nẵng,Friends,2018
458885,Hồ Chí Minh,Friends,2018
458886,Nha Trang,Family,2018
458886,Nha Trang,Boyfriend / Girlfriend,2018
458886,Nha Trang,Friends,2018
458887,Nha Trang,Friends,2018
458891,Nha Trang,Friends,2018
458891,Nha Trang,Family,2018
458900,Đà Nẵng,Alone,2018
458900,Đà Nẵng,Friends,2018
458904,Nha Trang,Family,2018
458904,Nha Trang,Friends,2018
458907,Hà Nội,Friends,2018
458909,Nha Trang,Boyfriend / Girlfriend,2018
458909,Nha Trang,Friends,2018
458909,Nha Trang,Colleagues / Business partner,2018
458920,Nha Trang,Family,2018
458932,Hồ Chí Minh,Family,2018
458932,Hồ Chí Minh,Friends,2018
458936,Hà Nội,Friends,2018
458962,Nha Trang,Friends,2018
458962,Nha Trang,Family,2018
458962,Nha Trang,Colleagues / Business partner,2018
458967,Đà Nẵng,Friends,2018
458977,Hồ Chí Minh,Friends,2018
458985,Đà Nẵng,Friends,2018
458985,Đà Nẵng,Alone,2018
458985,Đà Nẵng,Colleagues / Business partner,2018
459025,Hồ Chí Minh,Friends,2018
459025,Hồ Chí Minh,Family,2018
459038,Hà Nội,Friends,2018
459038,Hà Nội,Family,2018
459046,Nha Trang,Friends,2018
459054,Hà Nội,Friends,2018
459074,Nha Trang,Family,2018
459074,Nha Trang,Friends,2018
459107,Nha Trang,Friends,2018
459107,Nha Trang,Colleagues / Business partner,2018
459113,Hồ Chí Minh,Friends,2018
459113,Hồ Chí Minh,Colleagues / Business partner,2018
459120,Hồ Chí Minh,Alone,2018
459121,Hà Nội,Friends,2018
459121,Hà Nội,Colleagues / Business partner,2018
459121,Hà Nội,Family,2018
459147,Hồ Chí Minh,Friends,2018
459148,Đà Nẵng,Boyfriend / Girlfriend,2018
459148,Đà Nẵng,Friends,2018
459161,Hồ Chí Minh,Friends,2018
459244,Đà Nẵng,Friends,2018
459274,Hồ Chí Minh,Alone,2018
459289,Đà Nẵng,Friends,2018
459289,Đà Nẵng,Family,2018
459292,Hà Nội,Friends,2018
459316,Hồ Chí Minh,Friends,2018
459321,Nha Trang,Friends,2018
459321,Nha Trang,Boyfriend / Girlfriend,2018
459356,Hồ Chí Minh,Family,2018
459480,Hồ Chí Minh,Friends,2018
459480,Hồ Chí Minh,Colleagues / Business partner,2018
459493,Đà Nẵng,Friends,2018
459503,Hồ Chí Minh,Friends,2018
459512,Hà Nội,Family,2018
459516,Hà Nội,Friends,2018
459630,Hồ Chí Minh,Family,2018
459630,Hồ Chí Minh,Friends,2018
459630,Hồ Chí Minh,Alone,2018
459631,Hồ Chí Minh,Family,2018
459631,Hồ Chí Minh,Friends,2018
459635,Hồ Chí Minh,Friends,2018
459635,Hồ Chí Minh,Colleagues / Business partner,2018
459636,Hồ Chí Minh,Friends,2018
459641,Hồ Chí Minh,Friends,2018
459659,Hà Nội,Friends,2018
459660,Hà Nội,Friends,2018
459661,Hà Nội,Friends,2018
459676,Hà Nội,Colleagues / Business partner,2018
459676,Hà Nội,Friends,2018
459681,Hồ Chí Minh,Friends,2018
459682,Hồ Chí Minh,Friends,2018
459693,Hồ Chí Minh,Friends,2018
459693,Hồ Chí Minh,Alone,2018
459706,Hồ Chí Minh,Friends,2018
459709,Hồ Chí Minh,Family,2018
459709,Hồ Chí Minh,Friends,2018
459712,Hồ Chí Minh,Alone,2018
459780,Hà Nội,Family,2018
459783,Hà Nội,Friends,2018
459787,Hà Nội,Friends,2018
459787,Hà Nội,Family,2018
459806,Hồ Chí Minh,Boyfriend / Girlfriend,2018
459806,Hồ Chí Minh,Friends,2018
459806,Hồ Chí Minh,Alone,2018
459811,Hồ Chí Minh,Family,2018
459811,Hồ Chí Minh,Colleagues / Business partner,2018
459811,Hồ Chí Minh,Friends,2018
459834,Hà Nội,Colleagues / Business partner,2018
459834,Hà Nội,Friends,2018
459834,Hà Nội,Family,2018
459877,Hồ Chí Minh,Friends,2018
459884,Hồ Chí Minh,Alone,2018
459890,Hà Nội,Friends,2018
459898,Đà Nẵng,Others,2018
459898,Đà Nẵng,Friends,2018
459927,Hà Nội,Boyfriend / Girlfriend,2018
459927,Hà Nội,Colleagues / Business partner,2018
459927,Hà Nội,Friends,2018
459933,Hà Nội,Friends,2018
459934,Hà Nội,Friends,2018
459935,Hà Nội,Friends,2018
459969,Đà Nẵng,Family,2018
459969,Đà Nẵng,Alone,2018
459969,Đà Nẵng,Friends,2018
459970,Hà Nội,Colleagues / Business partner,2018
459970,Hà Nội,Friends,2018
459971,Hà Nội,Friends,2018
459971,Hà Nội,Boyfriend / Girlfriend,2018
459972,Hà Nội,Friends,2018
459972,Hà Nội,Colleagues / Business partner,2018
459973,Hà Nội,Colleagues / Business partner,2018
459973,Hà Nội,Friends,2018
459974,Hà Nội,Friends,2018
459974,Hà Nội,Family,2018
459975,Hà Nội,Colleagues / Business partner,2018
459975,Hà Nội,Friends,2018
459975,Hà Nội,Boyfriend / Girlfriend,2018
459985,Đà Nẵng,Alone,2018
459985,Đà Nẵng,Friends,2018
460006,Hà Nội,Family,2018
460006,Hà Nội,Friends,2018
460007,Hà Nội,Friends,2018
460008,Hà Nội,Family,2018
460009,Hà Nội,Friends,2018
460010,Hà Nội,Friends,2018
460031,Hà Nội,Family,2018
460031,Hà Nội,Colleagues / Business partner,2018
460031,Hà Nội,Friends,2018
460031,Hà Nội,Alone,2018
460033,Đà Nẵng,Alone,2018
460033,Đà Nẵng,Friends,2018
460033,Đà Nẵng,Colleagues / Business partner,2018
460043,Đà Nẵng,Friends,2018
460043,Đà Nẵng,Colleagues / Business partner,2018
460061,Hà Nội,Family,2018
460061,Hà Nội,Friends,2018
460063,Hà Nội,Friends,2018
460074,Hà Nội,Family,2018
460074,Hà Nội,Friends,2018
460080,Đà Nẵng,Friends,2018
460094,Đà Nẵng,Friends,2018
460096,Hà Nội,Friends,2018
460096,Hà Nội,Colleagues / Business partner,2018
460096,Hà Nội,Family,2018
460140,Đà Nẵng,Colleagues / Business partner,2018
460140,Đà Nẵng,Friends,2018
460141,Hà Nội,Colleagues / Business partner,2018
460141,Hà Nội,Friends,2018
460160,Hà Nội,Friends,2018
460164,Hồ Chí Minh,Friends,2018
460164,Hồ Chí Minh,Colleagues / Business partner,2018
460165,Đà Nẵng,Friends,2018
460166,Hồ Chí Minh,Friends,2018
460170,Đà Nẵng,Friends,2018
460172,Đà Nẵng,Family,2018
460172,Đà Nẵng,Friends,2018
460172,Đà Nẵng,Colleagues / Business partner,2018
460180,Hà Nội,Family,2018
460180,Hà Nội,Friends,2018
460191,Hà Nội,Friends,2018
460191,Hà Nội,Family,2018
460192,Đà Nẵng,Family,2018
460193,Hà Nội,Friends,2018
460193,Hà Nội,Family,2018
460194,Hà Nội,Family,2018
460205,Hà Nội,Friends,2018
460207,Đà Nẵng,Friends,2018
460208,Đà Nẵng,Friends,2018
460215,Đà Nẵng,Colleagues / Business partner,2018
460215,Đà Nẵng,Friends,2018
460215,Đà Nẵng,Family,2018
460218,Hà Nội,Friends,2018
460219,Hà Nội,Colleagues / Business partner,2018
460219,Hà Nội,Friends,2018
460221,Đà Nẵng,Family,2018
460221,Đà Nẵng,Friends,2018
460223,Hà Nội,Friends,2018
460225,Hồ Chí Minh,Alone,2018
460226,Hồ Chí Minh,Alone,2018
460229,Đà Nẵng,Friends,2018
460229,Đà Nẵng,Family,2018
460230,Đà Nẵng,Family,2018
460230,Đà Nẵng,Colleagues / Business partner,2018
460230,Đà Nẵng,Friends,2018
460231,Đà Nẵng,Friends,2018
460235,Đà Nẵng,Friends,2018
460247,Đà Nẵng,Friends,2018
460250,Đà Nẵng,Family,2018
460250,Đà Nẵng,Friends,2018
460255,Đà Nẵng,Family,2018
460260,Đà Nẵng,Friends,2018
460260,Đà Nẵng,Colleagues / Business partner,2018
460263,Đà Nẵng,Friends,2018
460264,Hồ Chí Minh,Alone,2018
460265,Hồ Chí Minh,Alone,2018
460267,Nha Trang,Family,2018
460267,Nha Trang,Friends,2018
460279,Hồ Chí Minh,Friends,2018
460281,Đà Nẵng,Alone,2018
460281,Đà Nẵng,Friends,2018
460281,Đà Nẵng,Boyfriend / Girlfriend,2018
460283,Đà Nẵng,Friends,2018
460289,Đà Nẵng,Colleagues / Business partner,2018
460296,Đà Nẵng,Alone,2018
460304,Đà Nẵng,Family,2018
460309,Đà Nẵng,Friends,2018
460309,Đà Nẵng,Family,2018
460309,Đà Nẵng,Colleagues / Business partner,2018
460334,Đà Nẵng,Friends,2018
460346,Đà Nẵng,Alone,2018
460347,Đà Nẵng,Alone,2018
460347,Đà Nẵng,Family,2018
460358,Đà Nẵng,Alone,2018
460358,Đà Nẵng,Boyfriend / Girlfriend,2018
460358,Đà Nẵng,Colleagues / Business partner,2018
460358,Đà Nẵng,Friends,2018
460360,Đà Nẵng,Friends,2018
460360,Đà Nẵng,Colleagues / Business partner,2018
460360,Đà Nẵng,Family,2018
460364,Đà Nẵng,Friends,2018
460364,Đà Nẵng,Colleagues / Business partner,2018
460367,Đà Nẵng,Colleagues / Business partner,2018
460367,Đà Nẵng,Friends,2018
460367,Đà Nẵng,Alone,2018
460380,Đà Nẵng,Alone,2018
460382,Đà Nẵng,Family,2018
460393,Đà Nẵng,Friends,2018
460398,Đà Nẵng,Friends,2018
460398,Đà Nẵng,Boyfriend / Girlfriend,2018
460398,Đà Nẵng,Colleagues / Business partner,2018
460403,Đà Nẵng,Family,2018
460403,Đà Nẵng,Friends,2018
460404,Đà Nẵng,Friends,2018
460404,Đà Nẵng,Alone,2018
460404,Đà Nẵng,Colleagues / Business partner,2018
460422,Đà Nẵng,Family,2018
460424,Đà Nẵng,Family,2018
460426,Đà Nẵng,Family,2018
460426,Đà Nẵng,Friends,2018
460431,Đà Nẵng,Friends,2018
460442,Đà Nẵng,Family,2018
460442,Đà Nẵng,Friends,2018
460451,Đà Nẵng,Friends,2018
460451,Đà Nẵng,Family,2018
460451,Đà Nẵng,Colleagues / Business partner,2018
460455,Đà Nẵng,Friends,2018
460591,Đà Nẵng,Colleagues / Business partner,2018
462776,Hải Phòng,Colleagues / Business partner,2018
462776,Hải Phòng,Friends,2018
462776,Hải Phòng,Family,2018
462884,Hải Phòng,Friends,2018
462930,Hải Phòng,Friends,2018
463037,Hải Phòng,Family,2018
463037,Hải Phòng,Friends,2018
709124,Đà Nẵng,Friends,2019
709124,Đà Nẵng,Family,2019
709124,Đà Nẵng,Family,2019
709124,Đà Nẵng,Family,2019
709345,Đà Nẵng,Colleagues / Business partner,2019
709345,Đà Nẵng,Friends,2019
724325,Đà Nẵng,Friends,2019
724358,Đà Nẵng,Friends,2019
724358,Đà Nẵng,Alone,2019
724898,Đà Nẵng,Colleagues / Business partner,2019
724898,Đà Nẵng,Friends,2019
724898,Đà Nẵng,Alone,2019
724919,Hồ Chí Minh,Alone,2019
724930,Hải Phòng,Family,2019
724930,Hải Phòng,Friends,2019
725076,Hải Phòng,Family,2019
725076,Hải Phòng,Friends,2019
725076,Hải Phòng,Family,2019
725118,Hà Nội,Family,2019
725118,Hà Nội,Colleagues / Business partner,2019
725118,Hà Nội,Family,2019
725334,Đà Nẵng,Family,2019
725334,Đà Nẵng,Family,2019
725334,Đà Nẵng,Family,2019
725334,Đà Nẵng,Alone,2019
725466,Hà Nội,Family,2019
725466,Hà Nội,Friends,2019
725818,Đà Nẵng,Family,2019
725818,Đà Nẵng,Friends,2019
726111,Hà Nội,Boyfriend / Girlfriend,2019
726329,Hải Phòng,Friends,2019
726329,Hải Phòng,Family,2019
726329,Hải Phòng,Family,2019
726561,Hà Nội,Family,2019
726771,Hải Phòng,Boyfriend / Girlfriend,2019
726771,Hải Phòng,Friends,2019
726862,Hà Nội,Friends,2019
726862,Hà Nội,Family,2019
727015,Hà Nội,Friends,2019
727219,Hà Nội,Friends,2019
727331,Hải Phòng,Family,2019
727331,Hải Phòng,Friends,2019
727331,Hải Phòng,Family,2019
727331,Hải Phòng,Family,2019
727340,Hà Nội,Colleagues / Business partner,2019
727611,Hà Nội,Colleagues / Business partner,2019
727611,Hà Nội,Friends,2019
727611,Hà Nội,Boyfriend / Girlfriend,2019
727622,Hải Phòng,Family,2019
727642,Nha Trang,Friends,2019
727642,Nha Trang,Alone,2019
727642,Nha Trang,Colleagues / Business partner,2019
727650,Hà Nội,Friends,2019
727650,Hà Nội,Colleagues / Business partner,2019
727650,Hà Nội,Family,2019
727701,Hải Phòng,Friends,2019
727701,Hải Phòng,Family,2019
727701,Hải Phòng,Family,2019
727861,Hải Phòng,Friends,2019
727861,Hải Phòng,Family,2019
727861,Hải Phòng,Family,2019
727923,Nha Trang,Colleagues / Business partner,2019
727923,Nha Trang,Friends,2019
727990,Hà Nội,Family,2019
727990,Hà Nội,Friends,2019
727990,Hà Nội,Family,2019
727990,Hà Nội,Family,2019
727990,Hà Nội,Family,2019
728002,Hà Nội,Colleagues / Business partner,2019
728002,Hà Nội,Friends,2019
728002,Hà Nội,Family,2019
728002,Hà Nội,Boyfriend / Girlfriend,2019
728008,Hải Phòng,Alone,2019
728113,Hà Nội,Friends,2019
728113,Hà Nội,Family,2019
728149,Hồ Chí Minh,Friends,2019
728177,Hà Nội,Colleagues / Business partner,2019
728177,Hà Nội,Friends,2019
728177,Hà Nội,Family,2019
728177,Hà Nội,Family,2019
728177,Hà Nội,Family,2019
728210,Hải Phòng,Friends,2019
728210,Hải Phòng,Alone,2019
728210,Hải Phòng,Colleagues / Business partner,2019
728210,Hải Phòng,Family,2019
728210,Hải Phòng,Family,2019
728697,Đà Nẵng,Family,2019
728697,Đà Nẵng,Colleagues / Business partner,2019
728697,Đà Nẵng,Friends,2019
729019,Hồ Chí Minh,Colleagues / Business partner,2019
729019,Hồ Chí Minh,Friends,2019
729019,Hồ Chí Minh,Alone,2019
729019,Hồ Chí Minh,Boyfriend / Girlfriend,2019
729070,Đà Nẵng,Colleagues / Business partner,2019
729070,Đà Nẵng,Friends,2019
729081,Hà Nội,Friends,2019
729112,Hà Nội,Friends,2019
729216,Đà Nẵng,Alone,2019
729216,Đà Nẵng,Colleagues / Business partner,2019
729216,Đà Nẵng,Family,2019
729216,Đà Nẵng,Friends,2019
729274,Hải Phòng,Boyfriend / Girlfriend,2019
729274,Hải Phòng,Colleagues / Business partner,2019
729274,Hải Phòng,Friends,2019
729375,Đà Nẵng,Family,2019
729375,Đà Nẵng,Colleagues / Business partner,2019
729375,Đà Nẵng,Family,2019
729375,Đà Nẵng,Family,2019
729375,Đà Nẵng,Friends,2019
729674,Hà Nội,Friends,2019
729674,Hà Nội,Colleagues / Business partner,2019
729704,Nha Trang,Friends,2019
729879,Hồ Chí Minh,Alone,2019
729880,Đà Nẵng,Alone,2019
729919,Hải Phòng,Friends,2019
729919,Hải Phòng,Family,2019
729954,Hà Nội,Family,2019
729954,Hà Nội,Friends,2019
730037,Hà Nội,Boyfriend / Girlfriend,2019
730271,Hà Nội,Colleagues / Business partner,2019
730271,Hà Nội,Friends,2019
730271,Hà Nội,Family,2019
730347,Nha Trang,Family,2019
730358,Hải Phòng,Family,2019
730358,Hải Phòng,Friends,2019
730358,Hải Phòng,Family,2019
730358,Hải Phòng,Colleagues / Business partner,2019
730379,Nha Trang,Friends,2019
730433,Hà Nội,Family,2019
730433,Hà Nội,Family,2019
730433,Hà Nội,Colleagues / Business partner,2019
730433,Hà Nội,Friends,2019
730445,Hà Nội,Friends,2019
730445,Hà Nội,Family,2019
730445,Hà Nội,Family,2019
730448,Hà Nội,Friends,2019
730448,Hà Nội,Family,2019
730448,Hà Nội,Colleagues / Business partner,2019
730472,Hà Nội,Friends,2019
730472,Hà Nội,Family,2019
730472,Hà Nội,Colleagues / Business partner,2019
730582,Đà Nẵng,Friends,2019
730590,Hải Phòng,Friends,2019
730590,Hải Phòng,Family,2019
730590,Hải Phòng,Family,2019
730605,Hải Phòng,Friends,2019
730605,Hải Phòng,Family,2019
730605,Hải Phòng,Family,2019
730605,Hải Phòng,Alone,2019
730605,Hải Phòng,Colleagues / Business partner,2019
730624,Hà Nội,Family,2019
730624,Hà Nội,Friends,2019
730624,Hà Nội,Colleagues / Business partner,2019
730662,Nha Trang,Alone,2019
730669,Nha Trang,Friends,2019
730804,Hải Phòng,Colleagues / Business partner,2019
730804,Hải Phòng,Friends,2019
730821,Hải Phòng,Friends,2019
730842,Hải Phòng,Family,2019
730842,Hải Phòng,Friends,2019
730883,Đà Nẵng,Family,2019
730883,Đà Nẵng,Alone,2019
730883,Đà Nẵng,Friends,2019
730932,Hà Nội,Family,2019
730932,Hà Nội,Family,2019
730957,Hà Nội,Family,2019
730957,Hà Nội,Friends,2019
730957,Hà Nội,Colleagues / Business partner,2019
730965,Hà Nội,Colleagues / Business partner,2019
730965,Hà Nội,Family,2019
730965,Hà Nội,Friends,2019
730994,Đà Nẵng,Family,2019
730994,Đà Nẵng,Family,2019
730994,Đà Nẵng,Friends,2019
731029,Hải Phòng,Colleagues / Business partner,2019
731029,Hải Phòng,Family,2019
731070,Hà Nội,Family,2019
731070,Hà Nội,Family,2019
731084,Hà Nội,Family,2019
731084,Hà Nội,Colleagues / Business partner,2019
731084,Hà Nội,Friends,2019
731107,Nha Trang,Family,2019
731107,Nha Trang,Family,2019
731107,Nha Trang,Friends,2019
731141,Nha Trang,Friends,2019
731148,Hà Nội,Friends,2019
731177,Đà Nẵng,Friends,2019
731177,Đà Nẵng,Family,2019
731245,Hải Phòng,Colleagues / Business partner,2019
731268,Hà Nội,Friends,2019
731273,Hà Nội,Friends,2019
731273,Hà Nội,Colleagues / Business partner,2019
731329,Nha Trang,Friends,2019
731329,Nha Trang,Family,2019
731390,Nha Trang,Family,2019
731390,Nha Trang,Friends,2019
731475,Hải Phòng,Colleagues / Business partner,2019
731475,Hải Phòng,Friends,2019
731481,Hà Nội,Family,2019
731481,Hà Nội,Friends,2019
731486,Đà Nẵng,Boyfriend / Girlfriend,2019
731486,Đà Nẵng,Friends,2019
731526,Hà Nội,Boyfriend / Girlfriend,2019
731526,Hà Nội,Family,2019
731526,Hà Nội,Friends,2019
731668,Hồ Chí Minh,Friends,2019
731691,Hà Nội,Family,2019
731691,Hà Nội,Family,2019
731715,Hải Phòng,Friends,2019
731740,Hà Nội,Friends,2019
731740,Hà Nội,Boyfriend / Girlfriend,2019
731768,Hải Phòng,Friends,2019
731768,Hải Phòng,Family,2019
731782,Hồ Chí Minh,Family,2019
731782,Hồ Chí Minh,Friends,2019
731807,Hà Nội,Friends,2019
731843,Hà Nội,Friends,2019
731932,Hà Nội,Friends,2019
731932,Hà Nội,Family,2019
731972,Hồ Chí Minh,Colleagues / Business partner,2019
731972,Hồ Chí Minh,Friends,2019
731972,Hồ Chí Minh,Boyfriend / Girlfriend,2019
732361,Hà Nội,Friends,2019
732361,Hà Nội,Family,2019
732434,Hà Nội,Colleagues / Business partner,2019
732434,Hà Nội,Friends,2019
732437,Hồ Chí Minh,Colleagues / Business partner,2019
732437,Hồ Chí Minh,Friends,2019
732618,Nha Trang,Alone,2019
732618,Nha Trang,Friends,2019
732669,Hà Nội,Family,2019
732669,Hà Nội,Friends,2019
732706,Hà Nội,Family,2019
732706,Hà Nội,Friends,2019
732706,Hà Nội,Family,2019
732706,Hà Nội,Family,2019
732706,Hà Nội,Family,2019
732719,Hà Nội,Colleagues / Business partner,2019
732719,Hà Nội,Friends,2019
732720,Hải Phòng,Friends,2019
732732,Hà Nội,Friends,2019
732732,Hà Nội,Family,2019
732732,Hà Nội,Colleagues / Business partner,2019
732817,Nha Trang,Alone,2019
732821,Hồ Chí Minh,Family,2019
732821,Hồ Chí Minh,Colleagues / Business partner,2019
732821,Hồ Chí Minh,Family,2019
732821,Hồ Chí Minh,Friends,2019
732944,Hồ Chí Minh,Friends,2019
732958,Hà Nội,Friends,2019
732958,Hà Nội,Family,2019
732958,Hà Nội,Family,2019
732959,Hồ Chí Minh,Family,2019
732959,Hồ Chí Minh,Friends,2019
732986,Đà Nẵng,Family,2019
732986,Đà Nẵng,Family,2019
732986,Đà Nẵng,Friends,2019
733009,Nha Trang,Friends,2019
733144,Đà Nẵng,Alone,2019
733422,Hải Phòng,Colleagues / Business partner,2019
733533,Nha Trang,Friends,2019
733574,Hà Nội,Friends,2019
733647,Hồ Chí Minh,Friends,2019
733654,Hồ Chí Minh,Colleagues / Business partner,2019
733654,Hồ Chí Minh,Friends,2019
733720,Hà Nội,Friends,2019
733720,Hà Nội,Boyfriend / Girlfriend,2019
733720,Hà Nội,Colleagues / Business partner,2019
733720,Hà Nội,Family,2019
733730,Hải Phòng,Friends,2019
733730,Hải Phòng,Family,2019
733730,Hải Phòng,Family,2019
733736,Hà Nội,Colleagues / Business partner,2019
733736,Hà Nội,Family,2019
733736,Hà Nội,Family,2019
733736,Hà Nội,Friends,2019
733740,Hà Nội,Family,2019
733740,Hà Nội,Friends,2019
733740,Hà Nội,Colleagues / Business partner,2019
733754,Hồ Chí Minh,Alone,2019
733800,Hồ Chí Minh,Family,2019
733800,Hồ Chí Minh,Family,2019
733873,Hồ Chí Minh,Family,2019
733873,Hồ Chí Minh,Friends,2019
733902,Nha Trang,Friends,2019
733904,Hồ Chí Minh,Alone,2019
733939,Hà Nội,Family,2019
733939,Hà Nội,Friends,2019
733941,Hải Phòng,Family,2019
733941,Hải Phòng,Friends,2019
733941,Hải Phòng,Family,2019
733941,Hải Phòng,Family,2019
733945,Hồ Chí Minh,Friends,2019
733945,Hồ Chí Minh,Family,2019
733945,Hồ Chí Minh,Colleagues / Business partner,2019
733952,Hà Nội,Friends,2019
733952,Hà Nội,Family,2019
733952,Hà Nội,Family,2019
733973,Hồ Chí Minh,Alone,2019
733977,Hà Nội,Family,2019
733977,Hà Nội,Friends,2019
733985,Hà Nội,Friends,2019
733985,Hà Nội,Family,2019
733988,Hà Nội,Friends,2019
734042,Hải Phòng,Colleagues / Business partner,2019
734042,Hải Phòng,Friends,2019
734042,Hải Phòng,Family,2019
734112,Hải Phòng,Family,2019
734112,Hải Phòng,Family,2019
734112,Hải Phòng,Friends,2019
734147,Cần Thơ,Family,2019
734147,Cần Thơ,Family,2019
734147,Cần Thơ,Colleagues / Business partner,2019
734147,Cần Thơ,Friends,2019
734147,Cần Thơ,Boyfriend / Girlfriend,2019
734152,Hà Nội,Family,2019
734152,Hà Nội,Friends,2019
734169,Hà Nội,Family,2019
734169,Hà Nội,Friends,2019
734169,Hà Nội,Colleagues / Business partner,2019
734255,Hà Nội,Friends,2019
734310,Hà Nội,Friends,2019
734310,Hà Nội,Boyfriend / Girlfriend,2019
734311,Nha Trang,Friends,2019
734438,Hà Nội,Family,2019
734438,Hà Nội,Friends,2019
734438,Hà Nội,Boyfriend / Girlfriend,2019
734518,Hải Phòng,Friends,2019
734520,Hải Phòng,Friends,2019
734520,Hải Phòng,Family,2019
734563,Hà Nội,Friends,2019
734563,Hà Nội,Colleagues / Business partner,2019
734595,Nha Trang,Family,2019
734676,Nha Trang,Friends,2019
734676,Nha Trang,Colleagues / Business partner,2019
734676,Nha Trang,Family,2019
734677,Hà Nội,Boyfriend / Girlfriend,2019
734740,Hà Nội,Friends,2019
734754,Hà Nội,Colleagues / Business partner,2019
734754,Hà Nội,Friends,2019
734754,Hà Nội,Family,2019
734792,Hải Phòng,Alone,2019
734844,Nha Trang,Family,2019
734844,Nha Trang,Friends,2019
734867,Hồ Chí Minh,Family,2019
734867,Hồ Chí Minh,Friends,2019
734914,Nha Trang,Friends,2019
734990,Hải Phòng,Friends,2019
735026,Hồ Chí Minh,Friends,2019
735033,Hồ Chí Minh,Friends,2019
735043,Hà Nội,Colleagues / Business partner,2019
735043,Hà Nội,Friends,2019
735059,Hà Nội,Family,2019
735059,Hà Nội,Friends,2019
735059,Hà Nội,Family,2019
735066,Hà Nội,Friends,2019
735105,Hồ Chí Minh,Friends,2019
735138,Hồ Chí Minh,Friends,2019
735683,Đà Nẵng,Family,2019
735683,Đà Nẵng,Friends,2019
735683,Đà Nẵng,Family,2019
735741,Hồ Chí Minh,Friends,2019
735741,Hồ Chí Minh,Colleagues / Business partner,2019
735741,Hồ Chí Minh,Family,2019
735957,Hà Nội,Family,2019
735957,Hà Nội,Family,2019
735957,Hà Nội,Friends,2019
736248,Hồ Chí Minh,Alone,2019
736254,Đà Nẵng,Friends,2019
736404,Nha Trang,Colleagues / Business partner,2019
736421,Hà Nội,Family,2019
736421,Hà Nội,Family,2019
736421,Hà Nội,Friends,2019
736467,Hà Nội,Friends,2019
736467,Hà Nội,Colleagues / Business partner,2019
736531,Hải Phòng,Friends,2019
736777,Hà Nội,Colleagues / Business partner,2019
736777,Hà Nội,Friends,2019
736817,Hồ Chí Minh,Family,2019
736817,Hồ Chí Minh,Colleagues / Business partner,2019
736817,Hồ Chí Minh,Friends,2019
736894,Hà Nội,Friends,2019
737074,Hà Nội,Friends,2019
737074,Hà Nội,Family,2019
737074,Hà Nội,Family,2019
737085,Hồ Chí Minh,Friends,2019
737085,Hồ Chí Minh,Family,2019
737085,Hồ Chí Minh,Family,2019
737100,Đà Nẵng,Friends,2019
737128,Nha Trang,Friends,2019
737254,Đà Nẵng,Friends,2019
737286,Hồ Chí Minh,Family,2019
737360,Hồ Chí Minh,Family,2019
737379,Hồ Chí Minh,Boyfriend / Girlfriend,2019
737379,Hồ Chí Minh,Friends,2019
737382,Hà Nội,Friends,2019
737402,Hồ Chí Minh,Family,2019
737402,Hồ Chí Minh,Friends,2019
737459,Hồ Chí Minh,Family,2019
737459,Hồ Chí Minh,Friends,2019
737464,Hồ Chí Minh,Family,2019
737464,Hồ Chí Minh,Friends,2019
737467,Hà Nội,Friends,2019
737514,Hà Nội,Friends,2019
737514,Hà Nội,Family,2019
737543,Hà Nội,Colleagues / Business partner,2019
737543,Hà Nội,Friends,2019
737543,Hà Nội,Family,2019
737583,Hồ Chí Minh,Colleagues / Business partner,2019
737583,Hồ Chí Minh,Alone,2019
737583,Hồ Chí Minh,Friends,2019
737583,Hồ Chí Minh,Family,2019
737606,Hồ Chí Minh,Alone,2019
737716,Hồ Chí Minh,Family,2019
737716,Hồ Chí Minh,Family,2019
737755,Hồ Chí Minh,Friends,2019
737755,Hồ Chí Minh,Family,2019
737758,Hà Nội,Friends,2019
737758,Hà Nội,Family,2019
737758,Hà Nội,Colleagues / Business partner,2019
737800,Đà Nẵng,Friends,2019
737849,Hồ Chí Minh,Boyfriend / Girlfriend,2019
737849,Hồ Chí Minh,Friends,2019
737851,Hồ Chí Minh,Colleagues / Business partner,2019
737867,Hải Phòng,Family,2019
737867,Hải Phòng,Colleagues / Business partner,2019
737867,Hải Phòng,Friends,2019
737921,Nha Trang,Family,2019
737921,Nha Trang,Friends,2019
737921,Nha Trang,Alone,2019
737921,Nha Trang,Family,2019
737986,Nha Trang,Colleagues / Business partner,2019
738009,Hà Nội,Family,2019
738010,Hà Nội,Family,2019
738010,Hà Nội,Family,2019
738013,Hồ Chí Minh,Family,2019
738053,Nha Trang,Friends,2019
738053,Nha Trang,Family,2019
738119,Hồ Chí Minh,Friends,2019
738119,Hồ Chí Minh,Boyfriend / Girlfriend,2019
738127,Đà Nẵng,Alone,2019
738134,Hồ Chí Minh,Friends,2019
738135,Hồ Chí Minh,Friends,2019
738140,Hồ Chí Minh,Friends,2019
738196,Đà Nẵng,Colleagues / Business partner,2019
738196,Đà Nẵng,Friends,2019
738212,Hải Phòng,Friends,2019
738212,Hải Phòng,Family,2019
738215,Hồ Chí Minh,Family,2019
738215,Hồ Chí Minh,Friends,2019
738215,Hồ Chí Minh,Alone,2019
738225,Hải Phòng,Friends,2019
738244,Hà Nội,Family,2019
738244,Hà Nội,Colleagues / Business partner,2019
738244,Hà Nội,Friends,2019
738307,Hà Nội,Friends,2019
738349,Nha Trang,Family,2019
738349,Nha Trang,Friends,2019
738351,Hồ Chí Minh,Family,2019
738351,Hồ Chí Minh,Family,2019
738417,Đà Nẵng,Friends,2019
738417,Đà Nẵng,Alone,2019
738426,Hà Nội,Colleagues / Business partner,2019
738426,Hà Nội,Family,2019
738426,Hà Nội,Family,2019
738426,Hà Nội,Friends,2019
738432,Hồ Chí Minh,Alone,2019
738435,Hà Nội,Colleagues / Business partner,2019
738435,Hà Nội,Friends,2019
738508,Hồ Chí Minh,Friends,2019
738508,Hồ Chí Minh,Colleagues / Business partner,2019
738587,Hồ Chí Minh,Family,2019
738587,Hồ Chí Minh,Colleagues / Business partner,2019
738587,Hồ Chí Minh,Alone,2019
738587,Hồ Chí Minh,Friends,2019
738653,Hà Nội,Family,2019
738653,Hà Nội,Friends,2019
738678,Hà Nội,Friends,2019
738678,Hà Nội,Family,2019
738694,Hà Nội,Colleagues / Business partner,2019
738694,Hà Nội,Family,2019
738694,Hà Nội,Friends,2019
738694,Hà Nội,Family,2019
738756,Nha Trang,Friends,2019
738882,Nha Trang,Family,2019
738882,Nha Trang,Family,2019
738897,Đà Nẵng,Friends,2019
738897,Đà Nẵng,Alone,2019
738921,Hồ Chí Minh,Family,2019
738921,Hồ Chí Minh,Family,2019
738921,Hồ Chí Minh,Family,2019
738942,Hà Nội,Family,2019
738942,Hà Nội,Friends,2019
738985,Hồ Chí Minh,Alone,2019
738997,Hà Nội,Family,2019
738997,Hà Nội,Friends,2019
739061,Hà Nội,Friends,2019
739061,Hà Nội,Family,2019
739159,Nha Trang,Friends,2019
739167,Nha Trang,Friends,2019
739189,Nha Trang,Family,2019
739189,Nha Trang,Family,2019
739202,Hải Phòng,Family,2019
739202,Hải Phòng,Family,2019
739202,Hải Phòng,Friends,2019
739272,Hải Phòng,Alone,2019
739358,Hải Phòng,Friends,2019
739387,Nha Trang,Friends,2019
739475,Hà Nội,Family,2019
739475,Hà Nội,Friends,2019
739475,Hà Nội,Family,2019
739479,Hồ Chí Minh,Family,2019
739479,Hồ Chí Minh,Friends,2019
739488,Hồ Chí Minh,Friends,2019
739501,Hồ Chí Minh,Friends,2019
739501,Hồ Chí Minh,Family,2019
739630,Đà Nẵng,Friends,2019
739630,Đà Nẵng,Family,2019
739650,Đà Nẵng,Family,2019
739650,Đà Nẵng,Family,2019
739650,Đà Nẵng,Friends,2019
739650,Đà Nẵng,Family,2019
739684,Hà Nội,Family,2019
739684,Hà Nội,Friends,2019
739729,Hồ Chí Minh,Alone,2019
739750,Hồ Chí Minh,Family,2019
739750,Hồ Chí Minh,Friends,2019
739792,Hà Nội,Family,2019
739792,Hà Nội,Colleagues / Business partner,2019
739792,Hà Nội,Friends,2019
739856,Hồ Chí Minh,Alone,2019
739897,Đà Nẵng,Friends,2019
739939,Hồ Chí Minh,Friends,2019
739939,Hồ Chí Minh,Family,2019
739958,Hồ Chí Minh,Colleagues / Business partner,2019
739963,Hồ Chí Minh,Family,2019
739972,Hà Nội,Friends,2019
739972,Hà Nội,Colleagues / Business partner,2019
739972,Hà Nội,Family,2019
740084,Hà Nội,Colleagues / Business partner,2019
740084,Hà Nội,Friends,2019
740497,Hà Nội,Friends,2019
740497,Hà Nội,Family,2019
740497,Hà Nội,Colleagues / Business partner,2019
740773,Hồ Chí Minh,Alone,2019
740785,Hà Nội,Friends,2019
740785,Hà Nội,Colleagues / Business partner,2019
741185,Hồ Chí Minh,Friends,2019
741185,Hồ Chí Minh,Family,2019
741185,Hồ Chí Minh,Family,2019
741218,Đà Nẵng,Friends,2019
741281,Hà Nội,Friends,2019
741281,Hà Nội,Boyfriend / Girlfriend,2019
741584,Hồ Chí Minh,Colleagues / Business partner,2019
741584,Hồ Chí Minh,Friends,2019
741655,Hà Nội,Colleagues / Business partner,2019
741655,Hà Nội,Friends,2019
741676,Hồ Chí Minh,Friends,2019
741676,Hồ Chí Minh,Alone,2019
741680,Hồ Chí Minh,Family,2019
741729,Hà Nội,Family,2019
741729,Hà Nội,Friends,2019
741732,Hồ Chí Minh,Alone,2019
742021,Hồ Chí Minh,Friends,2019
742021,Hồ Chí Minh,Boyfriend / Girlfriend,2019
742145,Đà Nẵng,Friends,2019
742205,Hồ Chí Minh,Family,2019
742205,Hồ Chí Minh,Friends,2019
742309,Hà Nội,Boyfriend / Girlfriend,2019
742309,Hà Nội,Colleagues / Business partner,2019
742309,Hà Nội,Friends,2019
742385,Hà Nội,Friends,2019
742389,Đà Nẵng,Alone,2019
742419,Hồ Chí Minh,Family,2019
742419,Hồ Chí Minh,Friends,2019
742419,Hồ Chí Minh,Colleagues / Business partner,2019
742480,Đà Nẵng,Friends,2019
742522,Hồ Chí Minh,Friends,2019
742613,Đà Nẵng,Family,2019
742613,Đà Nẵng,Friends,2019
742629,Hồ Chí Minh,Family,2019
742629,Hồ Chí Minh,Friends,2019
742657,Đà Nẵng,Friends,2019
742657,Đà Nẵng,Alone,2019
742701,Hà Nội,Family,2019
742701,Hà Nội,Friends,2019
742711,Đà Nẵng,Friends,2019
742784,Đà Nẵng,Friends,2019
742784,Đà Nẵng,Family,2019
742784,Đà Nẵng,Family,2019
742784,Đà Nẵng,Colleagues / Business partner,2019
742977,Hải Phòng,Alone,2019
742977,Hải Phòng,Friends,2019
742977,Hải Phòng,Colleagues / Business partner,2019
742978,Hải Phòng,Friends,2019
743123,Hà Nội,Family,2019
743123,Hà Nội,Friends,2019
743140,Hải Phòng,Friends,2019
743156,Hà Nội,Family,2019
743156,Hà Nội,Friends,2019
743170,Nha Trang,Alone,2019
743236,Hà Nội,Family,2019
743236,Hà Nội,Friends,2019
743253,Đà Nẵng,Family,2019
743253,Đà Nẵng,Family,2019
743253,Đà Nẵng,Friends,2019
743290,Hồ Chí Minh,Alone,2019
743290,Hồ Chí Minh,Family,2019
743290,Hồ Chí Minh,Colleagues / Business partner,2019
743290,Hồ Chí Minh,Family,2019
743338,Hà Nội,Family,2019
743338,Hà Nội,Friends,2019
743338,Hà Nội,Family,2019
743341,Hải Phòng,Friends,2019
743355,Đà Nẵng,Family,2019
743355,Đà Nẵng,Friends,2019
743362,Hải Phòng,Friends,2019
743362,Hải Phòng,Colleagues / Business partner,2019
743600,Đà Nẵng,Colleagues / Business partner,2019
743600,Đà Nẵng,Family,2019
743600,Đà Nẵng,Alone,2019
743628,Hồ Chí Minh,Family,2019
743645,Đà Nẵng,Friends,2019
743669,Hải Phòng,Colleagues / Business partner,2019
743669,Hải Phòng,Friends,2019
743670,Hồ Chí Minh,Friends,2019
743670,Hồ Chí Minh,Alone,2019
743670,Hồ Chí Minh,Family,2019
743670,Hồ Chí Minh,Family,2019
743670,Hồ Chí Minh,Colleagues / Business partner,2019
743762,Hồ Chí Minh,Family,2019
743762,Hồ Chí Minh,Family,2019
743790,Nha Trang,Friends,2019
743936,Đà Nẵng,Alone,2019
743936,Đà Nẵng,Friends,2019
744018,Hà Nội,Family,2019
744018,Hà Nội,Friends,2019
744031,Hà Nội,Alone,2019
744036,Đà Nẵng,Friends,2019
744065,Nha Trang,Colleagues / Business partner,2019
744065,Nha Trang,Friends,2019
744065,Nha Trang,Family,2019
744137,Đà Nẵng,Friends,2019
744137,Đà Nẵng,Colleagues / Business partner,2019
744212,Hồ Chí Minh,Family,2019
744212,Hồ Chí Minh,Family,2019
744212,Hồ Chí Minh,Friends,2019
744276,Hồ Chí Minh,Friends,2019
744338,Nha Trang,Colleagues / Business partner,2019
744338,Nha Trang,Family,2019
744338,Nha Trang,Family,2019
744338,Nha Trang,Friends,2019
744362,Hà Nội,Family,2019
744362,Hà Nội,Colleagues / Business partner,2019
744362,Hà Nội,Friends,2019
744379,Hà Nội,Friends,2019
744391,Hồ Chí Minh,Family,2019
744391,Hồ Chí Minh,Friends,2019
744398,Hồ Chí Minh,Friends,2019
744398,Hồ Chí Minh,Family,2019
744478,Đà Nẵng,Friends,2019
744540,Hà Nội,Colleagues / Business partner,2019
744540,Hà Nội,Alone,2019
744554,Hà Nội,Family,2019
744565,Nha Trang,Friends,2019
744570,Hồ Chí Minh,Friends,2019
744570,Hồ Chí Minh,Boyfriend / Girlfriend,2019
744570,Hồ Chí Minh,Colleagues / Business partner,2019
744702,Hồ Chí Minh,Family,2019
744702,Hồ Chí Minh,Friends,2019
744783,Hà Nội,Colleagues / Business partner,2019
744783,Hà Nội,Family,2019
744783,Hà Nội,Friends,2019
744830,Nha Trang,Friends,2019
744830,Nha Trang,Colleagues / Business partner,2019
744830,Nha Trang,Boyfriend / Girlfriend,2019
744830,Nha Trang,Family,2019
744935,Đà Nẵng,Friends,2019
744949,Hồ Chí Minh,Family,2019
744957,Hồ Chí Minh,Alone,2019
744991,Hà Nội,Family,2019
744991,Hà Nội,Family,2019
745008,Hồ Chí Minh,Friends,2019
745139,Hải Phòng,Friends,2019
745160,Đà Nẵng,Family,2019
745160,Đà Nẵng,Colleagues / Business partner,2019
745160,Đà Nẵng,Family,2019
745160,Đà Nẵng,Family,2019
745160,Đà Nẵng,Family,2019
745160,Đà Nẵng,Family,2019
745541,Đà Nẵng,Friends,2019
745573,Đà Nẵng,Family,2019
745573,Đà Nẵng,Friends,2019
745579,Hồ Chí Minh,Alone,2019
745581,Hồ Chí Minh,Alone,2019
745728,Đà Nẵng,Friends,2019
745753,Đà Nẵng,Friends,2019
745812,Hồ Chí Minh,Friends,2019
745812,Hồ Chí Minh,Boyfriend / Girlfriend,2019
745827,Đà Nẵng,Friends,2019
746013,Đà Nẵng,Friends,2019
746013,Đà Nẵng,Family,2019
746038,Hồ Chí Minh,Alone,2019
746038,Hồ Chí Minh,Family,2019
746038,Hồ Chí Minh,Friends,2019
746047,Đà Nẵng,Friends,2019
746199,Hà Nội,Family,2019
746310,Hà Nội,Friends,2019
746310,Hà Nội,Family,2019
746410,Hà Nội,Friends,2019
746432,Đà Nẵng,Colleagues / Business partner,2019
746432,Đà Nẵng,Friends,2019
746554,Hải Phòng,Friends,2019
746554,Hải Phòng,Family,2019
746594,Hà Nội,Friends,2019
746729,Hải Phòng,Friends,2019
746896,Hà Nội,Boyfriend / Girlfriend,2019
746896,Hà Nội,Family,2019
746896,Hà Nội,Friends,2019
746931,Hồ Chí Minh,Alone,2019
746969,Hà Nội,Colleagues / Business partner,2019
746969,Hà Nội,Family,2019
746969,Hà Nội,Friends,2019
746996,Hà Nội,Friends,2019
746996,Hà Nội,Colleagues / Business partner,2019
747026,Hải Phòng,Friends,2019
747125,Cần Thơ,Friends,2019
747134,Hà Nội,Family,2019
747134,Hà Nội,Friends,2019
747134,Hà Nội,Colleagues / Business partner,2019
747134,Hà Nội,Family,2019
747152,Đà Nẵng,Friends,2019
747152,Đà Nẵng,Family,2019
747241,Hà Nội,Friends,2019
747246,Hải Phòng,Friends,2019
747293,Hà Nội,Friends,2019
747293,Hà Nội,Boyfriend / Girlfriend,2019
747354,Hồ Chí Minh,Family,2019
747383,Hà Nội,Friends,2019
747389,Hồ Chí Minh,Alone,2019
747389,Hồ Chí Minh,Friends,2019
747410,Hồ Chí Minh,Family,2019
747410,Hồ Chí Minh,Alone,2019
747411,Hải Phòng,Colleagues / Business partner,2019
747544,Hà Nội,Friends,2019
747544,Hà Nội,Boyfriend / Girlfriend,2019
747553,Hà Nội,Family,2019
747553,Hà Nội,Colleagues / Business partner,2019
747553,Hà Nội,Friends,2019
747578,Hà Nội,Friends,2019
747636,Hồ Chí Minh,Friends,2019
747694,Hà Nội,Friends,2019
747694,Hà Nội,Colleagues / Business partner,2019
747694,Hà Nội,Family,2019
747704,Hồ Chí Minh,Friends,2019
747704,Hồ Chí Minh,Family,2019
747835,Hà Nội,Friends,2019
747860,Hà Nội,Friends,2019
747978,Đà Nẵng,Colleagues / Business partner,2019
747978,Đà Nẵng,Friends,2019
747978,Đà Nẵng,Alone,2019
747983,Đà Nẵng,Friends,2019
748020,Hồ Chí Minh,Friends,2019
748029,Hồ Chí Minh,Family,2019
748057,Hồ Chí Minh,Friends,2019
748057,Hồ Chí Minh,Family,2019
748057,Hồ Chí Minh,Alone,2019
748086,Hà Nội,Colleagues / Business partner,2019
748086,Hà Nội,Friends,2019
748160,Hồ Chí Minh,Alone,2019
748184,Hà Nội,Friends,2019
748184,Hà Nội,Colleagues / Business partner,2019
748185,Hà Nội,Friends,2019
748242,Đà Nẵng,Friends,2019
748242,Đà Nẵng,Family,2019
748265,Hà Nội,Friends,2019
748304,Hồ Chí Minh,Alone,2019
748364,Hồ Chí Minh,Family,2019
748364,Hồ Chí Minh,Friends,2019
748373,Đà Nẵng,Colleagues / Business partner,2019
748373,Đà Nẵng,Friends,2019
748374,Đà Nẵng,Family,2019
748374,Đà Nẵng,Family,2019
748374,Đà Nẵng,Friends,2019
748393,Hà Nội,Family,2019
748393,Hà Nội,Family,2019
748393,Hà Nội,Colleagues / Business partner,2019
748393,Hà Nội,Friends,2019
748418,Hồ Chí Minh,Friends,2019
748418,Hồ Chí Minh,Family,2019
748497,Hồ Chí Minh,Alone,2019
748528,Hồ Chí Minh,Alone,2019
748528,Hồ Chí Minh,Family,2019
748528,Hồ Chí Minh,Friends,2019
748554,Hà Nội,Family,2019
748554,Hà Nội,Colleagues / Business partner,2019
748554,Hà Nội,Friends,2019
748563,Hồ Chí Minh,Alone,2019
748563,Hồ Chí Minh,Friends,2019
748569,Hồ Chí Minh,Friends,2019
748578,Đà Nẵng,Friends,2019
748613,Hồ Chí Minh,Alone,2019
748613,Hồ Chí Minh,Friends,2019
748678,Hồ Chí Minh,Friends,2019
748678,Hồ Chí Minh,Family,2019
748738,Hồ Chí Minh,Friends,2019
748748,Hà Nội,Friends,2019
748748,Hà Nội,Colleagues / Business partner,2019
748748,Hà Nội,Family,2019
748748,Hà Nội,Family,2019
748748,Hà Nội,Family,2019
748748,Hà Nội,Alone,2019
748758,Hồ Chí Minh,Alone,2019
748758,Hồ Chí Minh,Friends,2019
748758,Hồ Chí Minh,Colleagues / Business partner,2019
748807,Hà Nội,Colleagues / Business partner,2019
748807,Hà Nội,Friends,2019
748875,Đà Nẵng,Friends,2019
748883,Hà Nội,Family,2019
748883,Hà Nội,Colleagues / Business partner,2019
748883,Hà Nội,Friends,2019
748944,Hà Nội,Friends,2019
748944,Hà Nội,Boyfriend / Girlfriend,2019
749176,Hà Nội,Family,2019
749176,Hà Nội,Family,2019
749176,Hà Nội,Friends,2019
749179,Hồ Chí Minh,Family,2019
749179,Hồ Chí Minh,Friends,2019
749179,Hồ Chí Minh,Family,2019
749187,Hồ Chí Minh,Friends,2019
749194,Hồ Chí Minh,Friends,2019
749194,Hồ Chí Minh,Family,2019
749194,Hồ Chí Minh,Family,2019
749208,Hồ Chí Minh,Alone,2019
749208,Hồ Chí Minh,Family,2019
749208,Hồ Chí Minh,Friends,2019
749403,Đà Nẵng,Friends,2019
749417,Hồ Chí Minh,Friends,2019
749434,Hồ Chí Minh,Friends,2019
749434,Hồ Chí Minh,Colleagues / Business partner,2019
749434,Hồ Chí Minh,Family,2019
749457,Hà Nội,Friends,2019
749457,Hà Nội,Colleagues / Business partner,2019
749495,Hồ Chí Minh,Friends,2019
749526,Đà Nẵng,Alone,2019
749526,Đà Nẵng,Friends,2019
749558,Hồ Chí Minh,Family,2019
749558,Hồ Chí Minh,Family,2019
749617,Hồ Chí Minh,Family,2019
749617,Hồ Chí Minh,Friends,2019
749619,Hồ Chí Minh,Colleagues / Business partner,2019
749619,Hồ Chí Minh,Friends,2019
749619,Hồ Chí Minh,Alone,2019
749834,Đà Nẵng,Friends,2019
749837,Hà Nội,Friends,2019
749862,Đà Nẵng,Friends,2019
749897,Hà Nội,Friends,2019
749897,Hà Nội,Family,2019
749904,Hà Nội,Friends,2019
749904,Hà Nội,Family,2019
749904,Hà Nội,Colleagues / Business partner,2019
749977,Hà Nội,Family,2019
749977,Hà Nội,Friends,2019
749977,Hà Nội,Colleagues / Business partner,2019
750058,Hà Nội,Friends,2019
750058,Hà Nội,Colleagues / Business partner,2019
750058,Hà Nội,Family,2019
750065,Hà Nội,Friends,2019
750065,Hà Nội,Family,2019
750119,Đà Nẵng,Family,2019
750119,Đà Nẵng,Family,2019
750119,Đà Nẵng,Family,2019
750139,Hồ Chí Minh,Friends,2019
750139,Hồ Chí Minh,Family,2019
750219,Đà Nẵng,Friends,2019
750219,Đà Nẵng,Colleagues / Business partner,2019
750219,Đà Nẵng,Family,2019
750323,Cần Thơ,Family,2019
750323,Cần Thơ,Family,2019
750323,Cần Thơ,Alone,2019
750323,Cần Thơ,Family,2019
750363,Hồ Chí Minh,Friends,2019
750392,Hồ Chí Minh,Family,2019
750415,Hồ Chí Minh,Friends,2019
750415,Hồ Chí Minh,Alone,2019
750599,Hồ Chí Minh,Friends,2019
750621,Hà Nội,Colleagues / Business partner,2019
750621,Hà Nội,Friends,2019
750705,Cần Thơ,Family,2019
750705,Cần Thơ,Alone,2019
750705,Cần Thơ,Friends,2019
750784,Đà Nẵng,Colleagues / Business partner,2019
750784,Đà Nẵng,Friends,2019
750786,Hồ Chí Minh,Friends,2019
750786,Hồ Chí Minh,Boyfriend / Girlfriend,2019
750786,Hồ Chí Minh,Family,2019
750852,Hồ Chí Minh,Friends,2019
750852,Hồ Chí Minh,Colleagues / Business partner,2019
750888,Hồ Chí Minh,Family,2019
750888,Hồ Chí Minh,Alone,2019
750888,Hồ Chí Minh,Friends,2019
750888,Hồ Chí Minh,Colleagues / Business partner,2019
750888,Hồ Chí Minh,Family,2019
750944,Hồ Chí Minh,Alone,2019
750972,Đà Nẵng,Friends,2019
750972,Đà Nẵng,Family,2019
750972,Đà Nẵng,Alone,2019
751029,Hồ Chí Minh,Friends,2019
751029,Hồ Chí Minh,Alone,2019
751050,Hồ Chí Minh,Colleagues / Business partner,2019
751050,Hồ Chí Minh,Family,2019
751063,Hồ Chí Minh,Friends,2019
751063,Hồ Chí Minh,Family,2019
751086,Hồ Chí Minh,Alone,2019
751086,Hồ Chí Minh,Colleagues / Business partner,2019
751086,Hồ Chí Minh,Family,2019
751086,Hồ Chí Minh,Friends,2019
751130,Hồ Chí Minh,Friends,2019
751130,Hồ Chí Minh,Alone,2019
751279,Hồ Chí Minh,Alone,2019
751422,Đà Nẵng,Alone,2019
751422,Đà Nẵng,Friends,2019
751460,Đà Nẵng,Friends,2019
751460,Đà Nẵng,Family,2019
751488,Hồ Chí Minh,Friends,2019
751577,Đà Nẵng,Friends,2019
751606,Hồ Chí Minh,Friends,2019
751606,Hồ Chí Minh,Family,2019
751606,Hồ Chí Minh,Colleagues / Business partner,2019
751637,Hồ Chí Minh,Family,2019
751637,Hồ Chí Minh,Friends,2019
751792,Hải Phòng,Friends,2019
751798,Hải Phòng,Friends,2019
751840,Hà Nội,Family,2019
751840,Hà Nội,Friends,2019
751840,Hà Nội,Family,2019
751990,Hải Phòng,Colleagues / Business partner,2019
751997,Hải Phòng,Friends,2019
752017,Đà Nẵng,Friends,2019
752017,Đà Nẵng,Boyfriend / Girlfriend,2019
752021,Đà Nẵng,Friends,2019
752187,Hồ Chí Minh,Friends,2019
752187,Hồ Chí Minh,Family,2019
752198,Đà Nẵng,Family,2019
752214,Hồ Chí Minh,Colleagues / Business partner,2019
752214,Hồ Chí Minh,Friends,2019
752252,Đà Nẵng,Colleagues / Business partner,2019
752252,Đà Nẵng,Friends,2019
752274,Đà Nẵng,Family,2019
752274,Đà Nẵng,Family,2019
752287,Hồ Chí Minh,Friends,2019
752287,Hồ Chí Minh,Family,2019
752442,Hồ Chí Minh,Colleagues / Business partner,2019
752442,Hồ Chí Minh,Friends,2019
752442,Hồ Chí Minh,Alone,2019
752593,Đà Nẵng,Friends,2019
752673,Đà Nẵng,Friends,2019
752715,Đà Nẵng,Family,2019
752734,Hồ Chí Minh,Family,2019
752734,Hồ Chí Minh,Colleagues / Business partner,2019
752734,Hồ Chí Minh,Friends,2019
752737,Đà Nẵng,Friends,2019
752737,Đà Nẵng,Alone,2019
752737,Đà Nẵng,Boyfriend / Girlfriend,2019
752737,Đà Nẵng,Colleagues / Business partner,2019
752760,Hà Nội,Friends,2019
752774,Hồ Chí Minh,Friends,2019
752826,Hồ Chí Minh,Alone,2019
752826,Hồ Chí Minh,Boyfriend / Girlfriend,2019
752826,Hồ Chí Minh,Colleagues / Business partner,2019
752826,Hồ Chí Minh,Family,2019
752826,Hồ Chí Minh,Friends,2019
752860,Đà Nẵng,Alone,2019
752860,Đà Nẵng,Friends,2019
752923,Hồ Chí Minh,Colleagues / Business partner,2019
752923,Hồ Chí Minh,Family,2019
752923,Hồ Chí Minh,Friends,2019
752947,Hồ Chí Minh,Friends,2019
752947,Hồ Chí Minh,Colleagues / Business partner,2019
753075,Hồ Chí Minh,Friends,2019
753075,Hồ Chí Minh,Colleagues / Business partner,2019
753287,Đà Nẵng,Friends,2019
753287,Đà Nẵng,Family,2019
753476,Hồ Chí Minh,Friends,2019
753476,Hồ Chí Minh,Family,2019
753540,Hồ Chí Minh,Friends,2019
753540,Hồ Chí Minh,Family,2019
753557,Hồ Chí Minh,Friends,2019
753557,Hồ Chí Minh,Alone,2019
753604,Đà Nẵng,Friends,2019
753731,Hồ Chí Minh,Family,2019
753731,Hồ Chí Minh,Friends,2019
753962,Hồ Chí Minh,Friends,2019
754178,Hồ Chí Minh,Friends,2019
754212,Đà Nẵng,Boyfriend / Girlfriend,2019
754212,Đà Nẵng,Friends,2019
754301,Hồ Chí Minh,Alone,2019
754301,Hồ Chí Minh,Friends,2019
754334,Hà Nội,Friends,2019
754468,Đà Nẵng,Friends,2019
754605,Hồ Chí Minh,Family,2019
754605,Hồ Chí Minh,Friends,2019
754606,Hồ Chí Minh,Friends,2019
754606,Hồ Chí Minh,Family,2019
754679,Cần Thơ,Family,2019
754679,Cần Thơ,Family,2019
754679,Cần Thơ,Family,2019
754679,Cần Thơ,Friends,2019
754679,Cần Thơ,Family,2019
755205,Đà Nẵng,Friends,2019
755205,Đà Nẵng,Colleagues / Business partner,2019
755669,Đà Nẵng,Friends,2019
755768,Đà Nẵng,Friends,2019
755768,Đà Nẵng,Family,2019
755768,Đà Nẵng,Colleagues / Business partner,2019
755816,Hồ Chí Minh,Friends,2019
755862,Hồ Chí Minh,Friends,2019
755862,Hồ Chí Minh,Colleagues / Business partner,2019
755862,Hồ Chí Minh,Family,2019
755910,Đà Nẵng,Family,2019
755910,Đà Nẵng,Friends,2019
755910,Đà Nẵng,Family,2019
755910,Đà Nẵng,Family,2019
755910,Đà Nẵng,Colleagues / Business partner,2019
755951,Đà Nẵng,Friends,2019
755951,Đà Nẵng,Colleagues / Business partner,2019
756044,Hồ Chí Minh,Family,2019
756044,Hồ Chí Minh,Family,2019
756045,Đà Nẵng,Friends,2019
756062,Đà Nẵng,Colleagues / Business partner,2019
756062,Đà Nẵng,Friends,2019
756192,Hồ Chí Minh,Friends,2019
756395,Hồ Chí Minh,Family,2019
756627,Hồ Chí Minh,Alone,2019
756694,Đà Nẵng,Friends,2019
756694,Đà Nẵng,Family,2019
756805,Hồ Chí Minh,Friends,2019
756849,Hải Phòng,Friends,2019
756858,Hải Phòng,Friends,2019
757077,Hải Phòng,Friends,2019
757084,Hồ Chí Minh,Alone,2019
757084,Hồ Chí Minh,Family,2019
757182,Cần Thơ,Friends,2019
757182,Cần Thơ,Family,2019
757182,Cần Thơ,Family,2019
757507,Cần Thơ,Friends,2019
757507,Cần Thơ,Family,2019
757600,Hồ Chí Minh,Alone,2019
757600,Hồ Chí Minh,Friends,2019
757659,Đà Nẵng,Friends,2019
757659,Đà Nẵng,Family,2019
757703,Hải Phòng,Friends,2019
757703,Hải Phòng,Colleagues / Business partner,2019
757809,Hà Nội,Colleagues / Business partner,2019
757809,Hà Nội,Family,2019
757809,Hà Nội,Friends,2019
757809,Hà Nội,Family,2019
757813,Hà Nội,Family,2019
757813,Hà Nội,Friends,2019
757873,Hải Phòng,Family,2019
757873,Hải Phòng,Family,2019
757910,Đà Nẵng,Friends,2019
757910,Đà Nẵng,Family,2019
758044,Hồ Chí Minh,Friends,2019
758044,Hồ Chí Minh,Colleagues / Business partner,2019
758044,Hồ Chí Minh,Family,2019
758148,Đà Nẵng,Colleagues / Business partner,2019
758148,Đà Nẵng,Family,2019
758148,Đà Nẵng,Alone,2019
758148,Đà Nẵng,Friends,2019
758160,Hồ Chí Minh,Family,2019
758160,Hồ Chí Minh,Family,2019
758160,Hồ Chí Minh,Family,2019
758164,Đà Nẵng,Family,2019
758164,Đà Nẵng,Friends,2019
758243,Cần Thơ,Family,2019
758243,Cần Thơ,Family,2019
758243,Cần Thơ,Family,2019
758243,Cần Thơ,Friends,2019
758332,Hà Nội,Friends,2019
758332,Hà Nội,Colleagues / Business partner,2019
758332,Hà Nội,Family,2019
758407,Cần Thơ,Family,2019
758407,Cần Thơ,Friends,2019
758407,Cần Thơ,Family,2019
758482,Đà Nẵng,Friends,2019
758618,Hà Nội,Colleagues / Business partner,2019
758618,Hà Nội,Friends,2019
758701,Đà Nẵng,Friends,2019
758732,Cần Thơ,Family,2019
758732,Cần Thơ,Family,2019
758732,Cần Thơ,Friends,2019
758732,Cần Thơ,Family,2019
758734,Hà Nội,Friends,2019
758734,Hà Nội,Family,2019
758734,Hà Nội,Colleagues / Business partner,2019
758753,Hà Nội,Friends,2019
758753,Hà Nội,Colleagues / Business partner,2019
758753,Hà Nội,Family,2019
758827,Hồ Chí Minh,Alone,2019
758905,Hà Nội,Friends,2019
758905,Hà Nội,Family,2019
758905,Hà Nội,Family,2019
759238,Hà Nội,Colleagues / Business partner,2019
759238,Hà Nội,Friends,2019
759238,Hà Nội,Family,2019
759284,Hà Nội,Friends,2019
759284,Hà Nội,Colleagues / Business partner,2019
759300,Hải Phòng,Colleagues / Business partner,2019
759300,Hải Phòng,Friends,2019
759414,Hải Phòng,Friends,2019
759414,Hải Phòng,Family,2019
759443,Hà Nội,Friends,2019
759494,Hà Nội,Family,2019
759494,Hà Nội,Friends,2019
759873,Cần Thơ,Friends,2019
759973,Hồ Chí Minh,Alone,2019
760150,Hà Nội,Friends,2019
760150,Hà Nội,Colleagues / Business partner,2019
760248,Cần Thơ,Friends,2019
760248,Cần Thơ,Colleagues / Business partner,2019
760937,Cần Thơ,Family,2019
760937,Cần Thơ,Family,2019
760937,Cần Thơ,Friends,2019
760937,Cần Thơ,Family,2019
760969,Cần Thơ,Family,2019
760969,Cần Thơ,Family,2019
760969,Cần Thơ,Family,2019
760969,Cần Thơ,Alone,2019
760977,Cần Thơ,Friends,2019
761044,Hồ Chí Minh,Boyfriend / Girlfriend,2019
761044,Hồ Chí Minh,Family,2019
761149,Cần Thơ,Colleagues / Business partner,2019
761149,Cần Thơ,Alone,2019
761182,Cần Thơ,Family,2019
761182,Cần Thơ,Family,2019
761182,Cần Thơ,Friends,2019
761354,Cần Thơ,Friends,2019
761750,Cần Thơ,Alone,2019
761750,Cần Thơ,Friends,2019
761750,Cần Thơ,Colleagues / Business partner,2019
762012,Cần Thơ,Friends,2019
762255,Hồ Chí Minh,Alone,2019
762852,Cần Thơ,Alone,2019
763355,Hà Nội,Boyfriend / Girlfriend,2019
763355,Hà Nội,Friends,2019
763500,Cần Thơ,Friends,2019
763500,Cần Thơ,Boyfriend / Girlfriend,2019
763500,Cần Thơ,Family,2019
763558,Đà Nẵng,Friends,2019
763762,Hà Nội,Friends,2019
763762,Hà Nội,Colleagues / Business partner,2019
763845,Cần Thơ,Family,2019
763845,Cần Thơ,Family,2019
763845,Cần Thơ,Friends,2019
763845,Cần Thơ,Family,2019
763845,Cần Thơ,Family,2019
763845,Cần Thơ,Family,2019
764111,Cần Thơ,Colleagues / Business partner,2019
764111,Cần Thơ,Friends,2019
764154,Hà Nội,Family,2019
764154,Hà Nội,Family,2019
764154,Hà Nội,Friends,2019
764154,Hà Nội,Family,2019
764281,Hà Nội,Friends,2019
764281,Hà Nội,Family,2019
764281,Hà Nội,Colleagues / Business partner,2019
764281,Hà Nội,Family,2019
764370,Hà Nội,Friends,2019
764370,Hà Nội,Family,2019
764539,Cần Thơ,Alone,2019
764577,Hồ Chí Minh,Family,2019
764580,Cần Thơ,Colleagues / Business partner,2019
764580,Cần Thơ,Family,2019
764580,Cần Thơ,Family,2019
764618,Hải Phòng,Family,2019
764618,Hải Phòng,Friends,2019
764623,Hà Nội,Friends,2019
764654,Hà Nội,Family,2019
764654,Hà Nội,Friends,2019
764663,Hà Nội,Family,2019
764663,Hà Nội,Family,2019
764663,Hà Nội,Friends,2019
764703,Hà Nội,Friends,2019
764846,Cần Thơ,Family,2019
764846,Cần Thơ,Friends,2019
764846,Cần Thơ,Colleagues / Business partner,2019
764846,Cần Thơ,Boyfriend / Girlfriend,2019
764857,Hồ Chí Minh,Alone,2019
764882,Hà Nội,Colleagues / Business partner,2019
764882,Hà Nội,Family,2019
764882,Hà Nội,Family,2019
764882,Hà Nội,Friends,2019
765076,Hà Nội,Family,2019
765076,Hà Nội,Colleagues / Business partner,2019
765184,Cần Thơ,Colleagues / Business partner,2019
765184,Cần Thơ,Friends,2019
765184,Cần Thơ,Alone,2019
765249,Cần Thơ,Family,2019
765249,Cần Thơ,Friends,2019
765249,Cần Thơ,Colleagues / Business partner,2019
765249,Cần Thơ,Family,2019
765249,Cần Thơ,Family,2019
765249,Cần Thơ,Family,2019
765342,Hà Nội,Family,2019
765342,Hà Nội,Friends,2019
765342,Hà Nội,Colleagues / Business partner,2019
765470,Cần Thơ,Alone,2019
765470,Cần Thơ,Friends,2019
765470,Cần Thơ,Family,2019
765470,Cần Thơ,Colleagues / Business partner,2019
765501,Hà Nội,Friends,2019
765501,Hà Nội,Family,2019
765509,Hà Nội,Friends,2019
765509,Hà Nội,Family,2019
765692,Cần Thơ,Alone,2019
765692,Cần Thơ,Family,2019
765811,Hà Nội,Family,2019
765811,Hà Nội,Friends,2019
765848,Cần Thơ,Friends,2019
765848,Cần Thơ,Alone,2019
765848,Cần Thơ,Colleagues / Business partner,2019
765990,Hà Nội,Family,2019
765990,Hà Nội,Family,2019
765990,Hà Nội,Friends,2019
766003,Hà Nội,Friends,2019
766003,Hà Nội,Boyfriend / Girlfriend,2019
766496,Hà Nội,Friends,2019
766496,Hà Nội,Colleagues / Business partner,2019
767264,Hồ Chí Minh,Alone,2019
767540,Cần Thơ,Friends,2019
767540,Cần Thơ,Family,2019
767540,Cần Thơ,Family,2019
767540,Cần Thơ,Alone,2019
767644,Đà Nẵng,Friends,2019
767694,Hà Nội,Colleagues / Business partner,2019
767694,Hà Nội,Friends,2019
767775,Hồ Chí Minh,Friends,2019
767805,Hải Phòng,Family,2019
767805,Hải Phòng,Family,2019
767805,Hải Phòng,Friends,2019
767878,Hà Nội,Family,2019
767878,Hà Nội,Friends,2019
768033,Đà Nẵng,Friends,2019
768329,Hải Phòng,Friends,2019
768332,Hà Nội,Family,2019
768332,Hà Nội,Friends,2019
768332,Hà Nội,Colleagues / Business partner,2019
768461,Đà Nẵng,Alone,2019
768521,Hà Nội,Family,2019
768521,Hà Nội,Family,2019
768521,Hà Nội,Friends,2019
768538,Hà Nội,Colleagues / Business partner,2019
768538,Hà Nội,Family,2019
768538,Hà Nội,Friends,2019
768577,Hải Phòng,Friends,2019
768725,Hồ Chí Minh,Alone,2019
768874,Cần Thơ,Friends,2019
768874,Cần Thơ,Alone,2019
769062,Hải Phòng,Friends,2019
769065,Hà Nội,Colleagues / Business partner,2019
769065,Hà Nội,Friends,2019
769092,Hà Nội,Colleagues / Business partner,2019
769107,Đà Nẵng,Friends,2019
769162,Hồ Chí Minh,Alone,2019
769207,Hà Nội,Friends,2019
769392,Hải Phòng,Boyfriend / Girlfriend,2019
769392,Hải Phòng,Friends,2019
769410,Hà Nội,Friends,2019
769410,Hà Nội,Colleagues / Business partner,2019
769410,Hà Nội,Family,2019
769476,Hà Nội,Family,2019
769476,Hà Nội,Friends,2019
769484,Hà Nội,Family,2019
769484,Hà Nội,Friends,2019
769484,Hà Nội,Family,2019
769578,Hải Phòng,Friends,2019
769812,Hải Phòng,Family,2019
769866,Hà Nội,Colleagues / Business partner,2019
769866,Hà Nội,Friends,2019
769866,Hà Nội,Family,2019
769934,Cần Thơ,Family,2019
769934,Cần Thơ,Friends,2019
769934,Cần Thơ,Alone,2019
770076,Hà Nội,Friends,2019
770076,Hà Nội,Family,2019
770151,Hải Phòng,Friends,2019
770161,Hồ Chí Minh,Colleagues / Business partner,2019
770161,Hồ Chí Minh,Friends,2019
770361,Cần Thơ,Alone,2019
770361,Cần Thơ,Boyfriend / Girlfriend,2019
770361,Cần Thơ,Friends,2019
770420,Cần Thơ,Alone,2019
770510,Hà Nội,Boyfriend / Girlfriend,2019
770510,Hà Nội,Friends,2019
770588,Hà Nội,Friends,2019
770602,Đà Nẵng,Friends,2019
770627,Hải Phòng,Boyfriend / Girlfriend,2019
770627,Hải Phòng,Friends,2019
770674,Hải Phòng,Friends,2019
770674,Hải Phòng,Boyfriend / Girlfriend,2019
770941,Hải Phòng,Family,2019
770941,Hải Phòng,Family,2019
770941,Hải Phòng,Friends,2019
770949,Hà Nội,Friends,2019
770975,Cần Thơ,Friends,2019
770975,Cần Thơ,Boyfriend / Girlfriend,2019
770975,Cần Thơ,Colleagues / Business partner,2019
771047,Hồ Chí Minh,Friends,2019
771047,Hồ Chí Minh,Colleagues / Business partner,2019
771105,Cần Thơ,Friends,2019
771105,Cần Thơ,Colleagues / Business partner,2019
771105,Cần Thơ,Boyfriend / Girlfriend,2019
771164,Đà Nẵng,Colleagues / Business partner,2019
771164,Đà Nẵng,Family,2019
771164,Đà Nẵng,Family,2019
771164,Đà Nẵng,Friends,2019
771164,Đà Nẵng,Family,2019
771327,Cần Thơ,Friends,2019
771368,Hồ Chí Minh,Friends,2019
771368,Hồ Chí Minh,Family,2019
771940,Hải Phòng,Boyfriend / Girlfriend,2019
771940,Hải Phòng,Friends,2019
774936,Hồ Chí Minh,Family,2019
774936,Hồ Chí Minh,Family,2019
774936,Hồ Chí Minh,Friends,2019
774936,Hồ Chí Minh,Alone,2019
775425,Hồ Chí Minh,Friends,2019
775425,Hồ Chí Minh,Colleagues / Business partner,2019
775425,Hồ Chí Minh,Family,2019
775864,Hồ Chí Minh,Friends,2019
775864,Hồ Chí Minh,Colleagues / Business partner,2019
776783,Đà Nẵng,Friends,2019
776783,Đà Nẵng,Colleagues / Business partner,2019
776835,Đà Nẵng,Friends,2019
777021,Hà Nội,Family,2019
777021,Hà Nội,Colleagues / Business partner,2019
777021,Hà Nội,Friends,2019
777116,Hà Nội,Friends,2019
777116,Hà Nội,Family,2019
777116,Hà Nội,Family,2019
777116,Hà Nội,Family,2019
777319,Hà Nội,Colleagues / Business partner,2019
777319,Hà Nội,Family,2019
777687,Hà Nội,Friends,2019
777687,Hà Nội,Colleagues / Business partner,2019
777775,Đà Nẵng,Alone,2019
777775,Đà Nẵng,Family,2019
777775,Đà Nẵng,Friends,2019
777873,Đà Nẵng,Family,2019
777873,Đà Nẵng,Colleagues / Business partner,2019
777873,Đà Nẵng,Alone,2019
777873,Đà Nẵng,Friends,2019
777899,Hà Nội,Family,2019
777899,Hà Nội,Friends,2019
777899,Hà Nội,Colleagues / Business partner,2019
777967,Hà Nội,Friends,2019
778052,Đà Nẵng,Alone,2019
778052,Đà Nẵng,Family,2019
778052,Đà Nẵng,Friends,2019
778056,Đà Nẵng,Family,2019
778056,Đà Nẵng,Family,2019
778056,Đà Nẵng,Friends,2019
778066,Đà Nẵng,Alone,2019
778066,Đà Nẵng,Colleagues / Business partner,2019
778086,Hà Nội,Friends,2019
778086,Hà Nội,Family,2019
778115,Hà Nội,Colleagues / Business partner,2019
778115,Hà Nội,Family,2019
778115,Hà Nội,Friends,2019
778119,Hà Nội,Family,2019
778119,Hà Nội,Friends,2019
778119,Hà Nội,Family,2019
778133,Đà Nẵng,Family,2019
778133,Đà Nẵng,Friends,2019
778146,Đà Nẵng,Colleagues / Business partner,2019
778146,Đà Nẵng,Family,2019
778146,Đà Nẵng,Friends,2019
778146,Đà Nẵng,Boyfriend / Girlfriend,2019
778297,Hải Phòng,Friends,2019
778297,Hải Phòng,Family,2019
778297,Hải Phòng,Colleagues / Business partner,2019
778297,Hải Phòng,Family,2019
778485,Hải Phòng,Friends,2019
778491,Hải Phòng,Friends,2019
778557,Hà Nội,Colleagues / Business partner,2019
778557,Hà Nội,Friends,2019
778557,Hà Nội,Family,2019
778557,Hà Nội,Family,2019
778557,Hà Nội,Family,2019
778682,Hải Phòng,Friends,2019
778686,Hải Phòng,Friends,2019
778694,Hải Phòng,Friends,2019
778702,Hải Phòng,Family,2019
778702,Hải Phòng,Friends,2019
778745,Hà Nội,Friends,2019
778813,Hải Phòng,Colleagues / Business partner,2019
778827,Hải Phòng,Friends,2019
778827,Hải Phòng,Family,2019
778880,Hải Phòng,Friends,2019
778891,Hải Phòng,Friends,2019
778941,Hồ Chí Minh,Colleagues / Business partner,2019
778941,Hồ Chí Minh,Friends,2019
778941,Hồ Chí Minh,Alone,2019
779000,Hà Nội,Friends,2019
779002,Hà Nội,Friends,2019
779039,Hải Phòng,Friends,2019
779092,Hải Phòng,Friends,2019
779188,Hải Phòng,Friends,2019
779226,Hải Phòng,Friends,2019
779488,Đà Nẵng,Family,2019
779488,Đà Nẵng,Family,2019
779634,Đà Nẵng,Friends,2019
779696,Đà Nẵng,Friends,2019
779711,Hà Nội,Colleagues / Business partner,2019
779711,Hà Nội,Friends,2019
779860,Đà Nẵng,Friends,2019
779860,Đà Nẵng,Family,2019
779860,Đà Nẵng,Alone,2019
779863,Hà Nội,Family,2019
779863,Hà Nội,Friends,2019
779883,Đà Nẵng,Friends,2019
780024,Đà Nẵng,Family,2019
780024,Đà Nẵng,Alone,2019
780024,Đà Nẵng,Friends,2019
780027,Hồ Chí Minh,Family,2019
780133,Đà Nẵng,Family,2019
780133,Đà Nẵng,Family,2019
780186,Hồ Chí Minh,Alone,2019
780275,Hà Nội,Family,2019
780275,Hà Nội,Friends,2019
780356,Hồ Chí Minh,Alone,2019
780377,Hà Nội,Colleagues / Business partner,2019
780377,Hà Nội,Friends,2019
780422,Hà Nội,Friends,2019
780422,Hà Nội,Family,2019
780427,Hải Phòng,Friends,2019
780428,Hải Phòng,Friends,2019
780448,Hà Nội,Family,2019
780448,Hà Nội,Friends,2019
780448,Hà Nội,Family,2019
780513,Đà Nẵng,Family,2019
780513,Đà Nẵng,Alone,2019
780513,Đà Nẵng,Colleagues / Business partner,2019
780513,Đà Nẵng,Friends,2019
780531,Đà Nẵng,Friends,2019
780531,Đà Nẵng,Family,2019
780545,Hà Nội,Friends,2019
780545,Hà Nội,Family,2019
780545,Hà Nội,Family,2019
780575,Đà Nẵng,Colleagues / Business partner,2019
780575,Đà Nẵng,Friends,2019
780575,Đà Nẵng,Alone,2019
780577,Hồ Chí Minh,Friends,2019
780604,Hà Nội,Colleagues / Business partner,2019
780604,Hà Nội,Family,2019
780604,Hà Nội,Friends,2019
780620,Hải Phòng,Friends,2019
780630,Hải Phòng,Friends,2019
780698,Đà Nẵng,Friends,2019
780726,Đà Nẵng,Colleagues / Business partner,2019
780726,Đà Nẵng,Friends,2019
780763,Hồ Chí Minh,Friends,2019
780788,Đà Nẵng,Friends,2019
780830,Hà Nội,Friends,2019
780835,Hà Nội,Family,2019
780835,Hà Nội,Colleagues / Business partner,2019
780835,Hà Nội,Friends,2019
781027,Hà Nội,Colleagues / Business partner,2019
781027,Hà Nội,Family,2019
781027,Hà Nội,Friends,2019
781095,Hà Nội,Colleagues / Business partner,2019
781095,Hà Nội,Boyfriend / Girlfriend,2019
781095,Hà Nội,Friends,2019
781110,Hà Nội,Family,2019
781110,Hà Nội,Friends,2019
781110,Hà Nội,Colleagues / Business partner,2019
781111,Hà Nội,Colleagues / Business partner,2019
781111,Hà Nội,Friends,2019
781145,Hà Nội,Friends,2019
781145,Hà Nội,Family,2019
781145,Hà Nội,Family,2019
781168,Hồ Chí Minh,Alone,2019
781237,Hà Nội,Boyfriend / Girlfriend,2019
781266,Hà Nội,Family,2019
781266,Hà Nội,Family,2019
781266,Hà Nội,Colleagues / Business partner,2019
781266,Hà Nội,Friends,2019
781296,Hà Nội,Colleagues / Business partner,2019
781296,Hà Nội,Family,2019
781296,Hà Nội,Friends,2019
781337,Hồ Chí Minh,Alone,2019
781338,Hà Nội,Friends,2019
781338,Hà Nội,Colleagues / Business partner,2019
781338,Hà Nội,Boyfriend / Girlfriend,2019
781344,Hà Nội,Friends,2019
781344,Hà Nội,Family,2019
781349,Hà Nội,Family,2019
781349,Hà Nội,Family,2019
781407,Hồ Chí Minh,Alone,2019
781407,Hồ Chí Minh,Friends,2019
781444,Hải Phòng,Family,2019
781444,Hải Phòng,Colleagues / Business partner,2019
781452,Hải Phòng,Boyfriend / Girlfriend,2019
781452,Hải Phòng,Friends,2019
781559,Hồ Chí Minh,Alone,2019
781598,Đà Nẵng,Friends,2019
781598,Đà Nẵng,Family,2019
781673,Hà Nội,Friends,2019
781673,Hà Nội,Colleagues / Business partner,2019
781673,Hà Nội,Boyfriend / Girlfriend,2019
781679,Hải Phòng,Friends,2019
781683,Hải Phòng,Friends,2019
781691,Hà Nội,Family,2019
781691,Hà Nội,Family,2019
781716,Hồ Chí Minh,Family,2019
781716,Hồ Chí Minh,Family,2019
781716,Hồ Chí Minh,Family,2019
781716,Hồ Chí Minh,Friends,2019
781720,Hà Nội,Friends,2019
781720,Hà Nội,Boyfriend / Girlfriend,2019
781753,Hà Nội,Friends,2019
781761,Hà Nội,Friends,2019
781808,Hải Phòng,Friends,2019
781816,Hải Phòng,Friends,2019
781864,Hải Phòng,Friends,2019
781867,Hải Phòng,Family,2019
781899,Hà Nội,Colleagues / Business partner,2019
781899,Hà Nội,Friends,2019
781942,Đà Nẵng,Alone,2019
781969,Hà Nội,Friends,2019
782110,Đà Nẵng,Family,2019
782110,Đà Nẵng,Friends,2019
782122,Đà Nẵng,Alone,2019
782122,Đà Nẵng,Friends,2019
782223,Hà Nội,Friends,2019
782223,Hà Nội,Colleagues / Business partner,2019
782267,Hà Nội,Alone,2019
782267,Hà Nội,Friends,2019
782267,Hà Nội,Colleagues / Business partner,2019
782281,Hà Nội,Friends,2019
782293,Đà Nẵng,Friends,2019
782293,Đà Nẵng,Family,2019
782322,Hà Nội,Family,2019
782322,Hà Nội,Friends,2019
782431,Hà Nội,Friends,2019
782431,Hà Nội,Family,2019
782475,Hà Nội,Colleagues / Business partner,2019
782475,Hà Nội,Friends,2019
782486,Hải Phòng,Friends,2019
782497,Hải Phòng,Friends,2019
782633,Hồ Chí Minh,Friends,2019
782633,Hồ Chí Minh,Alone,2019
782797,Đà Nẵng,Alone,2019
782797,Đà Nẵng,Family,2019
782797,Đà Nẵng,Friends,2019
782806,Hải Phòng,Friends,2019
782852,Hồ Chí Minh,Friends,2019
782852,Hồ Chí Minh,Colleagues / Business partner,2019
782937,Hải Phòng,Family,2019
782937,Hải Phòng,Friends,2019
782990,Đà Nẵng,Friends,2019
783007,Đà Nẵng,Alone,2019
783034,Hồ Chí Minh,Family,2019
783034,Hồ Chí Minh,Family,2019
783034,Hồ Chí Minh,Alone,2019
783057,Hà Nội,Friends,2019
783057,Hà Nội,Family,2019
783057,Hà Nội,Family,2019
783062,Hà Nội,Friends,2019
783062,Hà Nội,Family,2019
783066,Hà Nội,Alone,2019
783116,Đà Nẵng,Friends,2019
783116,Đà Nẵng,Alone,2019
783116,Đà Nẵng,Family,2019
783122,Đà Nẵng,Friends,2019
783137,Đà Nẵng,Friends,2019
783177,Hà Nội,Colleagues / Business partner,2019
783177,Hà Nội,Friends,2019
783226,Đà Nẵng,Friends,2019
783233,Hà Nội,Family,2019
783233,Hà Nội,Friends,2019
783233,Hà Nội,Family,2019
783281,Hà Nội,Family,2019
783281,Hà Nội,Family,2019
783281,Hà Nội,Friends,2019
783281,Hà Nội,Colleagues / Business partner,2019
783310,Hồ Chí Minh,Boyfriend / Girlfriend,2019
783310,Hồ Chí Minh,Friends,2019
783310,Hồ Chí Minh,Family,2019
783322,Hà Nội,Friends,2019
783335,Hải Phòng,Friends,2019
783344,Hà Nội,Friends,2019
783344,Hà Nội,Family,2019
783358,Hải Phòng,Friends,2019
783368,Hồ Chí Minh,Family,2019
783368,Hồ Chí Minh,Family,2019
783382,Hà Nội,Friends,2019
783382,Hà Nội,Family,2019
783412,Hà Nội,Friends,2019
783439,Hồ Chí Minh,Alone,2019
783442,Hà Nội,Family,2019
783442,Hà Nội,Friends,2019
783467,Hồ Chí Minh,Colleagues / Business partner,2019
783467,Hồ Chí Minh,Friends,2019
783496,Hồ Chí Minh,Family,2019
783496,Hồ Chí Minh,Friends,2019
783496,Hồ Chí Minh,Alone,2019
783509,Hà Nội,Friends,2019
783509,Hà Nội,Colleagues / Business partner,2019
783544,Hà Nội,Colleagues / Business partner,2019
783544,Hà Nội,Friends,2019
783591,Cần Thơ,Friends,2019
783591,Cần Thơ,Family,2019
783614,Hà Nội,Boyfriend / Girlfriend,2019
783614,Hà Nội,Friends,2019
783618,Hà Nội,Friends,2019
783618,Hà Nội,Colleagues / Business partner,2019
783665,Hà Nội,Friends,2019
783705,Hồ Chí Minh,Family,2019
783705,Hồ Chí Minh,Friends,2019
783705,Hồ Chí Minh,Family,2019
783720,Hồ Chí Minh,Boyfriend / Girlfriend,2019
783720,Hồ Chí Minh,Colleagues / Business partner,2019
783720,Hồ Chí Minh,Friends,2019
783720,Hồ Chí Minh,Family,2019
783720,Hồ Chí Minh,Family,2019
783728,Hà Nội,Friends,2019
783728,Hà Nội,Boyfriend / Girlfriend,2019
783728,Hà Nội,Others,2019
783762,Hồ Chí Minh,Alone,2019
783867,Hà Nội,Colleagues / Business partner,2019
783867,Hà Nội,Friends,2019
783881,Cần Thơ,Friends,2019
783881,Cần Thơ,Colleagues / Business partner,2019
783881,Cần Thơ,Family,2019
783881,Cần Thơ,Family,2019
783948,Hồ Chí Minh,Boyfriend / Girlfriend,2019
783948,Hồ Chí Minh,Friends,2019
783948,Hồ Chí Minh,Family,2019
784021,Hà Nội,Family,2019
784021,Hà Nội,Friends,2019
784021,Hà Nội,Family,2019
784035,Hà Nội,Family,2019
784035,Hà Nội,Friends,2019
784047,Hồ Chí Minh,Friends,2019
784047,Hồ Chí Minh,Family,2019
784055,Hồ Chí Minh,Family,2019
784055,Hồ Chí Minh,Alone,2019
784055,Hồ Chí Minh,Friends,2019
784079,Đà Nẵng,Friends,2019
784156,Hà Nội,Boyfriend / Girlfriend,2019
784172,Hà Nội,Colleagues / Business partner,2019
784172,Hà Nội,Friends,2019
784172,Hà Nội,Family,2019
784316,Hà Nội,Colleagues / Business partner,2019
784316,Hà Nội,Friends,2019
784325,Đà Nẵng,Colleagues / Business partner,2019
784325,Đà Nẵng,Friends,2019
784329,Hồ Chí Minh,Family,2019
784329,Hồ Chí Minh,Colleagues / Business partner,2019
784329,Hồ Chí Minh,Friends,2019
784329,Hồ Chí Minh,Family,2019
784332,Hà Nội,Friends,2019
784366,Hà Nội,Friends,2019
784366,Hà Nội,Family,2019
784403,Hà Nội,Friends,2019
784403,Hà Nội,Colleagues / Business partner,2019
784423,Hồ Chí Minh,Family,2019
784423,Hồ Chí Minh,Colleagues / Business partner,2019
784423,Hồ Chí Minh,Friends,2019
784430,Hồ Chí Minh,Family,2019
784430,Hồ Chí Minh,Alone,2019
784430,Hồ Chí Minh,Friends,2019
784445,Hà Nội,Friends,2019
784503,Hà Nội,Family,2019
784503,Hà Nội,Family,2019
784503,Hà Nội,Friends,2019
784503,Hà Nội,Colleagues / Business partner,2019
784511,Cần Thơ,Colleagues / Business partner,2019
784511,Cần Thơ,Friends,2019
784935,Hồ Chí Minh,Family,2019
784954,Hà Nội,Friends,2019
785317,Hải Phòng,Friends,2019
785317,Hải Phòng,Family,2019
785351,Hà Nội,Family,2019
785351,Hà Nội,Friends,2019
785351,Hà Nội,Family,2019
785470,Cần Thơ,Family,2019
785479,Hà Nội,Family,2019
785479,Hà Nội,Friends,2019
785479,Hà Nội,Family,2019
785671,Hà Nội,Family,2019
785671,Hà Nội,Friends,2019
785740,Hà Nội,Friends,2019
785881,Hồ Chí Minh,Friends,2019
786004,Hà Nội,Friends,2019
786019,Hồ Chí Minh,Friends,2019
786019,Hồ Chí Minh,Family,2019
786019,Hồ Chí Minh,Family,2019
786019,Hồ Chí Minh,Family,2019
786028,Hà Nội,Colleagues / Business partner,2019
786173,Hà Nội,Friends,2019
786173,Hà Nội,Alone,2019
786188,Hà Nội,Family,2019
786188,Hà Nội,Family,2019
786237,Hải Phòng,Family,2019
786237,Hải Phòng,Family,2019
786237,Hải Phòng,Family,2019
786259,Hải Phòng,Friends,2019
786259,Hải Phòng,Family,2019
786307,Hà Nội,Family,2019
786307,Hà Nội,Friends,2019
786307,Hà Nội,Family,2019
786341,Đà Nẵng,Friends,2019
786341,Đà Nẵng,Alone,2019
786373,Hà Nội,Friends,2019
786373,Hà Nội,Family,2019
786373,Hà Nội,Family,2019
786374,Hà Nội,Friends,2019
786374,Hà Nội,Colleagues / Business partner,2019
786374,Hà Nội,Family,2019
786408,Hà Nội,Friends,2019
786408,Hà Nội,Colleagues / Business partner,2019
786472,Hà Nội,Colleagues / Business partner,2019
786472,Hà Nội,Friends,2019
786472,Hà Nội,Family,2019
786479,Hà Nội,Friends,2019
786479,Hà Nội,Family,2019
786479,Hà Nội,Family,2019
786479,Hà Nội,Colleagues / Business partner,2019
786547,Hồ Chí Minh,Family,2019
786547,Hồ Chí Minh,Friends,2019
786553,Hải Phòng,Friends,2019
786563,Hà Nội,Friends,2019
786613,Hà Nội,Friends,2019
786613,Hà Nội,Family,2019
786623,Đà Nẵng,Family,2019
786623,Đà Nẵng,Friends,2019
786623,Đà Nẵng,Alone,2019
786623,Đà Nẵng,Colleagues / Business partner,2019
786667,Hồ Chí Minh,Colleagues / Business partner,2019
786667,Hồ Chí Minh,Family,2019
786733,Hà Nội,Family,2019
786733,Hà Nội,Friends,2019
786804,Hà Nội,Family,2019
786804,Hà Nội,Friends,2019
786833,Hải Phòng,Family,2019
786833,Hải Phòng,Family,2019
786833,Hải Phòng,Colleagues / Business partner,2019
786833,Hải Phòng,Friends,2019
786843,Hải Phòng,Friends,2019
786848,Hải Phòng,Friends,2019
786870,Hà Nội,Friends,2019
786912,Hà Nội,Friends,2019
786922,Hà Nội,Friends,2019
786922,Hà Nội,Family,2019
786936,Hà Nội,Family,2019
786936,Hà Nội,Friends,2019
786936,Hà Nội,Colleagues / Business partner,2019
786952,Hà Nội,Friends,2019
786952,Hà Nội,Colleagues / Business partner,2019
786990,Hà Nội,Boyfriend / Girlfriend,2019
786990,Hà Nội,Family,2019
786990,Hà Nội,Friends,2019
787038,Hà Nội,Alone,2019
787127,Hà Nội,Family,2019
787127,Hà Nội,Friends,2019
787135,Hà Nội,Friends,2019
787135,Hà Nội,Colleagues / Business partner,2019
787164,Hải Phòng,Friends,2019
787164,Hải Phòng,Family,2019
787164,Hải Phòng,Family,2019
787218,Hà Nội,Friends,2019
787218,Hà Nội,Colleagues / Business partner,2019
787289,Hà Nội,Friends,2019
787315,Hà Nội,Friends,2019
787315,Hà Nội,Boyfriend / Girlfriend,2019
787493,Cần Thơ,Family,2019
787493,Cần Thơ,Friends,2019
787493,Cần Thơ,Colleagues / Business partner,2019
787564,Hà Nội,Family,2019
787564,Hà Nội,Friends,2019
787704,Cần Thơ,Family,2019
787704,Cần Thơ,Friends,2019
787704,Cần Thơ,Alone,2019
787815,Hà Nội,Friends,2019
787815,Hà Nội,Colleagues / Business partner,2019
787887,Hà Nội,Friends,2019
787887,Hà Nội,Family,2019
787910,Hà Nội,Alone,2019
787910,Hà Nội,Friends,2019
787949,Cần Thơ,Friends,2019
787949,Cần Thơ,Colleagues / Business partner,2019
787962,Hồ Chí Minh,Family,2019
787962,Hồ Chí Minh,Friends,2019
788019,Hà Nội,Colleagues / Business partner,2019
788019,Hà Nội,Friends,2019
788487,Hà Nội,Colleagues / Business partner,2019
788487,Hà Nội,Friends,2019
788487,Hà Nội,Family,2019
788493,Hải Phòng,Friends,2019
788556,Hồ Chí Minh,Colleagues / Business partner,2019
788564,Hồ Chí Minh,Family,2019
788564,Hồ Chí Minh,Family,2019
788645,Hà Nội,Family,2019
788645,Hà Nội,Friends,2019
788783,Hồ Chí Minh,Friends,2019
788783,Hồ Chí Minh,Family,2019
788783,Hồ Chí Minh,Alone,2019
788908,Hà Nội,Friends,2019
788918,Hà Nội,Friends,2019
788918,Hà Nội,Family,2019
788918,Hà Nội,Family,2019
788931,Hà Nội,Family,2019
788931,Hà Nội,Friends,2019
788931,Hà Nội,Family,2019
788931,Hà Nội,Colleagues / Business partner,2019
788990,Hồ Chí Minh,Family,2019
788995,Hồ Chí Minh,Friends,2019
789080,Hải Phòng,Friends,2019
789086,Hải Phòng,Friends,2019
789153,Hồ Chí Minh,Family,2019
789161,Đà Nẵng,Friends,2019
789235,Hồ Chí Minh,Alone,2019
789235,Hồ Chí Minh,Family,2019
789235,Hồ Chí Minh,Friends,2019
789235,Hồ Chí Minh,Family,2019
789255,Hồ Chí Minh,Family,2019
789255,Hồ Chí Minh,Friends,2019
789255,Hồ Chí Minh,Family,2019
789261,Hà Nội,Friends,2019
789261,Hà Nội,Family,2019
789278,Hải Phòng,Colleagues / Business partner,2019
789278,Hải Phòng,Friends,2019
789295,Hà Nội,Friends,2019
789295,Hà Nội,Colleagues / Business partner,2019
789371,Đà Nẵng,Friends,2019
789380,Hà Nội,Family,2019
789380,Hà Nội,Family,2019
789380,Hà Nội,Friends,2019
789386,Hà Nội,Friends,2019
789386,Hà Nội,Boyfriend / Girlfriend,2019
789398,Hồ Chí Minh,Family,2019
789440,Hà Nội,Friends,2019
789441,Hà Nội,Friends,2019
789449,Hải Phòng,Friends,2019
789449,Hải Phòng,Family,2019
789449,Hải Phòng,Family,2019
789508,Hải Phòng,Colleagues / Business partner,2019
789508,Hải Phòng,Friends,2019
789521,Hải Phòng,Friends,2019
789521,Hải Phòng,Family,2019
789523,Hồ Chí Minh,Colleagues / Business partner,2019
789529,Hồ Chí Minh,Colleagues / Business partner,2019
789566,Hà Nội,Family,2019
789566,Hà Nội,Family,2019
789566,Hà Nội,Friends,2019
789578,Hà Nội,Friends,2019
789606,Hồ Chí Minh,Boyfriend / Girlfriend,2019
789606,Hồ Chí Minh,Friends,2019
789623,Hà Nội,Family,2019
789623,Hà Nội,Friends,2019
789625,Hà Nội,Colleagues / Business partner,2019
789625,Hà Nội,Family,2019
789625,Hà Nội,Friends,2019
789631,Hà Nội,Colleagues / Business partner,2019
789631,Hà Nội,Friends,2019
789631,Hà Nội,Family,2019
789636,Đà Nẵng,Friends,2019
789709,Hà Nội,Family,2019
789711,Hà Nội,Friends,2019
789711,Hà Nội,Colleagues / Business partner,2019
789742,Hà Nội,Friends,2019
789742,Hà Nội,Colleagues / Business partner,2019
789742,Hà Nội,Family,2019
789761,Hà Nội,Colleagues / Business partner,2019
789761,Hà Nội,Friends,2019
789765,Hà Nội,Friends,2019
789765,Hà Nội,Colleagues / Business partner,2019
789765,Hà Nội,Family,2019
789765,Hà Nội,Family,2019
789774,Hải Phòng,Family,2019
789781,Đà Nẵng,Family,2019
789781,Đà Nẵng,Alone,2019
789789,Hà Nội,Friends,2019
789789,Hà Nội,Boyfriend / Girlfriend,2019
789806,Đà Nẵng,Friends,2019
789806,Đà Nẵng,Colleagues / Business partner,2019
789849,Hải Phòng,Friends,2019
789857,Hà Nội,Friends,2019
789917,Hà Nội,Colleagues / Business partner,2019
789917,Hà Nội,Friends,2019
789941,Hà Nội,Family,2019
789941,Hà Nội,Family,2019
789941,Hà Nội,Family,2019
789960,Hải Phòng,Friends,2019
789996,Hải Phòng,Colleagues / Business partner,2019
789999,Hà Nội,Family,2019
789999,Hà Nội,Colleagues / Business partner,2019
789999,Hà Nội,Friends,2019
790008,Hà Nội,Colleagues / Business partner,2019
790008,Hà Nội,Friends,2019
790010,Hải Phòng,Friends,2019
790053,Hải Phòng,Friends,2019
790075,Hà Nội,Friends,2019
790075,Hà Nội,Family,2019
790088,Hà Nội,Friends,2019
790155,Hải Phòng,Family,2019
790187,Hà Nội,Friends,2019
790217,Hải Phòng,Friends,2019
790220,Hải Phòng,Friends,2019
790234,Hà Nội,Friends,2019
790234,Hà Nội,Family,2019
790234,Hà Nội,Family,2019
790237,Hồ Chí Minh,Colleagues / Business partner,2019
790252,Hải Phòng,Family,2019
790252,Hải Phòng,Friends,2019
790252,Hải Phòng,Family,2019
790261,Hải Phòng,Colleagues / Business partner,2019
790261,Hải Phòng,Friends,2019
790261,Hải Phòng,Family,2019
790263,Hồ Chí Minh,Friends,2019
790326,Hà Nội,Colleagues / Business partner,2019
790326,Hà Nội,Friends,2019
790334,Hồ Chí Minh,Family,2019
790334,Hồ Chí Minh,Colleagues / Business partner,2019
790334,Hồ Chí Minh,Friends,2019
790336,Hà Nội,Friends,2019
790336,Hà Nội,Family,2019
790336,Hà Nội,Colleagues / Business partner,2019
790347,Hà Nội,Friends,2019
790366,Hà Nội,Friends,2019
790366,Hà Nội,Boyfriend / Girlfriend,2019
790378,Cần Thơ,Friends,2019
790423,Hải Phòng,Boyfriend / Girlfriend,2019
790460,Hải Phòng,Family,2019
790460,Hải Phòng,Family,2019
790494,Hà Nội,Colleagues / Business partner,2019
790494,Hà Nội,Friends,2019
790515,Hồ Chí Minh,Family,2019
790515,Hồ Chí Minh,Family,2019
790515,Hồ Chí Minh,Family,2019
790515,Hồ Chí Minh,Colleagues / Business partner,2019
790515,Hồ Chí Minh,Friends,2019
790548,Hồ Chí Minh,Colleagues / Business partner,2019
790595,Hồ Chí Minh,Alone,2019
790619,Hà Nội,Colleagues / Business partner,2019
790619,Hà Nội,Friends,2019
790624,Hà Nội,Family,2019
790676,Hà Nội,Friends,2019
790676,Hà Nội,Colleagues / Business partner,2019
790676,Hà Nội,Boyfriend / Girlfriend,2019
790732,Hồ Chí Minh,Alone,2019
790732,Hồ Chí Minh,Friends,2019
790806,Cần Thơ,Alone,2019
790806,Cần Thơ,Friends,2019
790806,Cần Thơ,Colleagues / Business partner,2019
790830,Hồ Chí Minh,Alone,2019
790855,Hồ Chí Minh,Family,2019
790859,Hồ Chí Minh,Colleagues / Business partner,2019
790867,Hải Phòng,Family,2019
790867,Hải Phòng,Family,2019
790867,Hải Phòng,Friends,2019
790873,Hải Phòng,Boyfriend / Girlfriend,2019
790873,Hải Phòng,Friends,2019
790898,Hà Nội,Family,2019
790898,Hà Nội,Family,2019
790898,Hà Nội,Friends,2019
790904,Hà Nội,Friends,2019
790904,Hà Nội,Boyfriend / Girlfriend,2019
790945,Hồ Chí Minh,Colleagues / Business partner,2019
790958,Hà Nội,Family,2019
790968,Hải Phòng,Family,2019
790968,Hải Phòng,Friends,2019
790971,Hải Phòng,Friends,2019
790990,Hồ Chí Minh,Colleagues / Business partner,2019
790990,Hồ Chí Minh,Family,2019
790990,Hồ Chí Minh,Friends,2019
790990,Hồ Chí Minh,Family,2019
790990,Hồ Chí Minh,Family,2019
791013,Hà Nội,Family,2019
791541,Cần Thơ,Alone,2019
791541,Cần Thơ,Friends,2019
791541,Cần Thơ,Boyfriend / Girlfriend,2019
791581,Hải Phòng,Family,2019
791582,Hải Phòng,Family,2019
791618,Hải Phòng,Family,2019
791618,Hải Phòng,Family,2019
791618,Hải Phòng,Friends,2019
791665,Hà Nội,Family,2019
791668,Hà Nội,Family,2019
791668,Hà Nội,Family,2019
791725,Hà Nội,Colleagues / Business partner,2019
791725,Hà Nội,Friends,2019
791725,Hà Nội,Family,2019
791730,Hà Nội,Colleagues / Business partner,2019
791730,Hà Nội,Family,2019
791730,Hà Nội,Friends,2019
791730,Hà Nội,Family,2019
791737,Hà Nội,Family,2019
791737,Hà Nội,Friends,2019
791737,Hà Nội,Family,2019
791737,Hà Nội,Family,2019
791751,Hồ Chí Minh,Colleagues / Business partner,2019
791761,Hồ Chí Minh,Colleagues / Business partner,2019
791779,Hà Nội,Colleagues / Business partner,2019
791779,Hà Nội,Family,2019
791779,Hà Nội,Friends,2019
791788,Hà Nội,Colleagues / Business partner,2019
791788,Hà Nội,Friends,2019
791868,Hồ Chí Minh,Friends,2019
791915,Hồ Chí Minh,Family,2019
791915,Hồ Chí Minh,Family,2019
791957,Cần Thơ,Friends,2019
791957,Cần Thơ,Family,2019
791957,Cần Thơ,Colleagues / Business partner,2019
791957,Cần Thơ,Alone,2019
791962,Hà Nội,Friends,2019
791962,Hà Nội,Family,2019
792011,Hải Phòng,Friends,2019
792019,Hà Nội,Family,2019
792019,Hà Nội,Colleagues / Business partner,2019
792019,Hà Nội,Friends,2019
792021,Hải Phòng,Friends,2019
792023,Hà Nội,Colleagues / Business partner,2019
792023,Hà Nội,Friends,2019
792058,Hà Nội,Family,2019
792058,Hà Nội,Friends,2019
792060,Hà Nội,Friends,2019
792066,Hồ Chí Minh,Friends,2019
792069,Hà Nội,Family,2019
792069,Hà Nội,Family,2019
792069,Hà Nội,Friends,2019
792074,Hồ Chí Minh,Friends,2019
792139,Hà Nội,Friends,2019
792146,Hà Nội,Friends,2019
792148,Hải Phòng,Friends,2019
792148,Hải Phòng,Family,2019
792150,Hồ Chí Minh,Family,2019
792150,Hồ Chí Minh,Family,2019
792152,Hồ Chí Minh,Friends,2019
792214,Hải Phòng,Friends,2019
792291,Hà Nội,Boyfriend / Girlfriend,2019
792291,Hà Nội,Friends,2019
792344,Hải Phòng,Friends,2019
792345,Hải Phòng,Friends,2019
792353,Hồ Chí Minh,Alone,2019
792540,Hà Nội,Friends,2019
792540,Hà Nội,Family,2019
792540,Hà Nội,Family,2019
792542,Hồ Chí Minh,Alone,2019
792542,Hồ Chí Minh,Family,2019
792542,Hồ Chí Minh,Colleagues / Business partner,2019
792556,Hồ Chí Minh,Family,2019
792575,Hà Nội,Alone,2019
792575,Hà Nội,Friends,2019
792575,Hà Nội,Colleagues / Business partner,2019
792580,Đà Nẵng,Alone,2019
792580,Đà Nẵng,Friends,2019
792580,Đà Nẵng,Boyfriend / Girlfriend,2019
792588,Hà Nội,Friends,2019
792590,Hà Nội,Friends,2019
792593,Hải Phòng,Friends,2019
792598,Hải Phòng,Friends,2019
792613,Hải Phòng,Friends,2019
792621,Hải Phòng,Colleagues / Business partner,2019
792648,Hải Phòng,Friends,2019
792648,Hải Phòng,Family,2019
792654,Hà Nội,Friends,2019
792654,Hà Nội,Family,2019
792654,Hà Nội,Family,2019
792655,Hà Nội,Family,2019
792655,Hà Nội,Family,2019
792655,Hà Nội,Friends,2019
792660,Hà Nội,Family,2019
792660,Hà Nội,Family,2019
792660,Hà Nội,Family,2019
792660,Hà Nội,Friends,2019
792708,Nha Trang,Family,2019
792708,Nha Trang,Friends,2019
792710,Hồ Chí Minh,Boyfriend / Girlfriend,2019
792710,Hồ Chí Minh,Colleagues / Business partner,2019
792710,Hồ Chí Minh,Friends,2019
792726,Hà Nội,Boyfriend / Girlfriend,2019
792726,Hà Nội,Friends,2019
792734,Hải Phòng,Friends,2019
792734,Hải Phòng,Colleagues / Business partner,2019
792736,Hải Phòng,Friends,2019
792736,Hải Phòng,Family,2019
792743,Nha Trang,Friends,2019
792746,Hải Phòng,Family,2019
792750,Hà Nội,Family,2019
792750,Hà Nội,Friends,2019
792768,Hà Nội,Family,2019
792768,Hà Nội,Family,2019
792770,Hà Nội,Boyfriend / Girlfriend,2019
792770,Hà Nội,Friends,2019
792772,Hà Nội,Friends,2019
792772,Hà Nội,Colleagues / Business partner,2019
792776,Hải Phòng,Friends,2019
792777,Hà Nội,Family,2019
792777,Hà Nội,Colleagues / Business partner,2019
792777,Hà Nội,Friends,2019
792780,Hà Nội,Friends,2019
792784,Hà Nội,Friends,2019
792789,Hà Nội,Friends,2019
792789,Hà Nội,Family,2019
792789,Hà Nội,Family,2019
792790,Hà Nội,Family,2019
792790,Hà Nội,Family,2019
792790,Hà Nội,Friends,2019
792797,Hồ Chí Minh,Family,2019
792797,Hồ Chí Minh,Friends,2019
792800,Hồ Chí Minh,Family,2019
792820,Nha Trang,Friends,2019
792834,Đà Nẵng,Friends,2019
792834,Đà Nẵng,Colleagues / Business partner,2019
792844,Hà Nội,Colleagues / Business partner,2019
792844,Hà Nội,Friends,2019
792853,Hải Phòng,Boyfriend / Girlfriend,2019
792853,Hải Phòng,Friends,2019
792855,Nha Trang,Family,2019
792855,Nha Trang,Alone,2019
792860,Hà Nội,Friends,2019
792860,Hà Nội,Colleagues / Business partner,2019
792860,Hà Nội,Family,2019
792860,Hà Nội,Family,2019
792863,Hải Phòng,Family,2019
792863,Hải Phòng,Colleagues / Business partner,2019
792866,Hà Nội,Colleagues / Business partner,2019
792866,Hà Nội,Family,2019
792866,Hà Nội,Family,2019
792866,Hà Nội,Friends,2019
792873,Cần Thơ,Family,2019
792876,Nha Trang,Friends,2019
792889,Cần Thơ,Family,2019
792889,Cần Thơ,Alone,2019
792889,Cần Thơ,Friends,2019
792893,Hải Phòng,Alone,2019
792894,Hải Phòng,Alone,2019
792898,Hải Phòng,Friends,2019
792912,Hà Nội,Friends,2019
792914,Hà Nội,Family,2019
792914,Hà Nội,Family,2019
792914,Hà Nội,Friends,2019
792916,Hà Nội,Friends,2019
792916,Hà Nội,Family,2019
792916,Hà Nội,Family,2019
792922,Hà Nội,Friends,2019
792922,Hà Nội,Family,2019
792924,Hà Nội,Friends,2019
792924,Hà Nội,Family,2019
792924,Hà Nội,Colleagues / Business partner,2019
792930,Hà Nội,Friends,2019
792940,Nha Trang,Alone,2019
792950,Hải Phòng,Friends,2019
792955,Hà Nội,Friends,2019
792962,Cần Thơ,Friends,2019
792963,Hà Nội,Family,2019
792963,Hà Nội,Friends,2019
792976,Hải Phòng,Colleagues / Business partner,2019
792976,Hải Phòng,Friends,2019
793005,Hà Nội,Colleagues / Business partner,2019
793005,Hà Nội,Family,2019
793005,Hà Nội,Friends,2019
793017,Hồ Chí Minh,Colleagues / Business partner,2019
793019,Hồ Chí Minh,Family,2019
793019,Hồ Chí Minh,Family,2019
793043,Hà Nội,Family,2019
793043,Hà Nội,Colleagues / Business partner,2019
793043,Hà Nội,Friends,2019
793056,Cần Thơ,Family,2019
793056,Cần Thơ,Family,2019
793056,Cần Thơ,Friends,2019
793056,Cần Thơ,Alone,2019
793067,Hải Phòng,Friends,2019
793076,Hồ Chí Minh,Family,2019
793076,Hồ Chí Minh,Friends,2019
793076,Hồ Chí Minh,Family,2019
793084,Cần Thơ,Alone,2019
793113,Hải Phòng,Family,2019
793118,Hải Phòng,Alone,2019
793118,Hải Phòng,Friends,2019
793129,Hà Nội,Friends,2019
793132,Hải Phòng,Friends,2019
793132,Hải Phòng,Family,2019
793136,Hà Nội,Friends,2019
793176,Hải Phòng,Friends,2019
793209,Hà Nội,Colleagues / Business partner,2019
793209,Hà Nội,Friends,2019
793220,Cần Thơ,Alone,2019
793360,Cần Thơ,Family,2019
793388,Hà Nội,Friends,2019
793394,Hà Nội,Friends,2019
793424,Hồ Chí Minh,Family,2019
793424,Hồ Chí Minh,Friends,2019
793424,Hồ Chí Minh,Colleagues / Business partner,2019
793456,Hải Phòng,Friends,2019
793458,Hải Phòng,Family,2019
793458,Hải Phòng,Family,2019
793461,Hà Nội,Family,2019
793461,Hà Nội,Colleagues / Business partner,2019
793461,Hà Nội,Friends,2019
793464,Nha Trang,Friends,2019
793475,Hải Phòng,Friends,2019
793475,Hải Phòng,Colleagues / Business partner,2019
793489,Cần Thơ,Family,2019
793545,Hà Nội,Family,2019
793545,Hà Nội,Friends,2019
793568,Hồ Chí Minh,Family,2019
793568,Hồ Chí Minh,Friends,2019
793568,Hồ Chí Minh,Family,2019
793569,Hải Phòng,Boyfriend / Girlfriend,2019
793569,Hải Phòng,Friends,2019
793579,Hồ Chí Minh,Family,2019
793579,Hồ Chí Minh,Colleagues / Business partner,2019
793579,Hồ Chí Minh,Family,2019
793585,Hải Phòng,Friends,2019
793902,Hồ Chí Minh,Alone,2019
793939,Hồ Chí Minh,Friends,2019
793942,Hồ Chí Minh,Family,2019
794003,Nha Trang,Alone,2019
794115,Hồ Chí Minh,Alone,2019
794157,Hồ Chí Minh,Colleagues / Business partner,2019
794157,Hồ Chí Minh,Friends,2019
794171,Hà Nội,Family,2019
794171,Hà Nội,Family,2019
794171,Hà Nội,Friends,2019
794175,Hà Nội,Friends,2019
794175,Hà Nội,Family,2019
794177,Hà Nội,Friends,2019
794177,Hà Nội,Family,2019
794179,Hà Nội,Family,2019
794179,Hà Nội,Friends,2019
794181,Nha Trang,Alone,2019
794229,Hồ Chí Minh,Family,2019
794258,Hồ Chí Minh,Family,2019
794258,Hồ Chí Minh,Friends,2019
794347,Hà Nội,Friends,2019
794347,Hà Nội,Family,2019
794347,Hà Nội,Family,2019
794385,Hồ Chí Minh,Boyfriend / Girlfriend,2019
794385,Hồ Chí Minh,Friends,2019
794392,Hồ Chí Minh,Friends,2019
794392,Hồ Chí Minh,Family,2019
794392,Hồ Chí Minh,Family,2019
794505,Hà Nội,Friends,2019
794505,Hà Nội,Boyfriend / Girlfriend,2019
794511,Hà Nội,Family,2019
794511,Hà Nội,Friends,2019
794521,Hà Nội,Friends,2019
794521,Hà Nội,Boyfriend / Girlfriend,2019
794521,Hà Nội,Family,2019
794533,Nha Trang,Friends,2019
794560,Hà Nội,Friends,2019
794560,Hà Nội,Family,2019
794587,Hồ Chí Minh,Alone,2019
794595,Hà Nội,Friends,2019
794599,Hà Nội,Friends,2019
794606,Hà Nội,Family,2019
794606,Hà Nội,Friends,2019
794635,Hồ Chí Minh,Friends,2019
794703,Hồ Chí Minh,Family,2019
794703,Hồ Chí Minh,Family,2019
794718,Hà Nội,Family,2019
794718,Hà Nội,Friends,2019
794735,Hồ Chí Minh,Friends,2019
794784,Hà Nội,Colleagues / Business partner,2019
794784,Hà Nội,Friends,2019
794784,Hà Nội,Family,2019
794818,Hà Nội,Family,2019
794818,Hà Nội,Friends,2019
794824,Hà Nội,Family,2019
794824,Hà Nội,Friends,2019
794828,Hồ Chí Minh,Alone,2019
794862,Hà Nội,Colleagues / Business partner,2019
794862,Hà Nội,Family,2019
794862,Hà Nội,Friends,2019
794998,Cần Thơ,Friends,2019
794998,Cần Thơ,Colleagues / Business partner,2019
794998,Cần Thơ,Family,2019
794998,Cần Thơ,Family,2019
794998,Cần Thơ,Alone,2019
795043,Hà Nội,Family,2019
795043,Hà Nội,Friends,2019
795043,Hà Nội,Family,2019
795086,Nha Trang,Colleagues / Business partner,2019
795086,Nha Trang,Friends,2019
795102,Nha Trang,Family,2019
795102,Nha Trang,Friends,2019
795104,Hồ Chí Minh,Friends,2019
795104,Hồ Chí Minh,Boyfriend / Girlfriend,2019
795105,Hà Nội,Friends,2019
795108,Hà Nội,Family,2019
795146,Cần Thơ,Friends,2019
795146,Cần Thơ,Family,2019
795146,Cần Thơ,Family,2019
795151,Hồ Chí Minh,Friends,2019
795179,Đà Nẵng,Friends,2019
795193,Hà Nội,Friends,2019
795193,Hà Nội,Colleagues / Business partner,2019
795214,Hồ Chí Minh,Friends,2019
795214,Hồ Chí Minh,Boyfriend / Girlfriend,2019
795222,Nha Trang,Family,2019
795222,Nha Trang,Family,2019
795227,Đà Nẵng,Family,2019
795227,Đà Nẵng,Family,2019
795230,Nha Trang,Friends,2019
795238,Hà Nội,Colleagues / Business partner,2019
795238,Hà Nội,Family,2019
795238,Hà Nội,Friends,2019
795238,Hà Nội,Family,2019
795258,Hải Phòng,Friends,2019
795258,Hải Phòng,Family,2019
795282,Hà Nội,Friends,2019
795292,Đà Nẵng,Family,2019
795292,Đà Nẵng,Friends,2019
795315,Nha Trang,Friends,2019
795337,Hà Nội,Friends,2019
795339,Cần Thơ,Boyfriend / Girlfriend,2019
795339,Cần Thơ,Friends,2019
795339,Cần Thơ,Colleagues / Business partner,2019
795340,Đà Nẵng,Colleagues / Business partner,2019
795340,Đà Nẵng,Family,2019
795340,Đà Nẵng,Friends,2019
795340,Đà Nẵng,Family,2019
795342,Hà Nội,Family,2019
795342,Hà Nội,Friends,2019
795365,Hà Nội,Friends,2019
795367,Nha Trang,Alone,2019
795367,Nha Trang,Friends,2019
795367,Nha Trang,Family,2019
795370,Hồ Chí Minh,Friends,2019
795376,Hà Nội,Family,2019
795376,Hà Nội,Friends,2019
795376,Hà Nội,Family,2019
795376,Hà Nội,Family,2019
795376,Hà Nội,Colleagues / Business partner,2019
795403,Nha Trang,Friends,2019
795472,Hà Nội,Family,2019
795472,Hà Nội,Family,2019
795472,Hà Nội,Friends,2019
795482,Hà Nội,Friends,2019
795482,Hà Nội,Family,2019
795508,Cần Thơ,Friends,2019
795509,Hải Phòng,Family,2019
795509,Hải Phòng,Family,2019
795511,Hải Phòng,Family,2019
795511,Hải Phòng,Family,2019
795522,Cần Thơ,Others,2019
795522,Cần Thơ,Friends,2019
795553,Hà Nội,Friends,2019
795553,Hà Nội,Family,2019
795580,Hà Nội,Family,2019
795580,Hà Nội,Family,2019
795580,Hà Nội,Family,2019
795580,Hà Nội,Friends,2019
795589,Nha Trang,Friends,2019
795609,Nha Trang,Friends,2019
795613,Nha Trang,Alone,2019
795613,Nha Trang,Friends,2019
795683,Cần Thơ,Friends,2019
795683,Cần Thơ,Colleagues / Business partner,2019
795683,Cần Thơ,Boyfriend / Girlfriend,2019
795683,Cần Thơ,Alone,2019
795707,Hải Phòng,Family,2019
795707,Hải Phòng,Family,2019
795707,Hải Phòng,Family,2019
795722,Cần Thơ,Family,2019
795722,Cần Thơ,Family,2019
795722,Cần Thơ,Friends,2019
795734,Hà Nội,Friends,2019
795745,Hà Nội,Friends,2019
795745,Hà Nội,Family,2019
795752,Hà Nội,Colleagues / Business partner,2019
795752,Hà Nội,Friends,2019
795796,Hải Phòng,Friends,2019
795921,Hà Nội,Friends,2019
795957,Đà Nẵng,Alone,2019
795958,Hà Nội,Family,2019
795958,Hà Nội,Family,2019
795958,Hà Nội,Friends,2019
795996,Nha Trang,Family,2019
795996,Nha Trang,Friends,2019
796081,Đà Nẵng,Friends,2019
796113,Hải Phòng,Colleagues / Business partner,2019
796113,Hải Phòng,Friends,2019
796113,Hải Phòng,Family,2019
796113,Hải Phòng,Family,2019
796181,Hà Nội,Family,2019
796181,Hà Nội,Family,2019
796204,Đà Nẵng,Friends,2019
796204,Đà Nẵng,Alone,2019
796204,Đà Nẵng,Family,2019
796204,Đà Nẵng,Boyfriend / Girlfriend,2019
796221,Hồ Chí Minh,Alone,2019
796221,Hồ Chí Minh,Friends,2019
796259,Hà Nội,Colleagues / Business partner,2019
796259,Hà Nội,Friends,2019
796259,Hà Nội,Family,2019
796284,Hồ Chí Minh,Friends,2019
796357,Hồ Chí Minh,Family,2019
796357,Hồ Chí Minh,Family,2019
796357,Hồ Chí Minh,Friends,2019
796405,Hà Nội,Family,2019
796405,Hà Nội,Friends,2019
796412,Hà Nội,Friends,2019
796685,Hồ Chí Minh,Friends,2019
796840,Hồ Chí Minh,Family,2019
796840,Hồ Chí Minh,Friends,2019
796840,Hồ Chí Minh,Family,2019
796909,Hà Nội,Family,2019
796909,Hà Nội,Friends,2019
796914,Hà Nội,Friends,2019
796914,Hà Nội,Family,2019
796921,Hà Nội,Colleagues / Business partner,2019
796921,Hà Nội,Friends,2019
796924,Hà Nội,Friends,2019
796924,Hà Nội,Family,2019
796924,Hà Nội,Colleagues / Business partner,2019
796924,Hà Nội,Family,2019
796944,Hà Nội,Friends,2019
796944,Hà Nội,Family,2019
797043,Nha Trang,Friends,2019
797192,Hà Nội,Friends,2019
797231,Hà Nội,Family,2019
797231,Hà Nội,Friends,2019
797233,Hà Nội,Friends,2019
797233,Hà Nội,Family,2019
797241,Hà Nội,Friends,2019
797241,Hà Nội,Family,2019
797255,Đà Nẵng,Family,2019
797255,Đà Nẵng,Friends,2019
797269,Hà Nội,Colleagues / Business partner,2019
797269,Hà Nội,Friends,2019
797274,Nha Trang,Friends,2019
797282,Hồ Chí Minh,Family,2019
797336,Hồ Chí Minh,Colleagues / Business partner,2019
797336,Hồ Chí Minh,Friends,2019
797348,Hà Nội,Friends,2019
797386,Đà Nẵng,Friends,2019
797467,Hà Nội,Friends,2019
797467,Hà Nội,Colleagues / Business partner,2019
797476,Đà Nẵng,Friends,2019
797512,Hà Nội,Family,2019
797512,Hà Nội,Colleagues / Business partner,2019
797512,Hà Nội,Friends,2019
797515,Hà Nội,Colleagues / Business partner,2019
797515,Hà Nội,Family,2019
797515,Hà Nội,Friends,2019
797551,Hồ Chí Minh,Family,2019
797551,Hồ Chí Minh,Friends,2019
797611,Đà Nẵng,Colleagues / Business partner,2019
797611,Đà Nẵng,Friends,2019
797671,Hà Nội,Colleagues / Business partner,2019
797671,Hà Nội,Friends,2019
797671,Hà Nội,Family,2019
797750,Hồ Chí Minh,Colleagues / Business partner,2019
797750,Hồ Chí Minh,Friends,2019
797759,Hồ Chí Minh,Friends,2019
797759,Hồ Chí Minh,Family,2019
797797,Đà Nẵng,Colleagues / Business partner,2019
797797,Đà Nẵng,Friends,2019
797839,Hà Nội,Friends,2019
797839,Hà Nội,Colleagues / Business partner,2019
797875,Hà Nội,Colleagues / Business partner,2019
797875,Hà Nội,Friends,2019
797877,Nha Trang,Friends,2019
797889,Hồ Chí Minh,Friends,2019
797892,Hồ Chí Minh,Family,2019
797892,Hồ Chí Minh,Family,2019
797892,Hồ Chí Minh,Friends,2019
797893,Hà Nội,Friends,2019
797893,Hà Nội,Family,2019
797912,Hà Nội,Family,2019
797912,Hà Nội,Friends,2019
797912,Hà Nội,Family,2019
797912,Hà Nội,Colleagues / Business partner,2019
797914,Hồ Chí Minh,Friends,2019
797914,Hồ Chí Minh,Alone,2019
797916,Đà Nẵng,Friends,2019
797924,Hồ Chí Minh,Family,2019
797924,Hồ Chí Minh,Family,2019
797933,Hà Nội,Friends,2019
797933,Hà Nội,Family,2019
797933,Hà Nội,Family,2019
797953,Hà Nội,Friends,2019
798003,Hà Nội,Boyfriend / Girlfriend,2019
798003,Hà Nội,Friends,2019
798035,Hải Phòng,Friends,2019
798035,Hải Phòng,Alone,2019
798042,Nha Trang,Friends,2019
798042,Nha Trang,Family,2019
798046,Hà Nội,Friends,2019
798046,Hà Nội,Colleagues / Business partner,2019
798058,Hồ Chí Minh,Friends,2019
798064,Nha Trang,Family,2019
798064,Nha Trang,Family,2019
798071,Đà Nẵng,Friends,2019
798071,Đà Nẵng,Family,2019
798079,Hà Nội,Friends,2019
798079,Hà Nội,Family,2019
798079,Hà Nội,Colleagues / Business partner,2019
798099,Hồ Chí Minh,Friends,2019
798099,Hồ Chí Minh,Alone,2019
798114,Hà Nội,Family,2019
798114,Hà Nội,Colleagues / Business partner,2019
798114,Hà Nội,Friends,2019
798117,Hà Nội,Family,2019
798117,Hà Nội,Friends,2019
798146,Hải Phòng,Family,2019
798146,Hải Phòng,Family,2019
798146,Hải Phòng,Friends,2019
798146,Hải Phòng,Family,2019
798146,Hải Phòng,Family,2019
798150,Nha Trang,Friends,2019
798150,Nha Trang,Family,2019
798171,Nha Trang,Friends,2019
798171,Nha Trang,Alone,2019
798186,Hà Nội,Family,2019
798187,Hồ Chí Minh,Friends,2019
798187,Hồ Chí Minh,Boyfriend / Girlfriend,2019
798210,Hà Nội,Family,2019
798210,Hà Nội,Friends,2019
798232,Hải Phòng,Family,2019
798232,Hải Phòng,Colleagues / Business partner,2019
798232,Hải Phòng,Friends,2019
798237,Nha Trang,Colleagues / Business partner,2019
798285,Hà Nội,Friends,2019
798285,Hà Nội,Family,2019
798336,Nha Trang,Alone,2019
798521,Đà Nẵng,Friends,2019
798535,Hà Nội,Alone,2019
798535,Hà Nội,Friends,2019
798556,Đà Nẵng,Friends,2019
798556,Đà Nẵng,Family,2019
798590,Đà Nẵng,Friends,2019
798603,Nha Trang,Friends,2019
798637,Nha Trang,Friends,2019
798774,Hà Nội,Colleagues / Business partner,2019
798775,Nha Trang,Friends,2019
798786,Nha Trang,Family,2019
798786,Nha Trang,Family,2019
798803,Đà Nẵng,Family,2019
798803,Đà Nẵng,Friends,2019
798832,Nha Trang,Friends,2019
798834,Đà Nẵng,Friends,2019
798834,Đà Nẵng,Family,2019
798841,Hồ Chí Minh,Boyfriend / Girlfriend,2019
798841,Hồ Chí Minh,Friends,2019
798895,Đà Nẵng,Colleagues / Business partner,2019
798895,Đà Nẵng,Friends,2019
798903,Hà Nội,Friends,2019
798903,Hà Nội,Family,2019
798916,Đà Nẵng,Family,2019
798916,Đà Nẵng,Friends,2019
798916,Đà Nẵng,Colleagues / Business partner,2019
798916,Đà Nẵng,Family,2019
798920,Hà Nội,Family,2019
798927,Hồ Chí Minh,Colleagues / Business partner,2019
798927,Hồ Chí Minh,Friends,2019
798927,Hồ Chí Minh,Alone,2019
798981,Hải Phòng,Friends,2019
799018,Hồ Chí Minh,Boyfriend / Girlfriend,2019
799018,Hồ Chí Minh,Friends,2019
799034,Hà Nội,Friends,2019
799034,Hà Nội,Family,2019
799034,Hà Nội,Family,2019
799034,Hà Nội,Family,2019
799079,Cần Thơ,Friends,2019
799079,Cần Thơ,Alone,2019
799079,Cần Thơ,Colleagues / Business partner,2019
799418,Hà Nội,Family,2019
799418,Hà Nội,Family,2019
799418,Hà Nội,Friends,2019
799418,Hà Nội,Family,2019
799488,Hồ Chí Minh,Alone,2019
799509,Nha Trang,Friends,2019
799521,Hà Nội,Family,2019
799521,Hà Nội,Friends,2019
799521,Hà Nội,Family,2019
799521,Hà Nội,Colleagues / Business partner,2019
799561,Hải Phòng,Family,2019
799561,Hải Phòng,Family,2019
799561,Hải Phòng,Friends,2019
799568,Hồ Chí Minh,Friends,2019
799568,Hồ Chí Minh,Family,2019
799578,Hồ Chí Minh,Friends,2019
799587,Nha Trang,Friends,2019
799596,Đà Nẵng,Friends,2019
799614,Hà Nội,Friends,2019
799630,Hà Nội,Friends,2019
799630,Hà Nội,Family,2019
799633,Hồ Chí Minh,Friends,2019
799636,Hồ Chí Minh,Family,2019
799734,Hà Nội,Family,2019
799734,Hà Nội,Friends,2019
799734,Hà Nội,Family,2019
799840,Hồ Chí Minh,Friends,2019
799843,Hồ Chí Minh,Friends,2019
799843,Hồ Chí Minh,Family,2019
799860,Hồ Chí Minh,Alone,2019
799869,Hà Nội,Family,2019
799869,Hà Nội,Friends,2019
799898,Hồ Chí Minh,Friends,2019
799898,Hồ Chí Minh,Family,2019
799900,Hải Phòng,Family,2019
799900,Hải Phòng,Friends,2019
799930,Đà Nẵng,Friends,2019
799930,Đà Nẵng,Colleagues / Business partner,2019
799949,Hải Phòng,Friends,2019
799951,Đà Nẵng,Friends,2019
799972,Hà Nội,Friends,2019
799979,Hà Nội,Friends,2019
799979,Hà Nội,Boyfriend / Girlfriend,2019
800056,Hà Nội,Friends,2019
800056,Hà Nội,Family,2019
800061,Hải Phòng,Family,2019
800061,Hải Phòng,Friends,2019
800069,Đà Nẵng,Friends,2019
800091,Hà Nội,Friends,2019
800095,Hà Nội,Friends,2019
800095,Hà Nội,Family,2019
800111,Hà Nội,Family,2019
800111,Hà Nội,Friends,2019
800113,Hà Nội,Colleagues / Business partner,2019
800134,Đà Nẵng,Friends,2019
800134,Đà Nẵng,Boyfriend / Girlfriend,2019
800181,Hà Nội,Colleagues / Business partner,2019
800181,Hà Nội,Family,2019
800181,Hà Nội,Friends,2019
800182,Đà Nẵng,Family,2019
800182,Đà Nẵng,Family,2019
800182,Đà Nẵng,Family,2019
800183,Đà Nẵng,Friends,2019
800183,Đà Nẵng,Colleagues / Business partner,2019
800189,Nha Trang,Family,2019
800208,Đà Nẵng,Family,2019
800208,Đà Nẵng,Colleagues / Business partner,2019
800208,Đà Nẵng,Friends,2019
800216,Hà Nội,Friends,2019
800216,Hà Nội,Family,2019
800220,Hà Nội,Friends,2019
800220,Hà Nội,Family,2019
800220,Hà Nội,Family,2019
800247,Hồ Chí Minh,Colleagues / Business partner,2019
800247,Hồ Chí Minh,Friends,2019
800267,Đà Nẵng,Friends,2019
800283,Cần Thơ,Family,2019
800283,Cần Thơ,Friends,2019
800347,Nha Trang,Colleagues / Business partner,2019
800347,Nha Trang,Friends,2019
800394,Nha Trang,Friends,2019
800405,Nha Trang,Family,2019
800405,Nha Trang,Alone,2019
800429,Đà Nẵng,Family,2019
800429,Đà Nẵng,Family,2019
800429,Đà Nẵng,Family,2019
800429,Đà Nẵng,Family,2019
800438,Đà Nẵng,Family,2019
800438,Đà Nẵng,Family,2019
800445,Hồ Chí Minh,Friends,2019
800446,Đà Nẵng,Alone,2019
800446,Đà Nẵng,Friends,2019
800462,Hải Phòng,Friends,2019
800472,Hà Nội,Friends,2019
800472,Hà Nội,Colleagues / Business partner,2019
800472,Hà Nội,Family,2019
800492,Đà Nẵng,Friends,2019
800503,Đà Nẵng,Colleagues / Business partner,2019
800503,Đà Nẵng,Friends,2019
800507,Nha Trang,Friends,2019
800507,Nha Trang,Family,2019
800507,Nha Trang,Family,2019
800507,Nha Trang,Colleagues / Business partner,2019
800524,Nha Trang,Friends,2019
800565,Hải Phòng,Friends,2019
800571,Cần Thơ,Friends,2019
800571,Cần Thơ,Boyfriend / Girlfriend,2019
800571,Cần Thơ,Colleagues / Business partner,2019
800580,Cần Thơ,Colleagues / Business partner,2019
800580,Cần Thơ,Friends,2019
800589,Hồ Chí Minh,Friends,2019
800589,Hồ Chí Minh,Family,2019
800622,Hà Nội,Friends,2019
800627,Hải Phòng,Friends,2019
800630,Hồ Chí Minh,Alone,2019
800635,Hải Phòng,Family,2019
800635,Hải Phòng,Friends,2019
800664,Hà Nội,Boyfriend / Girlfriend,2019
800664,Hà Nội,Friends,2019
800668,Đà Nẵng,Friends,2019
800671,Hà Nội,Family,2019
800671,Hà Nội,Friends,2019
800671,Hà Nội,Family,2019
800671,Hà Nội,Family,2019
800673,Hà Nội,Friends,2019
800673,Hà Nội,Family,2019
800681,Nha Trang,Friends,2019
800687,Hà Nội,Friends,2019
800687,Hà Nội,Family,2019
800712,Hà Nội,Friends,2019
800712,Hà Nội,Family,2019
800712,Hà Nội,Boyfriend / Girlfriend,2019
800712,Hà Nội,Colleagues / Business partner,2019
800715,Hà Nội,Family,2019
800715,Hà Nội,Family,2019
800715,Hà Nội,Friends,2019
800768,Hà Nội,Friends,2019
800816,Hồ Chí Minh,Friends,2019
800816,Hồ Chí Minh,Boyfriend / Girlfriend,2019
800816,Hồ Chí Minh,Colleagues / Business partner,2019
800826,Đà Nẵng,Friends,2019
800826,Đà Nẵng,Family,2019
800853,Hà Nội,Colleagues / Business partner,2019
800853,Hà Nội,Friends,2019
800856,Hà Nội,Friends,2019
800858,Hà Nội,Family,2019
800858,Hà Nội,Friends,2019
800864,Hà Nội,Friends,2019
800864,Hà Nội,Family,2019
800865,Hà Nội,Friends,2019
800865,Hà Nội,Family,2019
800887,Hà Nội,Colleagues / Business partner,2019
800887,Hà Nội,Boyfriend / Girlfriend,2019
800887,Hà Nội,Friends,2019
800890,Hà Nội,Family,2019
800930,Hải Phòng,Friends,2019
800930,Hải Phòng,Alone,2019
800989,Đà Nẵng,Friends,2019
801030,Đà Nẵng,Friends,2019
801036,Nha Trang,Colleagues / Business partner,2019
801036,Nha Trang,Friends,2019
801049,Hải Phòng,Friends,2019
801055,Hải Phòng,Friends,2019
801055,Hải Phòng,Family,2019
801055,Hải Phòng,Family,2019
801071,Hà Nội,Colleagues / Business partner,2019
801071,Hà Nội,Friends,2019
801072,Đà Nẵng,Friends,2019
801072,Đà Nẵng,Colleagues / Business partner,2019
801083,Hà Nội,Family,2019
801083,Hà Nội,Friends,2019
801087,Hà Nội,Friends,2019
801087,Hà Nội,Family,2019
801100,Hà Nội,Family,2019
801100,Hà Nội,Friends,2019
801100,Hà Nội,Family,2019
801102,Hà Nội,Family,2019
801102,Hà Nội,Friends,2019
801102,Hà Nội,Family,2019
801199,Đà Nẵng,Alone,2019
801230,Hà Nội,Friends,2019
801234,Đà Nẵng,Family,2019
801234,Đà Nẵng,Family,2019
801249,Hồ Chí Minh,Friends,2019
801249,Hồ Chí Minh,Colleagues / Business partner,2019
801263,Hà Nội,Friends,2019
801263,Hà Nội,Family,2019
801263,Hà Nội,Family,2019
801277,Hà Nội,Friends,2019
801277,Hà Nội,Boyfriend / Girlfriend,2019
801288,Nha Trang,Friends,2019
801288,Nha Trang,Colleagues / Business partner,2019
801291,Hà Nội,Family,2019
801291,Hà Nội,Colleagues / Business partner,2019
801291,Hà Nội,Friends,2019
801444,Nha Trang,Friends,2019
801444,Nha Trang,Colleagues / Business partner,2019
801444,Nha Trang,Family,2019
801476,Đà Nẵng,Family,2019
801476,Đà Nẵng,Family,2019
801476,Đà Nẵng,Family,2019
801544,Hồ Chí Minh,Family,2019
801571,Hà Nội,Family,2019
801571,Hà Nội,Friends,2019
801571,Hà Nội,Colleagues / Business partner,2019
801598,Hà Nội,Alone,2019
801598,Hà Nội,Others,2019
801651,Hà Nội,Friends,2019
801651,Hà Nội,Family,2019
801651,Hà Nội,Family,2019
802026,Đà Nẵng,Friends,2019
802039,Hồ Chí Minh,Family,2019
802121,Nha Trang,Family,2019
802121,Nha Trang,Family,2019
802121,Nha Trang,Family,2019
802145,Hà Nội,Colleagues / Business partner,2019
802177,Đà Nẵng,Alone,2019
802231,Nha Trang,Friends,2019
802232,Hà Nội,Colleagues / Business partner,2019
802232,Hà Nội,Friends,2019
802273,Cần Thơ,Friends,2019
802273,Cần Thơ,Family,2019
802276,Cần Thơ,Family,2019
802276,Cần Thơ,Family,2019
802314,Đà Nẵng,Family,2019
802401,Đà Nẵng,Friends,2019
802412,Hà Nội,Friends,2019
802412,Hà Nội,Family,2019
802444,Nha Trang,Friends,2019
802466,Nha Trang,Family,2019
802466,Nha Trang,Friends,2019
802470,Đà Nẵng,Alone,2019
802470,Đà Nẵng,Friends,2019
802503,Cần Thơ,Friends,2019
802503,Cần Thơ,Family,2019
802506,Hà Nội,Friends,2019
802506,Hà Nội,Family,2019
802537,Hà Nội,Family,2019
802537,Hà Nội,Friends,2019
802550,Đà Nẵng,Friends,2019
802582,Hà Nội,Friends,2019
802582,Hà Nội,Family,2019
802582,Hà Nội,Colleagues / Business partner,2019
802645,Đà Nẵng,Alone,2019
802650,Đà Nẵng,Friends,2019
802653,Cần Thơ,Friends,2019
802658,Hà Nội,Family,2019
802658,Hà Nội,Family,2019
802658,Hà Nội,Friends,2019
802702,Hà Nội,Colleagues / Business partner,2019
802702,Hà Nội,Family,2019
802702,Hà Nội,Friends,2019
802709,Hà Nội,Family,2019
802709,Hà Nội,Friends,2019
802721,Hà Nội,Colleagues / Business partner,2019
802721,Hà Nội,Friends,2019
802735,Hồ Chí Minh,Family,2019
802735,Hồ Chí Minh,Family,2019
802735,Hồ Chí Minh,Friends,2019
802746,Đà Nẵng,Colleagues / Business partner,2019
802746,Đà Nẵng,Friends,2019
802771,Cần Thơ,Colleagues / Business partner,2019
802771,Cần Thơ,Friends,2019
802787,Hà Nội,Family,2019
802787,Hà Nội,Family,2019
802787,Hà Nội,Friends,2019
802800,Hà Nội,Colleagues / Business partner,2019
802800,Hà Nội,Friends,2019
802805,Hồ Chí Minh,Colleagues / Business partner,2019
802821,Đà Nẵng,Family,2019
802841,Hải Phòng,Friends,2019
802841,Hải Phòng,Family,2019
802841,Hải Phòng,Family,2019
802841,Hải Phòng,Family,2019
802841,Hải Phòng,Family,2019
802850,Cần Thơ,Friends,2019
802861,Hồ Chí Minh,Friends,2019
802861,Hồ Chí Minh,Family,2019
802889,Hà Nội,Family,2019
802896,Hải Phòng,Friends,2019
802905,Đà Nẵng,Family,2019
802915,Đà Nẵng,Friends,2019
802915,Đà Nẵng,Colleagues / Business partner,2019
802966,Nha Trang,Colleagues / Business partner,2019
802966,Nha Trang,Friends,2019
802971,Nha Trang,Friends,2019
802988,Hồ Chí Minh,Friends,2019
802988,Hồ Chí Minh,Family,2019
802990,Hồ Chí Minh,Alone,2019
802997,Đà Nẵng,Alone,2019
803006,Hồ Chí Minh,Family,2019
803006,Hồ Chí Minh,Friends,2019
803092,Hà Nội,Friends,2019
803092,Hà Nội,Colleagues / Business partner,2019
803092,Hà Nội,Family,2019
803096,Hà Nội,Family,2019
803096,Hà Nội,Colleagues / Business partner,2019
803096,Hà Nội,Friends,2019
803101,Hà Nội,Family,2019
803101,Hà Nội,Colleagues / Business partner,2019
803101,Hà Nội,Friends,2019
803102,Hà Nội,Colleagues / Business partner,2019
803102,Hà Nội,Boyfriend / Girlfriend,2019
803102,Hà Nội,Friends,2019
803106,Hà Nội,Friends,2019
803106,Hà Nội,Colleagues / Business partner,2019
803107,Cần Thơ,Friends,2019
803108,Nha Trang,Friends,2019
803108,Nha Trang,Family,2019
803108,Nha Trang,Family,2019
803152,Nha Trang,Family,2019
803152,Nha Trang,Family,2019
803165,Hà Nội,Friends,2019
803165,Hà Nội,Colleagues / Business partner,2019
803165,Hà Nội,Family,2019
803167,Nha Trang,Friends,2019
803182,Cần Thơ,Friends,2019
803191,Hà Nội,Family,2019
803191,Hà Nội,Friends,2019
803191,Hà Nội,Colleagues / Business partner,2019
803193,Nha Trang,Family,2019
803193,Nha Trang,Family,2019
803193,Nha Trang,Friends,2019
803195,Hồ Chí Minh,Boyfriend / Girlfriend,2019
803195,Hồ Chí Minh,Friends,2019
803198,Cần Thơ,Family,2019
803198,Cần Thơ,Friends,2019
803206,Hà Nội,Friends,2019
803206,Hà Nội,Family,2019
803206,Hà Nội,Family,2019
803216,Hà Nội,Family,2019
803216,Hà Nội,Friends,2019
803224,Đà Nẵng,Alone,2019
803224,Đà Nẵng,Family,2019
803229,Đà Nẵng,Friends,2019
803229,Đà Nẵng,Alone,2019
803263,Hà Nội,Friends,2019
803267,Hà Nội,Family,2019
803267,Hà Nội,Colleagues / Business partner,2019
803267,Hà Nội,Friends,2019
803274,Hà Nội,Family,2019
803274,Hà Nội,Colleagues / Business partner,2019
803274,Hà Nội,Friends,2019
803276,Cần Thơ,Friends,2019
803281,Nha Trang,Friends,2019
803288,Nha Trang,Friends,2019
803303,Hồ Chí Minh,Friends,2019
803308,Hồ Chí Minh,Family,2019
803308,Hồ Chí Minh,Friends,2019
803314,Nha Trang,Colleagues / Business partner,2019
803314,Nha Trang,Family,2019
803322,Đà Nẵng,Friends,2019
803322,Đà Nẵng,Family,2019
803368,Hồ Chí Minh,Friends,2019
803368,Hồ Chí Minh,Alone,2019
803413,Hà Nội,Family,2019
803413,Hà Nội,Family,2019
803413,Hà Nội,Family,2019
803413,Hà Nội,Friends,2019
803453,Nha Trang,Family,2019
803453,Nha Trang,Friends,2019
803453,Nha Trang,Family,2019
803453,Nha Trang,Family,2019
803459,Cần Thơ,Friends,2019
803473,Đà Nẵng,Family,2019
803478,Cần Thơ,Friends,2019
803478,Cần Thơ,Alone,2019
803478,Cần Thơ,Family,2019
803478,Cần Thơ,Family,2019
803504,Hà Nội,Friends,2019
803504,Hà Nội,Family,2019
803504,Hà Nội,Family,2019
803560,Hồ Chí Minh,Friends,2019
803624,Hà Nội,Friends,2019
803624,Hà Nội,Family,2019
803624,Hà Nội,Colleagues / Business partner,2019
803628,Hà Nội,Colleagues / Business partner,2019
803628,Hà Nội,Friends,2019
803628,Hà Nội,Family,2019
803638,Hà Nội,Family,2019
803638,Hà Nội,Friends,2019
803638,Hà Nội,Family,2019
803687,Đà Nẵng,Friends,2019
803691,Đà Nẵng,Friends,2019
803696,Nha Trang,Family,2019
803696,Nha Trang,Family,2019
803696,Nha Trang,Family,2019
803701,Hà Nội,Friends,2019
803701,Hà Nội,Family,2019
803720,Cần Thơ,Family,2019
803720,Cần Thơ,Family,2019
803727,Cần Thơ,Friends,2019
803727,Cần Thơ,Family,2019
803758,Hồ Chí Minh,Family,2019
803758,Hồ Chí Minh,Friends,2019
803793,Hà Nội,Friends,2019
803793,Hà Nội,Colleagues / Business partner,2019
803803,Hồ Chí Minh,Alone,2019
803825,Hải Phòng,Colleagues / Business partner,2019
803825,Hải Phòng,Friends,2019
803841,Cần Thơ,Friends,2019
803841,Cần Thơ,Colleagues / Business partner,2019
803882,Cần Thơ,Family,2019
803896,Nha Trang,Family,2019
803896,Nha Trang,Friends,2019
803901,Nha Trang,Friends,2019
803901,Nha Trang,Family,2019
803915,Hà Nội,Colleagues / Business partner,2019
803915,Hà Nội,Family,2019
803915,Hà Nội,Friends,2019
803948,Hải Phòng,Friends,2019
803948,Hải Phòng,Colleagues / Business partner,2019
803976,Hà Nội,Alone,2019
803980,Nha Trang,Friends,2019
803980,Nha Trang,Family,2019
803990,Hồ Chí Minh,Boyfriend / Girlfriend,2019
803990,Hồ Chí Minh,Colleagues / Business partner,2019
804004,Nha Trang,Friends,2019
804010,Cần Thơ,Boyfriend / Girlfriend,2019
804010,Cần Thơ,Friends,2019
804010,Cần Thơ,Colleagues / Business partner,2019
804016,Đà Nẵng,Family,2019
804023,Cần Thơ,Friends,2019
804046,Cần Thơ,Colleagues / Business partner,2019
804081,Hồ Chí Minh,Alone,2019
804081,Hồ Chí Minh,Family,2019
804121,Hồ Chí Minh,Alone,2019
804121,Hồ Chí Minh,Friends,2019
804161,Hồ Chí Minh,Family,2019
804161,Hồ Chí Minh,Family,2019
804161,Hồ Chí Minh,Friends,2019
804161,Hồ Chí Minh,Colleagues / Business partner,2019
804174,Hà Nội,Colleagues / Business partner,2019
804174,Hà Nội,Friends,2019
804294,Cần Thơ,Colleagues / Business partner,2019
804497,Nha Trang,Friends,2019
804497,Nha Trang,Colleagues / Business partner,2019
804538,Hà Nội,Friends,2019
804538,Hà Nội,Family,2019
804538,Hà Nội,Colleagues / Business partner,2019
804579,Hồ Chí Minh,Alone,2019
804597,Nha Trang,Friends,2019
804601,Nha Trang,Friends,2019
804653,Hồ Chí Minh,Friends,2019
804690,Hồ Chí Minh,Friends,2019
804690,Hồ Chí Minh,Colleagues / Business partner,2019
804690,Hồ Chí Minh,Family,2019
804704,Nha Trang,Family,2019
804711,Nha Trang,Colleagues / Business partner,2019
804711,Nha Trang,Friends,2019
804737,Hồ Chí Minh,Family,2019
804737,Hồ Chí Minh,Friends,2019
804798,Hải Phòng,Alone,2019
804919,Nha Trang,Colleagues / Business partner,2019
804919,Nha Trang,Friends,2019
804919,Nha Trang,Family,2019
804975,Hải Phòng,Friends,2019
804986,Đà Nẵng,Family,2019
804986,Đà Nẵng,Family,2019
805028,Đà Nẵng,Family,2019
805028,Đà Nẵng,Family,2019
805039,Hà Nội,Family,2019
805039,Hà Nội,Friends,2019
805042,Hải Phòng,Colleagues / Business partner,2019
805042,Hải Phòng,Friends,2019
805052,Hải Phòng,Alone,2019
805096,Hồ Chí Minh,Friends,2019
805098,Nha Trang,Friends,2019
805126,Hồ Chí Minh,Friends,2019
805126,Hồ Chí Minh,Family,2019
805127,Cần Thơ,Friends,2019
805127,Cần Thơ,Colleagues / Business partner,2019
805127,Cần Thơ,Family,2019
805132,Hải Phòng,Family,2019
805132,Hải Phòng,Friends,2019
805168,Hồ Chí Minh,Alone,2019
805223,Nha Trang,Friends,2019
805224,Hải Phòng,Family,2019
805234,Hà Nội,Family,2019
805234,Hà Nội,Family,2019
805234,Hà Nội,Friends,2019
805281,Hà Nội,Friends,2019
805281,Hà Nội,Boyfriend / Girlfriend,2019
805281,Hà Nội,Family,2019
805344,Hồ Chí Minh,Family,2019
805344,Hồ Chí Minh,Family,2019
805355,Đà Nẵng,Family,2019
805355,Đà Nẵng,Family,2019
805390,Cần Thơ,Friends,2019
805402,Hải Phòng,Friends,2019
805402,Hải Phòng,Family,2019
805412,Hà Nội,Friends,2019
805412,Hà Nội,Family,2019
805479,Hà Nội,Friends,2019
805508,Hồ Chí Minh,Family,2019
805508,Hồ Chí Minh,Family,2019
805528,Hà Nội,Family,2019
805528,Hà Nội,Friends,2019
805528,Hà Nội,Colleagues / Business partner,2019
805528,Hà Nội,Alone,2019
805538,Cần Thơ,Alone,2019
805538,Cần Thơ,Family,2019
805538,Cần Thơ,Colleagues / Business partner,2019
805538,Cần Thơ,Friends,2019
805548,Hồ Chí Minh,Friends,2019
805548,Hồ Chí Minh,Boyfriend / Girlfriend,2019
805548,Hồ Chí Minh,Family,2019
805553,Hồ Chí Minh,Family,2019
805553,Hồ Chí Minh,Friends,2019
805554,Nha Trang,Friends,2019
805554,Nha Trang,Family,2019
805588,Nha Trang,Friends,2019
805614,Cần Thơ,Family,2019
805614,Cần Thơ,Friends,2019
805622,Hà Nội,Friends,2019
805622,Hà Nội,Family,2019
805622,Hà Nội,Family,2019
805632,Hà Nội,Family,2019
805632,Hà Nội,Friends,2019
805632,Hà Nội,Family,2019
805632,Hà Nội,Colleagues / Business partner,2019
805639,Hà Nội,Colleagues / Business partner,2019
805639,Hà Nội,Family,2019
805639,Hà Nội,Boyfriend / Girlfriend,2019
805639,Hà Nội,Friends,2019
805687,Hà Nội,Boyfriend / Girlfriend,2019
805687,Hà Nội,Friends,2019
805687,Hà Nội,Family,2019
805699,Đà Nẵng,Family,2019
805699,Đà Nẵng,Family,2019
805699,Đà Nẵng,Friends,2019
805710,Hồ Chí Minh,Friends,2019
805715,Nha Trang,Family,2019
805715,Nha Trang,Colleagues / Business partner,2019
805715,Nha Trang,Alone,2019
805715,Nha Trang,Friends,2019
805716,Đà Nẵng,Alone,2019
805732,Nha Trang,Friends,2019
805733,Hồ Chí Minh,Alone,2019
805740,Cần Thơ,Friends,2019
805740,Cần Thơ,Colleagues / Business partner,2019
805740,Cần Thơ,Family,2019
805746,Hà Nội,Colleagues / Business partner,2019
805746,Hà Nội,Family,2019
805746,Hà Nội,Family,2019
805746,Hà Nội,Friends,2019
805756,Nha Trang,Family,2019
805756,Nha Trang,Family,2019
805756,Nha Trang,Friends,2019
805764,Hà Nội,Friends,2019
805764,Hà Nội,Family,2019
805816,Nha Trang,Friends,2019
805820,Hải Phòng,Friends,2019
805831,Đà Nẵng,Friends,2019
805873,Hồ Chí Minh,Family,2019
805873,Hồ Chí Minh,Family,2019
805883,Hồ Chí Minh,Friends,2019
805885,Hà Nội,Family,2019
805885,Hà Nội,Friends,2019
805904,Hà Nội,Friends,2019
805904,Hà Nội,Family,2019
805910,Nha Trang,Colleagues / Business partner,2019
805910,Nha Trang,Friends,2019
805917,Nha Trang,Family,2019
805917,Nha Trang,Family,2019
805917,Nha Trang,Friends,2019
805936,Đà Nẵng,Colleagues / Business partner,2019
805936,Đà Nẵng,Friends,2019
805960,Hà Nội,Colleagues / Business partner,2019
805960,Hà Nội,Family,2019
805960,Hà Nội,Friends,2019
805964,Đà Nẵng,Colleagues / Business partner,2019
805964,Đà Nẵng,Friends,2019
805967,Hà Nội,Friends,2019
805967,Hà Nội,Boyfriend / Girlfriend,2019
805967,Hà Nội,Colleagues / Business partner,2019
805980,Hà Nội,Family,2019
805980,Hà Nội,Friends,2019
805993,Hải Phòng,Friends,2019
805993,Hải Phòng,Family,2019
805993,Hải Phòng,Colleagues / Business partner,2019
806002,Hải Phòng,Friends,2019
806002,Hải Phòng,Boyfriend / Girlfriend,2019
806002,Hải Phòng,Colleagues / Business partner,2019
806002,Hải Phòng,Family,2019
806029,Hà Nội,Boyfriend / Girlfriend,2019
806029,Hà Nội,Friends,2019
806029,Hà Nội,Colleagues / Business partner,2019
806038,Cần Thơ,Friends,2019
806049,Hải Phòng,Friends,2019
806053,Hồ Chí Minh,Family,2019
806053,Hồ Chí Minh,Friends,2019
806057,Hà Nội,Friends,2019
806057,Hà Nội,Family,2019
806057,Hà Nội,Family,2019
806057,Hà Nội,Family,2019
806060,Hồ Chí Minh,Colleagues / Business partner,2019
806060,Hồ Chí Minh,Friends,2019
806079,Hà Nội,Friends,2019
806079,Hà Nội,Family,2019
806079,Hà Nội,Colleagues / Business partner,2019
806090,Hải Phòng,Family,2019
806101,Hà Nội,Friends,2019
806101,Hà Nội,Family,2019
806103,Hà Nội,Family,2019
806103,Hà Nội,Family,2019
806108,Nha Trang,Friends,2019
806119,Hà Nội,Friends,2019
806119,Hà Nội,Family,2019
806119,Hà Nội,Colleagues / Business partner,2019
806122,Hải Phòng,Friends,2019
806130,Nha Trang,Friends,2019
806136,Hà Nội,Family,2019
806136,Hà Nội,Friends,2019
806136,Hà Nội,Colleagues / Business partner,2019
806143,Hà Nội,Family,2019
806143,Hà Nội,Friends,2019
806173,Đà Nẵng,Friends,2019
806179,Hà Nội,Family,2019
806179,Hà Nội,Family,2019
806179,Hà Nội,Family,2019
806179,Hà Nội,Friends,2019
806179,Hà Nội,Colleagues / Business partner,2019
806213,Cần Thơ,Colleagues / Business partner,2019
806213,Cần Thơ,Friends,2019
806218,Hà Nội,Family,2019
806218,Hà Nội,Family,2019
806218,Hà Nội,Friends,2019
806218,Hà Nội,Family,2019
806233,Hồ Chí Minh,Friends,2019
806256,Cần Thơ,Friends,2019
806256,Cần Thơ,Family,2019
806257,Hải Phòng,Family,2019
806271,Hải Phòng,Friends,2019
806276,Cần Thơ,Friends,2019
806288,Hồ Chí Minh,Boyfriend / Girlfriend,2019
806300,Nha Trang,Friends,2019
806300,Nha Trang,Family,2019
806300,Nha Trang,Alone,2019
806300,Nha Trang,Boyfriend / Girlfriend,2019
806324,Nha Trang,Friends,2019
806327,Hải Phòng,Friends,2019
806327,Hải Phòng,Family,2019
806337,Hà Nội,Friends,2019
806339,Hà Nội,Colleagues / Business partner,2019
806339,Hà Nội,Friends,2019
806339,Hà Nội,Family,2019
806342,Nha Trang,Family,2019
806343,Hà Nội,Friends,2019
806343,Hà Nội,Family,2019
806343,Hà Nội,Colleagues / Business partner,2019
806357,Cần Thơ,Friends,2019
806367,Hải Phòng,Friends,2019
806375,Hà Nội,Friends,2019
806375,Hà Nội,Boyfriend / Girlfriend,2019
806375,Hà Nội,Colleagues / Business partner,2019
806378,Cần Thơ,Friends,2019
806382,Hải Phòng,Family,2019
806382,Hải Phòng,Family,2019
806416,Cần Thơ,Family,2019
806416,Cần Thơ,Family,2019
806416,Cần Thơ,Friends,2019
806416,Cần Thơ,Family,2019
806459,Hà Nội,Family,2019
806463,Hà Nội,Friends,2019
806466,Hải Phòng,Friends,2019
806470,Hà Nội,Family,2019
806470,Hà Nội,Friends,2019
806474,Đà Nẵng,Friends,2019
806474,Đà Nẵng,Colleagues / Business partner,2019
806476,Cần Thơ,Family,2019
806476,Cần Thơ,Family,2019
806515,Cần Thơ,Friends,2019
806517,Hà Nội,Family,2019
806517,Hà Nội,Friends,2019
806517,Hà Nội,Colleagues / Business partner,2019
806537,Hà Nội,Family,2019
806537,Hà Nội,Friends,2019
806548,Hải Phòng,Family,2019
806548,Hải Phòng,Friends,2019
806548,Hải Phòng,Colleagues / Business partner,2019
806548,Hải Phòng,Family,2019
806625,Hải Phòng,Friends,2019
806625,Hải Phòng,Family,2019
806625,Hải Phòng,Boyfriend / Girlfriend,2019
806625,Hải Phòng,Colleagues / Business partner,2019
806641,Hà Nội,Family,2019
806641,Hà Nội,Friends,2019
806641,Hà Nội,Colleagues / Business partner,2019
806643,Hồ Chí Minh,Family,2019
806643,Hồ Chí Minh,Family,2019
806643,Hồ Chí Minh,Colleagues / Business partner,2019
806670,Hải Phòng,Friends,2019
806670,Hải Phòng,Family,2019
806670,Hải Phòng,Family,2019
806679,Cần Thơ,Friends,2019
806693,Nha Trang,Friends,2019
806713,Hồ Chí Minh,Boyfriend / Girlfriend,2019
806713,Hồ Chí Minh,Friends,2019
806713,Hồ Chí Minh,Colleagues / Business partner,2019
806779,Nha Trang,Family,2019
806779,Nha Trang,Friends,2019
806779,Nha Trang,Family,2019
806785,Nha Trang,Friends,2019
806793,Hồ Chí Minh,Family,2019
806793,Hồ Chí Minh,Colleagues / Business partner,2019
806793,Hồ Chí Minh,Friends,2019
806793,Hồ Chí Minh,Family,2019
806858,Hải Phòng,Friends,2019
806858,Hải Phòng,Family,2019
806861,Hải Phòng,Friends,2019
806861,Hải Phòng,Family,2019
806861,Hải Phòng,Family,2019
806868,Hà Nội,Friends,2019
806868,Hà Nội,Family,2019
806868,Hà Nội,Family,2019
806868,Hà Nội,Family,2019
806868,Hà Nội,Family,2019
806891,Hồ Chí Minh,Friends,2019
806891,Hồ Chí Minh,Family,2019
806903,Đà Nẵng,Friends,2019
806981,Hải Phòng,Boyfriend / Girlfriend,2019
806981,Hải Phòng,Friends,2019
807190,Nha Trang,Friends,2019
807235,Nha Trang,Boyfriend / Girlfriend,2019
807235,Nha Trang,Colleagues / Business partner,2019
807235,Nha Trang,Friends,2019
807277,Nha Trang,Friends,2019
807302,Nha Trang,Colleagues / Business partner,2019
807302,Nha Trang,Friends,2019
807343,Hồ Chí Minh,Family,2019
807343,Hồ Chí Minh,Friends,2019
807343,Hồ Chí Minh,Alone,2019
807356,Nha Trang,Family,2019
807356,Nha Trang,Friends,2019
807356,Nha Trang,Colleagues / Business partner,2019
807358,Hà Nội,Family,2019
807358,Hà Nội,Friends,2019
807378,Hà Nội,Friends,2019
807378,Hà Nội,Boyfriend / Girlfriend,2019
807383,Nha Trang,Friends,2019
807383,Nha Trang,Family,2019
807477,Hà Nội,Friends,2019
807477,Hà Nội,Family,2019
807477,Hà Nội,Colleagues / Business partner,2019
807528,Nha Trang,Colleagues / Business partner,2019
807528,Nha Trang,Friends,2019
807602,Hải Phòng,Friends,2019
807605,Nha Trang,Friends,2019
807605,Nha Trang,Family,2019
807605,Nha Trang,Family,2019
807605,Nha Trang,Family,2019
807610,Hải Phòng,Friends,2019
807611,Hà Nội,Friends,2019
807611,Hà Nội,Colleagues / Business partner,2019
807618,Cần Thơ,Family,2019
807618,Cần Thơ,Family,2019
807618,Cần Thơ,Friends,2019
807644,Nha Trang,Alone,2019
807644,Nha Trang,Friends,2019
807655,Đà Nẵng,Friends,2019
807657,Nha Trang,Family,2019
807657,Nha Trang,Friends,2019
807662,Hồ Chí Minh,Alone,2019
807670,Hồ Chí Minh,Friends,2019
807673,Hồ Chí Minh,Friends,2019
807673,Hồ Chí Minh,Alone,2019
807674,Cần Thơ,Colleagues / Business partner,2019
807674,Cần Thơ,Friends,2019
807674,Cần Thơ,Family,2019
807674,Cần Thơ,Family,2019
807684,Cần Thơ,Friends,2019
807693,Hà Nội,Boyfriend / Girlfriend,2019
807723,Hồ Chí Minh,Friends,2019
807723,Hồ Chí Minh,Family,2019
807731,Hồ Chí Minh,Friends,2019
807731,Hồ Chí Minh,Alone,2019
807731,Hồ Chí Minh,Boyfriend / Girlfriend,2019
807731,Hồ Chí Minh,Family,2019
807757,Hải Phòng,Family,2019
807765,Hải Phòng,Friends,2019
807765,Hải Phòng,Family,2019
807765,Hải Phòng,Family,2019
807769,Hải Phòng,Boyfriend / Girlfriend,2019
807771,Hồ Chí Minh,Alone,2019
807782,Cần Thơ,Family,2019
807782,Cần Thơ,Family,2019
807782,Cần Thơ,Family,2019
807782,Cần Thơ,Friends,2019
807818,Nha Trang,Friends,2019
807822,Hải Phòng,Family,2019
807822,Hải Phòng,Family,2019
807823,Hồ Chí Minh,Friends,2019
807832,Nha Trang,Friends,2019
807875,Hồ Chí Minh,Friends,2019
807897,Cần Thơ,Friends,2019
807924,Cần Thơ,Family,2019
807924,Cần Thơ,Friends,2019
807924,Cần Thơ,Family,2019
807926,Hồ Chí Minh,Friends,2019
807926,Hồ Chí Minh,Family,2019
807926,Hồ Chí Minh,Alone,2019
807941,Hồ Chí Minh,Friends,2019
807941,Hồ Chí Minh,Alone,2019
807987,Nha Trang,Friends,2019
808010,Hà Nội,Colleagues / Business partner,2019
808010,Hà Nội,Friends,2019
808025,Hải Phòng,Family,2019
808033,Hải Phòng,Family,2019
808070,Hồ Chí Minh,Alone,2019
808071,Cần Thơ,Colleagues / Business partner,2019
808071,Cần Thơ,Boyfriend / Girlfriend,2019
808071,Cần Thơ,Family,2019
808071,Cần Thơ,Family,2019
808071,Cần Thơ,Friends,2019
808071,Cần Thơ,Alone,2019
808085,Đà Nẵng,Family,2019
808085,Đà Nẵng,Family,2019
808085,Đà Nẵng,Family,2019
808085,Đà Nẵng,Friends,2019
808104,Hải Phòng,Colleagues / Business partner,2019
808104,Hải Phòng,Boyfriend / Girlfriend,2019
808104,Hải Phòng,Friends,2019
808107,Cần Thơ,Friends,2019
808107,Cần Thơ,Boyfriend / Girlfriend,2019
808107,Cần Thơ,Alone,2019
808107,Cần Thơ,Family,2019
808122,Nha Trang,Colleagues / Business partner,2019
808122,Nha Trang,Friends,2019
808131,Hà Nội,Friends,2019
808168,Hải Phòng,Family,2019
808202,Nha Trang,Family,2019
808202,Nha Trang,Friends,2019
808202,Nha Trang,Colleagues / Business partner,2019
808215,Hải Phòng,Colleagues / Business partner,2019
808215,Hải Phòng,Friends,2019
808216,Hà Nội,Friends,2019
808216,Hà Nội,Family,2019
808223,Hồ Chí Minh,Friends,2019
808227,Đà Nẵng,Friends,2019
808242,Hồ Chí Minh,Alone,2019
808242,Hồ Chí Minh,Family,2019
808242,Hồ Chí Minh,Friends,2019
808310,Hà Nội,Friends,2019
808347,Hải Phòng,Family,2019
808350,Nha Trang,Friends,2019
808370,Hải Phòng,Friends,2019
808372,Nha Trang,Family,2019
808372,Nha Trang,Friends,2019
808373,Cần Thơ,Friends,2019
808380,Hải Phòng,Friends,2019
808380,Hải Phòng,Family,2019
808416,Hồ Chí Minh,Friends,2019
808444,Nha Trang,Friends,2019
808444,Nha Trang,Family,2019
808444,Nha Trang,Family,2019
808444,Nha Trang,Family,2019
808444,Nha Trang,Family,2019
808445,Nha Trang,Family,2019
808445,Nha Trang,Friends,2019
808477,Hồ Chí Minh,Friends,2019
808477,Hồ Chí Minh,Colleagues / Business partner,2019
808477,Hồ Chí Minh,Family,2019
808477,Hồ Chí Minh,Family,2019
808486,Đà Nẵng,Friends,2019
808494,Hà Nội,Family,2019
808494,Hà Nội,Friends,2019
808495,Hải Phòng,Colleagues / Business partner,2019
808495,Hải Phòng,Friends,2019
808506,Hải Phòng,Friends,2019
808523,Cần Thơ,Friends,2019
808537,Nha Trang,Friends,2019
808541,Hải Phòng,Family,2019
808541,Hải Phòng,Family,2019
808541,Hải Phòng,Friends,2019
808553,Cần Thơ,Family,2019
808553,Cần Thơ,Family,2019
808553,Cần Thơ,Friends,2019
808580,Cần Thơ,Friends,2019
808612,Hải Phòng,Friends,2019
808625,Hồ Chí Minh,Family,2019
808625,Hồ Chí Minh,Alone,2019
808659,Hà Nội,Family,2019
808659,Hà Nội,Friends,2019
808659,Hà Nội,Colleagues / Business partner,2019
808659,Hà Nội,Family,2019
808665,Hà Nội,Friends,2019
808665,Hà Nội,Family,2019
808682,Hải Phòng,Family,2019
808682,Hải Phòng,Friends,2019
808693,Cần Thơ,Family,2019
808699,Cần Thơ,Friends,2019
808724,Nha Trang,Family,2019
808724,Nha Trang,Colleagues / Business partner,2019
808724,Nha Trang,Friends,2019
808724,Nha Trang,Family,2019
808733,Hải Phòng,Family,2019
808733,Hải Phòng,Friends,2019
808749,Hà Nội,Colleagues / Business partner,2019
808749,Hà Nội,Friends,2019
808768,Hồ Chí Minh,Family,2019
808768,Hồ Chí Minh,Friends,2019
808769,Hà Nội,Friends,2019
808777,Hà Nội,Family,2019
808777,Hà Nội,Friends,2019
808777,Hà Nội,Family,2019
808777,Hà Nội,Family,2019
808794,Hà Nội,Colleagues / Business partner,2019
808794,Hà Nội,Family,2019
808794,Hà Nội,Friends,2019
808794,Hà Nội,Family,2019
808795,Hà Nội,Colleagues / Business partner,2019
808795,Hà Nội,Family,2019
808795,Hà Nội,Family,2019
808795,Hà Nội,Friends,2019
808797,Cần Thơ,Family,2019
808797,Cần Thơ,Friends,2019
808825,Hải Phòng,Family,2019
808825,Hải Phòng,Family,2019
808825,Hải Phòng,Friends,2019
808835,Hồ Chí Minh,Friends,2019
808878,Cần Thơ,Family,2019
808962,Hồ Chí Minh,Friends,2019
808962,Hồ Chí Minh,Family,2019
808962,Hồ Chí Minh,Boyfriend / Girlfriend,2019
808964,Hà Nội,Friends,2019
808966,Hồ Chí Minh,Friends,2019
808979,Cần Thơ,Friends,2019
809004,Cần Thơ,Family,2019
809032,Hải Phòng,Friends,2019
809036,Cần Thơ,Friends,2019
809045,Cần Thơ,Friends,2019
809045,Cần Thơ,Alone,2019
809045,Cần Thơ,Colleagues / Business partner,2019
809045,Cần Thơ,Boyfriend / Girlfriend,2019
809144,Hải Phòng,Friends,2019
809168,Hà Nội,Family,2019
809168,Hà Nội,Family,2019
809168,Hà Nội,Friends,2019
809168,Hà Nội,Family,2019
809169,Hà Nội,Friends,2019
809326,Hồ Chí Minh,Alone,2019
809338,Nha Trang,Friends,2019
809356,Nha Trang,Friends,2019
809365,Đà Nẵng,Friends,2019
809389,Nha Trang,Friends,2019
809389,Nha Trang,Colleagues / Business partner,2019
809389,Nha Trang,Family,2019
809389,Nha Trang,Family,2019
809389,Nha Trang,Family,2019
809391,Hà Nội,Colleagues / Business partner,2019
809391,Hà Nội,Friends,2019
809391,Hà Nội,Family,2019
809406,Hà Nội,Friends,2019
809406,Hà Nội,Family,2019
809409,Hà Nội,Friends,2019
809409,Hà Nội,Colleagues / Business partner,2019
809422,Đà Nẵng,Friends,2019
809422,Đà Nẵng,Family,2019
809429,Nha Trang,Friends,2019
809444,Hồ Chí Minh,Family,2019
809444,Hồ Chí Minh,Friends,2019
809468,Hải Phòng,Colleagues / Business partner,2019
809468,Hải Phòng,Friends,2019
809468,Hải Phòng,Family,2019
809471,Hải Phòng,Friends,2019
809471,Hải Phòng,Colleagues / Business partner,2019
809471,Hải Phòng,Alone,2019
809481,Nha Trang,Friends,2019
809483,Nha Trang,Friends,2019
809507,Nha Trang,Friends,2019
809591,Nha Trang,Friends,2019
809600,Nha Trang,Family,2019
809600,Nha Trang,Family,2019
809600,Nha Trang,Friends,2019
809610,Hồ Chí Minh,Family,2019
809611,Hà Nội,Family,2019
809611,Hà Nội,Colleagues / Business partner,2019
809611,Hà Nội,Friends,2019
809611,Hà Nội,Family,2019
809640,Hải Phòng,Friends,2019
809640,Hải Phòng,Family,2019
809640,Hải Phòng,Colleagues / Business partner,2019
809640,Hải Phòng,Alone,2019
809642,Hải Phòng,Alone,2019
809679,Nha Trang,Family,2019
809679,Nha Trang,Family,2019
809723,Hải Phòng,Family,2019
809723,Hải Phòng,Friends,2019
809737,Hồ Chí Minh,Alone,2019
809748,Cần Thơ,Friends,2019
809755,Hà Nội,Colleagues / Business partner,2019
809755,Hà Nội,Friends,2019
809758,Hà Nội,Family,2019
809758,Hà Nội,Friends,2019
809819,Hà Nội,Friends,2019
809819,Hà Nội,Family,2019
809819,Hà Nội,Family,2019
809819,Hà Nội,Alone,2019
809844,Đà Nẵng,Alone,2019
809865,Hải Phòng,Friends,2019
809884,Hà Nội,Friends,2019
809894,Nha Trang,Friends,2019
809894,Nha Trang,Family,2019
809912,Hà Nội,Colleagues / Business partner,2019
809912,Hà Nội,Friends,2019
809928,Hà Nội,Family,2019
809928,Hà Nội,Friends,2019
809930,Đà Nẵng,Alone,2019
809930,Đà Nẵng,Friends,2019
809946,Hà Nội,Friends,2019
809946,Hà Nội,Family,2019
809946,Hà Nội,Colleagues / Business partner,2019
809947,Đà Nẵng,Friends,2019
809949,Hà Nội,Family,2019
809949,Hà Nội,Colleagues / Business partner,2019
809949,Hà Nội,Friends,2019
809953,Hà Nội,Colleagues / Business partner,2019
809953,Hà Nội,Friends,2019
809956,Hà Nội,Family,2019
809956,Hà Nội,Friends,2019
809957,Hà Nội,Family,2019
809957,Hà Nội,Friends,2019
809963,Hà Nội,Friends,2019
809963,Hà Nội,Family,2019
810002,Hà Nội,Alone,2019
810002,Hà Nội,Friends,2019
810002,Hà Nội,Family,2019
810013,Đà Nẵng,Friends,2019
810014,Đà Nẵng,Friends,2019
810030,Hồ Chí Minh,Family,2019
810030,Hồ Chí Minh,Colleagues / Business partner,2019
810030,Hồ Chí Minh,Alone,2019
810030,Hồ Chí Minh,Friends,2019
810052,Hải Phòng,Friends,2019
810088,Hà Nội,Friends,2019
810088,Hà Nội,Boyfriend / Girlfriend,2019
810090,Đà Nẵng,Family,2019
810097,Hồ Chí Minh,Family,2019
810097,Hồ Chí Minh,Friends,2019
810097,Hồ Chí Minh,Boyfriend / Girlfriend,2019
810107,Hà Nội,Colleagues / Business partner,2019
810107,Hà Nội,Friends,2019
810114,Hà Nội,Friends,2019
810114,Hà Nội,Family,2019
810124,Cần Thơ,Friends,2019
810143,Đà Nẵng,Friends,2019
810168,Nha Trang,Friends,2019
810173,Hà Nội,Friends,2019
810173,Hà Nội,Colleagues / Business partner,2019
810173,Hà Nội,Family,2019
810175,Hà Nội,Friends,2019
810175,Hà Nội,Family,2019
810175,Hà Nội,Family,2019
810175,Hà Nội,Colleagues / Business partner,2019
810178,Hà Nội,Friends,2019
810194,Cần Thơ,Friends,2019
810194,Cần Thơ,Colleagues / Business partner,2019
810194,Cần Thơ,Alone,2019
810194,Cần Thơ,Family,2019
810214,Hà Nội,Friends,2019
810241,Hà Nội,Family,2019
810241,Hà Nội,Friends,2019
810245,Nha Trang,Friends,2019
810265,Đà Nẵng,Family,2019
810265,Đà Nẵng,Friends,2019
810295,Hà Nội,Colleagues / Business partner,2019
810295,Hà Nội,Family,2019
810295,Hà Nội,Friends,2019
810298,Hà Nội,Colleagues / Business partner,2019
810298,Hà Nội,Friends,2019
810300,Đà Nẵng,Friends,2019
810300,Đà Nẵng,Family,2019
810301,Hà Nội,Friends,2019
810301,Hà Nội,Colleagues / Business partner,2019
810313,Hà Nội,Friends,2019
810375,Hải Phòng,Friends,2019
810394,Cần Thơ,Colleagues / Business partner,2019
810394,Cần Thơ,Boyfriend / Girlfriend,2019
810394,Cần Thơ,Alone,2019
810394,Cần Thơ,Friends,2019
810403,Hà Nội,Friends,2019
810403,Hà Nội,Colleagues / Business partner,2019
810403,Hà Nội,Family,2019
810425,Hải Phòng,Colleagues / Business partner,2019
810425,Hải Phòng,Friends,2019
810445,Hà Nội,Family,2019
810445,Hà Nội,Family,2019
810445,Hà Nội,Friends,2019
810447,Hà Nội,Friends,2019
810447,Hà Nội,Family,2019
810452,Hà Nội,Family,2019
810452,Hà Nội,Family,2019
810552,Hải Phòng,Colleagues / Business partner,2019
810552,Hải Phòng,Friends,2019
810587,Hà Nội,Family,2019
810587,Hà Nội,Friends,2019
810587,Hà Nội,Family,2019
810596,Đà Nẵng,Friends,2019
810614,Hà Nội,Friends,2019
810614,Hà Nội,Boyfriend / Girlfriend,2019
810675,Nha Trang,Friends,2019
810678,Nha Trang,Friends,2019
810683,Hải Phòng,Family,2019
810683,Hải Phòng,Friends,2019
810710,Hồ Chí Minh,Family,2019
810710,Hồ Chí Minh,Alone,2019
810710,Hồ Chí Minh,Friends,2019
810710,Hồ Chí Minh,Colleagues / Business partner,2019
810724,Hà Nội,Friends,2019
810727,Hà Nội,Family,2019
810727,Hà Nội,Family,2019
810727,Hà Nội,Friends,2019
810728,Hồ Chí Minh,Family,2019
810728,Hồ Chí Minh,Friends,2019
810732,Hà Nội,Colleagues / Business partner,2019
810732,Hà Nội,Family,2019
810732,Hà Nội,Friends,2019
810732,Hà Nội,Family,2019
810738,Hà Nội,Boyfriend / Girlfriend,2019
810738,Hà Nội,Friends,2019
810743,Hà Nội,Friends,2019
810743,Hà Nội,Family,2019
810743,Hà Nội,Family,2019
810780,Đà Nẵng,Alone,2019
810784,Hà Nội,Friends,2019
810786,Cần Thơ,Friends,2019
810790,Hà Nội,Colleagues / Business partner,2019
810790,Hà Nội,Friends,2019
810823,Hồ Chí Minh,Family,2019
810823,Hồ Chí Minh,Family,2019
810823,Hồ Chí Minh,Friends,2019
810830,Đà Nẵng,Friends,2019
810830,Đà Nẵng,Family,2019
810853,Hà Nội,Friends,2019
810853,Hà Nội,Family,2019
810853,Hà Nội,Family,2019
810853,Hà Nội,Family,2019
810883,Hải Phòng,Family,2019
810883,Hải Phòng,Colleagues / Business partner,2019
810883,Hải Phòng,Family,2019
810893,Hồ Chí Minh,Friends,2019
811179,Cần Thơ,Friends,2019
811179,Cần Thơ,Colleagues / Business partner,2019
811209,Nha Trang,Friends,2019
811213,Nha Trang,Friends,2019
811237,Cần Thơ,Family,2019
811278,Hà Nội,Family,2019
811278,Hà Nội,Colleagues / Business partner,2019
811278,Hà Nội,Friends,2019
811278,Hà Nội,Family,2019
811287,Cần Thơ,Friends,2019
811288,Nha Trang,Friends,2019
811299,Đà Nẵng,Family,2019
811299,Đà Nẵng,Friends,2019
811318,Hà Nội,Boyfriend / Girlfriend,2019
811318,Hà Nội,Friends,2019
811380,Hà Nội,Family,2019
811380,Hà Nội,Colleagues / Business partner,2019
811380,Hà Nội,Friends,2019
811381,Đà Nẵng,Friends,2019
811382,Nha Trang,Friends,2019
811416,Nha Trang,Friends,2019
811420,Hà Nội,Family,2019
811420,Hà Nội,Family,2019
811420,Hà Nội,Family,2019
811420,Hà Nội,Friends,2019
811439,Hà Nội,Friends,2019
811447,Cần Thơ,Family,2019
811447,Cần Thơ,Family,2019
811447,Cần Thơ,Family,2019
811447,Cần Thơ,Family,2019
811447,Cần Thơ,Friends,2019
811471,Nha Trang,Alone,2019
811496,Cần Thơ,Alone,2019
811496,Cần Thơ,Friends,2019
811511,Hà Nội,Friends,2019
811511,Hà Nội,Colleagues / Business partner,2019
811522,Nha Trang,Friends,2019
811522,Nha Trang,Alone,2019
811522,Nha Trang,Family,2019
811560,Cần Thơ,Alone,2019
811560,Cần Thơ,Colleagues / Business partner,2019
811560,Cần Thơ,Friends,2019
811571,Nha Trang,Friends,2019
811577,Hà Nội,Friends,2019
811577,Hà Nội,Colleagues / Business partner,2019
811577,Hà Nội,Family,2019
811583,Hà Nội,Family,2019
811583,Hà Nội,Family,2019
811583,Hà Nội,Friends,2019
811598,Nha Trang,Friends,2019
811598,Nha Trang,Colleagues / Business partner,2019
811652,Cần Thơ,Friends,2019
811683,Hà Nội,Friends,2019
811683,Hà Nội,Colleagues / Business partner,2019
811683,Hà Nội,Boyfriend / Girlfriend,2019
811683,Hà Nội,Family,2019
811712,Hà Nội,Boyfriend / Girlfriend,2019
811712,Hà Nội,Friends,2019
811745,Hồ Chí Minh,Friends,2019
811747,Hồ Chí Minh,Alone,2019
811761,Cần Thơ,Friends,2019
811761,Cần Thơ,Family,2019
811761,Cần Thơ,Colleagues / Business partner,2019
811778,Cần Thơ,Friends,2019
811784,Cần Thơ,Boyfriend / Girlfriend,2019
811784,Cần Thơ,Friends,2019
811789,Nha Trang,Family,2019
811789,Nha Trang,Friends,2019
811789,Nha Trang,Family,2019
811789,Nha Trang,Family,2019
811797,Nha Trang,Alone,2019
811815,Nha Trang,Friends,2019
811821,Nha Trang,Friends,2019
811860,Cần Thơ,Friends,2019
811879,Hồ Chí Minh,Friends,2019
811880,Hà Nội,Colleagues / Business partner,2019
811880,Hà Nội,Friends,2019
811887,Hồ Chí Minh,Family,2019
811906,Nha Trang,Colleagues / Business partner,2019
811906,Nha Trang,Friends,2019
811925,Nha Trang,Friends,2019
811925,Nha Trang,Colleagues / Business partner,2019
811950,Nha Trang,Colleagues / Business partner,2019
811950,Nha Trang,Friends,2019
812015,Cần Thơ,Family,2019
812038,Hà Nội,Friends,2019
812042,Hồ Chí Minh,Family,2019
812050,Hồ Chí Minh,Family,2019
812057,Hà Nội,Friends,2019
812057,Hà Nội,Family,2019
812057,Hà Nội,Family,2019
812081,Hà Nội,Friends,2019
812098,Hồ Chí Minh,Colleagues / Business partner,2019
812098,Hồ Chí Minh,Family,2019
812098,Hồ Chí Minh,Friends,2019
812098,Hồ Chí Minh,Boyfriend / Girlfriend,2019
812103,Cần Thơ,Friends,2019
812103,Cần Thơ,Colleagues / Business partner,2019
812103,Cần Thơ,Family,2019
812119,Nha Trang,Friends,2019
812119,Nha Trang,Family,2019
812162,Hồ Chí Minh,Alone,2019
812174,Hồ Chí Minh,Alone,2019
812174,Hồ Chí Minh,Family,2019
812174,Hồ Chí Minh,Friends,2019
812179,Cần Thơ,Friends,2019
812183,Hồ Chí Minh,Friends,2019
812189,Hà Nội,Friends,2019
812189,Hà Nội,Colleagues / Business partner,2019
812228,Đà Nẵng,Family,2019
812228,Đà Nẵng,Friends,2019
812228,Đà Nẵng,Family,2019
812235,Đà Nẵng,Friends,2019
812244,Đà Nẵng,Family,2019
812251,Cần Thơ,Colleagues / Business partner,2019
812251,Cần Thơ,Family,2019
812251,Cần Thơ,Friends,2019
812257,Hồ Chí Minh,Friends,2019
812283,Cần Thơ,Alone,2019
812286,Hà Nội,Colleagues / Business partner,2019
812286,Hà Nội,Family,2019
812286,Hà Nội,Friends,2019
812291,Hồ Chí Minh,Colleagues / Business partner,2019
812292,Hồ Chí Minh,Family,2019
812351,Hà Nội,Friends,2019
812351,Hà Nội,Family,2019
812354,Hà Nội,Family,2019
812367,Đà Nẵng,Family,2019
812367,Đà Nẵng,Friends,2019
812379,Cần Thơ,Alone,2019
812388,Hồ Chí Minh,Friends,2019
812391,Hồ Chí Minh,Friends,2019
812401,Cần Thơ,Friends,2019
812412,Đà Nẵng,Alone,2019
812412,Đà Nẵng,Friends,2019
812421,Nha Trang,Family,2019
812421,Nha Trang,Family,2019
812472,Hồ Chí Minh,Alone,2019
812473,Cần Thơ,Alone,2019
812473,Cần Thơ,Colleagues / Business partner,2019
812473,Cần Thơ,Family,2019
812473,Cần Thơ,Friends,2019
812529,Nha Trang,Friends,2019
812529,Nha Trang,Alone,2019
812533,Nha Trang,Friends,2019
812546,Hồ Chí Minh,Family,2019
812546,Hồ Chí Minh,Friends,2019
812546,Hồ Chí Minh,Family,2019
812635,Hà Nội,Friends,2019
812638,Hồ Chí Minh,Friends,2019
812675,Hà Nội,Family,2019
812675,Hà Nội,Friends,2019
812675,Hà Nội,Family,2019
812697,Nha Trang,Friends,2019
812745,Nha Trang,Friends,2019
812749,Đà Nẵng,Friends,2019
812749,Đà Nẵng,Alone,2019
812774,Hà Nội,Friends,2019
812778,Hà Nội,Boyfriend / Girlfriend,2019
812778,Hà Nội,Family,2019
812778,Hà Nội,Family,2019
812778,Hà Nội,Family,2019
812778,Hà Nội,Colleagues / Business partner,2019
812778,Hà Nội,Friends,2019
812779,Hà Nội,Family,2019
812779,Hà Nội,Friends,2019
812779,Hà Nội,Family,2019
812779,Hà Nội,Family,2019
812784,Hà Nội,Family,2019
812784,Hà Nội,Family,2019
812784,Hà Nội,Friends,2019
812786,Hồ Chí Minh,Friends,2019
812786,Hồ Chí Minh,Family,2019
812792,Cần Thơ,Family,2019
812792,Cần Thơ,Family,2019
812802,Nha Trang,Friends,2019
812814,Hải Phòng,Friends,2019
812818,Hải Phòng,Family,2019
812818,Hải Phòng,Family,2019
812847,Đà Nẵng,Colleagues / Business partner,2019
812882,Hà Nội,Alone,2019
812882,Hà Nội,Friends,2019
812886,Hồ Chí Minh,Friends,2019
812886,Hồ Chí Minh,Family,2019
812923,Hà Nội,Alone,2019
812924,Đà Nẵng,Alone,2019
812924,Đà Nẵng,Friends,2019
812924,Đà Nẵng,Family,2019
812927,Hồ Chí Minh,Alone,2019
812927,Hồ Chí Minh,Family,2019
812927,Hồ Chí Minh,Friends,2019
813125,Nha Trang,Family,2019
813125,Nha Trang,Family,2019
813125,Nha Trang,Friends,2019
813135,Nha Trang,Friends,2019
813146,Hà Nội,Friends,2019
813146,Hà Nội,Colleagues / Business partner,2019
813146,Hà Nội,Family,2019
813152,Hà Nội,Friends,2019
813155,Hà Nội,Friends,2019
813203,Nha Trang,Friends,2019
813209,Hà Nội,Family,2019
813209,Hà Nội,Colleagues / Business partner,2019
813209,Hà Nội,Family,2019
813209,Hà Nội,Friends,2019
813222,Hồ Chí Minh,Alone,2019
813247,Đà Nẵng,Alone,2019
813247,Đà Nẵng,Friends,2019
813278,Hà Nội,Friends,2019
813278,Hà Nội,Family,2019
813281,Hà Nội,Friends,2019
813281,Hà Nội,Family,2019
813281,Hà Nội,Colleagues / Business partner,2019
813286,Hà Nội,Friends,2019
813320,Hải Phòng,Family,2019
813320,Hải Phòng,Friends,2019
813388,Nha Trang,Friends,2019
813388,Nha Trang,Family,2019
813465,Hồ Chí Minh,Family,2019
813467,Hà Nội,Family,2019
813467,Hà Nội,Colleagues / Business partner,2019
813467,Hà Nội,Family,2019
813467,Hà Nội,Friends,2019
813483,Nha Trang,Alone,2019
813483,Nha Trang,Friends,2019
813493,Hồ Chí Minh,Friends,2019
813495,Nha Trang,Friends,2019
813534,Hà Nội,Friends,2019
813534,Hà Nội,Colleagues / Business partner,2019
813595,Nha Trang,Friends,2019
813595,Nha Trang,Family,2019
813595,Nha Trang,Family,2019
813600,Hà Nội,Family,2019
813600,Hà Nội,Family,2019
813600,Hà Nội,Colleagues / Business partner,2019
813600,Hà Nội,Friends,2019
813606,Nha Trang,Colleagues / Business partner,2019
813606,Nha Trang,Friends,2019
813608,Hà Nội,Friends,2019
813608,Hà Nội,Colleagues / Business partner,2019
813608,Hà Nội,Family,2019
813616,Nha Trang,Friends,2019
813617,Hà Nội,Friends,2019
813645,Hà Nội,Friends,2019
813645,Hà Nội,Colleagues / Business partner,2019
813645,Hà Nội,Boyfriend / Girlfriend,2019
813654,Hà Nội,Colleagues / Business partner,2019
813654,Hà Nội,Family,2019
813654,Hà Nội,Friends,2019
813663,Hà Nội,Family,2019
813663,Hà Nội,Family,2019
813675,Hà Nội,Friends,2019
813675,Hà Nội,Family,2019
813684,Hồ Chí Minh,Friends,2019
813684,Hồ Chí Minh,Family,2019
813765,Hồ Chí Minh,Alone,2019
813788,Hà Nội,Family,2019
813788,Hà Nội,Friends,2019
813797,Nha Trang,Friends,2019
813797,Nha Trang,Colleagues / Business partner,2019
813797,Nha Trang,Family,2019
813797,Nha Trang,Family,2019
813840,Nha Trang,Friends,2019
813841,Nha Trang,Colleagues / Business partner,2019
813841,Nha Trang,Friends,2019
813857,Đà Nẵng,Boyfriend / Girlfriend,2019
813857,Đà Nẵng,Friends,2019
813860,Nha Trang,Friends,2019
813860,Nha Trang,Colleagues / Business partner,2019
813875,Hà Nội,Colleagues / Business partner,2019
813918,Hà Nội,Friends,2019
813918,Hà Nội,Colleagues / Business partner,2019
813923,Hà Nội,Family,2019
813923,Hà Nội,Colleagues / Business partner,2019
813923,Hà Nội,Friends,2019
813930,Hà Nội,Friends,2019
813931,Nha Trang,Friends,2019
813931,Nha Trang,Colleagues / Business partner,2019
813936,Nha Trang,Colleagues / Business partner,2019
813936,Nha Trang,Friends,2019
813940,Hà Nội,Friends,2019
813940,Hà Nội,Colleagues / Business partner,2019
813946,Nha Trang,Friends,2019
813948,Hồ Chí Minh,Colleagues / Business partner,2019
813948,Hồ Chí Minh,Alone,2019
813948,Hồ Chí Minh,Boyfriend / Girlfriend,2019
813948,Hồ Chí Minh,Friends,2019
813950,Hà Nội,Friends,2019
813950,Hà Nội,Boyfriend / Girlfriend,2019
813952,Nha Trang,Friends,2019
813973,Hà Nội,Family,2019
813973,Hà Nội,Friends,2019
813994,Nha Trang,Friends,2019
814000,Cần Thơ,Alone,2019
814000,Cần Thơ,Colleagues / Business partner,2019
814005,Hà Nội,Friends,2019
814010,Hà Nội,Friends,2019
814011,Hà Nội,Family,2019
814011,Hà Nội,Friends,2019
814014,Hà Nội,Friends,2019
814014,Hà Nội,Colleagues / Business partner,2019
814016,Cần Thơ,Friends,2019
814041,Hà Nội,Friends,2019
814042,Nha Trang,Friends,2019
814042,Nha Trang,Colleagues / Business partner,2019
814042,Nha Trang,Family,2019
814045,Nha Trang,Friends,2019
814047,Hà Nội,Friends,2019
814047,Hà Nội,Family,2019
814055,Hải Phòng,Family,2019
814055,Hải Phòng,Friends,2019
814071,Hà Nội,Friends,2019
814071,Hà Nội,Family,2019
814096,Đà Nẵng,Family,2019
814096,Đà Nẵng,Colleagues / Business partner,2019
814096,Đà Nẵng,Friends,2019
814096,Đà Nẵng,Family,2019
814096,Đà Nẵng,Family,2019
814096,Đà Nẵng,Family,2019
814106,Hồ Chí Minh,Family,2019
814106,Hồ Chí Minh,Family,2019
814118,Cần Thơ,Colleagues / Business partner,2019
814118,Cần Thơ,Friends,2019
814121,Hà Nội,Friends,2019
814121,Hà Nội,Family,2019
814156,Hà Nội,Family,2019
814156,Hà Nội,Friends,2019
814156,Hà Nội,Colleagues / Business partner,2019
814183,Cần Thơ,Boyfriend / Girlfriend,2019
814183,Cần Thơ,Friends,2019
814276,Hà Nội,Friends,2019
814276,Hà Nội,Boyfriend / Girlfriend,2019
814318,Nha Trang,Family,2019
814318,Nha Trang,Friends,2019
814329,Nha Trang,Friends,2019
814329,Nha Trang,Colleagues / Business partner,2019
814351,Cần Thơ,Family,2019
814351,Cần Thơ,Friends,2019
814392,Cần Thơ,Friends,2019
814392,Cần Thơ,Family,2019
814442,Hà Nội,Friends,2019
814442,Hà Nội,Family,2019
814442,Hà Nội,Family,2019
814453,Hải Phòng,Family,2019
814453,Hải Phòng,Family,2019
814453,Hải Phòng,Colleagues / Business partner,2019
814453,Hải Phòng,Friends,2019
814468,Hà Nội,Alone,2019
814486,Hà Nội,Friends,2019
814486,Hà Nội,Boyfriend / Girlfriend,2019
814492,Hồ Chí Minh,Friends,2019
814497,Hồ Chí Minh,Colleagues / Business partner,2019
814497,Hồ Chí Minh,Alone,2019
814497,Hồ Chí Minh,Family,2019
814497,Hồ Chí Minh,Friends,2019
814534,Cần Thơ,Friends,2019
814560,Hải Phòng,Friends,2019
814585,Hà Nội,Family,2019
814585,Hà Nội,Friends,2019
814585,Hà Nội,Family,2019
814585,Hà Nội,Family,2019
814630,Hồ Chí Minh,Friends,2019
814630,Hồ Chí Minh,Family,2019
814630,Hồ Chí Minh,Family,2019
814640,Nha Trang,Family,2019
814640,Nha Trang,Family,2019
814640,Nha Trang,Family,2019
814651,Hà Nội,Friends,2019
814651,Hà Nội,Colleagues / Business partner,2019
814673,Hải Phòng,Friends,2019
814680,Cần Thơ,Family,2019
814686,Hà Nội,Friends,2019
814686,Hà Nội,Family,2019
814695,Cần Thơ,Alone,2019
814695,Cần Thơ,Friends,2019
814695,Cần Thơ,Boyfriend / Girlfriend,2019
814713,Hải Phòng,Alone,2019
814738,Hà Nội,Friends,2019
814741,Cần Thơ,Family,2019
814741,Cần Thơ,Friends,2019
814741,Cần Thơ,Family,2019
814750,Nha Trang,Friends,2019
814781,Hà Nội,Colleagues / Business partner,2019
814781,Hà Nội,Friends,2019
814825,Hồ Chí Minh,Family,2019
814827,Hà Nội,Family,2019
814827,Hà Nội,Friends,2019
814832,Hồ Chí Minh,Boyfriend / Girlfriend,2019
814832,Hồ Chí Minh,Colleagues / Business partner,2019
814832,Hồ Chí Minh,Friends,2019
814832,Hồ Chí Minh,Family,2019
814832,Hồ Chí Minh,Family,2019
814893,Hải Phòng,Family,2019
814893,Hải Phòng,Friends,2019
814909,Hải Phòng,Friends,2019
814913,Hồ Chí Minh,Family,2019
814913,Hồ Chí Minh,Family,2019
814927,Cần Thơ,Friends,2019
814945,Cần Thơ,Family,2019
814945,Cần Thơ,Friends,2019
814952,Cần Thơ,Alone,2019
814990,Cần Thơ,Alone,2019
814990,Cần Thơ,Friends,2019
815053,Hồ Chí Minh,Boyfriend / Girlfriend,2019
815053,Hồ Chí Minh,Friends,2019
815056,Đà Nẵng,Friends,2019
815068,Hà Nội,Family,2019
815099,Hồ Chí Minh,Friends,2019
815142,Cần Thơ,Family,2019
815142,Cần Thơ,Friends,2019
815142,Cần Thơ,Family,2019
815142,Cần Thơ,Family,2019
815191,Hà Nội,Family,2019
815191,Hà Nội,Family,2019
815191,Hà Nội,Friends,2019
815354,Cần Thơ,Friends,2019
815354,Cần Thơ,Colleagues / Business partner,2019
815354,Cần Thơ,Alone,2019
815381,Cần Thơ,Alone,2019
815381,Cần Thơ,Family,2019
815381,Cần Thơ,Friends,2019
815381,Cần Thơ,Colleagues / Business partner,2019
815381,Cần Thơ,Family,2019
815381,Cần Thơ,Boyfriend / Girlfriend,2019
815381,Cần Thơ,Family,2019
815388,Cần Thơ,Family,2019
815388,Cần Thơ,Family,2019
815388,Cần Thơ,Alone,2019
815388,Cần Thơ,Friends,2019
815388,Cần Thơ,Colleagues / Business partner,2019
815388,Cần Thơ,Family,2019
815388,Cần Thơ,Family,2019
815392,Cần Thơ,Family,2019
815392,Cần Thơ,Family,2019
815392,Cần Thơ,Family,2019
815392,Cần Thơ,Friends,2019
815438,Hà Nội,Friends,2019
815438,Hà Nội,Colleagues / Business partner,2019
815447,Cần Thơ,Family,2019
815447,Cần Thơ,Alone,2019
815447,Cần Thơ,Friends,2019
815453,Hà Nội,Colleagues / Business partner,2019
815453,Hà Nội,Friends,2019
815453,Hà Nội,Family,2019
815453,Hà Nội,Family,2019
815455,Hà Nội,Colleagues / Business partner,2019
815455,Hà Nội,Friends,2019
815457,Hồ Chí Minh,Alone,2019
815550,Cần Thơ,Family,2019
815550,Cần Thơ,Family,2019
815550,Cần Thơ,Family,2019
815550,Cần Thơ,Family,2019
815550,Cần Thơ,Friends,2019
815596,Đà Nẵng,Friends,2019
815603,Nha Trang,Friends,2019
815623,Đà Nẵng,Friends,2019
815623,Đà Nẵng,Family,2019
815634,Hồ Chí Minh,Friends,2019
815634,Hồ Chí Minh,Boyfriend / Girlfriend,2019
815637,Hồ Chí Minh,Friends,2019
815639,Hà Nội,Friends,2019
815639,Hà Nội,Family,2019
815641,Hà Nội,Friends,2019
815653,Hà Nội,Friends,2019
815654,Hà Nội,Friends,2019
815654,Hà Nội,Boyfriend / Girlfriend,2019
815658,Hà Nội,Friends,2019
815670,Hà Nội,Colleagues / Business partner,2019
815670,Hà Nội,Boyfriend / Girlfriend,2019
815670,Hà Nội,Friends,2019
815682,Hồ Chí Minh,Alone,2019
815682,Hồ Chí Minh,Friends,2019
815682,Hồ Chí Minh,Colleagues / Business partner,2019
815685,Nha Trang,Friends,2019
815689,Hồ Chí Minh,Friends,2019
815706,Cần Thơ,Friends,2019
815706,Cần Thơ,Colleagues / Business partner,2019
815706,Cần Thơ,Family,2019
815706,Cần Thơ,Family,2019
815706,Cần Thơ,Family,2019
815706,Cần Thơ,Family,2019
815706,Cần Thơ,Alone,2019
815711,Hồ Chí Minh,Family,2019
815711,Hồ Chí Minh,Boyfriend / Girlfriend,2019
815711,Hồ Chí Minh,Friends,2019
815715,Cần Thơ,Alone,2019
815715,Cần Thơ,Friends,2019
815715,Cần Thơ,Colleagues / Business partner,2019
815715,Cần Thơ,Boyfriend / Girlfriend,2019
815730,Hà Nội,Friends,2019
815746,Đà Nẵng,Friends,2019
815755,Nha Trang,Friends,2019
815767,Nha Trang,Family,2019
815767,Nha Trang,Family,2019
815767,Nha Trang,Friends,2019
815803,Hà Nội,Family,2019
815803,Hà Nội,Friends,2019
815814,Hồ Chí Minh,Colleagues / Business partner,2019
815814,Hồ Chí Minh,Friends,2019
815824,Hà Nội,Friends,2019
815824,Hà Nội,Family,2019
815842,Cần Thơ,Friends,2019
815842,Cần Thơ,Family,2019
815842,Cần Thơ,Family,2019
815842,Cần Thơ,Family,2019
815842,Cần Thơ,Colleagues / Business partner,2019
815842,Cần Thơ,Family,2019
815842,Cần Thơ,Family,2019
815849,Cần Thơ,Family,2019
815849,Cần Thơ,Family,2019
815849,Cần Thơ,Alone,2019
815849,Cần Thơ,Colleagues / Business partner,2019
815849,Cần Thơ,Family,2019
815849,Cần Thơ,Family,2019
815849,Cần Thơ,Friends,2019
815854,Đà Nẵng,Friends,2019
815899,Hà Nội,Friends,2019
815899,Hà Nội,Family,2019
815920,Nha Trang,Family,2019
815920,Nha Trang,Family,2019
815920,Nha Trang,Family,2019
815929,Nha Trang,Friends,2019
815960,Đà Nẵng,Friends,2019
815970,Cần Thơ,Family,2019
815970,Cần Thơ,Friends,2019
815970,Cần Thơ,Family,2019
815990,Cần Thơ,Family,2019
815992,Hồ Chí Minh,Friends,2019
815994,Cần Thơ,Family,2019
815994,Cần Thơ,Family,2019
815994,Cần Thơ,Family,2019
815994,Cần Thơ,Family,2019
815994,Cần Thơ,Alone,2019
815994,Cần Thơ,Colleagues / Business partner,2019
815994,Cần Thơ,Friends,2019
816003,Cần Thơ,Colleagues / Business partner,2019
816006,Hồ Chí Minh,Family,2019
816006,Hồ Chí Minh,Family,2019
816006,Hồ Chí Minh,Friends,2019
816007,Nha Trang,Family,2019
816007,Nha Trang,Friends,2019
816007,Nha Trang,Family,2019
816008,Hà Nội,Family,2019
816008,Hà Nội,Friends,2019
816052,Hà Nội,Friends,2019
816054,Nha Trang,Friends,2019
816075,Nha Trang,Friends,2019
816075,Nha Trang,Colleagues / Business partner,2019
816080,Cần Thơ,Alone,2019
816080,Cần Thơ,Friends,2019
816080,Cần Thơ,Family,2019
816080,Cần Thơ,Family,2019
816083,Hà Nội,Boyfriend / Girlfriend,2019
816083,Hà Nội,Friends,2019
816085,Hà Nội,Friends,2019
816087,Cần Thơ,Colleagues / Business partner,2019
816087,Cần Thơ,Friends,2019
816088,Hồ Chí Minh,Colleagues / Business partner,2019
816088,Hồ Chí Minh,Family,2019
816088,Hồ Chí Minh,Friends,2019
816088,Hồ Chí Minh,Family,2019
816089,Nha Trang,Alone,2019
816091,Hà Nội,Friends,2019
816092,Hà Nội,Family,2019
816092,Hà Nội,Friends,2019
816092,Hà Nội,Colleagues / Business partner,2019
816095,Hồ Chí Minh,Family,2019
816095,Hồ Chí Minh,Alone,2019
816107,Hà Nội,Family,2019
816107,Hà Nội,Friends,2019
816112,Hà Nội,Friends,2019
816112,Hà Nội,Family,2019
816115,Nha Trang,Boyfriend / Girlfriend,2019
816115,Nha Trang,Friends,2019
816116,Đà Nẵng,Friends,2019
816116,Đà Nẵng,Family,2019
816135,Hà Nội,Family,2019
816135,Hà Nội,Family,2019
816135,Hà Nội,Family,2019
816135,Hà Nội,Family,2019
816135,Hà Nội,Friends,2019
816148,Hà Nội,Colleagues / Business partner,2019
816148,Hà Nội,Family,2019
816151,Đà Nẵng,Family,2019
816151,Đà Nẵng,Friends,2019
816157,Hà Nội,Friends,2019
816165,Hải Phòng,Family,2019
816165,Hải Phòng,Family,2019
816183,Cần Thơ,Colleagues / Business partner,2019
816183,Cần Thơ,Family,2019
816183,Cần Thơ,Alone,2019
816183,Cần Thơ,Family,2019
816183,Cần Thơ,Family,2019
816183,Cần Thơ,Family,2019
816184,Cần Thơ,Boyfriend / Girlfriend,2019
816184,Cần Thơ,Friends,2019
816184,Cần Thơ,Alone,2019
816184,Cần Thơ,Colleagues / Business partner,2019
816185,Hồ Chí Minh,Friends,2019
816196,Hà Nội,Family,2019
816196,Hà Nội,Friends,2019
816197,Cần Thơ,Friends,2019
816230,Hà Nội,Friends,2019
816239,Hà Nội,Family,2019
816239,Hà Nội,Family,2019
816241,Nha Trang,Family,2019
816241,Nha Trang,Friends,2019
816241,Nha Trang,Family,2019
816244,Nha Trang,Friends,2019
816248,Hà Nội,Friends,2019
816248,Hà Nội,Colleagues / Business partner,2019
816248,Hà Nội,Family,2019
816251,Hà Nội,Colleagues / Business partner,2019
816251,Hà Nội,Friends,2019
816251,Hà Nội,Family,2019
816252,Nha Trang,Friends,2019
816254,Hà Nội,Family,2019
816254,Hà Nội,Colleagues / Business partner,2019
816254,Hà Nội,Friends,2019
816264,Đà Nẵng,Friends,2019
816276,Hà Nội,Family,2019
816276,Hà Nội,Family,2019
816276,Hà Nội,Colleagues / Business partner,2019
816276,Hà Nội,Friends,2019
816284,Cần Thơ,Family,2019
816284,Cần Thơ,Friends,2019
816317,Hà Nội,Friends,2019
816323,Cần Thơ,Family,2019
816323,Cần Thơ,Alone,2019
816323,Cần Thơ,Colleagues / Business partner,2019
816323,Cần Thơ,Family,2019
816323,Cần Thơ,Friends,2019
816324,Hải Phòng,Friends,2019
816329,Cần Thơ,Family,2019
816329,Cần Thơ,Family,2019
816329,Cần Thơ,Colleagues / Business partner,2019
816329,Cần Thơ,Family,2019
816329,Cần Thơ,Friends,2019
816329,Cần Thơ,Family,2019
816329,Cần Thơ,Alone,2019
816350,Nha Trang,Family,2019
816350,Nha Trang,Friends,2019
816350,Nha Trang,Family,2019
816356,Nha Trang,Friends,2019
816362,Hà Nội,Colleagues / Business partner,2019
816362,Hà Nội,Friends,2019
816367,Nha Trang,Friends,2019
816367,Nha Trang,Family,2019
816367,Nha Trang,Family,2019
816390,Cần Thơ,Friends,2019
816392,Cần Thơ,Friends,2019
816444,Hà Nội,Friends,2019
816444,Hà Nội,Colleagues / Business partner,2019
816450,Cần Thơ,Colleagues / Business partner,2019
816450,Cần Thơ,Friends,2019
816450,Cần Thơ,Family,2019
816450,Cần Thơ,Boyfriend / Girlfriend,2019
816450,Cần Thơ,Family,2019
816450,Cần Thơ,Alone,2019
816452,Hồ Chí Minh,Family,2019
816452,Hồ Chí Minh,Friends,2019
816455,Cần Thơ,Family,2019
816455,Cần Thơ,Alone,2019
816455,Cần Thơ,Family,2019
816455,Cần Thơ,Friends,2019
816455,Cần Thơ,Family,2019
816459,Hà Nội,Friends,2019
816477,Hà Nội,Friends,2019
816477,Hà Nội,Colleagues / Business partner,2019
816494,Đà Nẵng,Friends,2019
816505,Cần Thơ,Friends,2019
816512,Cần Thơ,Friends,2019
816512,Cần Thơ,Alone,2019
816512,Cần Thơ,Colleagues / Business partner,2019
816555,Hà Nội,Friends,2019
816555,Hà Nội,Family,2019
816555,Hà Nội,Family,2019
816561,Hà Nội,Friends,2019
816561,Hà Nội,Boyfriend / Girlfriend,2019
816565,Hà Nội,Friends,2019
816565,Hà Nội,Boyfriend / Girlfriend,2019
816565,Hà Nội,Colleagues / Business partner,2019
816567,Đà Nẵng,Colleagues / Business partner,2019
816567,Đà Nẵng,Friends,2019
816581,Cần Thơ,Colleagues / Business partner,2019
816581,Cần Thơ,Alone,2019
816581,Cần Thơ,Boyfriend / Girlfriend,2019
816581,Cần Thơ,Friends,2019
816592,Hồ Chí Minh,Family,2019
816592,Hồ Chí Minh,Friends,2019
816592,Hồ Chí Minh,Family,2019
816602,Đà Nẵng,Friends,2019
816609,Cần Thơ,Family,2019
816609,Cần Thơ,Alone,2019
816609,Cần Thơ,Friends,2019
816627,Cần Thơ,Friends,2019
816649,Hà Nội,Friends,2019
816649,Hà Nội,Family,2019
816649,Hà Nội,Family,2019
816708,Hồ Chí Minh,Friends,2019
816708,Hồ Chí Minh,Colleagues / Business partner,2019
816711,Cần Thơ,Friends,2019
816713,Hải Phòng,Friends,2019
816713,Hải Phòng,Family,2019
816723,Đà Nẵng,Friends,2019
816730,Nha Trang,Alone,2019
816730,Nha Trang,Friends,2019
816754,Hồ Chí Minh,Family,2019
816754,Hồ Chí Minh,Friends,2019
816824,Hồ Chí Minh,Friends,2019
816824,Hồ Chí Minh,Family,2019
816844,Đà Nẵng,Friends,2019
816844,Đà Nẵng,Colleagues / Business partner,2019
816870,Nha Trang,Friends,2019
816870,Nha Trang,Boyfriend / Girlfriend,2019
816873,Hải Phòng,Friends,2019
816873,Hải Phòng,Colleagues / Business partner,2019
816880,Hà Nội,Family,2019
816880,Hà Nội,Friends,2019
816882,Cần Thơ,Friends,2019
816901,Cần Thơ,Friends,2019
816906,Nha Trang,Boyfriend / Girlfriend,2019
816906,Nha Trang,Friends,2019
816906,Nha Trang,Family,2019
816928,Đà Nẵng,Family,2019
816928,Đà Nẵng,Friends,2019
816929,Đà Nẵng,Friends,2019
816932,Hải Phòng,Family,2019
816932,Hải Phòng,Family,2019
816940,Hà Nội,Boyfriend / Girlfriend,2019
816940,Hà Nội,Friends,2019
816940,Hà Nội,Family,2019
816970,Hà Nội,Friends,2019
816970,Hà Nội,Family,2019
816972,Hồ Chí Minh,Family,2019
816972,Hồ Chí Minh,Family,2019
816972,Hồ Chí Minh,Friends,2019
816972,Hồ Chí Minh,Family,2019
816997,Hải Phòng,Friends,2019
816997,Hải Phòng,Colleagues / Business partner,2019
817010,Hải Phòng,Friends,2019
817010,Hải Phòng,Family,2019
817010,Hải Phòng,Family,2019
817023,Hà Nội,Family,2019
817023,Hà Nội,Friends,2019
817023,Hà Nội,Colleagues / Business partner,2019
817031,Đà Nẵng,Friends,2019
817031,Đà Nẵng,Colleagues / Business partner,2019
817042,Đà Nẵng,Alone,2019
817057,Đà Nẵng,Friends,2019
817059,Hồ Chí Minh,Friends,2019
817086,Hồ Chí Minh,Friends,2019
817086,Hồ Chí Minh,Family,2019
817086,Hồ Chí Minh,Family,2019
817116,Hải Phòng,Friends,2019
817121,Hải Phòng,Friends,2019
817190,Đà Nẵng,Family,2019
817190,Đà Nẵng,Friends,2019
817190,Đà Nẵng,Alone,2019
817282,Đà Nẵng,Family,2019
817282,Đà Nẵng,Friends,2019
817282,Đà Nẵng,Family,2019
817282,Đà Nẵng,Family,2019
817317,Đà Nẵng,Friends,2019
817426,Đà Nẵng,Family,2019
817426,Đà Nẵng,Friends,2019
817454,Hà Nội,Friends,2019
817462,Hà Nội,Friends,2019
817462,Hà Nội,Family,2019
817470,Hà Nội,Colleagues / Business partner,2019
817470,Hà Nội,Friends,2019
817471,Hà Nội,Friends,2019
817474,Hà Nội,Friends,2019
817476,Hà Nội,Family,2019
817476,Hà Nội,Colleagues / Business partner,2019
817476,Hà Nội,Friends,2019
817476,Hà Nội,Family,2019
817486,Hồ Chí Minh,Friends,2019
817503,Đà Nẵng,Friends,2019
817521,Cần Thơ,Alone,2019
817521,Cần Thơ,Family,2019
817521,Cần Thơ,Colleagues / Business partner,2019
817521,Cần Thơ,Friends,2019
817521,Cần Thơ,Family,2019
817548,Nha Trang,Friends,2019
817548,Nha Trang,Family,2019
817550,Đà Nẵng,Friends,2019
817559,Hà Nội,Family,2019
817559,Hà Nội,Friends,2019
817562,Cần Thơ,Boyfriend / Girlfriend,2019
817562,Cần Thơ,Colleagues / Business partner,2019
817562,Cần Thơ,Alone,2019
817562,Cần Thơ,Friends,2019
817568,Hà Nội,Colleagues / Business partner,2019
817568,Hà Nội,Family,2019
817568,Hà Nội,Friends,2019
817588,Đà Nẵng,Family,2019
817588,Đà Nẵng,Friends,2019
817607,Hồ Chí Minh,Friends,2019
817624,Nha Trang,Family,2019
817624,Nha Trang,Friends,2019
817646,Hà Nội,Family,2019
817646,Hà Nội,Friends,2019
817681,Hà Nội,Colleagues / Business partner,2019
817681,Hà Nội,Friends,2019
817690,Hà Nội,Colleagues / Business partner,2019
817699,Cần Thơ,Alone,2019
817699,Cần Thơ,Colleagues / Business partner,2019
817699,Cần Thơ,Boyfriend / Girlfriend,2019
817699,Cần Thơ,Friends,2019
817723,Nha Trang,Alone,2019
817723,Nha Trang,Boyfriend / Girlfriend,2019
817723,Nha Trang,Friends,2019
817746,Đà Nẵng,Alone,2019
817758,Đà Nẵng,Alone,2019
817758,Đà Nẵng,Friends,2019
817758,Đà Nẵng,Boyfriend / Girlfriend,2019
817770,Đà Nẵng,Colleagues / Business partner,2019
817778,Hồ Chí Minh,Friends,2019
817778,Hồ Chí Minh,Family,2019
817778,Hồ Chí Minh,Family,2019
817780,Hồ Chí Minh,Family,2019
817780,Hồ Chí Minh,Family,2019
817780,Hồ Chí Minh,Alone,2019
817780,Hồ Chí Minh,Friends,2019
817786,Cần Thơ,Boyfriend / Girlfriend,2019
817786,Cần Thơ,Friends,2019
817786,Cần Thơ,Colleagues / Business partner,2019
817786,Cần Thơ,Alone,2019
817801,Hồ Chí Minh,Family,2019
817801,Hồ Chí Minh,Friends,2019
817801,Hồ Chí Minh,Colleagues / Business partner,2019
817815,Hà Nội,Family,2019
817815,Hà Nội,Friends,2019
817824,Nha Trang,Friends,2019
817824,Nha Trang,Family,2019
817825,Hồ Chí Minh,Friends,2019
817847,Đà Nẵng,Friends,2019
817847,Đà Nẵng,Alone,2019
817882,Hải Phòng,Friends,2019
817882,Hải Phòng,Family,2019
817882,Hải Phòng,Family,2019
817885,Hải Phòng,Friends,2019
817899,Hà Nội,Colleagues / Business partner,2019
817899,Hà Nội,Friends,2019
817899,Hà Nội,Family,2019
817909,Đà Nẵng,Friends,2019
817911,Hà Nội,Friends,2019
817911,Hà Nội,Family,2019
817919,Cần Thơ,Friends,2019
817919,Cần Thơ,Colleagues / Business partner,2019
817922,Cần Thơ,Colleagues / Business partner,2019
817922,Cần Thơ,Friends,2019
817922,Cần Thơ,Alone,2019
817922,Cần Thơ,Family,2019
817922,Cần Thơ,Family,2019
817924,Cần Thơ,Boyfriend / Girlfriend,2019
817924,Cần Thơ,Alone,2019
817924,Cần Thơ,Friends,2019
817926,Hồ Chí Minh,Friends,2019
817926,Hồ Chí Minh,Boyfriend / Girlfriend,2019
817970,Hồ Chí Minh,Friends,2019
817970,Hồ Chí Minh,Colleagues / Business partner,2019
817970,Hồ Chí Minh,Alone,2019
817989,Cần Thơ,Family,2019
817989,Cần Thơ,Friends,2019
817993,Hà Nội,Family,2019
817993,Hà Nội,Family,2019
817993,Hà Nội,Friends,2019
817993,Hà Nội,Colleagues / Business partner,2019
817996,Hà Nội,Friends,2019
817996,Hà Nội,Colleagues / Business partner,2019
818005,Đà Nẵng,Friends,2019
818009,Hà Nội,Colleagues / Business partner,2019
818009,Hà Nội,Friends,2019
818013,Hà Nội,Friends,2019
818013,Hà Nội,Colleagues / Business partner,2019
818013,Hà Nội,Family,2019
818018,Đà Nẵng,Boyfriend / Girlfriend,2019
818018,Đà Nẵng,Friends,2019
818023,Cần Thơ,Alone,2019
818023,Cần Thơ,Boyfriend / Girlfriend,2019
818023,Cần Thơ,Friends,2019
818027,Hồ Chí Minh,Boyfriend / Girlfriend,2019
818027,Hồ Chí Minh,Friends,2019
818028,Hà Nội,Colleagues / Business partner,2019
818028,Hà Nội,Friends,2019
818028,Hà Nội,Family,2019
818028,Hà Nội,Family,2019
818029,Cần Thơ,Family,2019
818029,Cần Thơ,Family,2019
818029,Cần Thơ,Family,2019
818029,Cần Thơ,Alone,2019
818029,Cần Thơ,Friends,2019
818029,Cần Thơ,Family,2019
818029,Cần Thơ,Family,2019
818029,Cần Thơ,Colleagues / Business partner,2019
818029,Cần Thơ,Family,2019
818035,Cần Thơ,Family,2019
818035,Cần Thơ,Friends,2019
818035,Cần Thơ,Family,2019
818035,Cần Thơ,Colleagues / Business partner,2019
818035,Cần Thơ,Alone,2019
818037,Hồ Chí Minh,Friends,2019
818037,Hồ Chí Minh,Boyfriend / Girlfriend,2019
818047,Đà Nẵng,Boyfriend / Girlfriend,2019
818047,Đà Nẵng,Friends,2019
818062,Cần Thơ,Alone,2019
818062,Cần Thơ,Friends,2019
818062,Cần Thơ,Family,2019
818075,Hải Phòng,Alone,2019
818107,Cần Thơ,Friends,2019
818112,Đà Nẵng,Boyfriend / Girlfriend,2019
818116,Hà Nội,Family,2019
818116,Hà Nội,Family,2019
818116,Hà Nội,Family,2019
818116,Hà Nội,Colleagues / Business partner,2019
818116,Hà Nội,Friends,2019
818118,Hồ Chí Minh,Friends,2019
818131,Hải Phòng,Alone,2019
818136,Hà Nội,Family,2019
818136,Hà Nội,Friends,2019
818139,Hà Nội,Friends,2019
818142,Hà Nội,Family,2019
818142,Hà Nội,Colleagues / Business partner,2019
818142,Hà Nội,Friends,2019
818144,Hà Nội,Friends,2019
818149,Đà Nẵng,Family,2019
818161,Đà Nẵng,Friends,2019
818172,Cần Thơ,Family,2019
818172,Cần Thơ,Family,2019
818172,Cần Thơ,Colleagues / Business partner,2019
818172,Cần Thơ,Friends,2019
818172,Cần Thơ,Family,2019
818172,Cần Thơ,Family,2019
818173,Đà Nẵng,Friends,2019
818174,Hồ Chí Minh,Friends,2019
818174,Hồ Chí Minh,Alone,2019
818178,Hà Nội,Friends,2019
818185,Hà Nội,Colleagues / Business partner,2019
818185,Hà Nội,Family,2019
818185,Hà Nội,Friends,2019
818185,Hà Nội,Family,2019
818186,Hồ Chí Minh,Friends,2019
818195,Hồ Chí Minh,Friends,2019
818195,Hồ Chí Minh,Family,2019
818195,Hồ Chí Minh,Family,2019
818197,Nha Trang,Friends,2019
818197,Nha Trang,Alone,2019
818208,Hà Nội,Colleagues / Business partner,2019
818208,Hà Nội,Friends,2019
818238,Hà Nội,Friends,2019
818248,Đà Nẵng,Friends,2019
818248,Đà Nẵng,Alone,2019
818268,Hà Nội,Friends,2019
818268,Hà Nội,Family,2019
818269,Hà Nội,Colleagues / Business partner,2019
818269,Hà Nội,Friends,2019
818272,Hà Nội,Friends,2019
818272,Hà Nội,Family,2019
818279,Hà Nội,Friends,2019
818284,Cần Thơ,Friends,2019
818302,Cần Thơ,Alone,2019
818302,Cần Thơ,Colleagues / Business partner,2019
818302,Cần Thơ,Friends,2019
818302,Cần Thơ,Family,2019
818302,Cần Thơ,Family,2019
818307,Hà Nội,Family,2019
818307,Hà Nội,Friends,2019
818320,Hồ Chí Minh,Family,2019
818320,Hồ Chí Minh,Friends,2019
818325,Đà Nẵng,Alone,2019
818327,Hồ Chí Minh,Family,2019
818327,Hồ Chí Minh,Family,2019
818335,Đà Nẵng,Colleagues / Business partner,2019
818344,Đà Nẵng,Colleagues / Business partner,2019
818344,Đà Nẵng,Friends,2019
818355,Hà Nội,Boyfriend / Girlfriend,2019
818355,Hà Nội,Friends,2019
818355,Hà Nội,Family,2019
818355,Hà Nội,Family,2019
818359,Đà Nẵng,Friends,2019
818368,Hà Nội,Friends,2019
818368,Hà Nội,Family,2019
818412,Đà Nẵng,Family,2019
818412,Đà Nẵng,Family,2019
818412,Đà Nẵng,Friends,2019
818412,Đà Nẵng,Colleagues / Business partner,2019
818412,Đà Nẵng,Alone,2019
818412,Đà Nẵng,Family,2019
818453,Hà Nội,Family,2019
818453,Hà Nội,Family,2019
818461,Hà Nội,Friends,2019
818464,Hà Nội,Friends,2019
818466,Hà Nội,Colleagues / Business partner,2019
818466,Hà Nội,Friends,2019
818467,Đà Nẵng,Friends,2019
818468,Hà Nội,Friends,2019
818547,Đà Nẵng,Friends,2019
818547,Đà Nẵng,Colleagues / Business partner,2019
818574,Hà Nội,Friends,2019
818578,Hà Nội,Family,2019
818578,Hà Nội,Friends,2019
818581,Đà Nẵng,Family,2019
818587,Hà Nội,Friends,2019
818587,Hà Nội,Family,2019
818672,Nha Trang,Friends,2019
818677,Hồ Chí Minh,Family,2019
818677,Hồ Chí Minh,Friends,2019
818733,Hà Nội,Friends,2019
818733,Hà Nội,Colleagues / Business partner,2019
818735,Hà Nội,Friends,2019
818739,Hà Nội,Friends,2019
818739,Hà Nội,Colleagues / Business partner,2019
818763,Cần Thơ,Family,2019
818763,Cần Thơ,Friends,2019
818764,Cần Thơ,Family,2019
818769,Hồ Chí Minh,Family,2019
818769,Hồ Chí Minh,Friends,2019
818769,Hồ Chí Minh,Family,2019
818769,Hồ Chí Minh,Family,2019
818774,Hải Phòng,Friends,2019
818777,Hà Nội,Friends,2019
818777,Hà Nội,Boyfriend / Girlfriend,2019
818777,Hà Nội,Colleagues / Business partner,2019
818791,Cần Thơ,Friends,2019
818791,Cần Thơ,Alone,2019
818791,Cần Thơ,Family,2019
818791,Cần Thơ,Colleagues / Business partner,2019
818791,Cần Thơ,Family,2019
818802,Đà Nẵng,Friends,2019
818808,Hồ Chí Minh,Alone,2019
818811,Hải Phòng,Friends,2019
818828,Hồ Chí Minh,Alone,2019
818857,Hải Phòng,Friends,2019
818857,Hải Phòng,Family,2019
818857,Hải Phòng,Family,2019
818889,Hải Phòng,Friends,2019
818905,Đà Nẵng,Alone,2019
818915,Hải Phòng,Friends,2019
819121,Cần Thơ,Boyfriend / Girlfriend,2019
819121,Cần Thơ,Alone,2019
819121,Cần Thơ,Friends,2019
819121,Cần Thơ,Family,2019
819121,Cần Thơ,Family,2019
819209,Hồ Chí Minh,Alone,2019
819268,Hà Nội,Family,2019
819347,Hồ Chí Minh,Family,2019
819379,Hà Nội,Friends,2019
819384,Hà Nội,Friends,2019
819384,Hà Nội,Family,2019
819384,Hà Nội,Family,2019
819385,Hà Nội,Friends,2019
819385,Hà Nội,Family,2019
819385,Hà Nội,Family,2019
819408,Hà Nội,Friends,2019
819429,Hà Nội,Family,2019
819429,Hà Nội,Friends,2019
819429,Hà Nội,Family,2019
819469,Hồ Chí Minh,Alone,2019
819535,Cần Thơ,Family,2019
819535,Cần Thơ,Alone,2019
819535,Cần Thơ,Friends,2019
819535,Cần Thơ,Family,2019
819535,Cần Thơ,Family,2019
819555,Hà Nội,Friends,2019
819555,Hà Nội,Family,2019
819555,Hà Nội,Colleagues / Business partner,2019
819555,Hà Nội,Family,2019
819558,Hà Nội,Friends,2019
819569,Hà Nội,Friends,2019
819569,Hà Nội,Family,2019
819642,Hà Nội,Friends,2019
819642,Hà Nội,Boyfriend / Girlfriend,2019
819642,Hà Nội,Colleagues / Business partner,2019
819659,Cần Thơ,Colleagues / Business partner,2019
819659,Cần Thơ,Alone,2019
819659,Cần Thơ,Boyfriend / Girlfriend,2019
819659,Cần Thơ,Friends,2019
819663,Cần Thơ,Friends,2019
819706,Hồ Chí Minh,Family,2019
819710,Cần Thơ,Family,2019
819710,Cần Thơ,Alone,2019
819710,Cần Thơ,Family,2019
819710,Cần Thơ,Friends,2019
819710,Cần Thơ,Family,2019
819735,Hồ Chí Minh,Family,2019
819735,Hồ Chí Minh,Family,2019
819759,Hà Nội,Friends,2019
819759,Hà Nội,Family,2019
819761,Hà Nội,Colleagues / Business partner,2019
819761,Hà Nội,Friends,2019
819811,Cần Thơ,Family,2019
819811,Cần Thơ,Friends,2019
819811,Cần Thơ,Family,2019
819811,Cần Thơ,Alone,2019
819843,Đà Nẵng,Friends,2019
819850,Hà Nội,Colleagues / Business partner,2019
819850,Hà Nội,Family,2019
819850,Hà Nội,Family,2019
819872,Hồ Chí Minh,Friends,2019
819873,Hồ Chí Minh,Colleagues / Business partner,2019
819896,Hà Nội,Friends,2019
819897,Hồ Chí Minh,Family,2019
819897,Hồ Chí Minh,Friends,2019
819914,Hà Nội,Friends,2019
819919,Hà Nội,Family,2019
819919,Hà Nội,Friends,2019
819927,Hà Nội,Friends,2019
819927,Hà Nội,Colleagues / Business partner,2019
819927,Hà Nội,Family,2019
819934,Hải Phòng,Family,2019
819934,Hải Phòng,Family,2019
819934,Hải Phòng,Friends,2019
819934,Hải Phòng,Family,2019
819944,Đà Nẵng,Friends,2019
819953,Hồ Chí Minh,Alone,2019
819966,Hà Nội,Family,2019
819966,Hà Nội,Colleagues / Business partner,2019
819966,Hà Nội,Friends,2019
819984,Hà Nội,Friends,2019
819984,Hà Nội,Family,2019
819998,Hà Nội,Colleagues / Business partner,2019
819998,Hà Nội,Friends,2019
820014,Hồ Chí Minh,Alone,2019
820016,Hải Phòng,Family,2019
820016,Hải Phòng,Family,2019
820016,Hải Phòng,Friends,2019
820028,Cần Thơ,Family,2019
820028,Cần Thơ,Alone,2019
820028,Cần Thơ,Colleagues / Business partner,2019
820028,Cần Thơ,Family,2019
820028,Cần Thơ,Friends,2019
820039,Hà Nội,Family,2019
820039,Hà Nội,Friends,2019
820040,Hà Nội,Friends,2019
820040,Hà Nội,Family,2019
820045,Hồ Chí Minh,Family,2019
820045,Hồ Chí Minh,Friends,2019
820047,Hà Nội,Family,2019
820047,Hà Nội,Friends,2019
820066,Đà Nẵng,Family,2019
820073,Hà Nội,Family,2019
820073,Hà Nội,Family,2019
820073,Hà Nội,Friends,2019
820079,Hà Nội,Family,2019
820079,Hà Nội,Family,2019
820079,Hà Nội,Friends,2019
820081,Hà Nội,Friends,2019
820094,Hà Nội,Family,2019
820094,Hà Nội,Colleagues / Business partner,2019
820104,Nha Trang,Family,2019
820104,Nha Trang,Family,2019
820104,Nha Trang,Friends,2019
820104,Nha Trang,Family,2019
820110,Hải Phòng,Others,2019
820110,Hải Phòng,Friends,2019
820118,Hồ Chí Minh,Family,2019
820123,Cần Thơ,Colleagues / Business partner,2019
820123,Cần Thơ,Alone,2019
820123,Cần Thơ,Friends,2019
820134,Hồ Chí Minh,Family,2019
820142,Hồ Chí Minh,Colleagues / Business partner,2019
820142,Hồ Chí Minh,Friends,2019
820146,Nha Trang,Friends,2019
820146,Nha Trang,Colleagues / Business partner,2019
820149,Nha Trang,Colleagues / Business partner,2019
820149,Nha Trang,Friends,2019
820150,Đà Nẵng,Friends,2019
820152,Hải Phòng,Family,2019
820152,Hải Phòng,Family,2019
820152,Hải Phòng,Family,2019
820152,Hải Phòng,Friends,2019
820152,Hải Phòng,Family,2019
820155,Nha Trang,Friends,2019
820222,Hồ Chí Minh,Boyfriend / Girlfriend,2019
820222,Hồ Chí Minh,Friends,2019
820227,Hà Nội,Family,2019
820227,Hà Nội,Family,2019
820227,Hà Nội,Family,2019
820227,Hà Nội,Friends,2019
820255,Hà Nội,Friends,2019
820255,Hà Nội,Family,2019
820255,Hà Nội,Family,2019
820257,Hà Nội,Family,2019
820257,Hà Nội,Friends,2019
820280,Nha Trang,Friends,2019
820298,Nha Trang,Colleagues / Business partner,2019
820298,Nha Trang,Friends,2019
820338,Nha Trang,Friends,2019
820345,Hồ Chí Minh,Family,2019
820345,Hồ Chí Minh,Family,2019
820349,Hà Nội,Friends,2019
820349,Hà Nội,Boyfriend / Girlfriend,2019
820349,Hà Nội,Colleagues / Business partner,2019
820395,Hồ Chí Minh,Friends,2019
820395,Hồ Chí Minh,Alone,2019
820399,Hải Phòng,Friends,2019
820405,Hà Nội,Family,2019
820437,Hồ Chí Minh,Family,2019
820578,Hồ Chí Minh,Friends,2019
820578,Hồ Chí Minh,Alone,2019
820593,Hồ Chí Minh,Colleagues / Business partner,2019
820593,Hồ Chí Minh,Friends,2019
820600,Hải Phòng,Friends,2019
820652,Nha Trang,Friends,2019
820652,Nha Trang,Boyfriend / Girlfriend,2019
821042,Đà Nẵng,Friends,2019
821042,Đà Nẵng,Family,2019
821042,Đà Nẵng,Family,2019
821087,Hồ Chí Minh,Alone,2019
821094,Hồ Chí Minh,Alone,2019
821094,Hồ Chí Minh,Friends,2019
821225,Hồ Chí Minh,Boyfriend / Girlfriend,2019
821225,Hồ Chí Minh,Family,2019
821225,Hồ Chí Minh,Friends,2019
821393,Hồ Chí Minh,Family,2019
821393,Hồ Chí Minh,Friends,2019
821393,Hồ Chí Minh,Family,2019
821402,Hồ Chí Minh,Friends,2019
821402,Hồ Chí Minh,Alone,2019
821409,Hồ Chí Minh,Boyfriend / Girlfriend,2019
821409,Hồ Chí Minh,Friends,2019
821433,Hồ Chí Minh,Friends,2019
821433,Hồ Chí Minh,Family,2019
821441,Hồ Chí Minh,Family,2019
821441,Hồ Chí Minh,Friends,2019
821607,Hồ Chí Minh,Family,2019
821607,Hồ Chí Minh,Family,2019
821607,Hồ Chí Minh,Family,2019
821607,Hồ Chí Minh,Friends,2019
821607,Hồ Chí Minh,Family,2019
821645,Hải Phòng,Family,2019
821645,Hải Phòng,Friends,2019
821645,Hải Phòng,Family,2019
821645,Hải Phòng,Family,2019
821690,Hồ Chí Minh,Alone,2019
821716,Cần Thơ,Friends,2019
821717,Đà Nẵng,Family,2019
821717,Đà Nẵng,Friends,2019
821745,Hà Nội,Friends,2019
821745,Hà Nội,Colleagues / Business partner,2019
821747,Hà Nội,Friends,2019
821748,Hà Nội,Friends,2019
821748,Hà Nội,Alone,2019
821795,Đà Nẵng,Friends,2019
821808,Hà Nội,Friends,2019
821808,Hà Nội,Colleagues / Business partner,2019
821808,Hà Nội,Family,2019
821837,Cần Thơ,Friends,2019
821837,Cần Thơ,Colleagues / Business partner,2019
821839,Hồ Chí Minh,Alone,2019
821882,Hà Nội,Friends,2019
821884,Đà Nẵng,Friends,2019
821891,Hà Nội,Friends,2019
821891,Hà Nội,Colleagues / Business partner,2019
821899,Hà Nội,Friends,2019
821925,Hà Nội,Boyfriend / Girlfriend,2019
821925,Hà Nội,Friends,2019
822009,Nha Trang,Boyfriend / Girlfriend,2019
822009,Nha Trang,Colleagues / Business partner,2019
822078,Đà Nẵng,Friends,2019
822155,Hà Nội,Family,2019
822155,Hà Nội,Friends,2019
822200,Nha Trang,Family,2019
822200,Nha Trang,Friends,2019
822200,Nha Trang,Family,2019
822200,Nha Trang,Family,2019
822366,Hà Nội,Friends,2019
822367,Hà Nội,Friends,2019
822368,Hà Nội,Friends,2019
822520,Hà Nội,Friends,2019
822520,Hà Nội,Colleagues / Business partner,2019
822603,Hà Nội,Friends,2019
822603,Hà Nội,Family,2019
822603,Hà Nội,Family,2019
822683,Hải Phòng,Family,2019
822683,Hải Phòng,Family,2019
822683,Hải Phòng,Family,2019
822683,Hải Phòng,Family,2019
822683,Hải Phòng,Family,2019
822683,Hải Phòng,Friends,2019
822950,Hà Nội,Family,2019
822950,Hà Nội,Friends,2019
822950,Hà Nội,Family,2019
822980,Hà Nội,Colleagues / Business partner,2019
822980,Hà Nội,Friends,2019
822988,Nha Trang,Alone,2019
822988,Nha Trang,Friends,2019
823071,Đà Nẵng,Family,2019
823097,Nha Trang,Friends,2019
823105,Hồ Chí Minh,Alone,2019
823105,Hồ Chí Minh,Friends,2019
823105,Hồ Chí Minh,Family,2019
823129,Hồ Chí Minh,Alone,2019
823161,Hồ Chí Minh,Friends,2019
823168,Hồ Chí Minh,Friends,2019
823200,Hồ Chí Minh,Alone,2019
823213,Đà Nẵng,Family,2019
823213,Đà Nẵng,Family,2019
823213,Đà Nẵng,Family,2019
823213,Đà Nẵng,Friends,2019
823231,Cần Thơ,Alone,2019
823231,Cần Thơ,Family,2019
823231,Cần Thơ,Friends,2019
823248,Hồ Chí Minh,Friends,2019
823248,Hồ Chí Minh,Alone,2019
823248,Hồ Chí Minh,Family,2019
823248,Hồ Chí Minh,Family,2019
823327,Hải Phòng,Family,2019
823327,Hải Phòng,Friends,2019
823332,Hồ Chí Minh,Family,2019
823341,Hà Nội,Friends,2019
823341,Hà Nội,Colleagues / Business partner,2019
823374,Đà Nẵng,Family,2019
823374,Đà Nẵng,Friends,2019
823418,Hồ Chí Minh,Family,2019
823418,Hồ Chí Minh,Alone,2019
823418,Hồ Chí Minh,Family,2019
823420,Hồ Chí Minh,Family,2019
823420,Hồ Chí Minh,Family,2019
823425,Hà Nội,Family,2019
823425,Hà Nội,Friends,2019
823425,Hà Nội,Colleagues / Business partner,2019
823434,Hồ Chí Minh,Colleagues / Business partner,2019
823517,Hồ Chí Minh,Friends,2019
823525,Hà Nội,Friends,2019
823525,Hà Nội,Boyfriend / Girlfriend,2019
823540,Hải Phòng,Colleagues / Business partner,2019
823540,Hải Phòng,Friends,2019
823540,Hải Phòng,Alone,2019
823650,Hồ Chí Minh,Family,2019
823650,Hồ Chí Minh,Alone,2019
823663,Hà Nội,Friends,2019
823663,Hà Nội,Family,2019
823665,Hà Nội,Friends,2019
823665,Hà Nội,Family,2019
823665,Hà Nội,Family,2019
823684,Hồ Chí Minh,Alone,2019
823700,Hồ Chí Minh,Alone,2019
823700,Hồ Chí Minh,Friends,2019
823711,Hà Nội,Family,2019
823711,Hà Nội,Colleagues / Business partner,2019
823711,Hà Nội,Friends,2019
823713,Hồ Chí Minh,Family,2019
823713,Hồ Chí Minh,Family,2019
823716,Hồ Chí Minh,Colleagues / Business partner,2019
823783,Hồ Chí Minh,Alone,2019
823827,Hà Nội,Friends,2019
823827,Hà Nội,Family,2019
823827,Hà Nội,Family,2019
823879,Cần Thơ,Friends,2019
823879,Cần Thơ,Family,2019
823879,Cần Thơ,Alone,2019
823896,Hồ Chí Minh,Alone,2019
823899,Cần Thơ,Family,2019
823913,Hải Phòng,Friends,2019
823958,Cần Thơ,Alone,2019
823958,Cần Thơ,Friends,2019
823964,Hà Nội,Boyfriend / Girlfriend,2019
823964,Hà Nội,Friends,2019
823993,Hải Phòng,Friends,2019
823993,Hải Phòng,Colleagues / Business partner,2019
824024,Hà Nội,Friends,2019
824024,Hà Nội,Colleagues / Business partner,2019
824031,Hồ Chí Minh,Alone,2019
824031,Hồ Chí Minh,Friends,2019
824031,Hồ Chí Minh,Family,2019
824031,Hồ Chí Minh,Family,2019
824049,Đà Nẵng,Friends,2019
824049,Đà Nẵng,Family,2019
824050,Cần Thơ,Friends,2019
824050,Cần Thơ,Family,2019
824101,Cần Thơ,Friends,2019
824105,Hà Nội,Friends,2019
824105,Hà Nội,Colleagues / Business partner,2019
824105,Hà Nội,Family,2019
824165,Hồ Chí Minh,Family,2019
824165,Hồ Chí Minh,Colleagues / Business partner,2019
824165,Hồ Chí Minh,Alone,2019
824171,Hà Nội,Family,2019
824171,Hà Nội,Friends,2019
824171,Hà Nội,Colleagues / Business partner,2019
824203,Hồ Chí Minh,Friends,2019
824205,Đà Nẵng,Friends,2019
824207,Nha Trang,Alone,2019
824207,Nha Trang,Friends,2019
824207,Nha Trang,Colleagues / Business partner,2019
824229,Hà Nội,Friends,2019
824229,Hà Nội,Colleagues / Business partner,2019
824257,Hà Nội,Family,2019
824257,Hà Nội,Friends,2019
824257,Hà Nội,Family,2019
824278,Hồ Chí Minh,Family,2019
824278,Hồ Chí Minh,Family,2019
824283,Cần Thơ,Friends,2019
824297,Cần Thơ,Friends,2019
824297,Cần Thơ,Alone,2019
824305,Hồ Chí Minh,Friends,2019
824307,Nha Trang,Colleagues / Business partner,2019
824307,Nha Trang,Friends,2019
824307,Nha Trang,Alone,2019
824525,Hồ Chí Minh,Family,2019
824525,Hồ Chí Minh,Alone,2019
824525,Hồ Chí Minh,Friends,2019
824529,Hồ Chí Minh,Family,2019
824529,Hồ Chí Minh,Family,2019
824554,Hải Phòng,Friends,2019
824556,Hà Nội,Family,2019
824556,Hà Nội,Family,2019
824556,Hà Nội,Friends,2019
824556,Hà Nội,Colleagues / Business partner,2019
824557,Hà Nội,Colleagues / Business partner,2019
824557,Hà Nội,Family,2019
824557,Hà Nội,Friends,2019
824575,Đà Nẵng,Friends,2019
824575,Đà Nẵng,Colleagues / Business partner,2019
824576,Hà Nội,Colleagues / Business partner,2019
824578,Hà Nội,Friends,2019
824578,Hà Nội,Family,2019
824591,Hồ Chí Minh,Family,2019
824591,Hồ Chí Minh,Friends,2019
824591,Hồ Chí Minh,Family,2019
824598,Hà Nội,Friends,2019
824631,Hà Nội,Friends,2019
824631,Hà Nội,Boyfriend / Girlfriend,2019
824676,Hồ Chí Minh,Friends,2019
824703,Hồ Chí Minh,Alone,2019
824703,Hồ Chí Minh,Friends,2019
824714,Hồ Chí Minh,Friends,2019
824714,Hồ Chí Minh,Family,2019
824734,Hà Nội,Colleagues / Business partner,2019
824734,Hà Nội,Friends,2019
824737,Hà Nội,Friends,2019
824737,Hà Nội,Colleagues / Business partner,2019
824749,Hồ Chí Minh,Family,2019
824749,Hồ Chí Minh,Alone,2019
824763,Hồ Chí Minh,Family,2019
824763,Hồ Chí Minh,Family,2019
824770,Hồ Chí Minh,Family,2019
824772,Hồ Chí Minh,Alone,2019
824772,Hồ Chí Minh,Friends,2019
824800,Hồ Chí Minh,Friends,2019
824802,Hồ Chí Minh,Family,2019
824802,Hồ Chí Minh,Alone,2019
824802,Hồ Chí Minh,Friends,2019
824831,Cần Thơ,Family,2019
824843,Hồ Chí Minh,Alone,2019
824843,Hồ Chí Minh,Friends,2019
824846,Hải Phòng,Friends,2019
824912,Hồ Chí Minh,Alone,2019
824937,Hải Phòng,Friends,2019
824941,Đà Nẵng,Family,2019
824946,Hải Phòng,Friends,2019
824946,Hải Phòng,Family,2019
824948,Hồ Chí Minh,Colleagues / Business partner,2019
824951,Hồ Chí Minh,Alone,2019
824953,Hồ Chí Minh,Family,2019
824953,Hồ Chí Minh,Family,2019
824963,Cần Thơ,Friends,2019
824975,Đà Nẵng,Friends,2019
825020,Hà Nội,Friends,2019
825025,Hà Nội,Friends,2019
825054,Đà Nẵng,Family,2019
825054,Đà Nẵng,Family,2019
825054,Đà Nẵng,Alone,2019
825060,Cần Thơ,Friends,2019
825060,Cần Thơ,Family,2019
825073,Đà Nẵng,Alone,2019
825074,Hồ Chí Minh,Alone,2019
825099,Hồ Chí Minh,Family,2019
825099,Hồ Chí Minh,Family,2019
825105,Hồ Chí Minh,Family,2019
825105,Hồ Chí Minh,Family,2019
825108,Đà Nẵng,Friends,2019
825113,Hồ Chí Minh,Family,2019
825113,Hồ Chí Minh,Family,2019
825121,Hồ Chí Minh,Friends,2019
825121,Hồ Chí Minh,Family,2019
825121,Hồ Chí Minh,Family,2019
825121,Hồ Chí Minh,Family,2019
825130,Cần Thơ,Friends,2019
825141,Đà Nẵng,Family,2019
825143,Hải Phòng,Colleagues / Business partner,2019
825144,Hải Phòng,Friends,2019
825159,Đà Nẵng,Friends,2019
825180,Hà Nội,Friends,2019
825180,Hà Nội,Colleagues / Business partner,2019
825188,Hà Nội,Friends,2019
825188,Hà Nội,Family,2019
825188,Hà Nội,Colleagues / Business partner,2019
825200,Hà Nội,Colleagues / Business partner,2019
825200,Hà Nội,Friends,2019
825219,Cần Thơ,Colleagues / Business partner,2019
825219,Cần Thơ,Friends,2019
825226,Đà Nẵng,Friends,2019
825226,Đà Nẵng,Family,2019
825227,Hải Phòng,Family,2019
825228,Hải Phòng,Friends,2019
825244,Hà Nội,Family,2019
825244,Hà Nội,Family,2019
825244,Hà Nội,Colleagues / Business partner,2019
825244,Hà Nội,Friends,2019
825244,Hà Nội,Family,2019
825254,Hồ Chí Minh,Friends,2019
825254,Hồ Chí Minh,Alone,2019
825267,Hải Phòng,Friends,2019
825267,Hải Phòng,Family,2019
825287,Hà Nội,Friends,2019
825292,Cần Thơ,Family,2019
825293,Đà Nẵng,Friends,2019
825294,Cần Thơ,Family,2019
825313,Hà Nội,Friends,2019
825313,Hà Nội,Colleagues / Business partner,2019
825315,Đà Nẵng,Alone,2019
825334,Hải Phòng,Friends,2019
825342,Hải Phòng,Family,2019
825370,Đà Nẵng,Friends,2019
825383,Hồ Chí Minh,Family,2019
825383,Hồ Chí Minh,Family,2019
825448,Hải Phòng,Family,2019
825454,Hải Phòng,Friends,2019
825454,Hải Phòng,Family,2019
825469,Hà Nội,Friends,2019
825470,Hải Phòng,Colleagues / Business partner,2019
825500,Cần Thơ,Friends,2019
825500,Cần Thơ,Colleagues / Business partner,2019
825512,Đà Nẵng,Family,2019
825512,Đà Nẵng,Friends,2019
825517,Hồ Chí Minh,Friends,2019
825541,Đà Nẵng,Friends,2019
825561,Hồ Chí Minh,Friends,2019
825588,Hà Nội,Friends,2019
825588,Hà Nội,Family,2019
825589,Hà Nội,Family,2019
825589,Hà Nội,Friends,2019
825649,Cần Thơ,Family,2019
825654,Hà Nội,Friends,2019
825665,Đà Nẵng,Friends,2019
825665,Đà Nẵng,Boyfriend / Girlfriend,2019
825704,Hồ Chí Minh,Family,2019
825704,Hồ Chí Minh,Family,2019
825704,Hồ Chí Minh,Family,2019
825706,Hồ Chí Minh,Colleagues / Business partner,2019
825713,Đà Nẵng,Family,2019
825713,Đà Nẵng,Friends,2019
825717,Đà Nẵng,Friends,2019
825717,Đà Nẵng,Family,2019
825746,Hồ Chí Minh,Family,2019
825746,Hồ Chí Minh,Family,2019
825746,Hồ Chí Minh,Friends,2019
825747,Hồ Chí Minh,Boyfriend / Girlfriend,2019
825747,Hồ Chí Minh,Friends,2019
826066,Hồ Chí Minh,Friends,2019
826066,Hồ Chí Minh,Alone,2019
826092,Hải Phòng,Friends,2019
826128,Hải Phòng,Friends,2019
826128,Hải Phòng,Family,2019
826132,Hồ Chí Minh,Friends,2019
826132,Hồ Chí Minh,Alone,2019
826132,Hồ Chí Minh,Family,2019
826154,Hà Nội,Family,2019
826154,Hà Nội,Friends,2019
826173,Cần Thơ,Friends,2019
826175,Hà Nội,Friends,2019
826175,Hà Nội,Colleagues / Business partner,2019
826180,Hồ Chí Minh,Friends,2019
826181,Hồ Chí Minh,Friends,2019
826193,Hà Nội,Friends,2019
826193,Hà Nội,Family,2019
826209,Hải Phòng,Colleagues / Business partner,2019
826209,Hải Phòng,Family,2019
826209,Hải Phòng,Friends,2019
826239,Đà Nẵng,Friends,2019
826262,Hồ Chí Minh,Friends,2019
826274,Hà Nội,Friends,2019
826276,Cần Thơ,Colleagues / Business partner,2019
826276,Cần Thơ,Friends,2019
826278,Đà Nẵng,Colleagues / Business partner,2019
826278,Đà Nẵng,Friends,2019
826282,Hồ Chí Minh,Family,2019
826282,Hồ Chí Minh,Friends,2019
826282,Hồ Chí Minh,Family,2019
826290,Hà Nội,Friends,2019
826290,Hà Nội,Family,2019
826293,Hồ Chí Minh,Alone,2019
826302,Hà Nội,Friends,2019
826302,Hà Nội,Colleagues / Business partner,2019
826317,Hồ Chí Minh,Friends,2019
826317,Hồ Chí Minh,Family,2019
826317,Hồ Chí Minh,Family,2019
826317,Hồ Chí Minh,Colleagues / Business partner,2019
826326,Hà Nội,Colleagues / Business partner,2019
826337,Hà Nội,Friends,2019
826350,Đà Nẵng,Friends,2019
826361,Hồ Chí Minh,Alone,2019
826368,Hà Nội,Friends,2019
826368,Hà Nội,Boyfriend / Girlfriend,2019
826369,Hồ Chí Minh,Friends,2019
826370,Hà Nội,Friends,2019
826386,Hồ Chí Minh,Friends,2019
826397,Hồ Chí Minh,Family,2019
826397,Hồ Chí Minh,Family,2019
826397,Hồ Chí Minh,Family,2019
826414,Hà Nội,Friends,2019
826415,Hồ Chí Minh,Alone,2019
826418,Hồ Chí Minh,Family,2019
826418,Hồ Chí Minh,Friends,2019
826418,Hồ Chí Minh,Alone,2019
826421,Hải Phòng,Boyfriend / Girlfriend,2019
826421,Hải Phòng,Friends,2019
826437,Hà Nội,Friends,2019
826445,Hải Phòng,Family,2019
826445,Hải Phòng,Friends,2019
826445,Hải Phòng,Family,2019
826449,Hồ Chí Minh,Alone,2019
826458,Hồ Chí Minh,Friends,2019
826468,Hồ Chí Minh,Friends,2019
826481,Đà Nẵng,Friends,2019
826481,Đà Nẵng,Family,2019
826486,Hải Phòng,Friends,2019
826487,Hồ Chí Minh,Family,2019
826487,Hồ Chí Minh,Family,2019
826487,Hồ Chí Minh,Friends,2019
826490,Hồ Chí Minh,Family,2019
826490,Hồ Chí Minh,Family,2019
826490,Hồ Chí Minh,Friends,2019
826495,Hải Phòng,Friends,2019
826495,Hải Phòng,Colleagues / Business partner,2019
826495,Hải Phòng,Family,2019
826500,Cần Thơ,Friends,2019
826501,Đà Nẵng,Friends,2019
826510,Hồ Chí Minh,Alone,2019
826535,Hồ Chí Minh,Friends,2019
826535,Hồ Chí Minh,Alone,2019
826553,Hồ Chí Minh,Family,2019
826553,Hồ Chí Minh,Family,2019
826553,Hồ Chí Minh,Family,2019
826584,Hồ Chí Minh,Family,2019
826584,Hồ Chí Minh,Alone,2019
826584,Hồ Chí Minh,Friends,2019
826591,Cần Thơ,Friends,2019
826593,Hồ Chí Minh,Alone,2019
826600,Đà Nẵng,Friends,2019
826601,Đà Nẵng,Friends,2019
826606,Hải Phòng,Friends,2019
826607,Hồ Chí Minh,Colleagues / Business partner,2019
826610,Hồ Chí Minh,Friends,2019
826614,Hồ Chí Minh,Friends,2019
826614,Hồ Chí Minh,Colleagues / Business partner,2019
826615,Hồ Chí Minh,Friends,2019
826615,Hồ Chí Minh,Alone,2019
826615,Hồ Chí Minh,Family,2019
826617,Hải Phòng,Friends,2019
826617,Hải Phòng,Family,2019
826617,Hải Phòng,Alone,2019
826619,Hà Nội,Colleagues / Business partner,2019
826619,Hà Nội,Friends,2019
826623,Hải Phòng,Friends,2019
826623,Hải Phòng,Family,2019
826628,Hồ Chí Minh,Family,2019
826630,Hải Phòng,Friends,2019
826670,Hà Nội,Family,2019
826670,Hà Nội,Colleagues / Business partner,2019
826670,Hà Nội,Family,2019
826670,Hà Nội,Friends,2019
826688,Hải Phòng,Friends,2019
826689,Hồ Chí Minh,Family,2019
826689,Hồ Chí Minh,Friends,2019
826689,Hồ Chí Minh,Colleagues / Business partner,2019
826689,Hồ Chí Minh,Alone,2019
826690,Hải Phòng,Family,2019
826690,Hải Phòng,Friends,2019
826698,Hải Phòng,Friends,2019
826702,Hà Nội,Colleagues / Business partner,2019
826702,Hà Nội,Friends,2019
826703,Hà Nội,Family,2019
826703,Hà Nội,Family,2019
826703,Hà Nội,Friends,2019
826705,Hà Nội,Family,2019
826705,Hà Nội,Family,2019
826705,Hà Nội,Friends,2019
826705,Hà Nội,Colleagues / Business partner,2019
826709,Hà Nội,Family,2019
826709,Hà Nội,Colleagues / Business partner,2019
826709,Hà Nội,Friends,2019
826710,Hồ Chí Minh,Friends,2019
826710,Hồ Chí Minh,Family,2019
826711,Hồ Chí Minh,Colleagues / Business partner,2019
826711,Hồ Chí Minh,Friends,2019
826711,Hồ Chí Minh,Family,2019
826715,Hà Nội,Friends,2019
826715,Hà Nội,Family,2019
826715,Hà Nội,Family,2019
826738,Hải Phòng,Friends,2019
826747,Hải Phòng,Friends,2019
826750,Hà Nội,Family,2019
826750,Hà Nội,Family,2019
826750,Hà Nội,Friends,2019
826750,Hà Nội,Colleagues / Business partner,2019
826942,Hồ Chí Minh,Friends,2019
826969,Hồ Chí Minh,Family,2019
826969,Hồ Chí Minh,Friends,2019
826969,Hồ Chí Minh,Alone,2019
826974,Hồ Chí Minh,Alone,2019
826991,Hà Nội,Friends,2019
827008,Hồ Chí Minh,Alone,2019
827058,Hồ Chí Minh,Friends,2019
827061,Đà Nẵng,Friends,2019
827077,Hồ Chí Minh,Alone,2019
827077,Hồ Chí Minh,Friends,2019
827086,Hồ Chí Minh,Friends,2019
827088,Hải Phòng,Alone,2019
827088,Hải Phòng,Family,2019
827088,Hải Phòng,Friends,2019
827153,Hồ Chí Minh,Friends,2019
827201,Hồ Chí Minh,Alone,2019
827201,Hồ Chí Minh,Family,2019
827228,Hải Phòng,Alone,2019
827245,Hồ Chí Minh,Colleagues / Business partner,2019
827262,Hải Phòng,Family,2019
827262,Hải Phòng,Friends,2019
827262,Hải Phòng,Family,2019
827262,Hải Phòng,Family,2019
827304,Hồ Chí Minh,Friends,2019
827304,Hồ Chí Minh,Family,2019
827323,Hồ Chí Minh,Alone,2019
827323,Hồ Chí Minh,Colleagues / Business partner,2019
827323,Hồ Chí Minh,Friends,2019
827338,Hải Phòng,Family,2019
827338,Hải Phòng,Family,2019
827338,Hải Phòng,Friends,2019
827410,Hồ Chí Minh,Alone,2019
827410,Hồ Chí Minh,Friends,2019
827428,Hải Phòng,Friends,2019
827428,Hải Phòng,Family,2019
827428,Hải Phòng,Family,2019
827428,Hải Phòng,Family,2019
827430,Hồ Chí Minh,Alone,2019
827436,Hải Phòng,Friends,2019
827468,Hồ Chí Minh,Friends,2019
827491,Hải Phòng,Friends,2019
827495,Hải Phòng,Friends,2019
827495,Hải Phòng,Family,2019
827516,Hải Phòng,Friends,2019
827562,Hải Phòng,Colleagues / Business partner,2019
827562,Hải Phòng,Friends,2019
827579,Đà Nẵng,Friends,2019
827586,Hà Nội,Family,2019
827586,Hà Nội,Family,2019
827587,Hà Nội,Friends,2019
827587,Hà Nội,Family,2019
827617,Hà Nội,Family,2019
827617,Hà Nội,Friends,2019
827617,Hà Nội,Family,2019
827640,Hải Phòng,Friends,2019
827641,Hà Nội,Friends,2019
827641,Hà Nội,Family,2019
827641,Hà Nội,Colleagues / Business partner,2019
827650,Hải Phòng,Friends,2019
827663,Hải Phòng,Colleagues / Business partner,2019
827663,Hải Phòng,Friends,2019
827711,Hà Nội,Colleagues / Business partner,2019
827711,Hà Nội,Friends,2019
827732,Hà Nội,Boyfriend / Girlfriend,2019
827732,Hà Nội,Friends,2019
827732,Hà Nội,Colleagues / Business partner,2019
827739,Hải Phòng,Friends,2019
827757,Hồ Chí Minh,Friends,2019
827763,Hải Phòng,Friends,2019
827777,Hà Nội,Family,2019
827777,Hà Nội,Family,2019
827777,Hà Nội,Friends,2019
827777,Hà Nội,Colleagues / Business partner,2019
827785,Hồ Chí Minh,Boyfriend / Girlfriend,2019
827785,Hồ Chí Minh,Friends,2019
827785,Hồ Chí Minh,Alone,2019
827808,Hải Phòng,Friends,2019
827813,Hồ Chí Minh,Colleagues / Business partner,2019
827813,Hồ Chí Minh,Friends,2019
827813,Hồ Chí Minh,Family,2019
827813,Hồ Chí Minh,Family,2019
827845,Đà Nẵng,Boyfriend / Girlfriend,2019
827845,Đà Nẵng,Friends,2019
827846,Cần Thơ,Colleagues / Business partner,2019
827863,Hải Phòng,Friends,2019
827863,Hải Phòng,Alone,2019
827894,Hồ Chí Minh,Family,2019
827894,Hồ Chí Minh,Colleagues / Business partner,2019
827894,Hồ Chí Minh,Family,2019
827894,Hồ Chí Minh,Boyfriend / Girlfriend,2019
827894,Hồ Chí Minh,Friends,2019
827895,Hồ Chí Minh,Colleagues / Business partner,2019
827895,Hồ Chí Minh,Friends,2019
827895,Hồ Chí Minh,Family,2019
827896,Hồ Chí Minh,Friends,2019
827900,Hải Phòng,Friends,2019
827900,Hải Phòng,Colleagues / Business partner,2019
827901,Hồ Chí Minh,Family,2019
827901,Hồ Chí Minh,Family,2019
827902,Cần Thơ,Friends,2019
827902,Cần Thơ,Family,2019
827902,Cần Thơ,Family,2019
827902,Cần Thơ,Family,2019
827906,Đà Nẵng,Family,2019
827906,Đà Nẵng,Friends,2019
827918,Hồ Chí Minh,Friends,2019
827918,Hồ Chí Minh,Alone,2019
827924,Cần Thơ,Friends,2019
827936,Hải Phòng,Friends,2019
827963,Hà Nội,Family,2019
827963,Hà Nội,Friends,2019
827963,Hà Nội,Family,2019
827969,Hải Phòng,Friends,2019
827969,Hải Phòng,Alone,2019
828007,Cần Thơ,Family,2019
828007,Cần Thơ,Family,2019
828029,Đà Nẵng,Friends,2019
828032,Hà Nội,Family,2019
828032,Hà Nội,Friends,2019
828032,Hà Nội,Family,2019
828032,Hà Nội,Family,2019
828035,Đà Nẵng,Friends,2019
828036,Đà Nẵng,Alone,2019
828058,Hải Phòng,Friends,2019
828241,Hà Nội,Family,2019
828241,Hà Nội,Colleagues / Business partner,2019
828241,Hà Nội,Friends,2019
828243,Hà Nội,Family,2019
828243,Hà Nội,Family,2019
828243,Hà Nội,Friends,2019
828243,Hà Nội,Colleagues / Business partner,2019
828245,Hà Nội,Friends,2019
828245,Hà Nội,Colleagues / Business partner,2019
828258,Hà Nội,Friends,2019
828258,Hà Nội,Family,2019
828262,Hà Nội,Family,2019
828262,Hà Nội,Friends,2019
828264,Hà Nội,Family,2019
828264,Hà Nội,Friends,2019
828264,Hà Nội,Colleagues / Business partner,2019
828268,Hà Nội,Family,2019
828268,Hà Nội,Friends,2019
828268,Hà Nội,Family,2019
828284,Hồ Chí Minh,Colleagues / Business partner,2019
828284,Hồ Chí Minh,Family,2019
828284,Hồ Chí Minh,Friends,2019
828291,Hồ Chí Minh,Friends,2019
828321,Cần Thơ,Family,2019
828322,Hà Nội,Family,2019
828322,Hà Nội,Friends,2019
828322,Hà Nội,Colleagues / Business partner,2019
828322,Hà Nội,Family,2019
828324,Hải Phòng,Friends,2019
828324,Hải Phòng,Family,2019
828324,Hải Phòng,Family,2019
828324,Hải Phòng,Family,2019
828347,Hồ Chí Minh,Friends,2019
828353,Hà Nội,Colleagues / Business partner,2019
828353,Hà Nội,Friends,2019
828355,Hà Nội,Friends,2019
828365,Hồ Chí Minh,Friends,2019
828394,Hồ Chí Minh,Family,2019
828394,Hồ Chí Minh,Family,2019
828409,Hồ Chí Minh,Friends,2019
828416,Hồ Chí Minh,Friends,2019
828416,Hồ Chí Minh,Family,2019
828416,Hồ Chí Minh,Family,2019
828475,Hải Phòng,Friends,2019
828479,Hồ Chí Minh,Family,2019
828479,Hồ Chí Minh,Friends,2019
828489,Hải Phòng,Others,2019
828489,Hải Phòng,Friends,2019
828495,Hà Nội,Friends,2019
828495,Hà Nội,Colleagues / Business partner,2019
828497,Hồ Chí Minh,Friends,2019
828499,Hà Nội,Family,2019
828499,Hà Nội,Colleagues / Business partner,2019
828499,Hà Nội,Friends,2019
828500,Hà Nội,Family,2019
828500,Hà Nội,Colleagues / Business partner,2019
828500,Hà Nội,Friends,2019
828506,Hồ Chí Minh,Friends,2019
828507,Hồ Chí Minh,Friends,2019
828507,Hồ Chí Minh,Colleagues / Business partner,2019
828507,Hồ Chí Minh,Family,2019
828511,Hồ Chí Minh,Friends,2019
828516,Hải Phòng,Family,2019
828516,Hải Phòng,Friends,2019
828520,Cần Thơ,Family,2019
828520,Cần Thơ,Friends,2019
828531,Hà Nội,Friends,2019
828531,Hà Nội,Colleagues / Business partner,2019
828534,Hải Phòng,Friends,2019
828544,Hồ Chí Minh,Friends,2019
828544,Hồ Chí Minh,Colleagues / Business partner,2019
828544,Hồ Chí Minh,Family,2019
828549,Hồ Chí Minh,Friends,2019
828562,Hồ Chí Minh,Alone,2019
828573,Hải Phòng,Friends,2019
828578,Hồ Chí Minh,Family,2019
828582,Cần Thơ,Colleagues / Business partner,2019
828582,Cần Thơ,Friends,2019
828582,Cần Thơ,Family,2019
828582,Cần Thơ,Alone,2019
828584,Hà Nội,Friends,2019
828584,Hà Nội,Family,2019
828586,Hồ Chí Minh,Family,2019
828586,Hồ Chí Minh,Friends,2019
828586,Hồ Chí Minh,Family,2019
828586,Hồ Chí Minh,Family,2019
828592,Hải Phòng,Friends,2019
828594,Hồ Chí Minh,Friends,2019
828594,Hồ Chí Minh,Family,2019
828604,Hồ Chí Minh,Alone,2019
828605,Hồ Chí Minh,Friends,2019
828616,Hải Phòng,Alone,2019
828638,Hồ Chí Minh,Colleagues / Business partner,2019
828638,Hồ Chí Minh,Friends,2019
828638,Hồ Chí Minh,Family,2019
828645,Cần Thơ,Colleagues / Business partner,2019
828645,Cần Thơ,Family,2019
828645,Cần Thơ,Family,2019
828645,Cần Thơ,Family,2019
828645,Cần Thơ,Family,2019
828645,Cần Thơ,Friends,2019
828647,Hải Phòng,Friends,2019
828649,Hồ Chí Minh,Family,2019
828657,Hà Nội,Family,2019
828657,Hà Nội,Friends,2019
828670,Hà Nội,Colleagues / Business partner,2019
828670,Hà Nội,Friends,2019
828677,Hải Phòng,Friends,2019
828686,Hồ Chí Minh,Alone,2019
828687,Hồ Chí Minh,Alone,2019
828713,Hà Nội,Friends,2019
828713,Hà Nội,Colleagues / Business partner,2019
828717,Hà Nội,Friends,2019
828717,Hà Nội,Family,2019
828721,Hải Phòng,Friends,2019
828730,Hồ Chí Minh,Alone,2019
828730,Hồ Chí Minh,Friends,2019
828730,Hồ Chí Minh,Family,2019
828797,Cần Thơ,Friends,2019
828836,Hải Phòng,Friends,2019
828862,Hồ Chí Minh,Friends,2019
828866,Hà Nội,Family,2019
828866,Hà Nội,Friends,2019
828866,Hà Nội,Colleagues / Business partner,2019
828866,Hà Nội,Family,2019
828867,Hồ Chí Minh,Friends,2019
828867,Hồ Chí Minh,Alone,2019
828868,Hà Nội,Friends,2019
828878,Hải Phòng,Family,2019
828892,Hải Phòng,Friends,2019
828892,Hải Phòng,Colleagues / Business partner,2019
828892,Hải Phòng,Family,2019
828902,Hồ Chí Minh,Family,2019
828902,Hồ Chí Minh,Family,2019
828902,Hồ Chí Minh,Family,2019
828910,Hải Phòng,Colleagues / Business partner,2019
828910,Hải Phòng,Friends,2019
828924,Hải Phòng,Family,2019
828940,Đà Nẵng,Friends,2019
828967,Hải Phòng,Friends,2019
828969,Hải Phòng,Friends,2019
829041,Hồ Chí Minh,Boyfriend / Girlfriend,2019
829041,Hồ Chí Minh,Friends,2019
829090,Hồ Chí Minh,Friends,2019
829090,Hồ Chí Minh,Colleagues / Business partner,2019
829094,Hồ Chí Minh,Friends,2019
829094,Hồ Chí Minh,Boyfriend / Girlfriend,2019
829094,Hồ Chí Minh,Colleagues / Business partner,2019
829110,Hải Phòng,Friends,2019
829110,Hải Phòng,Family,2019
829136,Hải Phòng,Friends,2019
829136,Hải Phòng,Alone,2019
829159,Hải Phòng,Friends,2019
829163,Đà Nẵng,Friends,2019
829171,Hà Nội,Family,2019
829171,Hà Nội,Friends,2019
829171,Hà Nội,Family,2019
829171,Hà Nội,Colleagues / Business partner,2019
829177,Hà Nội,Friends,2019
829177,Hà Nội,Family,2019
829177,Hà Nội,Colleagues / Business partner,2019
829177,Hà Nội,Family,2019
829179,Hà Nội,Colleagues / Business partner,2019
829208,Hà Nội,Friends,2019
829209,Hà Nội,Family,2019
829209,Hà Nội,Friends,2019
829209,Hà Nội,Family,2019
829209,Hà Nội,Colleagues / Business partner,2019
829239,Hải Phòng,Family,2019
829239,Hải Phòng,Friends,2019
829250,Đà Nẵng,Family,2019
829250,Đà Nẵng,Colleagues / Business partner,2019
829260,Hải Phòng,Alone,2019
829260,Hải Phòng,Friends,2019
829288,Hồ Chí Minh,Family,2019
829288,Hồ Chí Minh,Friends,2019
829288,Hồ Chí Minh,Family,2019
829293,Hải Phòng,Friends,2019
829293,Hải Phòng,Colleagues / Business partner,2019
829315,Đà Nẵng,Friends,2019
829324,Hà Nội,Friends,2019
829330,Hải Phòng,Friends,2019
829330,Hải Phòng,Family,2019
829562,Hồ Chí Minh,Family,2019
829562,Hồ Chí Minh,Family,2019
829591,Hà Nội,Friends,2019
829596,Hà Nội,Friends,2019
829606,Đà Nẵng,Family,2019
829606,Đà Nẵng,Friends,2019
829612,Hà Nội,Family,2019
829612,Hà Nội,Friends,2019
829630,Đà Nẵng,Family,2019
829630,Đà Nẵng,Family,2019
829630,Đà Nẵng,Friends,2019
829633,Hồ Chí Minh,Friends,2019
829633,Hồ Chí Minh,Family,2019
829633,Hồ Chí Minh,Family,2019
829706,Hồ Chí Minh,Alone,2019
829707,Hồ Chí Minh,Alone,2019
829717,Hồ Chí Minh,Family,2019
829717,Hồ Chí Minh,Alone,2019
829717,Hồ Chí Minh,Friends,2019
829804,Hồ Chí Minh,Friends,2019
829804,Hồ Chí Minh,Alone,2019
829822,Hồ Chí Minh,Friends,2019
829822,Hồ Chí Minh,Alone,2019
829822,Hồ Chí Minh,Colleagues / Business partner,2019
829843,Hà Nội,Friends,2019
829843,Hà Nội,Family,2019
829870,Hồ Chí Minh,Family,2019
829870,Hồ Chí Minh,Alone,2019
829870,Hồ Chí Minh,Friends,2019
829872,Hồ Chí Minh,Alone,2019
829874,Hồ Chí Minh,Alone,2019
829955,Hà Nội,Friends,2019
829974,Hà Nội,Friends,2019
829974,Hà Nội,Family,2019
829975,Hà Nội,Friends,2019
829975,Hà Nội,Family,2019
829976,Hà Nội,Friends,2019
829976,Hà Nội,Family,2019
829983,Hồ Chí Minh,Family,2019
829983,Hồ Chí Minh,Friends,2019
829990,Hồ Chí Minh,Friends,2019
830008,Hồ Chí Minh,Friends,2019
830035,Hồ Chí Minh,Family,2019
830035,Hồ Chí Minh,Family,2019
830043,Đà Nẵng,Family,2019
830043,Đà Nẵng,Family,2019
830043,Đà Nẵng,Friends,2019
830044,Đà Nẵng,Alone,2019
830044,Đà Nẵng,Family,2019
830051,Hồ Chí Minh,Alone,2019
830064,Hồ Chí Minh,Alone,2019
830114,Hồ Chí Minh,Family,2019
830114,Hồ Chí Minh,Family,2019
830114,Hồ Chí Minh,Family,2019
830114,Hồ Chí Minh,Friends,2019
830134,Đà Nẵng,Family,2019
830134,Đà Nẵng,Alone,2019
830134,Đà Nẵng,Family,2019
830139,Hồ Chí Minh,Friends,2019
830139,Hồ Chí Minh,Family,2019
830160,Hồ Chí Minh,Friends,2019
830171,Hồ Chí Minh,Friends,2019
830174,Hồ Chí Minh,Friends,2019
830193,Hà Nội,Boyfriend / Girlfriend,2019
830193,Hà Nội,Friends,2019
830193,Hà Nội,Colleagues / Business partner,2019
830229,Hồ Chí Minh,Friends,2019
830229,Hồ Chí Minh,Alone,2019
830232,Hồ Chí Minh,Family,2019
830232,Hồ Chí Minh,Boyfriend / Girlfriend,2019
830232,Hồ Chí Minh,Friends,2019
830247,Hồ Chí Minh,Friends,2019
830247,Hồ Chí Minh,Family,2019
830247,Hồ Chí Minh,Family,2019
830270,Hồ Chí Minh,Friends,2019
830273,Hà Nội,Boyfriend / Girlfriend,2019
830273,Hà Nội,Friends,2019
830276,Hồ Chí Minh,Family,2019
830276,Hồ Chí Minh,Friends,2019
830276,Hồ Chí Minh,Family,2019
830288,Hà Nội,Colleagues / Business partner,2019
830288,Hà Nội,Friends,2019
830290,Hà Nội,Friends,2019
830291,Hà Nội,Friends,2019
830291,Hà Nội,Family,2019
830291,Hà Nội,Family,2019
830291,Hà Nội,Colleagues / Business partner,2019
830301,Hồ Chí Minh,Boyfriend / Girlfriend,2019
830301,Hồ Chí Minh,Friends,2019
830304,Hải Phòng,Family,2019
830304,Hải Phòng,Friends,2019
830305,Hồ Chí Minh,Family,2019
830305,Hồ Chí Minh,Colleagues / Business partner,2019
830305,Hồ Chí Minh,Family,2019
830329,Hồ Chí Minh,Friends,2019
830357,Hồ Chí Minh,Friends,2019
830357,Hồ Chí Minh,Family,2019
830359,Hồ Chí Minh,Alone,2019
830359,Hồ Chí Minh,Friends,2019
830369,Hà Nội,Colleagues / Business partner,2019
830369,Hà Nội,Family,2019
830369,Hà Nội,Friends,2019
830370,Hà Nội,Friends,2019
830370,Hà Nội,Colleagues / Business partner,2019
830370,Hà Nội,Family,2019
830372,Hồ Chí Minh,Friends,2019
830372,Hồ Chí Minh,Family,2019
830373,Hà Nội,Friends,2019
830378,Hồ Chí Minh,Friends,2019
830380,Hồ Chí Minh,Family,2019
830383,Hồ Chí Minh,Alone,2019
830390,Hải Phòng,Friends,2019
830390,Hải Phòng,Colleagues / Business partner,2019
830390,Hải Phòng,Family,2019
830404,Hà Nội,Family,2019
830404,Hà Nội,Friends,2019
830441,Hải Phòng,Friends,2019
830441,Hải Phòng,Boyfriend / Girlfriend,2019
830496,Hà Nội,Friends,2019
830498,Hà Nội,Friends,2019
830501,Hà Nội,Colleagues / Business partner,2019
830501,Hà Nội,Friends,2019
830501,Hà Nội,Family,2019
830522,Hà Nội,Colleagues / Business partner,2019
830522,Hà Nội,Friends,2019
830531,Hà Nội,Friends,2019
830595,Hà Nội,Friends,2019
830601,Hà Nội,Friends,2019
830611,Hà Nội,Family,2019
830611,Hà Nội,Friends,2019
830611,Hà Nội,Colleagues / Business partner,2019
830679,Hà Nội,Friends,2019
830679,Hà Nội,Alone,2019
830680,Hà Nội,Friends,2019
830681,Hà Nội,Friends,2019
830771,Cần Thơ,Friends,2019
830803,Hồ Chí Minh,Family,2019
830803,Hồ Chí Minh,Friends,2019
830816,Đà Nẵng,Family,2019
830816,Đà Nẵng,Colleagues / Business partner,2019
830816,Đà Nẵng,Family,2019
830816,Đà Nẵng,Friends,2019
830876,Hà Nội,Friends,2019
830876,Hà Nội,Family,2019
830876,Hà Nội,Colleagues / Business partner,2019
830876,Hà Nội,Family,2019
830887,Cần Thơ,Friends,2019
830921,Hồ Chí Minh,Alone,2019
830927,Hồ Chí Minh,Alone,2019
830971,Hải Phòng,Friends,2019
830994,Cần Thơ,Friends,2019
830995,Hà Nội,Colleagues / Business partner,2019
830995,Hà Nội,Family,2019
830995,Hà Nội,Friends,2019
830995,Hà Nội,Family,2019
830995,Hà Nội,Family,2019
831002,Hồ Chí Minh,Friends,2019
831002,Hồ Chí Minh,Family,2019
831002,Hồ Chí Minh,Family,2019
831007,Hà Nội,Friends,2019
831007,Hà Nội,Family,2019
831022,Hồ Chí Minh,Friends,2019
831022,Hồ Chí Minh,Alone,2019
831354,Đà Nẵng,Colleagues / Business partner,2019
831354,Đà Nẵng,Family,2019
831354,Đà Nẵng,Friends,2019
831354,Đà Nẵng,Family,2019
831365,Hà Nội,Friends,2019
831368,Hà Nội,Family,2019
831368,Hà Nội,Friends,2019
831372,Hà Nội,Family,2019
831372,Hà Nội,Colleagues / Business partner,2019
831372,Hà Nội,Family,2019
831372,Hà Nội,Friends,2019
831374,Hồ Chí Minh,Friends,2019
831375,Hồ Chí Minh,Friends,2019
831421,Hồ Chí Minh,Friends,2019
831421,Hồ Chí Minh,Family,2019
831421,Hồ Chí Minh,Boyfriend / Girlfriend,2019
831550,Hà Nội,Friends,2019
831556,Hà Nội,Colleagues / Business partner,2019
831556,Hà Nội,Alone,2019
831563,Hà Nội,Friends,2019
831587,Hồ Chí Minh,Family,2019
831587,Hồ Chí Minh,Friends,2019
831587,Hồ Chí Minh,Family,2019
831587,Hồ Chí Minh,Family,2019
831616,Hồ Chí Minh,Friends,2019
831616,Hồ Chí Minh,Boyfriend / Girlfriend,2019
831619,Hồ Chí Minh,Family,2019
831619,Hồ Chí Minh,Family,2019
831619,Hồ Chí Minh,Friends,2019
831668,Đà Nẵng,Family,2019
831668,Đà Nẵng,Family,2019
831669,Hồ Chí Minh,Friends,2019
831686,Hà Nội,Friends,2019
831691,Hà Nội,Friends,2019
831707,Hà Nội,Colleagues / Business partner,2019
831707,Hà Nội,Friends,2019
831707,Hà Nội,Family,2019
831750,Hải Phòng,Friends,2019
831750,Hải Phòng,Colleagues / Business partner,2019
831750,Hải Phòng,Family,2019
831752,Hồ Chí Minh,Colleagues / Business partner,2019
831752,Hồ Chí Minh,Friends,2019
831761,Hồ Chí Minh,Friends,2019
831763,Hồ Chí Minh,Family,2019
831771,Hồ Chí Minh,Alone,2019
831775,Hà Nội,Family,2019
831775,Hà Nội,Colleagues / Business partner,2019
831775,Hà Nội,Friends,2019
831781,Hà Nội,Friends,2019
831784,Hồ Chí Minh,Family,2019
831784,Hồ Chí Minh,Friends,2019
831785,Hà Nội,Family,2019
831785,Hà Nội,Family,2019
831785,Hà Nội,Friends,2019
831832,Hồ Chí Minh,Family,2019
831832,Hồ Chí Minh,Family,2019
831840,Hà Nội,Colleagues / Business partner,2019
831840,Hà Nội,Friends,2019
831840,Hà Nội,Family,2019
831841,Hà Nội,Friends,2019
831844,Hà Nội,Friends,2019
831844,Hà Nội,Family,2019
831851,Hồ Chí Minh,Family,2019
831851,Hồ Chí Minh,Alone,2019
831851,Hồ Chí Minh,Family,2019
831851,Hồ Chí Minh,Friends,2019
831851,Hồ Chí Minh,Colleagues / Business partner,2019
831864,Hồ Chí Minh,Friends,2019
831864,Hồ Chí Minh,Family,2019
831875,Cần Thơ,Family,2019
831875,Cần Thơ,Friends,2019
831898,Hồ Chí Minh,Friends,2019
831907,Hồ Chí Minh,Family,2019
831907,Hồ Chí Minh,Friends,2019
831907,Hồ Chí Minh,Family,2019
831910,Hồ Chí Minh,Friends,2019
831910,Hồ Chí Minh,Colleagues / Business partner,2019
831910,Hồ Chí Minh,Family,2019
831910,Hồ Chí Minh,Family,2019
831912,Hồ Chí Minh,Family,2019
831912,Hồ Chí Minh,Family,2019
831913,Hồ Chí Minh,Alone,2019
831922,Hồ Chí Minh,Friends,2019
831941,Hồ Chí Minh,Alone,2019
831941,Hồ Chí Minh,Friends,2019
831947,Hồ Chí Minh,Friends,2019
831960,Cần Thơ,Friends,2019
831960,Cần Thơ,Colleagues / Business partner,2019
831963,Cần Thơ,Friends,2019
832004,Hồ Chí Minh,Family,2019
832004,Hồ Chí Minh,Friends,2019
832031,Hồ Chí Minh,Friends,2019
832031,Hồ Chí Minh,Family,2019
832048,Hồ Chí Minh,Friends,2019
832053,Hồ Chí Minh,Friends,2019
832113,Hải Phòng,Family,2019
832113,Hải Phòng,Friends,2019
832198,Hồ Chí Minh,Family,2019
832198,Hồ Chí Minh,Alone,2019
832198,Hồ Chí Minh,Family,2019
832198,Hồ Chí Minh,Friends,2019
832228,Hà Nội,Friends,2019
832228,Hà Nội,Colleagues / Business partner,2019
832228,Hà Nội,Family,2019
832228,Hà Nội,Alone,2019
832244,Hồ Chí Minh,Friends,2019
832244,Hồ Chí Minh,Family,2019
832244,Hồ Chí Minh,Family,2019
832349,Hồ Chí Minh,Family,2019
832349,Hồ Chí Minh,Friends,2019
832349,Hồ Chí Minh,Family,2019
832355,Hồ Chí Minh,Friends,2019
832380,Hồ Chí Minh,Colleagues / Business partner,2019
832380,Hồ Chí Minh,Friends,2019
832423,Hồ Chí Minh,Alone,2019
832423,Hồ Chí Minh,Friends,2019
832423,Hồ Chí Minh,Family,2019
832423,Hồ Chí Minh,Family,2019
832789,Hà Nội,Friends,2019
832795,Cần Thơ,Friends,2019
832796,Hà Nội,Friends,2019
832802,Hà Nội,Friends,2019
832854,Hà Nội,Friends,2019
832856,Hà Nội,Friends,2019
832864,Hà Nội,Alone,2019
832864,Hà Nội,Colleagues / Business partner,2019
832864,Hà Nội,Friends,2019
832871,Hà Nội,Friends,2019
832929,Hồ Chí Minh,Friends,2019
832929,Hồ Chí Minh,Family,2019
832929,Hồ Chí Minh,Family,2019
832929,Hồ Chí Minh,Family,2019
832947,Hà Nội,Boyfriend / Girlfriend,2019
832947,Hà Nội,Friends,2019
832949,Hồ Chí Minh,Friends,2019
833025,Hồ Chí Minh,Friends,2019
833028,Hồ Chí Minh,Family,2019
833056,Hồ Chí Minh,Friends,2019
833056,Hồ Chí Minh,Family,2019
833056,Hồ Chí Minh,Family,2019
833064,Cần Thơ,Boyfriend / Girlfriend,2019
833064,Cần Thơ,Friends,2019
833064,Cần Thơ,Family,2019
833064,Cần Thơ,Colleagues / Business partner,2019
833157,Hồ Chí Minh,Family,2019
833157,Hồ Chí Minh,Alone,2019
833157,Hồ Chí Minh,Friends,2019
833162,Cần Thơ,Family,2019
833162,Cần Thơ,Family,2019
833162,Cần Thơ,Friends,2019
833162,Cần Thơ,Alone,2019
833162,Cần Thơ,Colleagues / Business partner,2019
833162,Cần Thơ,Family,2019
833174,Hồ Chí Minh,Alone,2019
833223,Hà Nội,Friends,2019
833223,Hà Nội,Family,2019
833223,Hà Nội,Colleagues / Business partner,2019
833228,Hà Nội,Colleagues / Business partner,2019
833228,Hà Nội,Family,2019
833228,Hà Nội,Friends,2019
833234,Hà Nội,Friends,2019
833234,Hà Nội,Colleagues / Business partner,2019
833266,Cần Thơ,Family,2019
833274,Cần Thơ,Friends,2019
833274,Cần Thơ,Family,2019
833315,Hà Nội,Friends,2019
833319,Hà Nội,Friends,2019
833319,Hà Nội,Colleagues / Business partner,2019
833319,Hà Nội,Family,2019
833321,Hà Nội,Friends,2019
833324,Hồ Chí Minh,Friends,2019
833324,Hồ Chí Minh,Colleagues / Business partner,2019
833324,Hồ Chí Minh,Family,2019
833328,Hồ Chí Minh,Alone,2019
833332,Hồ Chí Minh,Alone,2019
833332,Hồ Chí Minh,Colleagues / Business partner,2019
833332,Hồ Chí Minh,Friends,2019
833354,Cần Thơ,Colleagues / Business partner,2019
833354,Cần Thơ,Family,2019
833355,Cần Thơ,Family,2019
833371,Hồ Chí Minh,Family,2019
833371,Hồ Chí Minh,Friends,2019
833401,Hồ Chí Minh,Alone,2019
833403,Hồ Chí Minh,Alone,2019
833418,Cần Thơ,Colleagues / Business partner,2019
833419,Cần Thơ,Friends,2019
833429,Hồ Chí Minh,Friends,2019
833439,Hồ Chí Minh,Alone,2019
833439,Hồ Chí Minh,Friends,2019
833440,Hồ Chí Minh,Alone,2019
833440,Hồ Chí Minh,Friends,2019
833454,Hồ Chí Minh,Family,2019
833454,Hồ Chí Minh,Family,2019
833454,Hồ Chí Minh,Friends,2019
833454,Hồ Chí Minh,Alone,2019
833454,Hồ Chí Minh,Family,2019
833455,Hồ Chí Minh,Alone,2019
833455,Hồ Chí Minh,Family,2019
833455,Hồ Chí Minh,Family,2019
833455,Hồ Chí Minh,Family,2019
833455,Hồ Chí Minh,Friends,2019
833463,Hồ Chí Minh,Friends,2019
833463,Hồ Chí Minh,Colleagues / Business partner,2019
833469,Hồ Chí Minh,Friends,2019
833473,Hồ Chí Minh,Family,2019
833473,Hồ Chí Minh,Friends,2019
833476,Hồ Chí Minh,Colleagues / Business partner,2019
833476,Hồ Chí Minh,Alone,2019
833476,Hồ Chí Minh,Friends,2019
833521,Hồ Chí Minh,Family,2019
833521,Hồ Chí Minh,Family,2019
833521,Hồ Chí Minh,Family,2019
833571,Hồ Chí Minh,Family,2019
833571,Hồ Chí Minh,Friends,2019
833581,Hồ Chí Minh,Family,2019
833581,Hồ Chí Minh,Friends,2019
833581,Hồ Chí Minh,Family,2019
833581,Hồ Chí Minh,Family,2019
833597,Hồ Chí Minh,Friends,2019
833622,Hồ Chí Minh,Friends,2019
833631,Hồ Chí Minh,Friends,2019
833631,Hồ Chí Minh,Family,2019
833705,Hồ Chí Minh,Alone,2019
833705,Hồ Chí Minh,Friends,2019
833714,Hồ Chí Minh,Alone,2019
833714,Hồ Chí Minh,Friends,2019
833714,Hồ Chí Minh,Family,2019
833859,Hồ Chí Minh,Colleagues / Business partner,2019
833859,Hồ Chí Minh,Alone,2019
833859,Hồ Chí Minh,Friends,2019
833859,Hồ Chí Minh,Family,2019
833862,Hồ Chí Minh,Alone,2019
833862,Hồ Chí Minh,Colleagues / Business partner,2019
833869,Hồ Chí Minh,Family,2019
833869,Hồ Chí Minh,Family,2019
833869,Hồ Chí Minh,Family,2019
833869,Hồ Chí Minh,Family,2019
833869,Hồ Chí Minh,Friends,2019
833869,Hồ Chí Minh,Alone,2019
833873,Hồ Chí Minh,Friends,2019
833906,Hồ Chí Minh,Alone,2019
834043,Hồ Chí Minh,Friends,2019
834106,Hồ Chí Minh,Alone,2019
834106,Hồ Chí Minh,Family,2019
834106,Hồ Chí Minh,Friends,2019
834317,Hồ Chí Minh,Friends,2019
834366,Cần Thơ,Friends,2019
834430,Hồ Chí Minh,Family,2019
834432,Hồ Chí Minh,Friends,2019
834432,Hồ Chí Minh,Colleagues / Business partner,2019
834478,Hồ Chí Minh,Boyfriend / Girlfriend,2019
834478,Hồ Chí Minh,Friends,2019
834478,Hồ Chí Minh,Alone,2019
834478,Hồ Chí Minh,Family,2019
834545,Hồ Chí Minh,Alone,2019
834545,Hồ Chí Minh,Friends,2019
834545,Hồ Chí Minh,Colleagues / Business partner,2019
834563,Hồ Chí Minh,Friends,2019
834569,Hồ Chí Minh,Friends,2019
834569,Hồ Chí Minh,Boyfriend / Girlfriend,2019
834581,Hồ Chí Minh,Friends,2019
834581,Hồ Chí Minh,Alone,2019
834618,Cần Thơ,Friends,2019
834618,Cần Thơ,Boyfriend / Girlfriend,2019
834620,Cần Thơ,Friends,2019
834620,Cần Thơ,Family,2019
834625,Hồ Chí Minh,Family,2019
834625,Hồ Chí Minh,Alone,2019
834625,Hồ Chí Minh,Friends,2019
834628,Cần Thơ,Friends,2019
834669,Đà Nẵng,Family,2019
834669,Đà Nẵng,Family,2019
834672,Hồ Chí Minh,Friends,2019
834672,Hồ Chí Minh,Alone,2019
834697,Hồ Chí Minh,Friends,2019
834705,Hồ Chí Minh,Alone,2019
834722,Hồ Chí Minh,Alone,2019
834722,Hồ Chí Minh,Family,2019
834722,Hồ Chí Minh,Friends,2019
834735,Hồ Chí Minh,Boyfriend / Girlfriend,2019
834735,Hồ Chí Minh,Friends,2019
834742,Cần Thơ,Colleagues / Business partner,2019
834742,Cần Thơ,Alone,2019
834765,Hồ Chí Minh,Alone,2019
834781,Cần Thơ,Family,2019
834781,Cần Thơ,Family,2019
834791,Hồ Chí Minh,Family,2019
834791,Hồ Chí Minh,Family,2019
834791,Hồ Chí Minh,Friends,2019
834809,Hồ Chí Minh,Friends,2019
834824,Hồ Chí Minh,Friends,2019
834824,Hồ Chí Minh,Alone,2019
834833,Hồ Chí Minh,Friends,2019
834875,Cần Thơ,Colleagues / Business partner,2019
834879,Hồ Chí Minh,Friends,2019
834879,Hồ Chí Minh,Family,2019
834883,Hồ Chí Minh,Friends,2019
834886,Hồ Chí Minh,Friends,2019
834888,Hồ Chí Minh,Family,2019
834888,Hồ Chí Minh,Alone,2019
834888,Hồ Chí Minh,Family,2019
834888,Hồ Chí Minh,Friends,2019
834889,Cần Thơ,Alone,2019
834889,Cần Thơ,Friends,2019
834889,Cần Thơ,Colleagues / Business partner,2019
834889,Cần Thơ,Family,2019
834890,Cần Thơ,Boyfriend / Girlfriend,2019
834890,Cần Thơ,Family,2019
834890,Cần Thơ,Friends,2019
834900,Hồ Chí Minh,Family,2019
834900,Hồ Chí Minh,Friends,2019
834929,Cần Thơ,Friends,2019
834929,Cần Thơ,Alone,2019
834929,Cần Thơ,Family,2019
834929,Cần Thơ,Colleagues / Business partner,2019
834929,Cần Thơ,Family,2019
834929,Cần Thơ,Family,2019
834947,Hồ Chí Minh,Family,2019
835005,Cần Thơ,Alone,2019
835005,Cần Thơ,Family,2019
835005,Cần Thơ,Family,2019
835005,Cần Thơ,Friends,2019
835010,Hồ Chí Minh,Alone,2019
835010,Hồ Chí Minh,Friends,2019
835013,Hồ Chí Minh,Friends,2019
835047,Hồ Chí Minh,Friends,2019
835059,Cần Thơ,Colleagues / Business partner,2019
835059,Cần Thơ,Family,2019
835060,Cần Thơ,Family,2019
835098,Cần Thơ,Alone,2019
835098,Cần Thơ,Friends,2019
835106,Hồ Chí Minh,Alone,2019
835106,Hồ Chí Minh,Family,2019
835106,Hồ Chí Minh,Friends,2019
835106,Hồ Chí Minh,Family,2019
835124,Hồ Chí Minh,Friends,2019
835152,Cần Thơ,Friends,2019
835176,Hồ Chí Minh,Alone,2019
835176,Hồ Chí Minh,Family,2019
835176,Hồ Chí Minh,Friends,2019
835202,Hồ Chí Minh,Friends,2019
835226,Hồ Chí Minh,Family,2019
835226,Hồ Chí Minh,Family,2019
835226,Hồ Chí Minh,Family,2019
835226,Hồ Chí Minh,Friends,2019
835255,Cần Thơ,Colleagues / Business partner,2019
835255,Cần Thơ,Friends,2019
835305,Hồ Chí Minh,Family,2019
835305,Hồ Chí Minh,Family,2019
835305,Hồ Chí Minh,Family,2019
835305,Hồ Chí Minh,Friends,2019
835305,Hồ Chí Minh,Alone,2019
835305,Hồ Chí Minh,Family,2019
835311,Hồ Chí Minh,Colleagues / Business partner,2019
835311,Hồ Chí Minh,Family,2019
835311,Hồ Chí Minh,Friends,2019
835334,Hồ Chí Minh,Friends,2019
835334,Hồ Chí Minh,Alone,2019
835427,Hồ Chí Minh,Family,2019
835427,Hồ Chí Minh,Friends,2019
835722,Hồ Chí Minh,Family,2019
835722,Hồ Chí Minh,Friends,2019
835855,Đà Nẵng,Alone,2019
835855,Đà Nẵng,Friends,2019
835855,Đà Nẵng,Family,2019
835855,Đà Nẵng,Family,2019
835884,Hồ Chí Minh,Friends,2019
835884,Hồ Chí Minh,Boyfriend / Girlfriend,2019
835886,Hồ Chí Minh,Friends,2019
835914,Đà Nẵng,Colleagues / Business partner,2019
835914,Đà Nẵng,Friends,2019
835914,Đà Nẵng,Alone,2019
835914,Đà Nẵng,Boyfriend / Girlfriend,2019
835932,Hồ Chí Minh,Friends,2019
835932,Hồ Chí Minh,Alone,2019
835954,Cần Thơ,Colleagues / Business partner,2019
835954,Cần Thơ,Family,2019
835954,Cần Thơ,Family,2019
835954,Cần Thơ,Friends,2019
835955,Hồ Chí Minh,Family,2019
836024,Hồ Chí Minh,Friends,2019
836026,Hồ Chí Minh,Friends,2019
836026,Hồ Chí Minh,Alone,2019
836039,Hồ Chí Minh,Alone,2019
836048,Cần Thơ,Family,2019
836059,Cần Thơ,Colleagues / Business partner,2019
836059,Cần Thơ,Friends,2019
836068,Hồ Chí Minh,Boyfriend / Girlfriend,2019
836068,Hồ Chí Minh,Friends,2019
836069,Cần Thơ,Colleagues / Business partner,2019
836069,Cần Thơ,Friends,2019
836069,Cần Thơ,Alone,2019
836080,Hồ Chí Minh,Friends,2019
836093,Hồ Chí Minh,Friends,2019
836098,Đà Nẵng,Family,2019
836098,Đà Nẵng,Family,2019
836101,Hồ Chí Minh,Friends,2019
836102,Hồ Chí Minh,Friends,2019
836104,Hồ Chí Minh,Alone,2019
836104,Hồ Chí Minh,Friends,2019
836129,Hồ Chí Minh,Alone,2019
836131,Cần Thơ,Colleagues / Business partner,2019
836131,Cần Thơ,Friends,2019
836136,Hồ Chí Minh,Friends,2019
836136,Hồ Chí Minh,Boyfriend / Girlfriend,2019
836139,Cần Thơ,Friends,2019
836139,Cần Thơ,Family,2019
836142,Hồ Chí Minh,Alone,2019
836142,Hồ Chí Minh,Friends,2019
836142,Hồ Chí Minh,Family,2019
836142,Hồ Chí Minh,Family,2019
836148,Hồ Chí Minh,Family,2019
836148,Hồ Chí Minh,Friends,2019
836148,Hồ Chí Minh,Family,2019
836152,Hồ Chí Minh,Alone,2019
836158,Hồ Chí Minh,Alone,2019
836195,Cần Thơ,Friends,2019
836201,Hồ Chí Minh,Alone,2019
836202,Cần Thơ,Family,2019
836202,Cần Thơ,Friends,2019
836215,Hồ Chí Minh,Friends,2019
836215,Hồ Chí Minh,Family,2019
836215,Hồ Chí Minh,Alone,2019
836223,Đà Nẵng,Friends,2019
836223,Đà Nẵng,Family,2019
836280,Hồ Chí Minh,Alone,2019
836281,Hồ Chí Minh,Alone,2019
836288,Đà Nẵng,Family,2019
836288,Đà Nẵng,Family,2019
836296,Hồ Chí Minh,Friends,2019
836332,Đà Nẵng,Family,2019
836332,Đà Nẵng,Family,2019
836332,Đà Nẵng,Colleagues / Business partner,2019
836347,Hồ Chí Minh,Family,2019
836347,Hồ Chí Minh,Friends,2019
836347,Hồ Chí Minh,Family,2019
836365,Cần Thơ,Family,2019
836365,Cần Thơ,Colleagues / Business partner,2019
836365,Cần Thơ,Friends,2019
836372,Hồ Chí Minh,Family,2019
836372,Hồ Chí Minh,Family,2019
836412,Hồ Chí Minh,Friends,2019
836424,Hồ Chí Minh,Family,2019
836435,Cần Thơ,Family,2019
836455,Hồ Chí Minh,Friends,2019
836455,Hồ Chí Minh,Family,2019
836455,Hồ Chí Minh,Colleagues / Business partner,2019
836457,Hồ Chí Minh,Friends,2019
836459,Cần Thơ,Family,2019
836496,Hồ Chí Minh,Family,2019
836496,Hồ Chí Minh,Family,2019
836549,Cần Thơ,Friends,2019
836554,Hồ Chí Minh,Alone,2019
836572,Cần Thơ,Family,2019
836572,Cần Thơ,Friends,2019
836583,Hồ Chí Minh,Friends,2019
836583,Hồ Chí Minh,Alone,2019
836615,Hồ Chí Minh,Friends,2019
836615,Hồ Chí Minh,Family,2019
836626,Hồ Chí Minh,Family,2019
836626,Hồ Chí Minh,Friends,2019
836626,Hồ Chí Minh,Family,2019
836639,Hồ Chí Minh,Friends,2019
836639,Hồ Chí Minh,Boyfriend / Girlfriend,2019
836716,Hồ Chí Minh,Family,2019
836718,Hồ Chí Minh,Alone,2019
836720,Cần Thơ,Friends,2019
836720,Cần Thơ,Colleagues / Business partner,2019
836736,Hồ Chí Minh,Family,2019
836738,Cần Thơ,Friends,2019
837080,Hồ Chí Minh,Alone,2019
837080,Hồ Chí Minh,Friends,2019
837140,Hồ Chí Minh,Alone,2019
837144,Hồ Chí Minh,Alone,2019
837154,Hồ Chí Minh,Alone,2019
837154,Hồ Chí Minh,Friends,2019
837154,Hồ Chí Minh,Colleagues / Business partner,2019
837171,Hồ Chí Minh,Alone,2019
837171,Hồ Chí Minh,Friends,2019
837211,Hồ Chí Minh,Alone,2019
837211,Hồ Chí Minh,Friends,2019
837211,Hồ Chí Minh,Family,2019
837224,Hồ Chí Minh,Family,2019
837224,Hồ Chí Minh,Friends,2019
837224,Hồ Chí Minh,Family,2019
837232,Hồ Chí Minh,Friends,2019
837232,Hồ Chí Minh,Alone,2019
837236,Hồ Chí Minh,Friends,2019
837278,Hồ Chí Minh,Alone,2019
837278,Hồ Chí Minh,Colleagues / Business partner,2019
837323,Hồ Chí Minh,Family,2019
837341,Hồ Chí Minh,Family,2019
837341,Hồ Chí Minh,Family,2019
837344,Hồ Chí Minh,Alone,2019
837346,Hồ Chí Minh,Alone,2019
837346,Hồ Chí Minh,Family,2019
837346,Hồ Chí Minh,Friends,2019
837375,Hồ Chí Minh,Family,2019
837375,Hồ Chí Minh,Family,2019
837375,Hồ Chí Minh,Friends,2019
837390,Hồ Chí Minh,Friends,2019
837417,Hồ Chí Minh,Friends,2019
837441,Hồ Chí Minh,Friends,2019
837441,Hồ Chí Minh,Family,2019
837491,Hồ Chí Minh,Friends,2019
837491,Hồ Chí Minh,Family,2019
837491,Hồ Chí Minh,Alone,2019
837491,Hồ Chí Minh,Colleagues / Business partner,2019
837506,Hồ Chí Minh,Alone,2019
837515,Hồ Chí Minh,Boyfriend / Girlfriend,2019
837515,Hồ Chí Minh,Friends,2019
837553,Hồ Chí Minh,Friends,2019
837565,Hồ Chí Minh,Alone,2019
837567,Hồ Chí Minh,Friends,2019
837569,Hồ Chí Minh,Colleagues / Business partner,2019
837569,Hồ Chí Minh,Friends,2019
837596,Cần Thơ,Family,2019
837600,Đà Nẵng,Family,2019
837600,Đà Nẵng,Colleagues / Business partner,2019
837600,Đà Nẵng,Family,2019
837606,Hồ Chí Minh,Friends,2019
837606,Hồ Chí Minh,Colleagues / Business partner,2019
837606,Hồ Chí Minh,Alone,2019
837620,Hồ Chí Minh,Friends,2019
837644,Cần Thơ,Family,2019
837644,Cần Thơ,Family,2019
837644,Cần Thơ,Family,2019
837652,Hồ Chí Minh,Colleagues / Business partner,2019
837652,Hồ Chí Minh,Friends,2019
837658,Hồ Chí Minh,Friends,2019
837661,Hồ Chí Minh,Friends,2019
837715,Hồ Chí Minh,Alone,2019
837715,Hồ Chí Minh,Colleagues / Business partner,2019
837730,Đà Nẵng,Friends,2019
837730,Đà Nẵng,Alone,2019
837755,Hồ Chí Minh,Colleagues / Business partner,2019
837755,Hồ Chí Minh,Friends,2019
837756,Cần Thơ,Colleagues / Business partner,2019
837756,Cần Thơ,Alone,2019
837756,Cần Thơ,Friends,2019
837764,Hồ Chí Minh,Friends,2019
837766,Hồ Chí Minh,Alone,2019
837772,Hồ Chí Minh,Family,2019
837772,Hồ Chí Minh,Friends,2019
837788,Đà Nẵng,Friends,2019
837788,Đà Nẵng,Alone,2019
837803,Hồ Chí Minh,Friends,2019
837831,Đà Nẵng,Colleagues / Business partner,2019
837831,Đà Nẵng,Alone,2019
837831,Đà Nẵng,Friends,2019
837854,Hồ Chí Minh,Friends,2019
837854,Hồ Chí Minh,Family,2019
837854,Hồ Chí Minh,Family,2019
837854,Hồ Chí Minh,Family,2019
837884,Hồ Chí Minh,Alone,2019
837898,Cần Thơ,Friends,2019
837898,Cần Thơ,Family,2019
837954,Hồ Chí Minh,Boyfriend / Girlfriend,2019
837954,Hồ Chí Minh,Friends,2019
838008,Hồ Chí Minh,Friends,2019
838008,Hồ Chí Minh,Alone,2019
838008,Hồ Chí Minh,Family,2019
838054,Cần Thơ,Friends,2019
838054,Cần Thơ,Colleagues / Business partner,2019
838114,Hồ Chí Minh,Family,2019
838114,Hồ Chí Minh,Family,2019
838115,Hồ Chí Minh,Family,2019
838121,Hồ Chí Minh,Friends,2019
838141,Hồ Chí Minh,Alone,2019
838141,Hồ Chí Minh,Friends,2019
838141,Hồ Chí Minh,Family,2019
838170,Hồ Chí Minh,Friends,2019
838170,Hồ Chí Minh,Alone,2019
838196,Hồ Chí Minh,Alone,2019
838196,Hồ Chí Minh,Friends,2019
838213,Hồ Chí Minh,Friends,2019
838213,Hồ Chí Minh,Family,2019
838213,Hồ Chí Minh,Family,2019
838219,Cần Thơ,Alone,2019
838219,Cần Thơ,Friends,2019
838254,Hồ Chí Minh,Friends,2019
838254,Hồ Chí Minh,Alone,2019
838277,Hồ Chí Minh,Alone,2019
838300,Hồ Chí Minh,Friends,2019
838300,Hồ Chí Minh,Family,2019
838300,Hồ Chí Minh,Family,2019
838300,Hồ Chí Minh,Family,2019
838345,Hồ Chí Minh,Boyfriend / Girlfriend,2019
838345,Hồ Chí Minh,Friends,2019
838508,Hồ Chí Minh,Friends,2019
838508,Hồ Chí Minh,Alone,2019
838630,Hồ Chí Minh,Friends,2019
838630,Hồ Chí Minh,Family,2019
838630,Hồ Chí Minh,Family,2019
838658,Hồ Chí Minh,Alone,2019
838658,Hồ Chí Minh,Friends,2019
838671,Hồ Chí Minh,Friends,2019
838671,Hồ Chí Minh,Alone,2019
838703,Hồ Chí Minh,Family,2019
838703,Hồ Chí Minh,Friends,2019
838703,Hồ Chí Minh,Family,2019
838742,Hồ Chí Minh,Family,2019
838742,Hồ Chí Minh,Alone,2019
838742,Hồ Chí Minh,Friends,2019
838788,Hồ Chí Minh,Friends,2019
838803,Cần Thơ,Family,2019
838803,Cần Thơ,Colleagues / Business partner,2019
838803,Cần Thơ,Friends,2019
838803,Cần Thơ,Family,2019
838856,Hồ Chí Minh,Colleagues / Business partner,2019
838856,Hồ Chí Minh,Family,2019
838856,Hồ Chí Minh,Family,2019
838856,Hồ Chí Minh,Family,2019
838856,Hồ Chí Minh,Friends,2019
838901,Hồ Chí Minh,Colleagues / Business partner,2019
838901,Hồ Chí Minh,Friends,2019
838945,Hồ Chí Minh,Alone,2019
838958,Hồ Chí Minh,Family,2019
838958,Hồ Chí Minh,Friends,2019
838961,Hồ Chí Minh,Friends,2019
838961,Hồ Chí Minh,Colleagues / Business partner,2019
838961,Hồ Chí Minh,Family,2019
838961,Hồ Chí Minh,Family,2019
838962,Cần Thơ,Family,2019
838962,Cần Thơ,Boyfriend / Girlfriend,2019
838962,Cần Thơ,Friends,2019
838962,Cần Thơ,Family,2019
838962,Cần Thơ,Colleagues / Business partner,2019
838964,Đà Nẵng,Friends,2019
838964,Đà Nẵng,Colleagues / Business partner,2019
838964,Đà Nẵng,Family,2019
838964,Đà Nẵng,Family,2019
839012,Hồ Chí Minh,Friends,2019
839012,Hồ Chí Minh,Boyfriend / Girlfriend,2019
839024,Đà Nẵng,Family,2019
839024,Đà Nẵng,Family,2019
839086,Đà Nẵng,Family,2019
839189,Hồ Chí Minh,Family,2019
839189,Hồ Chí Minh,Alone,2019
839189,Hồ Chí Minh,Friends,2019
839340,Hồ Chí Minh,Family,2019
839340,Hồ Chí Minh,Family,2019
839343,Hồ Chí Minh,Colleagues / Business partner,2019
839343,Hồ Chí Minh,Friends,2019
839458,Hồ Chí Minh,Friends,2019
839458,Hồ Chí Minh,Colleagues / Business partner,2019
839676,Hồ Chí Minh,Alone,2019
839676,Hồ Chí Minh,Family,2019
839676,Hồ Chí Minh,Friends,2019
839680,Hồ Chí Minh,Family,2019
839680,Hồ Chí Minh,Family,2019
839724,Cần Thơ,Colleagues / Business partner,2019
839724,Cần Thơ,Friends,2019
839724,Cần Thơ,Boyfriend / Girlfriend,2019
839724,Cần Thơ,Alone,2019
839735,Hồ Chí Minh,Alone,2019
839735,Hồ Chí Minh,Friends,2019
839795,Hồ Chí Minh,Friends,2019
839795,Hồ Chí Minh,Family,2019
839822,Hồ Chí Minh,Family,2019
839822,Hồ Chí Minh,Family,2019
839822,Hồ Chí Minh,Family,2019
839822,Hồ Chí Minh,Friends,2019
839822,Hồ Chí Minh,Family,2019
839899,Hồ Chí Minh,Family,2019
839899,Hồ Chí Minh,Family,2019
839899,Hồ Chí Minh,Family,2019
839899,Hồ Chí Minh,Friends,2019
839918,Đà Nẵng,Friends,2019
839918,Đà Nẵng,Alone,2019
839918,Đà Nẵng,Family,2019
839992,Hồ Chí Minh,Family,2019
839992,Hồ Chí Minh,Friends,2019
840009,Hồ Chí Minh,Friends,2019
840032,Hồ Chí Minh,Alone,2019
840032,Hồ Chí Minh,Friends,2019
840036,Cần Thơ,Friends,2019
840038,Cần Thơ,Family,2019
840045,Hồ Chí Minh,Friends,2019
840045,Hồ Chí Minh,Alone,2019
840057,Hồ Chí Minh,Colleagues / Business partner,2019
840057,Hồ Chí Minh,Family,2019
840057,Hồ Chí Minh,Family,2019
840057,Hồ Chí Minh,Friends,2019
840174,Cần Thơ,Friends,2019
840174,Cần Thơ,Colleagues / Business partner,2019
840178,Hồ Chí Minh,Friends,2019
840188,Cần Thơ,Family,2019
840188,Cần Thơ,Friends,2019
840190,Hồ Chí Minh,Alone,2019
840190,Hồ Chí Minh,Friends,2019
840190,Hồ Chí Minh,Family,2019
840198,Hồ Chí Minh,Friends,2019
840199,Hồ Chí Minh,Family,2019
840199,Hồ Chí Minh,Friends,2019
840199,Hồ Chí Minh,Family,2019
840242,Cần Thơ,Family,2019
840242,Cần Thơ,Friends,2019
840243,Cần Thơ,Family,2019
840243,Cần Thơ,Family,2019
840294,Hồ Chí Minh,Friends,2019
840294,Hồ Chí Minh,Family,2019
840294,Hồ Chí Minh,Family,2019
840294,Hồ Chí Minh,Family,2019
840294,Hồ Chí Minh,Family,2019
840378,Cần Thơ,Friends,2019
840384,Cần Thơ,Friends,2019
840384,Cần Thơ,Family,2019
840436,Hồ Chí Minh,Friends,2019
840487,Hồ Chí Minh,Family,2019
840487,Hồ Chí Minh,Friends,2019
840506,Cần Thơ,Family,2019
840507,Cần Thơ,Colleagues / Business partner,2019
840507,Cần Thơ,Family,2019
840534,Hồ Chí Minh,Friends,2019
840662,Hồ Chí Minh,Friends,2019
840662,Hồ Chí Minh,Family,2019
840662,Hồ Chí Minh,Alone,2019
840681,Hồ Chí Minh,Alone,2019
840768,Hồ Chí Minh,Family,2019
840768,Hồ Chí Minh,Family,2019
840768,Hồ Chí Minh,Friends,2019
840953,Hồ Chí Minh,Friends,2019
840953,Hồ Chí Minh,Boyfriend / Girlfriend,2019
840953,Hồ Chí Minh,Alone,2019
840965,Hồ Chí Minh,Alone,2019
840965,Hồ Chí Minh,Friends,2019
841135,Hồ Chí Minh,Friends,2019
841135,Hồ Chí Minh,Family,2019
841157,Hồ Chí Minh,Friends,2019
841231,Hồ Chí Minh,Colleagues / Business partner,2019
841231,Hồ Chí Minh,Boyfriend / Girlfriend,2019
841231,Hồ Chí Minh,Friends,2019
841277,Hồ Chí Minh,Friends,2019
841292,Đà Nẵng,Friends,2019
841292,Đà Nẵng,Family,2019
841310,Hồ Chí Minh,Family,2019
841310,Hồ Chí Minh,Family,2019
841310,Hồ Chí Minh,Friends,2019
841310,Hồ Chí Minh,Family,2019
841310,Hồ Chí Minh,Family,2019
841333,Hồ Chí Minh,Friends,2019
841350,Cần Thơ,Friends,2019
841350,Cần Thơ,Family,2019
841366,Cần Thơ,Family,2019
841366,Cần Thơ,Family,2019
841366,Cần Thơ,Friends,2019
841369,Đà Nẵng,Family,2019
841379,Hồ Chí Minh,Friends,2019
841379,Hồ Chí Minh,Alone,2019
841379,Hồ Chí Minh,Family,2019
841379,Hồ Chí Minh,Family,2019
841410,Hồ Chí Minh,Family,2019
841410,Hồ Chí Minh,Friends,2019
841410,Hồ Chí Minh,Family,2019
841410,Hồ Chí Minh,Family,2019
841422,Cần Thơ,Friends,2019
841425,Hồ Chí Minh,Colleagues / Business partner,2019
841425,Hồ Chí Minh,Friends,2019
841427,Đà Nẵng,Family,2019
841427,Đà Nẵng,Family,2019
841427,Đà Nẵng,Alone,2019
841427,Đà Nẵng,Friends,2019
841431,Cần Thơ,Colleagues / Business partner,2019
841431,Cần Thơ,Friends,2019
841468,Cần Thơ,Colleagues / Business partner,2019
841468,Cần Thơ,Friends,2019
841468,Cần Thơ,Alone,2019
841508,Cần Thơ,Family,2019
841528,Hồ Chí Minh,Family,2019
841528,Hồ Chí Minh,Friends,2019
841528,Hồ Chí Minh,Alone,2019
841544,Hồ Chí Minh,Colleagues / Business partner,2019
841567,Hồ Chí Minh,Friends,2019
841591,Cần Thơ,Family,2019
841591,Cần Thơ,Friends,2019
841602,Cần Thơ,Friends,2019
841612,Hồ Chí Minh,Friends,2019
841612,Hồ Chí Minh,Alone,2019
841612,Hồ Chí Minh,Family,2019
841650,Cần Thơ,Colleagues / Business partner,2019
841650,Cần Thơ,Friends,2019
841661,Hồ Chí Minh,Friends,2019
841669,Hồ Chí Minh,Alone,2019
841674,Cần Thơ,Alone,2019
841674,Cần Thơ,Friends,2019
841675,Hồ Chí Minh,Friends,2019
841675,Hồ Chí Minh,Family,2019
841680,Hồ Chí Minh,Family,2019
841680,Hồ Chí Minh,Friends,2019
841682,Hồ Chí Minh,Alone,2019
841702,Cần Thơ,Family,2019
841702,Cần Thơ,Friends,2019
841721,Hồ Chí Minh,Friends,2019
841721,Hồ Chí Minh,Colleagues / Business partner,2019
841727,Hồ Chí Minh,Alone,2019
841727,Hồ Chí Minh,Friends,2019
841727,Hồ Chí Minh,Colleagues / Business partner,2019
841738,Hồ Chí Minh,Friends,2019
841820,Hồ Chí Minh,Colleagues / Business partner,2019
841820,Hồ Chí Minh,Friends,2019
841856,Hồ Chí Minh,Colleagues / Business partner,2019
841856,Hồ Chí Minh,Alone,2019
841856,Hồ Chí Minh,Friends,2019
842068,Hồ Chí Minh,Friends,2019
842138,Hồ Chí Minh,Friends,2019
842154,Hồ Chí Minh,Family,2019
842154,Hồ Chí Minh,Family,2019
842192,Hồ Chí Minh,Friends,2019
842192,Hồ Chí Minh,Alone,2019
842244,Cần Thơ,Colleagues / Business partner,2019
842244,Cần Thơ,Friends,2019
842244,Cần Thơ,Family,2019
842244,Cần Thơ,Family,2019
842262,Hồ Chí Minh,Friends,2019
842309,Cần Thơ,Boyfriend / Girlfriend,2019
842309,Cần Thơ,Friends,2019
842309,Cần Thơ,Family,2019
842309,Cần Thơ,Family,2019
842327,Hồ Chí Minh,Alone,2019
842327,Hồ Chí Minh,Friends,2019
842332,Cần Thơ,Friends,2019
842384,Hồ Chí Minh,Alone,2019
842384,Hồ Chí Minh,Friends,2019
842395,Cần Thơ,Boyfriend / Girlfriend,2019
842395,Cần Thơ,Family,2019
842395,Cần Thơ,Friends,2019
842396,Cần Thơ,Friends,2019
842396,Cần Thơ,Colleagues / Business partner,2019
842434,Cần Thơ,Friends,2019
842434,Cần Thơ,Family,2019
842453,Hồ Chí Minh,Family,2019
842464,Hồ Chí Minh,Friends,2019
842469,Hồ Chí Minh,Friends,2019
842540,Cần Thơ,Friends,2019
842540,Cần Thơ,Boyfriend / Girlfriend,2019
842573,Cần Thơ,Boyfriend / Girlfriend,2019
842573,Cần Thơ,Alone,2019
842573,Cần Thơ,Friends,2019
842632,Hồ Chí Minh,Friends,2019
842632,Hồ Chí Minh,Alone,2019
842632,Hồ Chí Minh,Family,2019
842752,Hồ Chí Minh,Friends,2019
843068,Hồ Chí Minh,Alone,2019
843111,Cần Thơ,Alone,2019
843111,Cần Thơ,Family,2019
843111,Cần Thơ,Colleagues / Business partner,2019
843111,Cần Thơ,Friends,2019
843130,Cần Thơ,Family,2019
843130,Cần Thơ,Family,2019
843130,Cần Thơ,Family,2019
843130,Cần Thơ,Friends,2019
843130,Cần Thơ,Family,2019
843136,Cần Thơ,Friends,2019
843136,Cần Thơ,Boyfriend / Girlfriend,2019
843167,Hồ Chí Minh,Family,2019
843167,Hồ Chí Minh,Family,2019
843167,Hồ Chí Minh,Family,2019
843188,Hồ Chí Minh,Family,2019
843191,Cần Thơ,Family,2019
843191,Cần Thơ,Family,2019
843191,Cần Thơ,Friends,2019
843191,Cần Thơ,Family,2019
843196,Cần Thơ,Family,2019
843196,Cần Thơ,Family,2019
843196,Cần Thơ,Family,2019
843196,Cần Thơ,Friends,2019
843223,Cần Thơ,Family,2019
843223,Cần Thơ,Friends,2019
843236,Cần Thơ,Friends,2019
843322,Cần Thơ,Friends,2019
843322,Cần Thơ,Alone,2019
843322,Cần Thơ,Colleagues / Business partner,2019
843373,Cần Thơ,Family,2019
843373,Cần Thơ,Family,2019
843374,Cần Thơ,Friends,2019
843374,Cần Thơ,Family,2019
843391,Cần Thơ,Family,2019
843391,Cần Thơ,Colleagues / Business partner,2019
843391,Cần Thơ,Alone,2019
843391,Cần Thơ,Family,2019
843391,Cần Thơ,Friends,2019
843451,Cần Thơ,Family,2019
843451,Cần Thơ,Family,2019
843451,Cần Thơ,Family,2019
843510,Hồ Chí Minh,Alone,2019
843564,Hồ Chí Minh,Friends,2019
843564,Hồ Chí Minh,Alone,2019
843671,Cần Thơ,Friends,2019
843673,Cần Thơ,Family,2019
843713,Hồ Chí Minh,Alone,2019
843713,Hồ Chí Minh,Family,2019
843713,Hồ Chí Minh,Family,2019
843713,Hồ Chí Minh,Friends,2019
843729,Cần Thơ,Friends,2019
843729,Cần Thơ,Family,2019
843779,Hồ Chí Minh,Friends,2019
843779,Hồ Chí Minh,Alone,2019
843811,Cần Thơ,Family,2019
843811,Cần Thơ,Colleagues / Business partner,2019
844413,Hồ Chí Minh,Alone,2019
844413,Hồ Chí Minh,Colleagues / Business partner,2019
844413,Hồ Chí Minh,Friends,2019
844441,Hồ Chí Minh,Alone,2019
844441,Hồ Chí Minh,Friends,2019
844457,Cần Thơ,Friends,2019
844457,Cần Thơ,Family,2019
844462,Cần Thơ,Friends,2019
844462,Cần Thơ,Family,2019
844514,Cần Thơ,Friends,2019
844519,Cần Thơ,Family,2019
844571,Cần Thơ,Family,2019
844571,Cần Thơ,Family,2019
844585,Hồ Chí Minh,Friends,2019
844588,Hồ Chí Minh,Friends,2019
844617,Cần Thơ,Friends,2019
844617,Cần Thơ,Family,2019
844629,Hồ Chí Minh,Family,2019
844629,Hồ Chí Minh,Colleagues / Business partner,2019
844644,Cần Thơ,Friends,2019
844659,Hồ Chí Minh,Others,2019
844659,Hồ Chí Minh,Friends,2019
844661,Hồ Chí Minh,Friends,2019
844669,Hồ Chí Minh,Friends,2019
844723,Hồ Chí Minh,Family,2019
844723,Hồ Chí Minh,Alone,2019
844723,Hồ Chí Minh,Friends,2019
844773,Cần Thơ,Friends,2019
844773,Cần Thơ,Family,2019
844796,Hồ Chí Minh,Friends,2019
844796,Hồ Chí Minh,Colleagues / Business partner,2019
844831,Hồ Chí Minh,Alone,2019
844831,Hồ Chí Minh,Friends,2019
844831,Hồ Chí Minh,Family,2019
844981,Hồ Chí Minh,Colleagues / Business partner,2019
844981,Hồ Chí Minh,Friends,2019
844981,Hồ Chí Minh,Family,2019
845142,Hồ Chí Minh,Friends,2019
845142,Hồ Chí Minh,Family,2019
845166,Hồ Chí Minh,Family,2019
845166,Hồ Chí Minh,Friends,2019
845166,Hồ Chí Minh,Colleagues / Business partner,2019
845166,Hồ Chí Minh,Family,2019
845427,Hải Phòng,Friends,2019
845497,Hải Phòng,Friends,2019
845497,Hải Phòng,Colleagues / Business partner,2019
845572,Hồ Chí Minh,Friends,2019
845572,Hồ Chí Minh,Family,2019
845581,Hồ Chí Minh,Family,2019
845581,Hồ Chí Minh,Friends,2019
845581,Hồ Chí Minh,Family,2019
845842,Hồ Chí Minh,Friends,2019
845847,Hồ Chí Minh,Friends,2019
845854,Cần Thơ,Friends,2019
845854,Cần Thơ,Family,2019
845854,Cần Thơ,Family,2019
845858,Cần Thơ,Colleagues / Business partner,2019
845858,Cần Thơ,Family,2019
845858,Cần Thơ,Friends,2019
845881,Hồ Chí Minh,Alone,2019
845881,Hồ Chí Minh,Friends,2019
845916,Hải Phòng,Friends,2019
845924,Hồ Chí Minh,Alone,2019
845924,Hồ Chí Minh,Friends,2019
845967,Hải Phòng,Colleagues / Business partner,2019
846055,Hồ Chí Minh,Friends,2019
846055,Hồ Chí Minh,Family,2019
846055,Hồ Chí Minh,Family,2019
846057,Hải Phòng,Friends,2019
846088,Hồ Chí Minh,Alone,2019
846088,Hồ Chí Minh,Friends,2019
846103,Hải Phòng,Friends,2019
846330,Hồ Chí Minh,Friends,2019
846332,Hồ Chí Minh,Friends,2019
846666,Hồ Chí Minh,Friends,2019
846838,Nha Trang,Family,2019
846865,Cần Thơ,Friends,2019
846873,Cần Thơ,Friends,2019
846873,Cần Thơ,Family,2019
846912,Cần Thơ,Friends,2019
846912,Cần Thơ,Colleagues / Business partner,2019
846916,Cần Thơ,Family,2019
846916,Cần Thơ,Friends,2019
846954,Cần Thơ,Friends,2019
846954,Cần Thơ,Colleagues / Business partner,2019
846967,Cần Thơ,Family,2019
846991,Hồ Chí Minh,Colleagues / Business partner,2019
846998,Hồ Chí Minh,Friends,2019
847016,Cần Thơ,Family,2019
847035,Cần Thơ,Family,2019
847063,Cần Thơ,Friends,2019
847066,Cần Thơ,Friends,2019
847066,Cần Thơ,Colleagues / Business partner,2019
847130,Cần Thơ,Family,2019
847130,Cần Thơ,Family,2019
847375,Hồ Chí Minh,Friends,2019
847375,Hồ Chí Minh,Boyfriend / Girlfriend,2019
847524,Hồ Chí Minh,Friends,2019
847524,Hồ Chí Minh,Colleagues / Business partner,2019
847526,Hồ Chí Minh,Friends,2019
848708,Hồ Chí Minh,Friends,2019
848905,Hồ Chí Minh,Family,2019
848905,Hồ Chí Minh,Friends,2019
848905,Hồ Chí Minh,Colleagues / Business partner,2019
849042,Cần Thơ,Family,2019
849054,Hồ Chí Minh,Friends,2019
849146,Hồ Chí Minh,Friends,2019
849342,Cần Thơ,Friends,2019
849342,Cần Thơ,Family,2019
849343,Cần Thơ,Friends,2019
849343,Cần Thơ,Colleagues / Business partner,2019
849390,Cần Thơ,Friends,2019
849399,Cần Thơ,Family,2019
849399,Cần Thơ,Friends,2019
849413,Cần Thơ,Family,2019
849413,Cần Thơ,Family,2019
849438,Cần Thơ,Family,2019
849438,Cần Thơ,Family,2019
849461,Cần Thơ,Family,2019
849544,Cần Thơ,Family,2019
849544,Cần Thơ,Family,2019
849556,Cần Thơ,Family,2019
849570,Cần Thơ,Family,2019
849570,Cần Thơ,Family,2019
849600,Hồ Chí Minh,Alone,2019
849600,Hồ Chí Minh,Friends,2019
849635,Cần Thơ,Alone,2019
849638,Cần Thơ,Friends,2019
849673,Hồ Chí Minh,Friends,2019
849673,Hồ Chí Minh,Alone,2019
849673,Hồ Chí Minh,Boyfriend / Girlfriend,2019
849955,Hồ Chí Minh,Family,2019
849955,Hồ Chí Minh,Friends,2019
849955,Hồ Chí Minh,Colleagues / Business partner,2019
850167,Hồ Chí Minh,Colleagues / Business partner,2019
850167,Hồ Chí Minh,Family,2019
850167,Hồ Chí Minh,Friends,2019
850174,Hồ Chí Minh,Friends,2019
850201,Hồ Chí Minh,Friends,2019
850241,Hồ Chí Minh,Friends,2019
850297,Hồ Chí Minh,Family,2019
850297,Hồ Chí Minh,Friends,2019
850297,Hồ Chí Minh,Boyfriend / Girlfriend,2019
850312,Hồ Chí Minh,Family,2019
850312,Hồ Chí Minh,Alone,2019
850312,Hồ Chí Minh,Friends,2019
850320,Cần Thơ,Family,2019
850320,Cần Thơ,Family,2019
850345,Cần Thơ,Friends,2019
850396,Cần Thơ,Family,2019
850481,Cần Thơ,Family,2019
850481,Cần Thơ,Family,2019
850481,Cần Thơ,Family,2019
850875,Hồ Chí Minh,Colleagues / Business partner,2019
850875,Hồ Chí Minh,Friends,2019
850875,Hồ Chí Minh,Alone,2019
850935,Cần Thơ,Friends,2019
850935,Cần Thơ,Colleagues / Business partner,2019
851056,Cần Thơ,Friends,2019
851084,Hồ Chí Minh,Friends,2019
851269,Cần Thơ,Family,2019
851269,Cần Thơ,Friends,2019
851269,Cần Thơ,Family,2019
851269,Cần Thơ,Family,2019
851362,Cần Thơ,Family,2019
851546,Hồ Chí Minh,Friends,2019
851718,Hồ Chí Minh,Friends,2019
851718,Hồ Chí Minh,Alone,2019
851779,Đà Nẵng,Friends,2019
851829,Đà Nẵng,Family,2019
851829,Đà Nẵng,Family,2019
851906,Đà Nẵng,Friends,2019
851906,Đà Nẵng,Family,2019
851936,Hồ Chí Minh,Friends,2019
852000,Đà Nẵng,Colleagues / Business partner,2019
852000,Đà Nẵng,Alone,2019
852000,Đà Nẵng,Friends,2019
852035,Đà Nẵng,Alone,2019
852150,Đà Nẵng,Boyfriend / Girlfriend,2019
852150,Đà Nẵng,Friends,2019
852219,Đà Nẵng,Friends,2019
852287,Hồ Chí Minh,Friends,2019
852327,Hồ Chí Minh,Friends,2019
852373,Hồ Chí Minh,Friends,2019
852460,Hồ Chí Minh,Friends,2019
852477,Hà Nội,Colleagues / Business partner,2019
852477,Hà Nội,Friends,2019
852572,Đà Nẵng,Friends,2019
852572,Đà Nẵng,Family,2019
852599,Cần Thơ,Colleagues / Business partner,2019
852599,Cần Thơ,Friends,2019
852599,Cần Thơ,Family,2019
852623,Đà Nẵng,Alone,2019
852627,Cần Thơ,Friends,2019
852627,Cần Thơ,Family,2019
852627,Cần Thơ,Colleagues / Business partner,2019
852636,Hồ Chí Minh,Friends,2019
852651,Hồ Chí Minh,Friends,2019
852651,Hồ Chí Minh,Alone,2019
852693,Đà Nẵng,Colleagues / Business partner,2019
852693,Đà Nẵng,Friends,2019
852694,Hồ Chí Minh,Friends,2019
852696,Hồ Chí Minh,Friends,2019
852780,Đà Nẵng,Boyfriend / Girlfriend,2019
852780,Đà Nẵng,Friends,2019
852780,Đà Nẵng,Colleagues / Business partner,2019
852806,Cần Thơ,Colleagues / Business partner,2019
852806,Cần Thơ,Friends,2019
852907,Cần Thơ,Friends,2019
852907,Cần Thơ,Colleagues / Business partner,2019
852908,Đà Nẵng,Friends,2019
853002,Cần Thơ,Friends,2019
853002,Cần Thơ,Colleagues / Business partner,2019
853017,Đà Nẵng,Friends,2019
853017,Đà Nẵng,Colleagues / Business partner,2019
853481,Hồ Chí Minh,Alone,2019
853481,Hồ Chí Minh,Friends,2019
853481,Hồ Chí Minh,Boyfriend / Girlfriend,2019
853555,Đà Nẵng,Friends,2019
853555,Đà Nẵng,Family,2019
853555,Đà Nẵng,Boyfriend / Girlfriend,2019
853722,Đà Nẵng,Family,2019
853722,Đà Nẵng,Friends,2019
853765,Hà Nội,Family,2019
853765,Hà Nội,Friends,2019
853766,Hà Nội,Friends,2019
853808,Hà Nội,Friends,2019
853810,Hà Nội,Friends,2019
853862,Hà Nội,Family,2019
853862,Hà Nội,Friends,2019
853864,Hà Nội,Family,2019
853864,Hà Nội,Family,2019
853864,Hà Nội,Friends,2019
854077,Hà Nội,Friends,2019
854128,Hồ Chí Minh,Friends,2019
854158,Hà Nội,Friends,2019
854158,Hà Nội,Family,2019
854158,Hà Nội,Family,2019
854158,Hà Nội,Colleagues / Business partner,2019
854383,Đà Nẵng,Alone,2019
854586,Hồ Chí Minh,Boyfriend / Girlfriend,2019
854586,Hồ Chí Minh,Friends,2019
854666,Hồ Chí Minh,Friends,2019
854666,Hồ Chí Minh,Family,2019
854666,Hồ Chí Minh,Family,2019
854666,Hồ Chí Minh,Colleagues / Business partner,2019
854731,Hồ Chí Minh,Family,2019
854731,Hồ Chí Minh,Family,2019
854834,Cần Thơ,Colleagues / Business partner,2019
854834,Cần Thơ,Friends,2019
854855,Hà Nội,Colleagues / Business partner,2019
854855,Hà Nội,Friends,2019
854860,Hồ Chí Minh,Friends,2019
854861,Hà Nội,Friends,2019
854861,Hà Nội,Family,2019
854872,Hà Nội,Colleagues / Business partner,2019
854872,Hà Nội,Friends,2019
854882,Cần Thơ,Friends,2019
854882,Cần Thơ,Family,2019
854954,Hồ Chí Minh,Friends,2019
854955,Hồ Chí Minh,Alone,2019
854955,Hồ Chí Minh,Friends,2019
855074,Hồ Chí Minh,Friends,2019
855187,Đà Nẵng,Friends,2019
855187,Đà Nẵng,Colleagues / Business partner,2019
855203,Đà Nẵng,Family,2019
855212,Hồ Chí Minh,Friends,2019
855212,Hồ Chí Minh,Family,2019
855212,Hồ Chí Minh,Family,2019
855259,Hồ Chí Minh,Friends,2019
855259,Hồ Chí Minh,Alone,2019
856059,Hồ Chí Minh,Friends,2019
856130,Hồ Chí Minh,Friends,2019
856188,Hồ Chí Minh,Friends,2019
856198,Đà Nẵng,Alone,2019
856200,Đà Nẵng,Friends,2019
856609,Hồ Chí Minh,Family,2019
856609,Hồ Chí Minh,Friends,2019
857053,Hồ Chí Minh,Boyfriend / Girlfriend,2019
857053,Hồ Chí Minh,Alone,2019
857053,Hồ Chí Minh,Friends,2019
857243,Đà Nẵng,Friends,2019
857243,Đà Nẵng,Alone,2019
857383,Hồ Chí Minh,Colleagues / Business partner,2019
857383,Hồ Chí Minh,Friends,2019
857383,Hồ Chí Minh,Family,2019
857426,Hồ Chí Minh,Friends,2019
857563,Đà Nẵng,Family,2019
857563,Đà Nẵng,Alone,2019
857563,Đà Nẵng,Friends,2019
857939,Hải Phòng,Colleagues / Business partner,2019
857939,Hải Phòng,Friends,2019
857940,Hải Phòng,Friends,2019
857940,Hải Phòng,Colleagues / Business partner,2019
857951,Hải Phòng,Boyfriend / Girlfriend,2019
857951,Hải Phòng,Friends,2019
857951,Hải Phòng,Colleagues / Business partner,2019
858028,Hải Phòng,Family,2019
859707,Đà Nẵng,Friends,2019
860675,Đà Nẵng,Friends,2019
860675,Đà Nẵng,Boyfriend / Girlfriend,2019
860708,Nha Trang,Colleagues / Business partner,2019
860708,Nha Trang,Family,2019
860708,Nha Trang,Family,2019
860708,Nha Trang,Friends,2019
860742,Nha Trang,Friends,2019
860742,Nha Trang,Colleagues / Business partner,2019
861736,Nha Trang,Friends,2019
862137,Hồ Chí Minh,Alone,2019
862137,Hồ Chí Minh,Friends,2019
862458,Nha Trang,Colleagues / Business partner,2019
862458,Nha Trang,Friends,2019
863754,Nha Trang,Boyfriend / Girlfriend,2019
863754,Nha Trang,Colleagues / Business partner,2019
863754,Nha Trang,Friends,2019
863754,Nha Trang,Alone,2019
