id,city,daypart,visit_daypart,year,daypart_index
344108,Cần Thơ,0h - 9h,40.0,2018,1
344465,Cần Thơ,17h - 21h,4.0,2018,5
344532,Cần Thơ,17h - 21h,1.0,2018,5
344533,Cần Thơ,17h - 21h,1.0,2018,5
344534,Cần Thơ,17h - 21h,4.0,2018,5
344625,Cần Thơ,0h - 9h,24.0,2018,1
344634,Cần Thơ,0h - 9h,22.0,2018,1
344634,Cần Thơ,14h - 17h,16.0,2018,4
344634,Cần Thơ,11h - 14h,8.0,2018,3
344635,Cần Thơ,0h - 9h,12.0,2018,1
344636,Cần Thơ,9h - 11h,2.0,2018,2
344638,Cần Thơ,17h - 21h,5.0,2018,5
344639,Cần Thơ,17h - 21h,3.0,2018,5
344641,Cần Thơ,9h - 11h,2.0,2018,2
344641,Cần Thơ,0h - 9h,2.0,2018,1
344642,Cần Thơ,0h - 9h,4.0,2018,1
344643,Cần Thơ,17h - 21h,20.0,2018,5
344644,Cần Thơ,17h - 21h,5.0,2018,5
345343,Cần Thơ,0h - 9h,20.0,2018,1
345853,Hồ Chí Minh,9h - 11h,3.0,2018,2
345938,Hồ Chí Minh,0h - 9h,24.0,2018,1
346076,Hồ Chí Minh,17h - 21h,2.0,2018,5
346249,Cần Thơ,0h - 9h,25.0,2018,1
346359,Cần Thơ,17h - 21h,10.0,2018,5
346366,Cần Thơ,17h - 21h,5.0,2018,5
346725,Cần Thơ,0h - 9h,25.0,2018,1
346833,Cần Thơ,0h - 9h,22.0,2018,1
346833,Cần Thơ,17h - 21h,1.0,2018,5
346833,Cần Thơ,14h - 17h,1.0,2018,4
346924,Cần Thơ,0h - 9h,7.0,2018,1
346924,Cần Thơ,17h - 21h,9.0,2018,5
346924,Cần Thơ,11h - 14h,7.0,2018,3
346925,Cần Thơ,14h - 17h,4.0,2018,4
346925,Cần Thơ,0h - 9h,10.0,2018,1
346925,Cần Thơ,9h - 11h,10.0,2018,2
347591,Cần Thơ,0h - 9h,10.0,2018,1
347591,Cần Thơ,17h - 21h,13.0,2018,5
347591,Cần Thơ,14h - 17h,4.0,2018,4
347591,Cần Thơ,9h - 11h,1.0,2018,2
347592,Cần Thơ,17h - 21h,2.0,2018,5
347592,Cần Thơ,0h - 9h,16.0,2018,1
347592,Cần Thơ,14h - 17h,8.0,2018,4
347593,Cần Thơ,17h - 21h,10.0,2018,5
347593,Cần Thơ,0h - 9h,14.0,2018,1
347594,Cần Thơ,11h - 14h,1.0,2018,3
347594,Cần Thơ,17h - 21h,1.0,2018,5
347594,Cần Thơ,0h - 9h,22.0,2018,1
348220,Cần Thơ,17h - 21h,12.0,2018,5
348220,Cần Thơ,0h - 9h,12.0,2018,1
348221,Cần Thơ,17h - 21h,24.0,2018,5
348222,Cần Thơ,17h - 21h,25.0,2018,5
348223,Cần Thơ,17h - 21h,34.0,2018,5
348224,Cần Thơ,17h - 21h,5.0,2018,5
348224,Cần Thơ,9h - 11h,5.0,2018,2
348225,Cần Thơ,17h - 21h,25.0,2018,5
348225,Cần Thơ,0h - 9h,25.0,2018,1
348226,Cần Thơ,9h - 11h,6.0,2018,2
348226,Cần Thơ,17h - 21h,6.0,2018,5
348305,Cần Thơ,17h - 21h,4.0,2018,5
348306,Cần Thơ,0h - 9h,26.0,2018,1
348307,Cần Thơ,0h - 9h,26.0,2018,1
348308,Cần Thơ,0h - 9h,9.0,2018,1
348309,Cần Thơ,0h - 9h,26.0,2018,1
348310,Cần Thơ,0h - 9h,3.0,2018,1
348311,Cần Thơ,17h - 21h,5.0,2018,5
348312,Cần Thơ,17h - 21h,26.0,2018,5
348321,Cần Thơ,0h - 9h,24.0,2018,1
348322,Cần Thơ,11h - 14h,2.0,2018,3
348322,Cần Thơ,14h - 17h,2.0,2018,4
348327,Cần Thơ,0h - 9h,24.0,2018,1
348328,Cần Thơ,0h - 9h,20.0,2018,1
348398,Cần Thơ,17h - 21h,11.0,2018,5
348398,Cần Thơ,0h - 9h,11.0,2018,1
348399,Cần Thơ,0h - 9h,5.0,2018,1
348400,Cần Thơ,11h - 14h,10.0,2018,3
348401,Cần Thơ,0h - 9h,6.0,2018,1
348403,Hồ Chí Minh,17h - 21h,2.0,2018,5
348403,Hồ Chí Minh,14h - 17h,2.0,2018,4
349532,Hồ Chí Minh,14h - 17h,2.0,2018,4
349532,Hồ Chí Minh,17h - 21h,2.0,2018,5
349551,Hồ Chí Minh,11h - 14h,2.0,2018,3
349551,Hồ Chí Minh,14h - 17h,2.0,2018,4
349551,Hồ Chí Minh,17h - 21h,2.0,2018,5
349552,Hồ Chí Minh,11h - 14h,1.0,2018,3
349552,Hồ Chí Minh,14h - 17h,1.0,2018,4
349553,Hồ Chí Minh,14h - 17h,2.0,2018,4
349553,Hồ Chí Minh,21h+,1.0,2018,6
349553,Hồ Chí Minh,17h - 21h,5.0,2018,5
349764,Hồ Chí Minh,11h - 14h,4.0,2018,3
349874,Hồ Chí Minh,11h - 14h,9.0,2018,3
349874,Hồ Chí Minh,0h - 9h,6.0,2018,1
349874,Hồ Chí Minh,17h - 21h,9.0,2018,5
349957,Hồ Chí Minh,17h - 21h,5.0,2018,5
349957,Hồ Chí Minh,11h - 14h,3.0,2018,3
350072,Hồ Chí Minh,17h - 21h,1.0,2018,5
350090,Hồ Chí Minh,0h - 9h,17.0,2018,1
350141,Hồ Chí Minh,9h - 11h,4.0,2018,2
350148,Hồ Chí Minh,0h - 9h,2.0,2018,1
350491,Hồ Chí Minh,17h - 21h,1.0,2018,5
350491,Hồ Chí Minh,14h - 17h,2.0,2018,4
350491,Hồ Chí Minh,9h - 11h,1.0,2018,2
350576,Hồ Chí Minh,17h - 21h,4.0,2018,5
350723,Hồ Chí Minh,11h - 14h,1.0,2018,3
350723,Hồ Chí Minh,0h - 9h,13.0,2018,1
350723,Hồ Chí Minh,17h - 21h,3.0,2018,5
350822,Hồ Chí Minh,0h - 9h,12.0,2018,1
351103,Hồ Chí Minh,17h - 21h,2.0,2018,5
351104,Hồ Chí Minh,17h - 21h,2.0,2018,5
351105,Hồ Chí Minh,9h - 11h,13.0,2018,2
351105,Hồ Chí Minh,0h - 9h,13.0,2018,1
351106,Hồ Chí Minh,9h - 11h,4.0,2018,2
351107,Hồ Chí Minh,9h - 11h,4.0,2018,2
351108,Hồ Chí Minh,0h - 9h,8.0,2018,1
351108,Hồ Chí Minh,17h - 21h,2.0,2018,5
351109,Hồ Chí Minh,9h - 11h,10.0,2018,2
351110,Hồ Chí Minh,9h - 11h,3.0,2018,2
351111,Hồ Chí Minh,11h - 14h,24.0,2018,3
351112,Hồ Chí Minh,9h - 11h,24.0,2018,2
351113,Hồ Chí Minh,9h - 11h,4.0,2018,2
351114,Hồ Chí Minh,9h - 11h,24.0,2018,2
351115,Hồ Chí Minh,9h - 11h,3.0,2018,2
351116,Hồ Chí Minh,9h - 11h,4.0,2018,2
351117,Hồ Chí Minh,9h - 11h,2.0,2018,2
351651,Hồ Chí Minh,14h - 17h,2.0,2018,4
351651,Hồ Chí Minh,17h - 21h,2.0,2018,5
351651,Hồ Chí Minh,0h - 9h,2.0,2018,1
351905,Hồ Chí Minh,0h - 9h,3.0,2018,1
351905,Hồ Chí Minh,17h - 21h,3.0,2018,5
351905,Hồ Chí Minh,14h - 17h,2.0,2018,4
352059,Hồ Chí Minh,0h - 9h,6.0,2018,1
352059,Hồ Chí Minh,17h - 21h,1.0,2018,5
352060,Hồ Chí Minh,17h - 21h,8.0,2018,5
352060,Hồ Chí Minh,9h - 11h,4.0,2018,2
352980,Hồ Chí Minh,0h - 9h,3.0,2018,1
352980,Hồ Chí Minh,17h - 21h,3.0,2018,5
352981,Hồ Chí Minh,11h - 14h,5.0,2018,3
352981,Hồ Chí Minh,17h - 21h,2.0,2018,5
352983,Hồ Chí Minh,0h - 9h,6.0,2018,1
352984,Hồ Chí Minh,17h - 21h,7.0,2018,5
352984,Hồ Chí Minh,0h - 9h,17.0,2018,1
353154,Hồ Chí Minh,11h - 14h,4.0,2018,3
353396,Hồ Chí Minh,0h - 9h,6.0,2018,1
353397,Hồ Chí Minh,0h - 9h,12.0,2018,1
353398,Hồ Chí Minh,17h - 21h,2.0,2018,5
353398,Hồ Chí Minh,0h - 9h,6.0,2018,1
353401,Hồ Chí Minh,0h - 9h,6.0,2018,1
353401,Hồ Chí Minh,17h - 21h,1.0,2018,5
353401,Hồ Chí Minh,14h - 17h,1.0,2018,4
353417,Hồ Chí Minh,11h - 14h,1.0,2018,3
353417,Hồ Chí Minh,21h+,1.0,2018,6
353417,Hồ Chí Minh,17h - 21h,2.0,2018,5
353418,Hồ Chí Minh,17h - 21h,1.0,2018,5
353618,Hồ Chí Minh,17h - 21h,4.0,2018,5
353618,Hồ Chí Minh,9h - 11h,3.0,2018,2
353619,Hồ Chí Minh,17h - 21h,3.0,2018,5
353619,Hồ Chí Minh,0h - 9h,22.0,2018,1
353620,Hồ Chí Minh,17h - 21h,6.0,2018,5
353621,Hồ Chí Minh,17h - 21h,1.0,2018,5
353621,Hồ Chí Minh,9h - 11h,2.0,2018,2
353622,Hồ Chí Minh,0h - 9h,21.0,2018,1
353622,Hồ Chí Minh,17h - 21h,4.0,2018,5
353623,Hồ Chí Minh,9h - 11h,2.0,2018,2
353623,Hồ Chí Minh,17h - 21h,2.0,2018,5
355530,Hồ Chí Minh,17h - 21h,4.0,2018,5
355530,Hồ Chí Minh,17h - 21h,1.0,2018,5
356847,Cần Thơ,17h - 21h,24.0,2018,5
356847,Cần Thơ,11h - 14h,24.0,2018,3
356847,Cần Thơ,0h - 9h,24.0,2018,1
357024,Cần Thơ,0h - 9h,12.0,2018,1
357090,Cần Thơ,0h - 9h,20.0,2018,1
357090,Cần Thơ,11h - 14h,2.0,2018,3
357091,Cần Thơ,17h - 21h,1.0,2018,5
357092,Cần Thơ,0h - 9h,4.0,2018,1
357093,Cần Thơ,21h+,4.0,2018,6
357258,Hà Nội,17h - 21h,4.0,2018,5
357530,Hà Nội,17h - 21h,1.0,2018,5
357530,Hà Nội,9h - 11h,4.0,2018,2
357580,Cần Thơ,0h - 9h,24.0,2018,1
357745,Hà Nội,11h - 14h,3.0,2018,3
357745,Hà Nội,9h - 11h,3.0,2018,2
357745,Hà Nội,17h - 21h,3.0,2018,5
357867,Hà Nội,21h+,3.0,2018,6
357867,Hà Nội,17h - 21h,6.0,2018,5
358029,Cần Thơ,17h - 21h,7.0,2018,5
358029,Cần Thơ,11h - 14h,6.0,2018,3
358030,Cần Thơ,0h - 9h,24.0,2018,1
358031,Cần Thơ,17h - 21h,7.0,2018,5
358031,Cần Thơ,9h - 11h,7.0,2018,2
358095,Cần Thơ,0h - 9h,24.0,2018,1
358230,Cần Thơ,0h - 9h,24.0,2018,1
358404,Cần Thơ,17h - 21h,24.0,2018,5
358405,Cần Thơ,17h - 21h,7.0,2018,5
358482,Hà Nội,17h - 21h,3.0,2018,5
358482,Hà Nội,21h+,9.0,2018,6
358483,Hà Nội,17h - 21h,3.0,2018,5
358483,Hà Nội,14h - 17h,2.0,2018,4
358484,Hà Nội,9h - 11h,3.0,2018,2
358484,Hà Nội,17h - 21h,1.0,2018,5
358485,Hà Nội,9h - 11h,7.0,2018,2
358485,Hà Nội,21h+,5.0,2018,6
358485,Hà Nội,17h - 21h,2.0,2018,5
358486,Hà Nội,9h - 11h,3.0,2018,2
358631,Hà Nội,21h+,1.0,2018,6
358631,Hà Nội,14h - 17h,3.0,2018,4
358633,Hà Nội,11h - 14h,3.0,2018,3
358633,Hà Nội,17h - 21h,3.0,2018,5
358634,Hà Nội,21h+,3.0,2018,6
358634,Hà Nội,14h - 17h,3.0,2018,4
358634,Hà Nội,17h - 21h,2.0,2018,5
358634,Hà Nội,9h - 11h,2.0,2018,2
358635,Hà Nội,17h - 21h,2.0,2018,5
358635,Hà Nội,11h - 14h,3.0,2018,3
358808,Cần Thơ,0h - 9h,15.0,2018,1
358809,Cần Thơ,0h - 9h,25.0,2018,1
358930,Cần Thơ,11h - 14h,5.0,2018,3
358930,Cần Thơ,17h - 21h,5.0,2018,5
358930,Cần Thơ,0h - 9h,14.0,2018,1
358960,Cần Thơ,0h - 9h,21.0,2018,1
358960,Cần Thơ,17h - 21h,3.0,2018,5
358962,Cần Thơ,17h - 21h,1.0,2018,5
358962,Cần Thơ,0h - 9h,19.0,2018,1
358962,Cần Thơ,9h - 11h,4.0,2018,2
358963,Cần Thơ,14h - 17h,5.0,2018,4
358963,Cần Thơ,9h - 11h,4.0,2018,2
358963,Cần Thơ,17h - 21h,3.0,2018,5
358963,Cần Thơ,0h - 9h,12.0,2018,1
359041,Cần Thơ,0h - 9h,25.0,2018,1
359144,Cần Thơ,0h - 9h,14.0,2018,1
359144,Cần Thơ,14h - 17h,4.0,2018,4
359144,Cần Thơ,11h - 14h,6.0,2018,3
359149,Cần Thơ,0h - 9h,13.0,2018,1
359149,Cần Thơ,11h - 14h,7.0,2018,3
359149,Cần Thơ,17h - 21h,4.0,2018,5
359150,Cần Thơ,11h - 14h,5.0,2018,3
359150,Cần Thơ,14h - 17h,8.0,2018,4
359150,Cần Thơ,0h - 9h,11.0,2018,1
359151,Cần Thơ,0h - 9h,13.0,2018,1
359151,Cần Thơ,14h - 17h,4.0,2018,4
359151,Cần Thơ,17h - 21h,3.0,2018,5
359151,Cần Thơ,11h - 14h,4.0,2018,3
359183,Cần Thơ,0h - 9h,28.0,2018,1
359245,Cần Thơ,17h - 21h,8.0,2018,5
359383,Cần Thơ,0h - 9h,17.0,2018,1
359383,Cần Thơ,9h - 11h,7.0,2018,2
359399,Hà Nội,21h+,1.0,2018,6
359399,Hà Nội,17h - 21h,1.0,2018,5
359492,Cần Thơ,0h - 9h,4.0,2018,1
359492,Cần Thơ,17h - 21h,5.0,2018,5
359492,Cần Thơ,14h - 17h,4.0,2018,4
359492,Cần Thơ,9h - 11h,4.0,2018,2
359563,Cần Thơ,0h - 9h,25.0,2018,1
359564,Cần Thơ,0h - 9h,25.0,2018,1
359566,Cần Thơ,17h - 21h,5.0,2018,5
359566,Cần Thơ,0h - 9h,24.0,2018,1
359632,Hà Nội,21h+,2.0,2018,6
359632,Hà Nội,17h - 21h,2.0,2018,5
359683,Đà Nẵng,14h - 17h,5.0,2018,4
359683,Đà Nẵng,11h - 14h,3.0,2018,3
359683,Đà Nẵng,0h - 9h,17.0,2018,1
359718,Cần Thơ,17h - 21h,10.0,2018,5
359847,Cần Thơ,17h - 21h,7.0,2018,5
359874,Hà Nội,17h - 21h,2.0,2018,5
359874,Hà Nội,9h - 11h,2.0,2018,2
359875,Hà Nội,17h - 21h,3.0,2018,5
359876,Hà Nội,17h - 21h,4.0,2018,5
359876,Hà Nội,14h - 17h,2.0,2018,4
359876,Hà Nội,9h - 11h,3.0,2018,2
359883,Hà Nội,17h - 21h,3.0,2018,5
359884,Hà Nội,14h - 17h,1.0,2018,4
359884,Hà Nội,17h - 21h,3.0,2018,5
359885,Hà Nội,9h - 11h,5.0,2018,2
359885,Hà Nội,17h - 21h,2.0,2018,5
359885,Hà Nội,14h - 17h,1.0,2018,4
359941,Hà Nội,21h+,4.0,2018,6
359941,Hà Nội,17h - 21h,3.0,2018,5
359945,Hà Nội,17h - 21h,2.0,2018,5
359946,Hà Nội,11h - 14h,4.0,2018,3
359946,Hà Nội,17h - 21h,5.0,2018,5
359947,Hà Nội,17h - 21h,1.0,2018,5
359983,Hà Nội,17h - 21h,11.0,2018,5
359984,Hà Nội,17h - 21h,12.0,2018,5
359985,Hà Nội,11h - 14h,4.0,2018,3
359985,Hà Nội,17h - 21h,6.0,2018,5
360020,Cần Thơ,0h - 9h,2.0,2018,1
360089,Đà Nẵng,17h - 21h,4.0,2018,5
360106,Cần Thơ,0h - 9h,25.0,2018,1
360211,Cần Thơ,17h - 21h,4.0,2018,5
360220,Hà Nội,17h - 21h,2.0,2018,5
360220,Hà Nội,0h - 9h,1.0,2018,1
360220,Hà Nội,21h+,2.0,2018,6
360355,Cần Thơ,0h - 9h,24.0,2018,1
360397,Cần Thơ,17h - 21h,10.0,2018,5
360398,Cần Thơ,17h - 21h,6.0,2018,5
360443,Hà Nội,11h - 14h,3.0,2018,3
360443,Hà Nội,17h - 21h,3.0,2018,5
360511,Hà Nội,17h - 21h,2.0,2018,5
360511,Hà Nội,21h+,2.0,2018,6
360512,Hà Nội,17h - 21h,4.0,2018,5
360512,Hà Nội,9h - 11h,3.0,2018,2
360513,Hà Nội,17h - 21h,1.0,2018,5
360513,Hà Nội,11h - 14h,3.0,2018,3
360513,Hà Nội,9h - 11h,3.0,2018,2
360517,Hà Nội,0h - 9h,1.0,2018,1
360517,Hà Nội,17h - 21h,3.0,2018,5
360518,Hà Nội,17h - 21h,3.0,2018,5
360525,Hà Nội,9h - 11h,3.0,2018,2
360525,Hà Nội,17h - 21h,2.0,2018,5
360526,Hà Nội,9h - 11h,2.0,2018,2
360526,Hà Nội,17h - 21h,3.0,2018,5
360588,Cần Thơ,14h - 17h,6.0,2018,4
360588,Cần Thơ,0h - 9h,11.0,2018,1
360588,Cần Thơ,11h - 14h,7.0,2018,3
360704,Hà Nội,17h - 21h,3.0,2018,5
360729,Cần Thơ,0h - 9h,6.0,2018,1
360729,Cần Thơ,17h - 21h,6.0,2018,5
360730,Cần Thơ,0h - 9h,18.0,2018,1
360731,Cần Thơ,0h - 9h,26.0,2018,1
360732,Cần Thơ,0h - 9h,20.0,2018,1
360733,Cần Thơ,17h - 21h,2.0,2018,5
360733,Cần Thơ,0h - 9h,4.0,2018,1
360734,Cần Thơ,0h - 9h,16.0,2018,1
360734,Cần Thơ,17h - 21h,9.0,2018,5
360735,Cần Thơ,0h - 9h,4.0,2018,1
360736,Cần Thơ,0h - 9h,5.0,2018,1
360736,Cần Thơ,17h - 21h,3.0,2018,5
360737,Cần Thơ,0h - 9h,24.0,2018,1
360831,Cần Thơ,0h - 9h,28.0,2018,1
360831,Cần Thơ,11h - 14h,24.0,2018,3
360921,Cần Thơ,0h - 9h,4.0,2018,1
360921,Cần Thơ,17h - 21h,1.0,2018,5
361006,Cần Thơ,0h - 9h,20.0,2018,1
361006,Cần Thơ,11h - 14h,4.0,2018,3
361053,Cần Thơ,17h - 21h,2.0,2018,5
361054,Cần Thơ,0h - 9h,20.0,2018,1
361181,Cần Thơ,0h - 9h,10.0,2018,1
361212,Cần Thơ,14h - 17h,4.0,2018,4
361456,Cần Thơ,0h - 9h,4.0,2018,1
361473,Hà Nội,9h - 11h,1.0,2018,2
361473,Hà Nội,17h - 21h,1.0,2018,5
361482,Cần Thơ,11h - 14h,7.0,2018,3
361482,Cần Thơ,17h - 21h,8.0,2018,5
361483,Cần Thơ,14h - 17h,6.0,2018,4
361483,Cần Thơ,17h - 21h,6.0,2018,5
361484,Cần Thơ,17h - 21h,7.0,2018,5
361515,Hà Nội,11h - 14h,2.0,2018,3
361515,Hà Nội,9h - 11h,3.0,2018,2
361518,Cần Thơ,9h - 11h,5.0,2018,2
361518,Cần Thơ,0h - 9h,19.0,2018,1
361519,Cần Thơ,0h - 9h,24.0,2018,1
361560,Cần Thơ,17h - 21h,4.0,2018,5
361753,Cần Thơ,17h - 21h,17.0,2018,5
361768,Hà Nội,0h - 9h,1.0,2018,1
361768,Hà Nội,21h+,3.0,2018,6
361768,Hà Nội,17h - 21h,1.0,2018,5
361791,Cần Thơ,0h - 9h,24.0,2018,1
361793,Cần Thơ,0h - 9h,24.0,2018,1
361794,Cần Thơ,0h - 9h,24.0,2018,1
361811,Hà Nội,17h - 21h,1.0,2018,5
361811,Hà Nội,11h - 14h,3.0,2018,3
361811,Hà Nội,9h - 11h,3.0,2018,2
361905,Cần Thơ,0h - 9h,4.0,2018,1
362007,Cần Thơ,0h - 9h,24.0,2018,1
362008,Cần Thơ,0h - 9h,24.0,2018,1
362165,Hà Nội,14h - 17h,3.0,2018,4
362165,Hà Nội,0h - 9h,5.0,2018,1
362165,Hà Nội,9h - 11h,4.0,2018,2
362216,Hà Nội,17h - 21h,3.0,2018,5
362216,Hà Nội,9h - 11h,1.0,2018,2
362269,Cần Thơ,9h - 11h,4.0,2018,2
362270,Cần Thơ,0h - 9h,4.0,2018,1
362412,Hà Nội,17h - 21h,6.0,2018,5
362412,Hà Nội,9h - 11h,10.0,2018,2
362412,Hà Nội,14h - 17h,4.0,2018,4
362512,Cần Thơ,0h - 9h,24.0,2018,1
362667,Cần Thơ,0h - 9h,25.0,2018,1
362676,Hà Nội,9h - 11h,1.0,2018,2
362676,Hà Nội,17h - 21h,3.0,2018,5
362711,Cần Thơ,14h - 17h,10.0,2018,4
362711,Cần Thơ,0h - 9h,14.0,2018,1
362829,Hà Nội,11h - 14h,2.0,2018,3
362829,Hà Nội,9h - 11h,3.0,2018,2
362977,Cần Thơ,14h - 17h,2.0,2018,4
362977,Cần Thơ,9h - 11h,3.0,2018,2
362977,Cần Thơ,17h - 21h,4.0,2018,5
362978,Cần Thơ,17h - 21h,20.0,2018,5
362979,Cần Thơ,0h - 9h,6.0,2018,1
363114,Hà Nội,17h - 21h,3.0,2018,5
363114,Hà Nội,9h - 11h,2.0,2018,2
363115,Hà Nội,17h - 21h,3.0,2018,5
363116,Hà Nội,17h - 21h,3.0,2018,5
363117,Hà Nội,17h - 21h,3.0,2018,5
363117,Hà Nội,14h - 17h,3.0,2018,4
363279,Cần Thơ,0h - 9h,24.0,2018,1
363326,Cần Thơ,14h - 17h,2.0,2018,4
363406,Cần Thơ,0h - 9h,25.0,2018,1
363454,Đà Nẵng,17h - 21h,4.0,2018,5
363454,Đà Nẵng,0h - 9h,4.0,2018,1
363631,Cần Thơ,17h - 21h,20.0,2018,5
363656,Đà Nẵng,0h - 9h,4.0,2018,1
363785,Cần Thơ,0h - 9h,8.0,2018,1
363813,Hà Nội,17h - 21h,3.0,2018,5
363813,Hà Nội,9h - 11h,4.0,2018,2
363813,Hà Nội,11h - 14h,1.0,2018,3
363943,Đà Nẵng,0h - 9h,4.0,2018,1
364039,Cần Thơ,17h - 21h,6.0,2018,5
364102,Cần Thơ,17h - 21h,10.0,2018,5
364345,Hà Nội,9h - 11h,5.0,2018,2
364345,Hà Nội,17h - 21h,4.0,2018,5
364345,Hà Nội,11h - 14h,3.0,2018,3
364345,Hà Nội,14h - 17h,2.0,2018,4
364511,Hà Nội,17h - 21h,2.0,2018,5
364511,Hà Nội,11h - 14h,3.0,2018,3
364513,Hà Nội,17h - 21h,3.0,2018,5
364513,Hà Nội,9h - 11h,3.0,2018,2
364513,Hà Nội,14h - 17h,5.0,2018,4
364513,Hà Nội,11h - 14h,2.0,2018,3
364514,Hà Nội,14h - 17h,2.0,2018,4
364514,Hà Nội,11h - 14h,2.0,2018,3
364677,Hà Nội,17h - 21h,2.0,2018,5
364678,Hà Nội,17h - 21h,1.0,2018,5
364678,Hà Nội,21h+,2.0,2018,6
364680,Hà Nội,9h - 11h,15.0,2018,2
365076,Cần Thơ,0h - 9h,3.0,2018,1
365304,Cần Thơ,0h - 9h,24.0,2018,1
365472,Cần Thơ,14h - 17h,4.0,2018,4
365525,Cần Thơ,0h - 9h,6.0,2018,1
365525,Cần Thơ,11h - 14h,6.0,2018,3
365526,Cần Thơ,0h - 9h,1.0,2018,1
365526,Cần Thơ,17h - 21h,3.0,2018,5
365657,Hà Nội,17h - 21h,3.0,2018,5
365681,Hồ Chí Minh,14h - 17h,2.0,2018,4
365681,Hồ Chí Minh,0h - 9h,6.0,2018,1
365682,Hồ Chí Minh,9h - 11h,1.0,2018,2
365682,Hồ Chí Minh,17h - 21h,2.0,2018,5
365717,Đà Nẵng,0h - 9h,4.0,2018,1
365717,Đà Nẵng,17h - 21h,4.0,2018,5
365734,Cần Thơ,0h - 9h,12.0,2018,1
365735,Cần Thơ,17h - 21h,2.0,2018,5
365735,Cần Thơ,0h - 9h,2.0,2018,1
365736,Cần Thơ,17h - 21h,5.0,2018,5
365737,Cần Thơ,0h - 9h,14.0,2018,1
365737,Cần Thơ,17h - 21h,8.0,2018,5
365738,Cần Thơ,11h - 14h,3.0,2018,3
365738,Cần Thơ,21h+,5.0,2018,6
365738,Cần Thơ,0h - 9h,4.0,2018,1
365739,Cần Thơ,0h - 9h,16.0,2018,1
365740,Cần Thơ,11h - 14h,12.0,2018,3
365740,Cần Thơ,17h - 21h,6.0,2018,5
365740,Cần Thơ,0h - 9h,12.0,2018,1
365741,Cần Thơ,17h - 21h,21.0,2018,5
365742,Cần Thơ,17h - 21h,5.0,2018,5
365744,Cần Thơ,0h - 9h,25.0,2018,1
365745,Cần Thơ,0h - 9h,4.0,2018,1
365745,Cần Thơ,17h - 21h,1.0,2018,5
365746,Cần Thơ,17h - 21h,12.0,2018,5
365747,Cần Thơ,17h - 21h,6.0,2018,5
365748,Cần Thơ,17h - 21h,21.0,2018,5
365748,Cần Thơ,11h - 14h,12.0,2018,3
365748,Cần Thơ,0h - 9h,16.0,2018,1
365845,Cần Thơ,0h - 9h,2.0,2018,1
366024,Cần Thơ,0h - 9h,24.0,2018,1
366071,Hà Nội,11h - 14h,1.0,2018,3
366071,Hà Nội,17h - 21h,3.0,2018,5
366071,Hà Nội,9h - 11h,3.0,2018,2
366212,Cần Thơ,0h - 9h,24.0,2018,1
366266,Hải Phòng,9h - 11h,3.0,2018,2
366266,Hải Phòng,17h - 21h,3.0,2018,5
366360,Đà Nẵng,17h - 21h,6.0,2018,5
366395,Cần Thơ,0h - 9h,24.0,2018,1
366420,Đà Nẵng,0h - 9h,30.0,2018,1
366447,Cần Thơ,0h - 9h,16.0,2018,1
366447,Cần Thơ,9h - 11h,8.0,2018,2
366448,Cần Thơ,0h - 9h,24.0,2018,1
366450,Cần Thơ,0h - 9h,15.0,2018,1
366450,Cần Thơ,9h - 11h,9.0,2018,2
366452,Cần Thơ,17h - 21h,4.0,2018,5
366452,Cần Thơ,0h - 9h,20.0,2018,1
366453,Cần Thơ,17h - 21h,10.0,2018,5
366453,Cần Thơ,0h - 9h,14.0,2018,1
366454,Cần Thơ,9h - 11h,2.0,2018,2
366454,Cần Thơ,0h - 9h,22.0,2018,1
366455,Cần Thơ,0h - 9h,24.0,2018,1
366456,Cần Thơ,0h - 9h,24.0,2018,1
366458,Cần Thơ,0h - 9h,24.0,2018,1
366483,Đà Nẵng,17h - 21h,22.0,2018,5
366483,Đà Nẵng,9h - 11h,4.0,2018,2
366505,Cần Thơ,0h - 9h,1.0,2018,1
366505,Cần Thơ,11h - 14h,1.0,2018,3
366520,Hồ Chí Minh,0h - 9h,6.0,2018,1
366562,Đà Nẵng,0h - 9h,25.0,2018,1
366595,Đà Nẵng,0h - 9h,2.0,2018,1
366595,Đà Nẵng,17h - 21h,2.0,2018,5
366693,Cần Thơ,0h - 9h,4.0,2018,1
366767,Đà Nẵng,0h - 9h,10.0,2018,1
366767,Đà Nẵng,17h - 21h,10.0,2018,5
366774,Đà Nẵng,0h - 9h,8.0,2018,1
366855,Cần Thơ,9h - 11h,1.0,2018,2
366855,Cần Thơ,0h - 9h,1.0,2018,1
366880,Hồ Chí Minh,17h - 21h,1.0,2018,5
366880,Hồ Chí Minh,11h - 14h,1.0,2018,3
366883,Hồ Chí Minh,11h - 14h,3.5,2018,3
366884,Hồ Chí Minh,21h+,2.0,2018,6
366884,Hồ Chí Minh,14h - 17h,2.0,2018,4
366884,Hồ Chí Minh,17h - 21h,4.0,2018,5
366889,Hồ Chí Minh,17h - 21h,2.0,2018,5
366889,Hồ Chí Minh,0h - 9h,2.0,2018,1
366936,Cần Thơ,0h - 9h,24.0,2018,1
367081,Cần Thơ,0h - 9h,25.0,2018,1
367082,Cần Thơ,17h - 21h,7.0,2018,5
367083,Cần Thơ,17h - 21h,6.0,2018,5
367084,Cần Thơ,0h - 9h,25.0,2018,1
367085,Cần Thơ,0h - 9h,25.0,2018,1
367132,Đà Nẵng,0h - 9h,24.0,2018,1
367174,Đà Nẵng,11h - 14h,8.0,2018,3
367174,Đà Nẵng,0h - 9h,21.0,2018,1
367178,Hải Phòng,9h - 11h,2.0,2018,2
367179,Hải Phòng,17h - 21h,3.0,2018,5
367182,Hải Phòng,17h - 21h,3.0,2018,5
367187,Đà Nẵng,17h - 21h,1.0,2018,5
367187,Đà Nẵng,0h - 9h,8.0,2018,1
367222,Hồ Chí Minh,14h - 17h,4.0,2018,4
367316,Đà Nẵng,17h - 21h,3.0,2018,5
367316,Đà Nẵng,0h - 9h,12.0,2018,1
367324,Đà Nẵng,17h - 21h,8.0,2018,5
367324,Đà Nẵng,0h - 9h,17.0,2018,1
367348,Hà Nội,21h+,2.0,2018,6
367348,Hà Nội,17h - 21h,2.0,2018,5
367353,Hồ Chí Minh,0h - 9h,2.0,2018,1
367353,Hồ Chí Minh,14h - 17h,1.0,2018,4
367354,Hồ Chí Minh,14h - 17h,4.0,2018,4
367354,Hồ Chí Minh,0h - 9h,18.0,2018,1
367355,Hồ Chí Minh,14h - 17h,2.0,2018,4
367355,Hồ Chí Minh,0h - 9h,1.0,2018,1
367357,Hồ Chí Minh,11h - 14h,8.0,2018,3
367358,Hồ Chí Minh,17h - 21h,1.0,2018,5
367358,Hồ Chí Minh,14h - 17h,2.0,2018,4
367358,Hồ Chí Minh,0h - 9h,5.0,2018,1
367359,Hồ Chí Minh,14h - 17h,3.0,2018,4
367359,Hồ Chí Minh,0h - 9h,4.0,2018,1
367361,Hồ Chí Minh,11h - 14h,4.0,2018,3
367361,Hồ Chí Minh,14h - 17h,2.0,2018,4
367363,Hồ Chí Minh,17h - 21h,2.0,2018,5
367363,Hồ Chí Minh,0h - 9h,1.0,2018,1
367367,Đà Nẵng,9h - 11h,8.0,2018,2
367450,Cần Thơ,0h - 9h,20.0,2018,1
367455,Cần Thơ,0h - 9h,4.0,2018,1
367595,Cần Thơ,0h - 9h,4.0,2018,1
367647,Đà Nẵng,0h - 9h,28.0,2018,1
367674,Cần Thơ,0h - 9h,20.0,2018,1
367742,Đà Nẵng,0h - 9h,12.0,2018,1
367742,Đà Nẵng,17h - 21h,14.0,2018,5
367769,Đà Nẵng,14h - 17h,1.0,2018,4
367769,Đà Nẵng,11h - 14h,4.0,2018,3
367781,Cần Thơ,0h - 9h,24.0,2018,1
367796,Cần Thơ,0h - 9h,10.0,2018,1
367796,Cần Thơ,17h - 21h,13.0,2018,5
367797,Hà Nội,14h - 17h,2.0,2018,4
367797,Hà Nội,17h - 21h,3.0,2018,5
367856,Hồ Chí Minh,0h - 9h,10.0,2018,1
367856,Hồ Chí Minh,9h - 11h,3.0,2018,2
367856,Hồ Chí Minh,17h - 21h,4.0,2018,5
367857,Hồ Chí Minh,0h - 9h,6.0,2018,1
367858,Hồ Chí Minh,17h - 21h,1.0,2018,5
367858,Hồ Chí Minh,0h - 9h,6.0,2018,1
367859,Hồ Chí Minh,0h - 9h,6.0,2018,1
367860,Hồ Chí Minh,17h - 21h,5.0,2018,5
367861,Hồ Chí Minh,17h - 21h,2.0,2018,5
367863,Hồ Chí Minh,0h - 9h,6.0,2018,1
367864,Hồ Chí Minh,17h - 21h,6.0,2018,5
367997,Đà Nẵng,9h - 11h,4.0,2018,2
367997,Đà Nẵng,0h - 9h,6.0,2018,1
368104,Hải Phòng,0h - 9h,2.0,2018,1
368122,Cần Thơ,0h - 9h,2.0,2018,1
368126,Cần Thơ,17h - 21h,10.0,2018,5
368127,Cần Thơ,17h - 21h,10.0,2018,5
368128,Cần Thơ,17h - 21h,10.0,2018,5
368129,Cần Thơ,17h - 21h,10.0,2018,5
368130,Cần Thơ,17h - 21h,10.0,2018,5
368132,Cần Thơ,17h - 21h,8.0,2018,5
368200,Hà Nội,17h - 21h,4.0,2018,5
368201,Hà Nội,9h - 11h,3.0,2018,2
368241,Hà Nội,17h - 21h,6.0,2018,5
368244,Hà Nội,17h - 21h,4.0,2018,5
368244,Hà Nội,21h+,2.0,2018,6
368245,Hà Nội,17h - 21h,2.0,2018,5
368245,Hà Nội,21h+,3.0,2018,6
368246,Hà Nội,17h - 21h,3.0,2018,5
368246,Hà Nội,11h - 14h,3.0,2018,3
368247,Hà Nội,9h - 11h,5.0,2018,2
368247,Hà Nội,17h - 21h,3.0,2018,5
368248,Hà Nội,17h - 21h,5.0,2018,5
368249,Hà Nội,14h - 17h,2.0,2018,4
368249,Hà Nội,17h - 21h,3.0,2018,5
368256,Cần Thơ,0h - 9h,24.0,2018,1
368267,Cần Thơ,0h - 9h,24.0,2018,1
368349,Cần Thơ,0h - 9h,24.0,2018,1
368350,Hồ Chí Minh,0h - 9h,8.0,2018,1
368351,Hồ Chí Minh,0h - 9h,24.0,2018,1
368352,Hồ Chí Minh,0h - 9h,8.0,2018,1
368354,Hồ Chí Minh,0h - 9h,16.0,2018,1
368355,Hồ Chí Minh,0h - 9h,4.0,2018,1
368356,Hồ Chí Minh,0h - 9h,20.0,2018,1
368379,Hải Phòng,9h - 11h,2.0,2018,2
368380,Hải Phòng,17h - 21h,6.0,2018,5
368380,Hải Phòng,0h - 9h,6.0,2018,1
368410,Hồ Chí Minh,17h - 21h,2.0,2018,5
368411,Hải Phòng,0h - 9h,4.0,2018,1
368415,Hải Phòng,17h - 21h,1.0,2018,5
368416,Hải Phòng,17h - 21h,5.0,2018,5
368417,Cần Thơ,0h - 9h,5.0,2018,1
368417,Cần Thơ,17h - 21h,9.0,2018,5
368418,Cần Thơ,17h - 21h,1.0,2018,5
368418,Cần Thơ,0h - 9h,3.0,2018,1
368419,Cần Thơ,17h - 21h,2.0,2018,5
368419,Cần Thơ,0h - 9h,2.0,2018,1
368425,Hải Phòng,17h - 21h,1.0,2018,5
368426,Hải Phòng,0h - 9h,2.0,2018,1
368426,Hải Phòng,17h - 21h,3.0,2018,5
368428,Hải Phòng,17h - 21h,2.0,2018,5
368428,Hải Phòng,0h - 9h,16.0,2018,1
368429,Hải Phòng,0h - 9h,1.0,2018,1
368429,Hải Phòng,11h - 14h,1.0,2018,3
368429,Hải Phòng,17h - 21h,1.0,2018,5
368436,Hồ Chí Minh,0h - 9h,14.0,2018,1
368436,Hồ Chí Minh,11h - 14h,10.0,2018,3
368436,Hồ Chí Minh,17h - 21h,2.0,2018,5
368448,Hải Phòng,17h - 21h,14.0,2018,5
368448,Hải Phòng,0h - 9h,9.0,2018,1
368449,Hồ Chí Minh,11h - 14h,4.0,2018,3
368449,Hồ Chí Minh,17h - 21h,4.0,2018,5
368449,Hồ Chí Minh,0h - 9h,3.0,2018,1
368450,Hồ Chí Minh,11h - 14h,3.0,2018,3
368450,Hồ Chí Minh,0h - 9h,5.0,2018,1
368451,Hồ Chí Minh,11h - 14h,2.0,2018,3
368451,Hồ Chí Minh,0h - 9h,20.0,2018,1
368451,Hồ Chí Minh,17h - 21h,2.0,2018,5
368460,Hồ Chí Minh,0h - 9h,1.0,2018,1
368460,Hồ Chí Minh,11h - 14h,3.5,2018,3
368468,Hà Nội,17h - 21h,1.0,2018,5
368468,Hà Nội,11h - 14h,1.0,2018,3
368469,Hà Nội,9h - 11h,1.0,2018,2
368469,Hà Nội,17h - 21h,1.0,2018,5
368472,Hải Phòng,0h - 9h,26.0,2018,1
368473,Hải Phòng,0h - 9h,2.0,2018,1
368481,Hồ Chí Minh,14h - 17h,2.0,2018,4
368481,Hồ Chí Minh,11h - 14h,1.0,2018,3
368552,Hồ Chí Minh,0h - 9h,3.0,2018,1
368553,Hồ Chí Minh,9h - 11h,12.0,2018,2
368563,Hà Nội,17h - 21h,2.0,2018,5
368577,Đà Nẵng,0h - 9h,18.0,2018,1
368600,Hà Nội,17h - 21h,3.0,2018,5
368601,Hà Nội,17h - 21h,3.0,2018,5
368602,Hà Nội,17h - 21h,2.0,2018,5
368647,Hải Phòng,9h - 11h,3.0,2018,2
368647,Hải Phòng,0h - 9h,6.0,2018,1
368653,Hồ Chí Minh,17h - 21h,2.0,2018,5
368654,Hồ Chí Minh,0h - 9h,24.0,2018,1
368654,Hồ Chí Minh,17h - 21h,1.0,2018,5
368655,Hồ Chí Minh,0h - 9h,4.0,2018,1
368655,Hồ Chí Minh,9h - 11h,3.0,2018,2
368656,Hồ Chí Minh,0h - 9h,2.0,2018,1
368657,Hồ Chí Minh,0h - 9h,6.0,2018,1
368657,Hồ Chí Minh,17h - 21h,1.0,2018,5
368658,Hồ Chí Minh,14h - 17h,1.0,2018,4
368658,Hồ Chí Minh,17h - 21h,2.0,2018,5
368658,Hồ Chí Minh,0h - 9h,21.0,2018,1
368659,Hồ Chí Minh,0h - 9h,2.0,2018,1
368660,Hồ Chí Minh,17h - 21h,2.0,2018,5
368661,Hồ Chí Minh,0h - 9h,2.0,2018,1
368661,Hồ Chí Minh,9h - 11h,1.0,2018,2
368681,Hồ Chí Minh,14h - 17h,2.0,2018,4
368681,Hồ Chí Minh,11h - 14h,3.5,2018,3
368681,Hồ Chí Minh,0h - 9h,5.0,2018,1
368694,Đà Nẵng,0h - 9h,2.0,2018,1
368694,Đà Nẵng,9h - 11h,4.0,2018,2
368731,Đà Nẵng,0h - 9h,26.0,2018,1
368731,Đà Nẵng,11h - 14h,12.0,2018,3
368846,Hà Nội,17h - 21h,3.0,2018,5
368849,Hà Nội,9h - 11h,3.0,2018,2
368849,Hà Nội,17h - 21h,5.0,2018,5
368960,Đà Nẵng,0h - 9h,2.0,2018,1
368960,Đà Nẵng,17h - 21h,3.0,2018,5
368988,Đà Nẵng,0h - 9h,8.0,2018,1
369137,Hồ Chí Minh,11h - 14h,4.0,2018,3
369138,Hồ Chí Minh,9h - 11h,4.0,2018,2
369140,Hồ Chí Minh,14h - 17h,4.0,2018,4
369141,Hồ Chí Minh,9h - 11h,2.0,2018,2
369142,Hồ Chí Minh,9h - 11h,4.0,2018,2
369143,Hồ Chí Minh,9h - 11h,6.0,2018,2
369144,Hồ Chí Minh,9h - 11h,3.0,2018,2
369145,Hồ Chí Minh,11h - 14h,3.5,2018,3
369156,Hồ Chí Minh,17h - 21h,6.0,2018,5
369156,Hồ Chí Minh,11h - 14h,2.0,2018,3
369157,Hồ Chí Minh,17h - 21h,1.0,2018,5
369157,Hồ Chí Minh,0h - 9h,6.0,2018,1
369159,Hồ Chí Minh,0h - 9h,1.0,2018,1
369159,Hồ Chí Minh,17h - 21h,3.0,2018,5
369159,Hồ Chí Minh,11h - 14h,2.0,2018,3
369160,Hồ Chí Minh,9h - 11h,1.0,2018,2
369160,Hồ Chí Minh,0h - 9h,1.0,2018,1
369161,Hồ Chí Minh,17h - 21h,2.0,2018,5
369161,Hồ Chí Minh,21h+,1.5,2018,6
369161,Hồ Chí Minh,9h - 11h,3.0,2018,2
369161,Hồ Chí Minh,0h - 9h,2.0,2018,1
369217,Hải Phòng,9h - 11h,20.0,2018,2
369246,Đà Nẵng,0h - 9h,4.0,2018,1
369258,Đà Nẵng,11h - 14h,1.0,2018,3
369258,Đà Nẵng,0h - 9h,9.0,2018,1
369279,Hà Nội,17h - 21h,3.0,2018,5
369279,Hà Nội,9h - 11h,5.0,2018,2
369281,Hà Nội,17h - 21h,4.0,2018,5
369376,Hải Phòng,17h - 21h,1.0,2018,5
369377,Hải Phòng,9h - 11h,3.0,2018,2
369404,Hà Nội,21h+,1.0,2018,6
369404,Hà Nội,17h - 21h,1.0,2018,5
369422,Đà Nẵng,0h - 9h,4.0,2018,1
369434,Hồ Chí Minh,0h - 9h,8.0,2018,1
369434,Hồ Chí Minh,17h - 21h,4.0,2018,5
369435,Hồ Chí Minh,0h - 9h,6.0,2018,1
369436,Hồ Chí Minh,17h - 21h,2.0,2018,5
369436,Hồ Chí Minh,0h - 9h,4.0,2018,1
369437,Hồ Chí Minh,0h - 9h,6.0,2018,1
369495,Đà Nẵng,9h - 11h,3.0,2018,2
369495,Đà Nẵng,0h - 9h,2.0,2018,1
369496,Đà Nẵng,9h - 11h,6.0,2018,2
369496,Đà Nẵng,11h - 14h,4.0,2018,3
369501,Đà Nẵng,0h - 9h,4.0,2018,1
369513,Hồ Chí Minh,17h - 21h,4.0,2018,5
369514,Hồ Chí Minh,0h - 9h,21.0,2018,1
369514,Hồ Chí Minh,11h - 14h,3.0,2018,3
369533,Hà Nội,0h - 9h,2.0,2018,1
369533,Hà Nội,21h+,3.0,2018,6
369533,Hà Nội,17h - 21h,2.0,2018,5
369545,Đà Nẵng,14h - 17h,1.0,2018,4
369545,Đà Nẵng,0h - 9h,1.0,2018,1
369545,Đà Nẵng,9h - 11h,1.0,2018,2
369557,Đà Nẵng,0h - 9h,25.0,2018,1
369581,Đà Nẵng,17h - 21h,3.0,2018,5
369590,Hải Phòng,17h - 21h,1.0,2018,5
369611,Đà Nẵng,11h - 14h,2.0,2018,3
369611,Đà Nẵng,0h - 9h,24.0,2018,1
369611,Đà Nẵng,17h - 21h,5.0,2018,5
369685,Hà Nội,17h - 21h,3.0,2018,5
369685,Hà Nội,11h - 14h,1.0,2018,3
369685,Hà Nội,21h+,4.0,2018,6
369709,Đà Nẵng,0h - 9h,24.0,2018,1
369766,Đà Nẵng,0h - 9h,10.0,2018,1
369778,Đà Nẵng,0h - 9h,26.0,2018,1
369778,Đà Nẵng,17h - 21h,6.0,2018,5
369847,Hà Nội,0h - 9h,1.0,2018,1
369847,Hà Nội,17h - 21h,2.0,2018,5
369847,Hà Nội,21h+,2.0,2018,6
369862,Hải Phòng,21h+,5.0,2018,6
370069,Hà Nội,14h - 17h,2.0,2018,4
370069,Hà Nội,17h - 21h,2.0,2018,5
370069,Hà Nội,21h+,2.0,2018,6
370078,Đà Nẵng,0h - 9h,26.0,2018,1
370111,Đà Nẵng,0h - 9h,24.0,2018,1
370111,Đà Nẵng,17h - 21h,1.0,2018,5
370147,Hải Phòng,0h - 9h,3.0,2018,1
370239,Đà Nẵng,0h - 9h,8.0,2018,1
370345,Hà Nội,17h - 21h,3.0,2018,5
370345,Hà Nội,11h - 14h,5.0,2018,3
370346,Hà Nội,17h - 21h,5.0,2018,5
370422,Đà Nẵng,9h - 11h,4.0,2018,2
370457,Hồ Chí Minh,17h - 21h,4.0,2018,5
370458,Hồ Chí Minh,0h - 9h,24.0,2018,1
370459,Hồ Chí Minh,0h - 9h,24.0,2018,1
370790,Hồ Chí Minh,0h - 9h,24.0,2018,1
370790,Hồ Chí Minh,11h - 14h,1.0,2018,3
370790,Hồ Chí Minh,17h - 21h,1.0,2018,5
370833,Đà Nẵng,0h - 9h,25.0,2018,1
370839,Hải Phòng,17h - 21h,5.0,2018,5
370845,Hải Phòng,17h - 21h,2.0,2018,5
370866,Hồ Chí Minh,9h - 11h,1.0,2018,2
370866,Hồ Chí Minh,21h+,1.0,2018,6
370866,Hồ Chí Minh,17h - 21h,1.0,2018,5
370869,Hồ Chí Minh,21h+,1.5,2018,6
370869,Hồ Chí Minh,17h - 21h,2.0,2018,5
370869,Hồ Chí Minh,0h - 9h,1.0,2018,1
370870,Hồ Chí Minh,11h - 14h,3.5,2018,3
370870,Hồ Chí Minh,17h - 21h,2.0,2018,5
370870,Hồ Chí Minh,0h - 9h,10.0,2018,1
370872,Hồ Chí Minh,17h - 21h,1.0,2018,5
370872,Hồ Chí Minh,0h - 9h,4.0,2018,1
370873,Hồ Chí Minh,11h - 14h,4.0,2018,3
370873,Hồ Chí Minh,17h - 21h,2.0,2018,5
370874,Hồ Chí Minh,17h - 21h,4.0,2018,5
370897,Hải Phòng,17h - 21h,3.0,2018,5
370898,Hải Phòng,21h+,1.0,2018,6
370898,Hải Phòng,17h - 21h,1.0,2018,5
370899,Hải Phòng,17h - 21h,3.0,2018,5
370900,Hải Phòng,17h - 21h,2.0,2018,5
370901,Hải Phòng,17h - 21h,3.0,2018,5
370901,Hải Phòng,0h - 9h,2.0,2018,1
370902,Hải Phòng,17h - 21h,3.0,2018,5
370903,Hải Phòng,17h - 21h,1.0,2018,5
370953,Hồ Chí Minh,14h - 17h,1.0,2018,4
370953,Hồ Chí Minh,17h - 21h,1.0,2018,5
370954,Hồ Chí Minh,17h - 21h,1.0,2018,5
370954,Hồ Chí Minh,9h - 11h,3.0,2018,2
370954,Hồ Chí Minh,0h - 9h,6.0,2018,1
370955,Hồ Chí Minh,0h - 9h,3.0,2018,1
370956,Hồ Chí Minh,14h - 17h,1.0,2018,4
370956,Hồ Chí Minh,0h - 9h,1.0,2018,1
370956,Hồ Chí Minh,17h - 21h,1.0,2018,5
370999,Hồ Chí Minh,0h - 9h,1.0,2018,1
371005,Hải Phòng,17h - 21h,1.0,2018,5
371006,Hải Phòng,17h - 21h,1.0,2018,5
371027,Hải Phòng,17h - 21h,1.0,2018,5
371028,Hải Phòng,0h - 9h,1.0,2018,1
371028,Hải Phòng,17h - 21h,1.0,2018,5
371029,Hải Phòng,17h - 21h,2.0,2018,5
371039,Hải Phòng,17h - 21h,1.0,2018,5
371040,Hải Phòng,17h - 21h,2.0,2018,5
371041,Hải Phòng,14h - 17h,1.0,2018,4
371058,Hồ Chí Minh,0h - 9h,6.0,2018,1
371059,Hồ Chí Minh,17h - 21h,1.0,2018,5
371059,Hồ Chí Minh,0h - 9h,1.0,2018,1
371059,Hồ Chí Minh,9h - 11h,1.0,2018,2
371060,Hồ Chí Minh,17h - 21h,2.0,2018,5
371061,Hồ Chí Minh,17h - 21h,2.0,2018,5
371062,Hồ Chí Minh,0h - 9h,4.0,2018,1
371064,Hồ Chí Minh,0h - 9h,24.0,2018,1
371065,Hồ Chí Minh,11h - 14h,1.0,2018,3
371065,Hồ Chí Minh,0h - 9h,4.0,2018,1
371066,Hồ Chí Minh,0h - 9h,6.0,2018,1
371067,Hồ Chí Minh,0h - 9h,24.0,2018,1
371070,Hải Phòng,0h - 9h,2.0,2018,1
371071,Hải Phòng,17h - 21h,1.0,2018,5
371071,Hải Phòng,0h - 9h,1.0,2018,1
371205,Hồ Chí Minh,17h - 21h,1.0,2018,5
371205,Hồ Chí Minh,14h - 17h,1.0,2018,4
371206,Hồ Chí Minh,9h - 11h,1.0,2018,2
371206,Hồ Chí Minh,14h - 17h,1.0,2018,4
371206,Hồ Chí Minh,0h - 9h,3.0,2018,1
371206,Hồ Chí Minh,17h - 21h,1.0,2018,5
371207,Hồ Chí Minh,17h - 21h,1.0,2018,5
371207,Hồ Chí Minh,14h - 17h,1.0,2018,4
371208,Hồ Chí Minh,14h - 17h,1.0,2018,4
371208,Hồ Chí Minh,17h - 21h,1.0,2018,5
371208,Hồ Chí Minh,11h - 14h,2.0,2018,3
371210,Hồ Chí Minh,0h - 9h,1.0,2018,1
371210,Hồ Chí Minh,17h - 21h,1.0,2018,5
371211,Hồ Chí Minh,14h - 17h,1.0,2018,4
371211,Hồ Chí Minh,0h - 9h,1.0,2018,1
371388,Hải Phòng,9h - 11h,2.0,2018,2
371388,Hải Phòng,17h - 21h,4.0,2018,5
371397,Hà Nội,9h - 11h,2.0,2018,2
371397,Hà Nội,17h - 21h,2.0,2018,5
371398,Hà Nội,17h - 21h,1.0,2018,5
371399,Hà Nội,17h - 21h,2.0,2018,5
371399,Hà Nội,9h - 11h,1.0,2018,2
371399,Hà Nội,21h+,3.0,2018,6
371493,Hà Nội,11h - 14h,3.0,2018,3
371495,Hồ Chí Minh,17h - 21h,6.0,2018,5
371495,Hồ Chí Minh,14h - 17h,2.0,2018,4
371495,Hồ Chí Minh,0h - 9h,2.0,2018,1
371496,Hồ Chí Minh,0h - 9h,2.0,2018,1
371496,Hồ Chí Minh,14h - 17h,2.0,2018,4
371497,Hồ Chí Minh,14h - 17h,1.0,2018,4
371497,Hồ Chí Minh,17h - 21h,1.0,2018,5
371498,Hồ Chí Minh,0h - 9h,8.0,2018,1
371498,Hồ Chí Minh,17h - 21h,6.0,2018,5
371498,Hồ Chí Minh,14h - 17h,2.0,2018,4
371499,Hồ Chí Minh,14h - 17h,2.0,2018,4
371499,Hồ Chí Minh,0h - 9h,3.0,2018,1
371500,Hồ Chí Minh,0h - 9h,24.0,2018,1
371502,Hồ Chí Minh,14h - 17h,4.0,2018,4
371502,Hồ Chí Minh,0h - 9h,3.0,2018,1
371502,Hồ Chí Minh,17h - 21h,2.0,2018,5
371503,Hồ Chí Minh,0h - 9h,1.0,2018,1
371503,Hồ Chí Minh,17h - 21h,2.0,2018,5
371563,Hải Phòng,17h - 21h,2.0,2018,5
371563,Hải Phòng,0h - 9h,5.0,2018,1
371582,Đà Nẵng,17h - 21h,1.0,2018,5
371582,Đà Nẵng,9h - 11h,1.0,2018,2
371588,Hải Phòng,0h - 9h,1.0,2018,1
371588,Hải Phòng,17h - 21h,3.0,2018,5
371600,Đà Nẵng,0h - 9h,11.0,2018,1
371600,Đà Nẵng,17h - 21h,10.0,2018,5
371642,Hải Phòng,17h - 21h,2.0,2018,5
371643,Hải Phòng,17h - 21h,2.0,2018,5
371643,Hải Phòng,0h - 9h,2.0,2018,1
371644,Hải Phòng,9h - 11h,18.0,2018,2
371706,Hải Phòng,0h - 9h,2.0,2018,1
371706,Hải Phòng,17h - 21h,2.0,2018,5
371738,Hồ Chí Minh,17h - 21h,8.0,2018,5
371754,Hồ Chí Minh,9h - 11h,4.0,2018,2
371754,Hồ Chí Minh,21h+,1.5,2018,6
371754,Hồ Chí Minh,17h - 21h,1.0,2018,5
371761,Hồ Chí Minh,21h+,2.0,2018,6
371761,Hồ Chí Minh,9h - 11h,1.0,2018,2
371761,Hồ Chí Minh,17h - 21h,2.0,2018,5
371763,Hồ Chí Minh,14h - 17h,4.0,2018,4
371873,Hà Nội,9h - 11h,3.0,2018,2
371873,Hà Nội,17h - 21h,2.0,2018,5
371899,Đà Nẵng,0h - 9h,16.0,2018,1
372096,Hà Nội,9h - 11h,4.0,2018,2
372096,Hà Nội,17h - 21h,3.0,2018,5
372165,Hồ Chí Minh,0h - 9h,4.0,2018,1
372188,Đà Nẵng,0h - 9h,5.0,2018,1
372327,Đà Nẵng,0h - 9h,13.0,2018,1
372415,Hải Phòng,9h - 11h,4.0,2018,2
372415,Hải Phòng,17h - 21h,1.0,2018,5
372416,Đà Nẵng,17h - 21h,4.0,2018,5
372416,Đà Nẵng,9h - 11h,4.0,2018,2
372557,Hồ Chí Minh,14h - 17h,2.0,2018,4
372557,Hồ Chí Minh,0h - 9h,1.0,2018,1
372558,Hồ Chí Minh,17h - 21h,2.0,2018,5
372662,Đà Nẵng,0h - 9h,16.0,2018,1
372778,Hải Phòng,17h - 21h,1.0,2018,5
372778,Hải Phòng,0h - 9h,1.0,2018,1
372860,Hải Phòng,9h - 11h,25.0,2018,2
372873,Đà Nẵng,0h - 9h,16.0,2018,1
372878,Đà Nẵng,17h - 21h,4.0,2018,5
372878,Đà Nẵng,0h - 9h,16.0,2018,1
373000,Hải Phòng,9h - 11h,5.0,2018,2
373000,Hải Phòng,21h+,7.0,2018,6
373248,Hồ Chí Minh,9h - 11h,3.0,2018,2
373321,Đà Nẵng,11h - 14h,10.0,2018,3
373321,Đà Nẵng,9h - 11h,4.0,2018,2
373371,Đà Nẵng,0h - 9h,6.0,2018,1
373375,Đà Nẵng,17h - 21h,5.0,2018,5
373375,Đà Nẵng,11h - 14h,4.0,2018,3
373376,Đà Nẵng,11h - 14h,7.0,2018,3
373376,Đà Nẵng,0h - 9h,18.0,2018,1
373377,Đà Nẵng,0h - 9h,4.0,2018,1
373685,Hồ Chí Minh,17h - 21h,1.0,2018,5
373685,Hồ Chí Minh,0h - 9h,1.0,2018,1
373691,Hải Phòng,17h - 21h,2.0,2018,5
373691,Hải Phòng,0h - 9h,2.0,2018,1
373691,Hải Phòng,11h - 14h,3.0,2018,3
373706,Hải Phòng,9h - 11h,9.0,2018,2
373706,Hải Phòng,17h - 21h,4.0,2018,5
373789,Hồ Chí Minh,14h - 17h,1.0,2018,4
373789,Hồ Chí Minh,0h - 9h,20.0,2018,1
373789,Hồ Chí Minh,11h - 14h,3.0,2018,3
373854,Hồ Chí Minh,11h - 14h,2.0,2018,3
373854,Hồ Chí Minh,17h - 21h,1.0,2018,5
373854,Hồ Chí Minh,0h - 9h,2.0,2018,1
373855,Hồ Chí Minh,17h - 21h,1.0,2018,5
373855,Hồ Chí Minh,9h - 11h,1.0,2018,2
373856,Hồ Chí Minh,14h - 17h,1.0,2018,4
373856,Hồ Chí Minh,17h - 21h,1.0,2018,5
374075,Hải Phòng,9h - 11h,3.0,2018,2
374075,Hải Phòng,17h - 21h,1.0,2018,5
374075,Hải Phòng,0h - 9h,14.0,2018,1
374076,Hải Phòng,0h - 9h,17.0,2018,1
374076,Hải Phòng,9h - 11h,2.0,2018,2
374076,Hải Phòng,17h - 21h,1.0,2018,5
374077,Hải Phòng,17h - 21h,2.0,2018,5
374077,Hải Phòng,0h - 9h,3.0,2018,1
374078,Hải Phòng,17h - 21h,4.0,2018,5
374078,Hải Phòng,14h - 17h,4.0,2018,4
374079,Hải Phòng,0h - 9h,12.0,2018,1
374079,Hải Phòng,17h - 21h,2.0,2018,5
374079,Hải Phòng,9h - 11h,3.0,2018,2
374080,Hải Phòng,14h - 17h,2.0,2018,4
374080,Hải Phòng,17h - 21h,2.0,2018,5
374275,Hồ Chí Minh,11h - 14h,1.0,2018,3
374275,Hồ Chí Minh,14h - 17h,1.0,2018,4
374276,Hồ Chí Minh,17h - 21h,6.0,2018,5
374277,Hồ Chí Minh,17h - 21h,1.0,2018,5
374277,Hồ Chí Minh,21h+,1.0,2018,6
374278,Hồ Chí Minh,14h - 17h,1.0,2018,4
374278,Hồ Chí Minh,17h - 21h,1.0,2018,5
374279,Hồ Chí Minh,17h - 21h,4.0,2018,5
374282,Hải Phòng,17h - 21h,8.0,2018,5
374331,Hồ Chí Minh,17h - 21h,2.0,2018,5
374331,Hồ Chí Minh,0h - 9h,14.0,2018,1
374332,Hồ Chí Minh,17h - 21h,4.0,2018,5
374332,Hồ Chí Minh,0h - 9h,6.0,2018,1
374333,Hồ Chí Minh,17h - 21h,2.0,2018,5
374334,Hồ Chí Minh,17h - 21h,6.0,2018,5
374362,Hồ Chí Minh,0h - 9h,1.0,2018,1
374363,Hồ Chí Minh,17h - 21h,6.0,2018,5
374364,Hồ Chí Minh,0h - 9h,24.0,2018,1
374365,Hồ Chí Minh,17h - 21h,2.0,2018,5
374365,Hồ Chí Minh,14h - 17h,2.0,2018,4
374365,Hồ Chí Minh,0h - 9h,12.0,2018,1
374691,Đà Nẵng,17h - 21h,6.0,2018,5
374691,Đà Nẵng,0h - 9h,11.0,2018,1
374727,Đà Nẵng,0h - 9h,2.0,2018,1
374856,Đà Nẵng,14h - 17h,1.0,2018,4
374856,Đà Nẵng,0h - 9h,2.0,2018,1
374856,Đà Nẵng,9h - 11h,4.0,2018,2
375194,Đà Nẵng,0h - 9h,11.0,2018,1
375271,Đà Nẵng,17h - 21h,4.0,2018,5
375271,Đà Nẵng,14h - 17h,6.0,2018,4
375271,Đà Nẵng,0h - 9h,16.0,2018,1
375500,Đà Nẵng,0h - 9h,16.0,2018,1
375504,Đà Nẵng,14h - 17h,10.0,2018,4
375504,Đà Nẵng,9h - 11h,6.0,2018,2
375678,Đà Nẵng,0h - 9h,2.0,2018,1
375678,Đà Nẵng,17h - 21h,1.0,2018,5
375849,Đà Nẵng,0h - 9h,18.0,2018,1
375849,Đà Nẵng,17h - 21h,2.0,2018,5
375856,Đà Nẵng,0h - 9h,16.0,2018,1
375991,Đà Nẵng,0h - 9h,30.0,2018,1
376026,Đà Nẵng,0h - 9h,2.0,2018,1
376026,Đà Nẵng,17h - 21h,3.0,2018,5
376082,Cần Thơ,0h - 9h,20.0,2018,1
376083,Cần Thơ,0h - 9h,20.0,2018,1
376176,Đà Nẵng,0h - 9h,16.0,2018,1
376176,Đà Nẵng,9h - 11h,4.0,2018,2
376693,Đà Nẵng,14h - 17h,4.0,2018,4
376693,Đà Nẵng,0h - 9h,4.0,2018,1
376724,Đà Nẵng,0h - 9h,25.0,2018,1
376744,Đà Nẵng,17h - 21h,5.0,2018,5
376744,Đà Nẵng,9h - 11h,13.0,2018,2
376744,Đà Nẵng,0h - 9h,18.0,2018,1
376744,Đà Nẵng,21h+,15.0,2018,6
376855,Đà Nẵng,0h - 9h,6.0,2018,1
376992,Đà Nẵng,0h - 9h,7.0,2018,1
377074,Cần Thơ,17h - 21h,16.0,2018,5
377177,Đà Nẵng,17h - 21h,11.0,2018,5
377250,Đà Nẵng,0h - 9h,24.0,2018,1
377402,Hà Nội,9h - 11h,1.0,2018,2
377402,Hà Nội,17h - 21h,2.0,2018,5
377783,Hà Nội,17h - 21h,2.0,2018,5
377784,Hà Nội,14h - 17h,2.0,2018,4
377785,Hà Nội,17h - 21h,2.0,2018,5
377786,Hồ Chí Minh,14h - 17h,6.0,2018,4
377786,Hồ Chí Minh,17h - 21h,2.0,2018,5
377849,Cần Thơ,0h - 9h,24.0,2018,1
377930,Cần Thơ,0h - 9h,4.0,2018,1
378154,Cần Thơ,17h - 21h,5.0,2018,5
378334,Cần Thơ,17h - 21h,6.0,2018,5
378350,Đà Nẵng,0h - 9h,16.0,2018,1
378350,Đà Nẵng,17h - 21h,14.0,2018,5
378362,Đà Nẵng,0h - 9h,3.0,2018,1
378382,Hồ Chí Minh,11h - 14h,2.0,2018,3
378382,Hồ Chí Minh,0h - 9h,22.0,2018,1
378433,Đà Nẵng,17h - 21h,10.0,2018,5
378433,Đà Nẵng,0h - 9h,10.0,2018,1
378582,Đà Nẵng,0h - 9h,25.0,2018,1
378613,Hồ Chí Minh,17h - 21h,4.0,2018,5
378651,Đà Nẵng,11h - 14h,12.0,2018,3
378651,Đà Nẵng,17h - 21h,6.0,2018,5
378651,Đà Nẵng,0h - 9h,17.0,2018,1
378653,Đà Nẵng,17h - 21h,2.0,2018,5
378653,Đà Nẵng,0h - 9h,2.0,2018,1
378669,Đà Nẵng,0h - 9h,13.0,2018,1
378872,Hà Nội,21h+,3.0,2018,6
378872,Hà Nội,17h - 21h,2.0,2018,5
378873,Hà Nội,17h - 21h,3.0,2018,5
378873,Hà Nội,21h+,2.0,2018,6
378873,Hà Nội,0h - 9h,1.0,2018,1
378874,Hà Nội,21h+,3.0,2018,6
378874,Hà Nội,17h - 21h,3.0,2018,5
378875,Hà Nội,17h - 21h,3.0,2018,5
378875,Hà Nội,0h - 9h,2.0,2018,1
378875,Hà Nội,21h+,3.0,2018,6
378877,Hà Nội,21h+,2.0,2018,6
378877,Hà Nội,17h - 21h,3.0,2018,5
378878,Hà Nội,17h - 21h,2.0,2018,5
378878,Hà Nội,0h - 9h,2.0,2018,1
378878,Hà Nội,21h+,2.0,2018,6
378879,Hà Nội,17h - 21h,3.0,2018,5
378879,Hà Nội,21h+,4.0,2018,6
379200,Đà Nẵng,17h - 21h,5.0,2018,5
379240,Đà Nẵng,0h - 9h,25.0,2018,1
379249,Đà Nẵng,0h - 9h,4.0,2018,1
379336,Đà Nẵng,17h - 21h,4.0,2018,5
379336,Đà Nẵng,0h - 9h,3.0,2018,1
379368,Đà Nẵng,11h - 14h,6.0,2018,3
379368,Đà Nẵng,0h - 9h,30.0,2018,1
379371,Hồ Chí Minh,11h - 14h,4.0,2018,3
379371,Hồ Chí Minh,0h - 9h,12.0,2018,1
379371,Hồ Chí Minh,14h - 17h,8.0,2018,4
379451,Cần Thơ,11h - 14h,12.0,2018,3
379451,Cần Thơ,0h - 9h,13.0,2018,1
379569,Cần Thơ,0h - 9h,20.0,2018,1
379570,Cần Thơ,0h - 9h,26.0,2018,1
379571,Cần Thơ,0h - 9h,20.0,2018,1
379572,Cần Thơ,0h - 9h,5.0,2018,1
379573,Cần Thơ,0h - 9h,10.0,2018,1
379615,Đà Nẵng,9h - 11h,4.0,2018,2
379722,Nha Trang,17h - 21h,1.0,2018,5
379818,Đà Nẵng,11h - 14h,5.0,2018,3
379818,Đà Nẵng,21h+,4.0,2018,6
379818,Đà Nẵng,14h - 17h,6.0,2018,4
379818,Đà Nẵng,0h - 9h,4.0,2018,1
379818,Đà Nẵng,17h - 21h,6.0,2018,5
379818,Đà Nẵng,9h - 11h,4.0,2018,2
379845,Nha Trang,17h - 21h,3.0,2018,5
379869,Hà Nội,21h+,2.0,2018,6
379869,Hà Nội,17h - 21h,3.0,2018,5
379914,Đà Nẵng,9h - 11h,2.0,2018,2
379914,Đà Nẵng,17h - 21h,2.0,2018,5
380040,Đà Nẵng,0h - 9h,25.0,2018,1
380067,Đà Nẵng,0h - 9h,25.0,2018,1
380089,Cần Thơ,0h - 9h,5.0,2018,1
380205,Đà Nẵng,9h - 11h,2.0,2018,2
380205,Đà Nẵng,17h - 21h,5.0,2018,5
380213,Đà Nẵng,0h - 9h,2.0,2018,1
380213,Đà Nẵng,9h - 11h,4.0,2018,2
380319,Đà Nẵng,11h - 14h,6.0,2018,3
380319,Đà Nẵng,17h - 21h,19.0,2018,5
380330,Đà Nẵng,0h - 9h,1.0,2018,1
380330,Đà Nẵng,11h - 14h,2.0,2018,3
380332,Đà Nẵng,0h - 9h,16.0,2018,1
380362,Cần Thơ,0h - 9h,5.0,2018,1
380365,Nha Trang,17h - 21h,4.0,2018,5
380522,Đà Nẵng,9h - 11h,12.0,2018,2
380570,Đà Nẵng,9h - 11h,4.0,2018,2
380570,Đà Nẵng,14h - 17h,4.0,2018,4
380658,Đà Nẵng,0h - 9h,7.0,2018,1
380658,Đà Nẵng,11h - 14h,5.0,2018,3
380658,Đà Nẵng,17h - 21h,2.0,2018,5
380659,Đà Nẵng,17h - 21h,3.0,2018,5
380659,Đà Nẵng,11h - 14h,1.0,2018,3
380668,Đà Nẵng,0h - 9h,20.0,2018,1
380670,Đà Nẵng,0h - 9h,25.0,2018,1
380814,Đà Nẵng,9h - 11h,3.0,2018,2
380814,Đà Nẵng,14h - 17h,3.0,2018,4
380837,Hồ Chí Minh,14h - 17h,3.0,2018,4
380837,Hồ Chí Minh,9h - 11h,1.0,2018,2
380839,Hồ Chí Minh,17h - 21h,1.0,2018,5
380839,Hồ Chí Minh,9h - 11h,23.0,2018,2
380884,Đà Nẵng,0h - 9h,25.0,2018,1
380900,Đà Nẵng,17h - 21h,20.0,2018,5
381311,Hà Nội,21h+,1.0,2018,6
381311,Hà Nội,17h - 21h,3.0,2018,5
381312,Hà Nội,21h+,2.0,2018,6
381313,Hà Nội,17h - 21h,1.0,2018,5
381313,Hà Nội,21h+,1.0,2018,6
381314,Hà Nội,0h - 9h,2.0,2018,1
381315,Hà Nội,0h - 9h,2.0,2018,1
381316,Hà Nội,17h - 21h,1.0,2018,5
381317,Hà Nội,17h - 21h,2.0,2018,5
381389,Hà Nội,21h+,2.0,2018,6
381389,Hà Nội,17h - 21h,3.0,2018,5
381390,Hà Nội,17h - 21h,2.0,2018,5
381390,Hà Nội,21h+,2.0,2018,6
381391,Hà Nội,17h - 21h,3.0,2018,5
381391,Hà Nội,21h+,2.0,2018,6
381392,Hà Nội,9h - 11h,2.0,2018,2
381392,Hà Nội,17h - 21h,2.0,2018,5
381393,Hà Nội,17h - 21h,2.0,2018,5
381393,Hà Nội,21h+,2.0,2018,6
381394,Hà Nội,17h - 21h,1.0,2018,5
381394,Hà Nội,9h - 11h,1.0,2018,2
381395,Hà Nội,21h+,2.0,2018,6
381395,Hà Nội,17h - 21h,2.0,2018,5
381396,Hà Nội,17h - 21h,3.0,2018,5
381396,Hà Nội,21h+,2.0,2018,6
381398,Hà Nội,21h+,3.0,2018,6
381398,Hà Nội,17h - 21h,3.0,2018,5
381463,Hà Nội,17h - 21h,4.0,2018,5
381464,Hà Nội,9h - 11h,4.0,2018,2
381464,Hà Nội,17h - 21h,3.0,2018,5
381465,Hà Nội,17h - 21h,3.0,2018,5
381466,Hà Nội,9h - 11h,4.0,2018,2
381468,Hà Nội,17h - 21h,8.0,2018,5
381469,Hà Nội,17h - 21h,4.0,2018,5
381469,Hà Nội,9h - 11h,4.0,2018,2
381470,Hà Nội,17h - 21h,4.0,2018,5
381495,Hà Nội,17h - 21h,1.0,2018,5
381497,Hà Nội,11h - 14h,2.0,2018,3
381497,Hà Nội,17h - 21h,5.0,2018,5
381498,Hà Nội,17h - 21h,3.0,2018,5
381499,Hà Nội,17h - 21h,4.0,2018,5
381500,Hà Nội,17h - 21h,1.0,2018,5
381500,Hà Nội,9h - 11h,2.0,2018,2
381647,Hải Phòng,0h - 9h,24.0,2018,1
381726,Cần Thơ,17h - 21h,4.0,2018,5
381730,Cần Thơ,0h - 9h,4.0,2018,1
381735,Cần Thơ,17h - 21h,5.0,2018,5
381736,Cần Thơ,17h - 21h,6.0,2018,5
381737,Cần Thơ,17h - 21h,7.0,2018,5
381738,Cần Thơ,17h - 21h,5.0,2018,5
381772,Đà Nẵng,9h - 11h,1.0,2018,2
381772,Đà Nẵng,14h - 17h,1.0,2018,4
381822,Đà Nẵng,0h - 9h,10.0,2018,1
381859,Hải Phòng,17h - 21h,5.0,2018,5
381897,Nha Trang,9h - 11h,1.0,2018,2
381897,Nha Trang,14h - 17h,6.0,2018,4
381956,Nha Trang,17h - 21h,3.0,2018,5
381956,Nha Trang,9h - 11h,1.0,2018,2
382137,Đà Nẵng,0h - 9h,16.0,2018,1
382171,Cần Thơ,11h - 14h,8.0,2018,3
382172,Cần Thơ,0h - 9h,4.0,2018,1
382173,Cần Thơ,17h - 21h,5.0,2018,5
382174,Cần Thơ,0h - 9h,4.0,2018,1
382177,Hồ Chí Minh,11h - 14h,1.0,2018,3
382177,Hồ Chí Minh,0h - 9h,3.0,2018,1
382177,Hồ Chí Minh,17h - 21h,3.0,2018,5
382203,Nha Trang,0h - 9h,2.0,2018,1
382207,Nha Trang,17h - 21h,2.0,2018,5
382207,Nha Trang,9h - 11h,1.0,2018,2
382210,Hà Nội,17h - 21h,4.0,2018,5
382210,Hà Nội,9h - 11h,2.0,2018,2
382211,Hà Nội,17h - 21h,3.0,2018,5
382211,Hà Nội,9h - 11h,3.0,2018,2
382211,Hà Nội,11h - 14h,4.0,2018,3
382212,Hà Nội,9h - 11h,2.0,2018,2
382212,Hà Nội,11h - 14h,4.0,2018,3
382212,Hà Nội,17h - 21h,4.0,2018,5
382213,Hà Nội,17h - 21h,4.0,2018,5
382215,Hà Nội,17h - 21h,4.0,2018,5
382217,Hà Nội,9h - 11h,2.0,2018,2
382217,Hà Nội,17h - 21h,2.0,2018,5
382218,Hà Nội,11h - 14h,3.0,2018,3
382219,Hà Nội,17h - 21h,1.0,2018,5
382219,Hà Nội,9h - 11h,1.0,2018,2
382221,Hà Nội,9h - 11h,3.0,2018,2
382222,Hà Nội,11h - 14h,4.0,2018,3
382222,Hà Nội,9h - 11h,1.0,2018,2
382222,Hà Nội,17h - 21h,2.0,2018,5
382223,Hà Nội,9h - 11h,8.0,2018,2
382225,Hà Nội,17h - 21h,4.0,2018,5
382226,Hà Nội,17h - 21h,4.0,2018,5
382231,Nha Trang,0h - 9h,9.0,2018,1
382231,Nha Trang,9h - 11h,5.0,2018,2
382231,Nha Trang,17h - 21h,9.0,2018,5
382263,Nha Trang,0h - 9h,2.0,2018,1
382263,Nha Trang,17h - 21h,2.0,2018,5
382264,Đà Nẵng,0h - 9h,24.0,2018,1
382264,Đà Nẵng,17h - 21h,3.0,2018,5
382290,Cần Thơ,0h - 9h,4.0,2018,1
382291,Cần Thơ,17h - 21h,5.0,2018,5
382292,Cần Thơ,0h - 9h,25.0,2018,1
382293,Cần Thơ,11h - 14h,5.0,2018,3
382293,Cần Thơ,0h - 9h,5.0,2018,1
382352,Nha Trang,0h - 9h,2.0,2018,1
382352,Nha Trang,17h - 21h,3.0,2018,5
382378,Nha Trang,17h - 21h,4.0,2018,5
382378,Nha Trang,0h - 9h,4.0,2018,1
382383,Đà Nẵng,0h - 9h,1.0,2018,1
382412,Hà Nội,11h - 14h,4.0,2018,3
382427,Đà Nẵng,0h - 9h,16.0,2018,1
382457,Nha Trang,0h - 9h,24.0,2018,1
382494,Nha Trang,14h - 17h,6.0,2018,4
382494,Nha Trang,0h - 9h,8.0,2018,1
382499,Nha Trang,0h - 9h,20.0,2018,1
382574,Hà Nội,9h - 11h,4.0,2018,2
382574,Hà Nội,17h - 21h,5.0,2018,5
382575,Hà Nội,17h - 21h,5.0,2018,5
382576,Hà Nội,17h - 21h,3.0,2018,5
382576,Hà Nội,11h - 14h,2.0,2018,3
382577,Hà Nội,9h - 11h,4.0,2018,2
382577,Hà Nội,17h - 21h,6.0,2018,5
382578,Hà Nội,17h - 21h,5.0,2018,5
382579,Hà Nội,17h - 21h,6.0,2018,5
382580,Hà Nội,17h - 21h,3.0,2018,5
382581,Hà Nội,9h - 11h,5.0,2018,2
382581,Hà Nội,17h - 21h,3.0,2018,5
382582,Hà Nội,17h - 21h,4.0,2018,5
382583,Hà Nội,17h - 21h,8.0,2018,5
382593,Nha Trang,17h - 21h,4.0,2018,5
382607,Nha Trang,11h - 14h,7.0,2018,3
382607,Nha Trang,17h - 21h,2.0,2018,5
382607,Nha Trang,21h+,2.0,2018,6
382645,Cần Thơ,11h - 14h,3.0,2018,3
382693,Hà Nội,17h - 21h,1.0,2018,5
382693,Hà Nội,21h+,1.0,2018,6
382694,Hà Nội,21h+,1.0,2018,6
382695,Hà Nội,17h - 21h,3.0,2018,5
382702,Cần Thơ,14h - 17h,4.0,2018,4
382702,Cần Thơ,0h - 9h,1.0,2018,1
382704,Nha Trang,17h - 21h,3.0,2018,5
382704,Nha Trang,0h - 9h,6.0,2018,1
382754,Hà Nội,9h - 11h,2.0,2018,2
382754,Hà Nội,17h - 21h,2.0,2018,5
382768,Đà Nẵng,0h - 9h,2.0,2018,1
382885,Đà Nẵng,0h - 9h,26.0,2018,1
382903,Nha Trang,0h - 9h,2.0,2018,1
382903,Nha Trang,17h - 21h,2.0,2018,5
382905,Cần Thơ,0h - 9h,25.0,2018,1
382947,Đà Nẵng,14h - 17h,28.0,2018,4
382947,Đà Nẵng,9h - 11h,24.0,2018,2
382969,Hồ Chí Minh,0h - 9h,22.0,2018,1
382969,Hồ Chí Minh,17h - 21h,2.0,2018,5
382970,Hồ Chí Minh,17h - 21h,3.0,2018,5
382970,Hồ Chí Minh,0h - 9h,3.0,2018,1
382972,Hồ Chí Minh,0h - 9h,10.0,2018,1
382972,Hồ Chí Minh,17h - 21h,2.0,2018,5
382973,Hồ Chí Minh,0h - 9h,3.0,2018,1
382973,Hồ Chí Minh,17h - 21h,3.0,2018,5
382974,Hồ Chí Minh,17h - 21h,2.0,2018,5
382975,Hồ Chí Minh,9h - 11h,3.0,2018,2
382975,Hồ Chí Minh,17h - 21h,3.0,2018,5
382976,Hồ Chí Minh,17h - 21h,4.0,2018,5
382998,Nha Trang,0h - 9h,7.0,2018,1
383033,Nha Trang,0h - 9h,11.0,2018,1
383033,Nha Trang,17h - 21h,9.0,2018,5
383033,Nha Trang,11h - 14h,8.0,2018,3
383045,Đà Nẵng,14h - 17h,7.0,2018,4
383045,Đà Nẵng,0h - 9h,18.0,2018,1
383060,Đà Nẵng,0h - 9h,4.0,2018,1
383095,Cần Thơ,17h - 21h,5.0,2018,5
383120,Nha Trang,11h - 14h,1.0,2018,3
383120,Nha Trang,17h - 21h,24.0,2018,5
383126,Cần Thơ,9h - 11h,4.0,2018,2
383129,Cần Thơ,0h - 9h,20.0,2018,1
383197,Đà Nẵng,17h - 21h,4.0,2018,5
383234,Đà Nẵng,0h - 9h,15.0,2018,1
383234,Đà Nẵng,11h - 14h,5.0,2018,3
383252,Đà Nẵng,0h - 9h,25.0,2018,1
383252,Đà Nẵng,14h - 17h,5.0,2018,4
383260,Cần Thơ,11h - 14h,12.0,2018,3
383260,Cần Thơ,0h - 9h,12.0,2018,1
383260,Cần Thơ,17h - 21h,11.0,2018,5
383261,Cần Thơ,0h - 9h,6.0,2018,1
383262,Cần Thơ,0h - 9h,7.0,2018,1
383263,Cần Thơ,17h - 21h,11.0,2018,5
383263,Cần Thơ,9h - 11h,11.0,2018,2
383346,Nha Trang,0h - 9h,24.0,2018,1
383350,Đà Nẵng,14h - 17h,3.0,2018,4
383363,Đà Nẵng,14h - 17h,1.0,2018,4
383363,Đà Nẵng,17h - 21h,6.0,2018,5
383411,Cần Thơ,0h - 9h,4.0,2018,1
383475,Cần Thơ,0h - 9h,24.0,2018,1
383502,Cần Thơ,0h - 9h,20.0,2018,1
383551,Hồ Chí Minh,14h - 17h,4.0,2018,4
383552,Hồ Chí Minh,17h - 21h,4.0,2018,5
383553,Hồ Chí Minh,14h - 17h,1.0,2018,4
383555,Hồ Chí Minh,0h - 9h,2.0,2018,1
383555,Hồ Chí Minh,14h - 17h,2.0,2018,4
383556,Hồ Chí Minh,11h - 14h,4.0,2018,3
383557,Hồ Chí Minh,0h - 9h,16.0,2018,1
383557,Hồ Chí Minh,11h - 14h,3.5,2018,3
383606,Cần Thơ,0h - 9h,24.0,2018,1
383607,Cần Thơ,17h - 21h,2.0,2018,5
383607,Cần Thơ,0h - 9h,17.0,2018,1
383607,Cần Thơ,14h - 17h,5.0,2018,4
383608,Cần Thơ,17h - 21h,2.0,2018,5
383608,Cần Thơ,0h - 9h,20.0,2018,1
383608,Cần Thơ,9h - 11h,2.0,2018,2
383629,Đà Nẵng,14h - 17h,3.0,2018,4
383647,Cần Thơ,14h - 17h,4.0,2018,4
383649,Cần Thơ,0h - 9h,8.0,2018,1
383669,Đà Nẵng,11h - 14h,3.0,2018,3
383669,Đà Nẵng,0h - 9h,25.0,2018,1
383728,Cần Thơ,0h - 9h,24.0,2018,1
383729,Cần Thơ,17h - 21h,10.0,2018,5
383729,Cần Thơ,0h - 9h,14.0,2018,1
383730,Cần Thơ,0h - 9h,24.0,2018,1
383731,Cần Thơ,0h - 9h,24.0,2018,1
383803,Cần Thơ,0h - 9h,20.0,2018,1
383818,Cần Thơ,17h - 21h,2.0,2018,5
383881,Cần Thơ,0h - 9h,24.0,2018,1
383928,Cần Thơ,14h - 17h,2.0,2018,4
384175,Hồ Chí Minh,17h - 21h,1.0,2018,5
384175,Hồ Chí Minh,14h - 17h,1.0,2018,4
384239,Hà Nội,17h - 21h,4.0,2018,5
384438,Cần Thơ,0h - 9h,24.0,2018,1
384565,Đà Nẵng,0h - 9h,7.0,2018,1
384565,Đà Nẵng,17h - 21h,7.0,2018,5
384688,Nha Trang,17h - 21h,3.0,2018,5
384887,Cần Thơ,0h - 9h,2.0,2018,1
384912,Nha Trang,17h - 21h,11.0,2018,5
384912,Nha Trang,0h - 9h,3.0,2018,1
384912,Nha Trang,14h - 17h,2.0,2018,4
384921,Hà Nội,21h+,4.0,2018,6
384921,Hà Nội,17h - 21h,4.0,2018,5
384922,Hà Nội,17h - 21h,1.0,2018,5
384922,Hà Nội,9h - 11h,3.0,2018,2
384927,Hà Nội,17h - 21h,3.0,2018,5
384927,Hà Nội,14h - 17h,1.0,2018,4
384928,Hà Nội,17h - 21h,4.0,2018,5
384947,Đà Nẵng,0h - 9h,18.0,2018,1
384947,Đà Nẵng,11h - 14h,9.0,2018,3
385283,Cần Thơ,11h - 14h,7.0,2018,3
385283,Cần Thơ,0h - 9h,8.0,2018,1
385283,Cần Thơ,17h - 21h,5.0,2018,5
385284,Cần Thơ,17h - 21h,14.0,2018,5
385284,Cần Thơ,0h - 9h,28.0,2018,1
385286,Cần Thơ,0h - 9h,20.0,2018,1
385288,Cần Thơ,17h - 21h,5.0,2018,5
385288,Cần Thơ,0h - 9h,4.0,2018,1
385339,Đà Nẵng,0h - 9h,4.0,2018,1
385339,Đà Nẵng,17h - 21h,2.0,2018,5
385348,Đà Nẵng,17h - 21h,2.0,2018,5
385348,Đà Nẵng,0h - 9h,9.0,2018,1
385428,Đà Nẵng,0h - 9h,1.0,2018,1
385726,Đà Nẵng,0h - 9h,1.0,2018,1
385726,Đà Nẵng,9h - 11h,2.0,2018,2
385884,Cần Thơ,11h - 14h,25.0,2018,3
385884,Cần Thơ,0h - 9h,25.0,2018,1
385885,Cần Thơ,0h - 9h,25.0,2018,1
385886,Cần Thơ,14h - 17h,4.0,2018,4
385963,Hồ Chí Minh,17h - 21h,1.0,2018,5
385963,Hồ Chí Minh,0h - 9h,15.0,2018,1
386007,Cần Thơ,0h - 9h,2.0,2018,1
386130,Hồ Chí Minh,0h - 9h,1.0,2018,1
386148,Đà Nẵng,0h - 9h,20.0,2018,1
386262,Nha Trang,17h - 21h,5.0,2018,5
386271,Hải Phòng,9h - 11h,4.0,2018,2
386287,Hồ Chí Minh,14h - 17h,2.0,2018,4
386287,Hồ Chí Minh,17h - 21h,1.0,2018,5
386287,Hồ Chí Minh,11h - 14h,3.5,2018,3
386288,Hồ Chí Minh,17h - 21h,1.0,2018,5
386288,Hồ Chí Minh,9h - 11h,3.0,2018,2
386289,Hồ Chí Minh,14h - 17h,2.0,2018,4
386289,Hồ Chí Minh,0h - 9h,1.0,2018,1
386289,Hồ Chí Minh,17h - 21h,1.0,2018,5
386290,Hồ Chí Minh,0h - 9h,6.0,2018,1
386290,Hồ Chí Minh,14h - 17h,1.0,2018,4
386291,Hồ Chí Minh,17h - 21h,5.0,2018,5
386291,Hồ Chí Minh,0h - 9h,5.0,2018,1
386291,Hồ Chí Minh,14h - 17h,4.0,2018,4
386293,Hồ Chí Minh,14h - 17h,4.0,2018,4
386293,Hồ Chí Minh,0h - 9h,11.0,2018,1
386293,Hồ Chí Minh,17h - 21h,9.0,2018,5
386294,Hồ Chí Minh,17h - 21h,1.0,2018,5
386294,Hồ Chí Minh,0h - 9h,1.0,2018,1
386296,Hồ Chí Minh,14h - 17h,2.0,2018,4
386296,Hồ Chí Minh,0h - 9h,1.0,2018,1
386309,Đà Nẵng,17h - 21h,4.0,2018,5
386309,Đà Nẵng,0h - 9h,2.0,2018,1
386417,Đà Nẵng,0h - 9h,3.0,2018,1
386417,Đà Nẵng,17h - 21h,2.0,2018,5
386426,Cần Thơ,17h - 21h,2.0,2018,5
386426,Cần Thơ,9h - 11h,2.0,2018,2
386466,Cần Thơ,17h - 21h,26.0,2018,5
386467,Cần Thơ,0h - 9h,9.0,2018,1
386468,Cần Thơ,0h - 9h,25.0,2018,1
386468,Cần Thơ,14h - 17h,25.0,2018,4
386469,Cần Thơ,11h - 14h,25.0,2018,3
386469,Cần Thơ,0h - 9h,25.0,2018,1
386469,Cần Thơ,17h - 21h,25.0,2018,5
386475,Đà Nẵng,0h - 9h,2.0,2018,1
386486,Nha Trang,17h - 21h,12.0,2018,5
386486,Nha Trang,0h - 9h,12.0,2018,1
386524,Đà Nẵng,14h - 17h,3.0,2018,4
386524,Đà Nẵng,17h - 21h,3.0,2018,5
386524,Đà Nẵng,0h - 9h,6.0,2018,1
386525,Cần Thơ,0h - 9h,24.0,2018,1
386526,Cần Thơ,0h - 9h,24.0,2018,1
386527,Cần Thơ,9h - 11h,8.0,2018,2
386527,Cần Thơ,0h - 9h,16.0,2018,1
386550,Hồ Chí Minh,14h - 17h,2.0,2018,4
386550,Hồ Chí Minh,0h - 9h,6.0,2018,1
386551,Đà Nẵng,0h - 9h,18.0,2018,1
386551,Đà Nẵng,14h - 17h,7.0,2018,4
386598,Nha Trang,0h - 9h,6.0,2018,1
386646,Hồ Chí Minh,17h - 21h,3.0,2018,5
386646,Hồ Chí Minh,0h - 9h,15.0,2018,1
386647,Hồ Chí Minh,14h - 17h,1.0,2018,4
386647,Hồ Chí Minh,17h - 21h,1.0,2018,5
386664,Đà Nẵng,0h - 9h,5.0,2018,1
386687,Đà Nẵng,17h - 21h,8.0,2018,5
386694,Nha Trang,0h - 9h,1.0,2018,1
386706,Cần Thơ,0h - 9h,1.0,2018,1
386729,Cần Thơ,0h - 9h,24.0,2018,1
386734,Cần Thơ,0h - 9h,10.0,2018,1
386735,Cần Thơ,0h - 9h,25.0,2018,1
386736,Cần Thơ,0h - 9h,20.0,2018,1
386737,Cần Thơ,11h - 14h,26.0,2018,3
386738,Cần Thơ,0h - 9h,4.0,2018,1
386747,Cần Thơ,0h - 9h,26.0,2018,1
386762,Cần Thơ,0h - 9h,24.0,2018,1
386763,Cần Thơ,9h - 11h,2.0,2018,2
386763,Cần Thơ,0h - 9h,22.0,2018,1
386764,Cần Thơ,0h - 9h,20.0,2018,1
386764,Cần Thơ,9h - 11h,4.0,2018,2
386782,Đà Nẵng,0h - 9h,25.0,2018,1
386832,Cần Thơ,9h - 11h,12.0,2018,2
386832,Cần Thơ,0h - 9h,12.0,2018,1
386847,Nha Trang,0h - 9h,24.0,2018,1
386899,Cần Thơ,17h - 21h,24.0,2018,5
386901,Nha Trang,17h - 21h,8.0,2018,5
386901,Nha Trang,0h - 9h,18.0,2018,1
386923,Cần Thơ,9h - 11h,12.0,2018,2
386923,Cần Thơ,0h - 9h,12.0,2018,1
386993,Hải Phòng,9h - 11h,48.0,2018,2
386995,Hải Phòng,9h - 11h,20.0,2018,2
387017,Nha Trang,11h - 14h,12.0,2018,3
387031,Nha Trang,17h - 21h,4.0,2018,5
387044,Nha Trang,0h - 9h,1.0,2018,1
387044,Nha Trang,17h - 21h,1.0,2018,5
387055,Nha Trang,0h - 9h,1.0,2018,1
387067,Đà Nẵng,11h - 14h,17.0,2018,3
387067,Đà Nẵng,0h - 9h,17.0,2018,1
387067,Đà Nẵng,17h - 21h,4.0,2018,5
387104,Cần Thơ,17h - 21h,5.0,2018,5
387150,Cần Thơ,0h - 9h,20.0,2018,1
387164,Nha Trang,0h - 9h,4.0,2018,1
387164,Nha Trang,17h - 21h,2.0,2018,5
387167,Nha Trang,0h - 9h,24.0,2018,1
387298,Cần Thơ,0h - 9h,4.0,2018,1
387338,Đà Nẵng,0h - 9h,4.0,2018,1
387442,Đà Nẵng,0h - 9h,15.0,2018,1
387721,Hải Phòng,21h+,3.0,2018,6
387721,Hải Phòng,9h - 11h,4.0,2018,2
387721,Hải Phòng,17h - 21h,1.0,2018,5
387778,Hải Phòng,17h - 21h,1.0,2018,5
387778,Hải Phòng,9h - 11h,1.0,2018,2
387784,Cần Thơ,0h - 9h,8.0,2018,1
387801,Cần Thơ,17h - 21h,5.0,2018,5
387870,Hải Phòng,21h+,4.0,2018,6
387870,Hải Phòng,17h - 21h,4.0,2018,5
387928,Cần Thơ,0h - 9h,20.0,2018,1
387932,Cần Thơ,14h - 17h,4.0,2018,4
387946,Hải Phòng,21h+,1.0,2018,6
387946,Hải Phòng,0h - 9h,1.0,2018,1
388080,Hồ Chí Minh,14h - 17h,2.0,2018,4
388080,Hồ Chí Minh,9h - 11h,2.0,2018,2
388338,Hà Nội,9h - 11h,4.0,2018,2
388339,Hải Phòng,0h - 9h,25.0,2018,1
388340,Hải Phòng,17h - 21h,1.0,2018,5
388341,Hải Phòng,17h - 21h,3.0,2018,5
388349,Hải Phòng,17h - 21h,6.0,2018,5
388359,Hải Phòng,17h - 21h,3.0,2018,5
388360,Hải Phòng,17h - 21h,2.0,2018,5
388601,Nha Trang,17h - 21h,12.0,2018,5
388601,Nha Trang,0h - 9h,12.0,2018,1
388725,Cần Thơ,0h - 9h,24.0,2018,1
388788,Đà Nẵng,0h - 9h,26.0,2018,1
389039,Cần Thơ,0h - 9h,24.0,2018,1
389045,Nha Trang,9h - 11h,24.0,2018,2
389045,Nha Trang,17h - 21h,12.0,2018,5
389115,Hải Phòng,21h+,6.0,2018,6
389115,Hải Phòng,17h - 21h,3.0,2018,5
389115,Hải Phòng,14h - 17h,3.0,2018,4
389115,Hải Phòng,9h - 11h,5.0,2018,2
389205,Cần Thơ,0h - 9h,24.0,2018,1
389206,Cần Thơ,9h - 11h,7.0,2018,2
389206,Cần Thơ,0h - 9h,17.0,2018,1
389207,Cần Thơ,0h - 9h,20.0,2018,1
389207,Cần Thơ,9h - 11h,4.0,2018,2
389251,Cần Thơ,0h - 9h,10.0,2018,1
389255,Cần Thơ,0h - 9h,12.0,2018,1
389255,Cần Thơ,11h - 14h,4.0,2018,3
389255,Cần Thơ,9h - 11h,8.0,2018,2
389256,Cần Thơ,0h - 9h,13.0,2018,1
389256,Cần Thơ,9h - 11h,11.0,2018,2
389257,Cần Thơ,0h - 9h,14.0,2018,1
389257,Cần Thơ,9h - 11h,10.0,2018,2
389419,Cần Thơ,14h - 17h,24.0,2018,4
389424,Cần Thơ,14h - 17h,8.0,2018,4
389425,Cần Thơ,0h - 9h,4.0,2018,1
389454,Cần Thơ,0h - 9h,14.0,2018,1
389454,Cần Thơ,9h - 11h,10.0,2018,2
389587,Nha Trang,17h - 21h,6.0,2018,5
389598,Cần Thơ,0h - 9h,12.0,2018,1
389598,Cần Thơ,9h - 11h,12.0,2018,2
389637,Hải Phòng,17h - 21h,3.0,2018,5
389700,Đà Nẵng,0h - 9h,9.0,2018,1
389704,Cần Thơ,0h - 9h,24.0,2018,1
389760,Hải Phòng,0h - 9h,4.0,2018,1
389761,Hải Phòng,0h - 9h,2.0,2018,1
389761,Hải Phòng,17h - 21h,1.0,2018,5
389770,Cần Thơ,11h - 14h,6.0,2018,3
389770,Cần Thơ,9h - 11h,10.0,2018,2
389770,Cần Thơ,0h - 9h,14.0,2018,1
389772,Cần Thơ,0h - 9h,24.0,2018,1
389783,Cần Thơ,9h - 11h,12.0,2018,2
389783,Cần Thơ,0h - 9h,12.0,2018,1
389783,Cần Thơ,11h - 14h,6.0,2018,3
389784,Cần Thơ,9h - 11h,8.0,2018,2
389784,Cần Thơ,0h - 9h,16.0,2018,1
389893,Đà Nẵng,0h - 9h,7.0,2018,1
389894,Hải Phòng,17h - 21h,1.0,2018,5
389894,Hải Phòng,21h+,3.0,2018,6
389894,Hải Phòng,9h - 11h,1.0,2018,2
389905,Cần Thơ,17h - 21h,4.0,2018,5
389988,Cần Thơ,0h - 9h,25.0,2018,1
390025,Cần Thơ,0h - 9h,20.0,2018,1
390102,Cần Thơ,17h - 21h,5.0,2018,5
390115,Hải Phòng,9h - 11h,16.0,2018,2
390115,Hải Phòng,21h+,1.0,2018,6
390119,Nha Trang,17h - 21h,1.0,2018,5
390119,Nha Trang,0h - 9h,24.0,2018,1
390222,Hải Phòng,17h - 21h,21.0,2018,5
390223,Hải Phòng,17h - 21h,4.0,2018,5
390224,Hải Phòng,9h - 11h,4.0,2018,2
390225,Hải Phòng,11h - 14h,4.0,2018,3
390226,Hải Phòng,11h - 14h,17.0,2018,3
390232,Hải Phòng,9h - 11h,2.0,2018,2
390232,Hải Phòng,0h - 9h,2.0,2018,1
390233,Hải Phòng,0h - 9h,4.0,2018,1
390246,Đà Nẵng,0h - 9h,24.0,2018,1
390311,Đà Nẵng,0h - 9h,25.0,2018,1
390348,Hồ Chí Minh,17h - 21h,1.0,2018,5
390349,Hồ Chí Minh,0h - 9h,4.0,2018,1
390350,Hồ Chí Minh,17h - 21h,2.0,2018,5
390350,Hồ Chí Minh,0h - 9h,2.0,2018,1
390352,Hồ Chí Minh,0h - 9h,1.0,2018,1
390352,Hồ Chí Minh,14h - 17h,1.0,2018,4
390353,Hồ Chí Minh,17h - 21h,2.0,2018,5
390353,Hồ Chí Minh,14h - 17h,1.0,2018,4
390427,Nha Trang,17h - 21h,2.0,2018,5
390440,Hải Phòng,21h+,1.0,2018,6
390440,Hải Phòng,9h - 11h,6.0,2018,2
390440,Hải Phòng,17h - 21h,3.0,2018,5
390443,Đà Nẵng,17h - 21h,6.0,2018,5
390443,Đà Nẵng,0h - 9h,4.0,2018,1
390576,Đà Nẵng,0h - 9h,19.0,2018,1
390576,Đà Nẵng,14h - 17h,8.0,2018,4
390582,Hà Nội,17h - 21h,3.0,2018,5
390603,Hải Phòng,21h+,2.0,2018,6
390744,Hà Nội,17h - 21h,1.0,2018,5
390803,Nha Trang,0h - 9h,6.0,2018,1
390831,Đà Nẵng,17h - 21h,1.0,2018,5
390865,Đà Nẵng,0h - 9h,26.0,2018,1
390974,Hà Nội,17h - 21h,3.0,2018,5
390974,Hà Nội,9h - 11h,3.0,2018,2
390984,Nha Trang,9h - 11h,8.0,2018,2
390984,Nha Trang,17h - 21h,2.0,2018,5
391042,Đà Nẵng,0h - 9h,16.0,2018,1
391044,Đà Nẵng,0h - 9h,25.0,2018,1
391106,Hồ Chí Minh,17h - 21h,2.0,2018,5
391106,Hồ Chí Minh,0h - 9h,1.0,2018,1
391108,Hồ Chí Minh,0h - 9h,5.0,2018,1
391108,Hồ Chí Minh,14h - 17h,5.0,2018,4
391108,Hồ Chí Minh,17h - 21h,4.0,2018,5
391109,Hồ Chí Minh,0h - 9h,12.0,2018,1
391109,Hồ Chí Minh,17h - 21h,12.0,2018,5
391110,Hồ Chí Minh,17h - 21h,2.0,2018,5
391110,Hồ Chí Minh,0h - 9h,1.0,2018,1
391111,Hồ Chí Minh,0h - 9h,1.0,2018,1
391111,Hồ Chí Minh,9h - 11h,1.0,2018,2
391111,Hồ Chí Minh,14h - 17h,2.0,2018,4
391111,Hồ Chí Minh,17h - 21h,2.0,2018,5
391112,Hồ Chí Minh,0h - 9h,1.0,2018,1
391112,Hồ Chí Minh,17h - 21h,1.0,2018,5
391113,Hồ Chí Minh,17h - 21h,2.0,2018,5
391113,Hồ Chí Minh,9h - 11h,1.0,2018,2
391113,Hồ Chí Minh,14h - 17h,2.0,2018,4
391114,Hồ Chí Minh,11h - 14h,1.0,2018,3
391114,Hồ Chí Minh,17h - 21h,1.0,2018,5
391193,Hà Nội,9h - 11h,1.0,2018,2
391193,Hà Nội,17h - 21h,1.0,2018,5
391225,Hải Phòng,17h - 21h,4.0,2018,5
391225,Hải Phòng,0h - 9h,2.0,2018,1
391432,Hà Nội,17h - 21h,3.0,2018,5
391432,Hà Nội,21h+,2.0,2018,6
391535,Đà Nẵng,17h - 21h,3.0,2018,5
391667,Đà Nẵng,17h - 21h,1.0,2018,5
391944,Hải Phòng,0h - 9h,25.0,2018,1
391973,Hải Phòng,14h - 17h,8.0,2018,4
391987,Hải Phòng,0h - 9h,5.0,2018,1
391988,Hải Phòng,0h - 9h,2.0,2018,1
391991,Hải Phòng,0h - 9h,4.0,2018,1
391992,Hải Phòng,17h - 21h,3.0,2018,5
392005,Hải Phòng,0h - 9h,8.0,2018,1
392008,Hà Nội,11h - 14h,1.0,2018,3
392008,Hà Nội,17h - 21h,3.0,2018,5
392009,Hà Nội,9h - 11h,3.0,2018,2
392009,Hà Nội,17h - 21h,3.0,2018,5
392010,Hà Nội,17h - 21h,4.0,2018,5
392011,Hà Nội,17h - 21h,1.0,2018,5
392012,Hải Phòng,0h - 9h,4.0,2018,1
392013,Hải Phòng,9h - 11h,3.0,2018,2
392015,Hải Phòng,9h - 11h,2.0,2018,2
392018,Hải Phòng,17h - 21h,8.0,2018,5
392019,Hải Phòng,0h - 9h,4.0,2018,1
392020,Hải Phòng,17h - 21h,4.0,2018,5
392021,Hải Phòng,17h - 21h,2.0,2018,5
392022,Hải Phòng,17h - 21h,1.0,2018,5
392023,Hải Phòng,9h - 11h,7.0,2018,2
392024,Hải Phòng,17h - 21h,3.0,2018,5
392025,Hải Phòng,17h - 21h,1.0,2018,5
392028,Hải Phòng,9h - 11h,2.0,2018,2
392029,Hải Phòng,0h - 9h,1.0,2018,1
392030,Hải Phòng,0h - 9h,1.0,2018,1
392030,Hải Phòng,17h - 21h,1.0,2018,5
392032,Hải Phòng,14h - 17h,3.0,2018,4
392033,Hải Phòng,17h - 21h,3.0,2018,5
392040,Hải Phòng,17h - 21h,10.0,2018,5
392041,Hải Phòng,9h - 11h,4.0,2018,2
392041,Hải Phòng,17h - 21h,8.0,2018,5
392042,Hải Phòng,17h - 21h,3.0,2018,5
392043,Hải Phòng,17h - 21h,8.0,2018,5
392043,Hải Phòng,0h - 9h,6.0,2018,1
392044,Hải Phòng,17h - 21h,3.0,2018,5
392045,Hải Phòng,0h - 9h,24.0,2018,1
392122,Cần Thơ,17h - 21h,2.0,2018,5
392123,Cần Thơ,0h - 9h,6.0,2018,1
392124,Cần Thơ,0h - 9h,26.0,2018,1
392125,Cần Thơ,0h - 9h,3.0,2018,1
392125,Cần Thơ,14h - 17h,3.0,2018,4
392126,Cần Thơ,21h+,13.0,2018,6
392126,Cần Thơ,0h - 9h,12.0,2018,1
392165,Hồ Chí Minh,9h - 11h,24.0,2018,2
392166,Hồ Chí Minh,0h - 9h,24.0,2018,1
392167,Hồ Chí Minh,0h - 9h,24.0,2018,1
392168,Hồ Chí Minh,0h - 9h,16.0,2018,1
392304,Đà Nẵng,17h - 21h,5.0,2018,5
392306,Hải Phòng,14h - 17h,2.0,2018,4
392306,Hải Phòng,0h - 9h,18.0,2018,1
392307,Hải Phòng,0h - 9h,8.0,2018,1
392307,Hải Phòng,17h - 21h,3.0,2018,5
392307,Hải Phòng,21h+,2.0,2018,6
392319,Đà Nẵng,9h - 11h,2.0,2018,2
392319,Đà Nẵng,17h - 21h,2.0,2018,5
392344,Hà Nội,0h - 9h,1.0,2018,1
392406,Hồ Chí Minh,17h - 21h,2.0,2018,5
392407,Hồ Chí Minh,9h - 11h,4.0,2018,2
392408,Hồ Chí Minh,0h - 9h,24.0,2018,1
392409,Hồ Chí Minh,0h - 9h,6.0,2018,1
392410,Hồ Chí Minh,0h - 9h,22.0,2018,1
392411,Hồ Chí Minh,0h - 9h,6.0,2018,1
392428,Hồ Chí Minh,17h - 21h,8.0,2018,5
392429,Hồ Chí Minh,17h - 21h,2.0,2018,5
392429,Hồ Chí Minh,0h - 9h,12.0,2018,1
392429,Hồ Chí Minh,11h - 14h,10.0,2018,3
392493,Hà Nội,21h+,1.0,2018,6
392493,Hà Nội,17h - 21h,1.0,2018,5
392546,Cần Thơ,14h - 17h,4.0,2018,4
392628,Cần Thơ,14h - 17h,4.0,2018,4
392629,Cần Thơ,0h - 9h,4.0,2018,1
392645,Hà Nội,17h - 21h,3.0,2018,5
392712,Đà Nẵng,0h - 9h,26.0,2018,1
392738,Cần Thơ,0h - 9h,13.0,2018,1
392738,Cần Thơ,9h - 11h,11.0,2018,2
392746,Cần Thơ,17h - 21h,24.0,2018,5
392838,Cần Thơ,14h - 17h,4.0,2018,4
392871,Hà Nội,17h - 21h,6.0,2018,5
392984,Cần Thơ,0h - 9h,24.0,2018,1
392985,Đà Nẵng,0h - 9h,24.0,2018,1
392992,Hải Phòng,21h+,1.0,2018,6
392992,Hải Phòng,0h - 9h,8.0,2018,1
392992,Hải Phòng,17h - 21h,4.0,2018,5
392993,Hải Phòng,17h - 21h,13.0,2018,5
392993,Hải Phòng,21h+,2.0,2018,6
393002,Đà Nẵng,0h - 9h,3.0,2018,1
393002,Đà Nẵng,17h - 21h,3.0,2018,5
393048,Hà Nội,9h - 11h,4.0,2018,2
393064,Cần Thơ,14h - 17h,4.0,2018,4
393077,Hải Phòng,17h - 21h,2.0,2018,5
393125,Đà Nẵng,0h - 9h,26.0,2018,1
393198,Cần Thơ,0h - 9h,13.0,2018,1
393329,Cần Thơ,0h - 9h,20.0,2018,1
393330,Cần Thơ,17h - 21h,4.0,2018,5
393332,Cần Thơ,0h - 9h,24.0,2018,1
393333,Cần Thơ,9h - 11h,5.0,2018,2
393333,Cần Thơ,17h - 21h,5.0,2018,5
393364,Đà Nẵng,0h - 9h,26.0,2018,1
393422,Cần Thơ,14h - 17h,7.0,2018,4
393493,Hải Phòng,9h - 11h,1.0,2018,2
393493,Hải Phòng,17h - 21h,3.0,2018,5
393495,Hải Phòng,17h - 21h,7.0,2018,5
393609,Hải Phòng,21h+,2.0,2018,6
393620,Cần Thơ,0h - 9h,10.0,2018,1
393656,Đà Nẵng,11h - 14h,3.0,2018,3
393656,Đà Nẵng,0h - 9h,15.0,2018,1
393751,Cần Thơ,0h - 9h,13.0,2018,1
393783,Hải Phòng,0h - 9h,4.0,2018,1
394018,Hải Phòng,17h - 21h,3.0,2018,5
394018,Hải Phòng,11h - 14h,4.0,2018,3
394254,Hồ Chí Minh,0h - 9h,1.0,2018,1
394254,Hồ Chí Minh,14h - 17h,2.0,2018,4
394254,Hồ Chí Minh,17h - 21h,2.0,2018,5
394255,Hồ Chí Minh,0h - 9h,1.0,2018,1
394255,Hồ Chí Minh,17h - 21h,2.0,2018,5
394256,Hồ Chí Minh,17h - 21h,2.0,2018,5
394279,Hải Phòng,0h - 9h,21.0,2018,1
394279,Hải Phòng,17h - 21h,4.0,2018,5
394280,Hải Phòng,17h - 21h,4.0,2018,5
394281,Hải Phòng,9h - 11h,13.0,2018,2
394282,Hải Phòng,17h - 21h,2.0,2018,5
394485,Hải Phòng,0h - 9h,3.0,2018,1
394486,Hải Phòng,11h - 14h,1.0,2018,3
394486,Hải Phòng,17h - 21h,2.0,2018,5
394516,Hải Phòng,14h - 17h,3.0,2018,4
394517,Hải Phòng,0h - 9h,4.0,2018,1
394518,Hải Phòng,0h - 9h,25.0,2018,1
394529,Hải Phòng,0h - 9h,4.0,2018,1
394531,Hải Phòng,0h - 9h,4.0,2018,1
394532,Hải Phòng,0h - 9h,4.0,2018,1
394533,Hải Phòng,0h - 9h,2.0,2018,1
394541,Hải Phòng,17h - 21h,3.0,2018,5
394546,Hải Phòng,17h - 21h,3.0,2018,5
394547,Hải Phòng,17h - 21h,3.0,2018,5
394548,Hải Phòng,17h - 21h,3.0,2018,5
394549,Hải Phòng,17h - 21h,6.0,2018,5
394550,Hải Phòng,17h - 21h,2.0,2018,5
394572,Hải Phòng,0h - 9h,4.0,2018,1
394572,Hải Phòng,17h - 21h,7.0,2018,5
394573,Cần Thơ,0h - 9h,24.0,2018,1
394574,Cần Thơ,0h - 9h,24.0,2018,1
394575,Hải Phòng,0h - 9h,8.0,2018,1
394575,Hải Phòng,17h - 21h,6.0,2018,5
394576,Hải Phòng,0h - 9h,5.0,2018,1
394576,Hải Phòng,17h - 21h,2.0,2018,5
394577,Hải Phòng,17h - 21h,3.0,2018,5
394577,Hải Phòng,0h - 9h,5.0,2018,1
394577,Hải Phòng,9h - 11h,1.0,2018,2
394581,Hải Phòng,14h - 17h,4.0,2018,4
394581,Hải Phòng,17h - 21h,3.0,2018,5
394581,Hải Phòng,9h - 11h,7.0,2018,2
394595,Hải Phòng,17h - 21h,1.0,2018,5
394596,Hải Phòng,17h - 21h,2.0,2018,5
394597,Hải Phòng,17h - 21h,2.0,2018,5
394598,Hải Phòng,14h - 17h,5.0,2018,4
394599,Hải Phòng,9h - 11h,3.0,2018,2
394600,Hải Phòng,14h - 17h,3.0,2018,4
394601,Cần Thơ,0h - 9h,24.0,2018,1
394602,Cần Thơ,17h - 21h,2.0,2018,5
394613,Hải Phòng,9h - 11h,3.0,2018,2
394614,Hải Phòng,9h - 11h,2.0,2018,2
394615,Hải Phòng,17h - 21h,2.0,2018,5
394615,Hải Phòng,9h - 11h,1.0,2018,2
394628,Cần Thơ,0h - 9h,20.0,2018,1
394645,Cần Thơ,14h - 17h,3.0,2018,4
394678,Hải Phòng,17h - 21h,4.0,2018,5
394679,Hải Phòng,17h - 21h,8.0,2018,5
394680,Hải Phòng,17h - 21h,2.0,2018,5
394680,Hải Phòng,14h - 17h,3.0,2018,4
394747,Đà Nẵng,0h - 9h,4.0,2018,1
395037,Hà Nội,14h - 17h,2.0,2018,4
395037,Hà Nội,17h - 21h,3.0,2018,5
395038,Hà Nội,14h - 17h,3.0,2018,4
395039,Hà Nội,17h - 21h,6.0,2018,5
395040,Hà Nội,17h - 21h,3.0,2018,5
395040,Hà Nội,14h - 17h,2.0,2018,4
395099,Đà Nẵng,0h - 9h,26.0,2018,1
395124,Hải Phòng,0h - 9h,2.0,2018,1
395125,Hải Phòng,17h - 21h,4.0,2018,5
395622,Cần Thơ,9h - 11h,12.0,2018,2
395730,Hà Nội,17h - 21h,2.0,2018,5
395731,Hà Nội,17h - 21h,8.0,2018,5
395732,Hà Nội,17h - 21h,2.0,2018,5
395791,Hải Phòng,0h - 9h,2.0,2018,1
395851,Đà Nẵng,0h - 9h,3.0,2018,1
395916,Hà Nội,17h - 21h,2.0,2018,5
396066,Cần Thơ,17h - 21h,3.0,2018,5
396066,Cần Thơ,0h - 9h,4.0,2018,1
396090,Đà Nẵng,0h - 9h,16.0,2018,1
396117,Đà Nẵng,17h - 21h,12.0,2018,5
396117,Đà Nẵng,11h - 14h,12.0,2018,3
396117,Đà Nẵng,0h - 9h,26.0,2018,1
396119,Đà Nẵng,11h - 14h,6.0,2018,3
396188,Hải Phòng,17h - 21h,3.0,2018,5
396257,Hà Nội,17h - 21h,5.0,2018,5
396259,Hà Nội,21h+,2.0,2018,6
396259,Hà Nội,17h - 21h,2.0,2018,5
396267,Cần Thơ,0h - 9h,24.0,2018,1
396275,Hải Phòng,0h - 9h,4.0,2018,1
396318,Cần Thơ,0h - 9h,25.0,2018,1
396320,Cần Thơ,17h - 21h,6.0,2018,5
396321,Cần Thơ,0h - 9h,25.0,2018,1
396322,Cần Thơ,17h - 21h,4.0,2018,5
396323,Cần Thơ,0h - 9h,8.0,2018,1
396325,Cần Thơ,17h - 21h,4.0,2018,5
396325,Cần Thơ,0h - 9h,4.0,2018,1
396326,Cần Thơ,17h - 21h,27.0,2018,5
396326,Cần Thơ,0h - 9h,27.0,2018,1
396328,Cần Thơ,0h - 9h,24.0,2018,1
396335,Đà Nẵng,0h - 9h,26.0,2018,1
396389,Cần Thơ,17h - 21h,5.0,2018,5
396389,Cần Thơ,0h - 9h,5.0,2018,1
396391,Cần Thơ,17h - 21h,10.0,2018,5
396393,Cần Thơ,17h - 21h,2.0,2018,5
396614,Cần Thơ,0h - 9h,12.0,2018,1
396614,Cần Thơ,14h - 17h,13.0,2018,4
396684,Đà Nẵng,11h - 14h,11.0,2018,3
396684,Đà Nẵng,17h - 21h,4.0,2018,5
396866,Đà Nẵng,17h - 21h,2.0,2018,5
396939,Hải Phòng,17h - 21h,5.0,2018,5
396939,Hải Phòng,9h - 11h,3.0,2018,2
396940,Hải Phòng,17h - 21h,2.0,2018,5
396940,Hải Phòng,9h - 11h,5.0,2018,2
396941,Hải Phòng,9h - 11h,8.0,2018,2
396941,Hải Phòng,0h - 9h,13.0,2018,1
397061,Đà Nẵng,0h - 9h,6.0,2018,1
397155,Cần Thơ,17h - 21h,2.0,2018,5
397280,Cần Thơ,0h - 9h,20.0,2018,1
397723,Cần Thơ,0h - 9h,25.0,2018,1
397995,Hải Phòng,17h - 21h,1.0,2018,5
397996,Hải Phòng,17h - 21h,3.0,2018,5
398177,Hải Phòng,0h - 9h,4.0,2018,1
398190,Hồ Chí Minh,0h - 9h,1.0,2018,1
398190,Hồ Chí Minh,17h - 21h,2.0,2018,5
398191,Hồ Chí Minh,0h - 9h,10.0,2018,1
398191,Hồ Chí Minh,11h - 14h,2.0,2018,3
398192,Hồ Chí Minh,14h - 17h,4.0,2018,4
398192,Hồ Chí Minh,11h - 14h,4.0,2018,3
398193,Hồ Chí Minh,17h - 21h,13.0,2018,5
398193,Hồ Chí Minh,0h - 9h,9.0,2018,1
398193,Hồ Chí Minh,11h - 14h,6.0,2018,3
398194,Hồ Chí Minh,0h - 9h,1.0,2018,1
398194,Hồ Chí Minh,17h - 21h,1.0,2018,5
398196,Hải Phòng,9h - 11h,3.0,2018,2
398196,Hải Phòng,14h - 17h,3.0,2018,4
398197,Hải Phòng,0h - 9h,6.0,2018,1
398198,Hải Phòng,0h - 9h,12.0,2018,1
398202,Hồ Chí Minh,0h - 9h,21.0,2018,1
398202,Hồ Chí Minh,17h - 21h,4.0,2018,5
398203,Hồ Chí Minh,0h - 9h,13.0,2018,1
398204,Hồ Chí Minh,0h - 9h,6.0,2018,1
398205,Hồ Chí Minh,0h - 9h,6.0,2018,1
398241,Hải Phòng,9h - 11h,6.0,2018,2
398241,Hải Phòng,17h - 21h,1.0,2018,5
398249,Hải Phòng,9h - 11h,3.0,2018,2
398249,Hải Phòng,17h - 21h,6.0,2018,5
398379,Hà Nội,0h - 9h,1.0,2018,1
398379,Hà Nội,17h - 21h,2.0,2018,5
398380,Hà Nội,17h - 21h,2.0,2018,5
398461,Hải Phòng,9h - 11h,4.0,2018,2
398461,Hải Phòng,17h - 21h,4.0,2018,5
398499,Hồ Chí Minh,0h - 9h,6.0,2018,1
398500,Hồ Chí Minh,17h - 21h,4.0,2018,5
398501,Hồ Chí Minh,17h - 21h,4.0,2018,5
398503,Hà Nội,0h - 9h,3.0,2018,1
398511,Hồ Chí Minh,17h - 21h,6.0,2018,5
398511,Hồ Chí Minh,0h - 9h,10.0,2018,1
398540,Hồ Chí Minh,0h - 9h,12.0,2018,1
398541,Hồ Chí Minh,17h - 21h,1.0,2018,5
398541,Hồ Chí Minh,0h - 9h,24.0,2018,1
398542,Hồ Chí Minh,0h - 9h,6.0,2018,1
398623,Đà Nẵng,0h - 9h,14.0,2018,1
398623,Đà Nẵng,14h - 17h,3.0,2018,4
398623,Đà Nẵng,17h - 21h,7.0,2018,5
398783,Hải Phòng,9h - 11h,8.0,2018,2
398809,Hồ Chí Minh,9h - 11h,5.0,2018,2
398810,Hồ Chí Minh,9h - 11h,4.0,2018,2
398811,Hồ Chí Minh,9h - 11h,4.0,2018,2
398812,Hồ Chí Minh,9h - 11h,3.0,2018,2
398814,Hồ Chí Minh,0h - 9h,4.0,2018,1
398815,Hồ Chí Minh,0h - 9h,6.0,2018,1
398941,Hà Nội,17h - 21h,1.0,2018,5
398942,Hà Nội,11h - 14h,3.0,2018,3
398942,Hà Nội,17h - 21h,2.0,2018,5
398943,Hà Nội,11h - 14h,2.0,2018,3
398944,Hà Nội,17h - 21h,1.0,2018,5
398945,Hà Nội,11h - 14h,2.0,2018,3
398945,Hà Nội,17h - 21h,1.0,2018,5
398945,Hà Nội,21h+,5.0,2018,6
398946,Hà Nội,17h - 21h,4.0,2018,5
398947,Hà Nội,11h - 14h,1.0,2018,3
398948,Hà Nội,17h - 21h,4.0,2018,5
399047,Hồ Chí Minh,0h - 9h,6.0,2018,1
399193,Hồ Chí Minh,17h - 21h,4.0,2018,5
399195,Hồ Chí Minh,14h - 17h,1.0,2018,4
399195,Hồ Chí Minh,17h - 21h,1.0,2018,5
399255,Hồ Chí Minh,0h - 9h,6.0,2018,1
399259,Hải Phòng,17h - 21h,5.0,2018,5
399374,Hồ Chí Minh,0h - 9h,2.0,2018,1
399375,Hồ Chí Minh,14h - 17h,1.0,2018,4
399375,Hồ Chí Minh,17h - 21h,1.0,2018,5
399375,Hồ Chí Minh,0h - 9h,4.0,2018,1
399392,Hà Nội,9h - 11h,3.0,2018,2
399409,Hồ Chí Minh,14h - 17h,1.0,2018,4
399409,Hồ Chí Minh,9h - 11h,3.0,2018,2
399410,Hồ Chí Minh,14h - 17h,1.0,2018,4
399410,Hồ Chí Minh,9h - 11h,3.0,2018,2
399411,Hồ Chí Minh,17h - 21h,2.0,2018,5
399411,Hồ Chí Minh,14h - 17h,1.0,2018,4
399412,Hồ Chí Minh,17h - 21h,1.0,2018,5
399412,Hồ Chí Minh,14h - 17h,1.0,2018,4
399416,Hồ Chí Minh,0h - 9h,1.0,2018,1
399416,Hồ Chí Minh,17h - 21h,1.0,2018,5
399418,Hồ Chí Minh,9h - 11h,3.0,2018,2
399418,Hồ Chí Minh,17h - 21h,2.0,2018,5
399419,Hồ Chí Minh,14h - 17h,1.0,2018,4
399419,Hồ Chí Minh,9h - 11h,3.0,2018,2
399420,Hồ Chí Minh,14h - 17h,1.0,2018,4
399420,Hồ Chí Minh,0h - 9h,6.0,2018,1
399421,Hồ Chí Minh,0h - 9h,4.0,2018,1
399421,Hồ Chí Minh,17h - 21h,4.0,2018,5
399421,Hồ Chí Minh,9h - 11h,4.0,2018,2
399422,Hồ Chí Minh,14h - 17h,12.0,2018,4
399422,Hồ Chí Minh,0h - 9h,12.0,2018,1
399423,Hồ Chí Minh,17h - 21h,8.0,2018,5
399423,Hồ Chí Minh,9h - 11h,6.0,2018,2
399423,Hồ Chí Minh,0h - 9h,12.0,2018,1
399424,Hồ Chí Minh,9h - 11h,1.0,2018,2
399424,Hồ Chí Minh,17h - 21h,1.0,2018,5
399425,Hồ Chí Minh,0h - 9h,10.0,2018,1
399425,Hồ Chí Minh,11h - 14h,10.0,2018,3
399426,Hồ Chí Minh,9h - 11h,1.0,2018,2
399426,Hồ Chí Minh,14h - 17h,1.0,2018,4
399439,Hồ Chí Minh,21h+,1.0,2018,6
399439,Hồ Chí Minh,17h - 21h,2.0,2018,5
399439,Hồ Chí Minh,0h - 9h,4.0,2018,1
399443,Hồ Chí Minh,14h - 17h,2.0,2018,4
399479,Hồ Chí Minh,11h - 14h,4.0,2018,3
399479,Hồ Chí Minh,17h - 21h,4.0,2018,5
399480,Hồ Chí Minh,17h - 21h,24.0,2018,5
399518,Hà Nội,0h - 9h,2.0,2018,1
399518,Hà Nội,9h - 11h,2.0,2018,2
399520,Hải Phòng,17h - 21h,2.0,2018,5
399694,Đà Nẵng,0h - 9h,26.0,2018,1
399694,Đà Nẵng,17h - 21h,4.0,2018,5
399747,Hà Nội,9h - 11h,4.0,2018,2
399748,Hà Nội,9h - 11h,3.0,2018,2
399748,Hà Nội,17h - 21h,3.0,2018,5
399749,Hà Nội,17h - 21h,1.0,2018,5
399749,Hà Nội,21h+,1.0,2018,6
399750,Hà Nội,14h - 17h,1.0,2018,4
399750,Hà Nội,9h - 11h,5.0,2018,2
399750,Hà Nội,17h - 21h,4.0,2018,5
399751,Hà Nội,14h - 17h,2.0,2018,4
399751,Hà Nội,9h - 11h,3.0,2018,2
399752,Hà Nội,17h - 21h,3.0,2018,5
399752,Hà Nội,14h - 17h,1.0,2018,4
399753,Hồ Chí Minh,9h - 11h,2.0,2018,2
399753,Hồ Chí Minh,17h - 21h,6.0,2018,5
399797,Đà Nẵng,0h - 9h,4.0,2018,1
399826,Hà Nội,21h+,2.0,2018,6
399826,Hà Nội,17h - 21h,3.0,2018,5
399827,Hà Nội,21h+,2.0,2018,6
399827,Hà Nội,17h - 21h,1.0,2018,5
399828,Hà Nội,0h - 9h,1.0,2018,1
399829,Hà Nội,11h - 14h,4.0,2018,3
399830,Hà Nội,11h - 14h,4.0,2018,3
399838,Đà Nẵng,17h - 21h,3.0,2018,5
399838,Đà Nẵng,0h - 9h,4.0,2018,1
399843,Đà Nẵng,11h - 14h,3.0,2018,3
399843,Đà Nẵng,0h - 9h,14.0,2018,1
399843,Đà Nẵng,17h - 21h,6.0,2018,5
399864,Hồ Chí Minh,0h - 9h,12.0,2018,1
399871,Đà Nẵng,0h - 9h,24.0,2018,1
399951,Hải Phòng,9h - 11h,4.0,2018,2
399951,Hải Phòng,21h+,2.0,2018,6
399970,Đà Nẵng,9h - 11h,4.0,2018,2
399970,Đà Nẵng,0h - 9h,7.0,2018,1
400019,Đà Nẵng,17h - 21h,1.0,2018,5
400075,Đà Nẵng,0h - 9h,26.0,2018,1
400169,Hải Phòng,9h - 11h,4.0,2018,2
400169,Hải Phòng,0h - 9h,20.0,2018,1
400174,Hải Phòng,0h - 9h,22.0,2018,1
400209,Cần Thơ,0h - 9h,24.0,2018,1
400650,Hải Phòng,17h - 21h,6.0,2018,5
400651,Hải Phòng,17h - 21h,10.0,2018,5
400654,Hải Phòng,17h - 21h,6.0,2018,5
400655,Hải Phòng,0h - 9h,7.0,2018,1
401175,Hồ Chí Minh,17h - 21h,4.0,2018,5
401187,Hồ Chí Minh,11h - 14h,5.0,2018,3
401187,Hồ Chí Minh,0h - 9h,19.0,2018,1
401474,Hải Phòng,17h - 21h,3.0,2018,5
401474,Hải Phòng,9h - 11h,6.0,2018,2
401474,Hải Phòng,21h+,4.0,2018,6
401625,Hà Nội,14h - 17h,2.0,2018,4
401626,Hà Nội,17h - 21h,6.0,2018,5
401631,Hà Nội,17h - 21h,2.0,2018,5
401780,Hải Phòng,0h - 9h,20.0,2018,1
401780,Hải Phòng,17h - 21h,4.0,2018,5
401975,Hải Phòng,9h - 11h,20.0,2018,2
402156,Hà Nội,21h+,1.0,2018,6
402156,Hà Nội,17h - 21h,1.0,2018,5
402158,Hà Nội,17h - 21h,4.0,2018,5
402268,Đà Nẵng,0h - 9h,16.0,2018,1
402504,Đà Nẵng,0h - 9h,8.0,2018,1
402623,Hồ Chí Minh,17h - 21h,4.0,2018,5
402685,Hồ Chí Minh,11h - 14h,3.5,2018,3
402695,Đà Nẵng,0h - 9h,26.0,2018,1
402757,Hồ Chí Minh,17h - 21h,1.0,2018,5
402757,Hồ Chí Minh,14h - 17h,1.0,2018,4
402758,Hồ Chí Minh,17h - 21h,2.0,2018,5
402758,Hồ Chí Minh,0h - 9h,3.0,2018,1
402758,Hồ Chí Minh,14h - 17h,2.0,2018,4
402759,Hồ Chí Minh,0h - 9h,8.0,2018,1
402759,Hồ Chí Minh,17h - 21h,1.0,2018,5
402759,Hồ Chí Minh,14h - 17h,1.0,2018,4
402760,Hồ Chí Minh,17h - 21h,4.0,2018,5
402760,Hồ Chí Minh,0h - 9h,7.0,2018,1
402760,Hồ Chí Minh,14h - 17h,4.0,2018,4
402761,Hồ Chí Minh,0h - 9h,8.0,2018,1
402761,Hồ Chí Minh,14h - 17h,2.0,2018,4
402780,Đà Nẵng,0h - 9h,4.0,2018,1
402807,Đà Nẵng,17h - 21h,4.0,2018,5
402814,Hồ Chí Minh,9h - 11h,3.0,2018,2
402814,Hồ Chí Minh,14h - 17h,2.0,2018,4
402814,Hồ Chí Minh,17h - 21h,3.0,2018,5
402815,Hồ Chí Minh,0h - 9h,6.0,2018,1
402815,Hồ Chí Minh,14h - 17h,1.0,2018,4
402816,Hồ Chí Minh,0h - 9h,2.0,2018,1
402816,Hồ Chí Minh,14h - 17h,2.0,2018,4
402816,Hồ Chí Minh,11h - 14h,2.0,2018,3
402817,Hồ Chí Minh,9h - 11h,1.0,2018,2
402817,Hồ Chí Minh,14h - 17h,1.0,2018,4
402818,Hồ Chí Minh,14h - 17h,1.0,2018,4
402818,Hồ Chí Minh,11h - 14h,1.0,2018,3
402818,Hồ Chí Minh,0h - 9h,2.0,2018,1
402819,Hồ Chí Minh,0h - 9h,1.0,2018,1
402819,Hồ Chí Minh,17h - 21h,2.0,2018,5
402819,Hồ Chí Minh,14h - 17h,2.0,2018,4
402836,Đà Nẵng,17h - 21h,1.0,2018,5
402851,Đà Nẵng,11h - 14h,1.0,2018,3
402851,Đà Nẵng,9h - 11h,1.0,2018,2
402856,Hồ Chí Minh,17h - 21h,2.0,2018,5
402899,Đà Nẵng,0h - 9h,25.0,2018,1
402936,Đà Nẵng,9h - 11h,4.0,2018,2
402940,Đà Nẵng,9h - 11h,4.0,2018,2
403020,Đà Nẵng,0h - 9h,24.0,2018,1
403076,Hồ Chí Minh,0h - 9h,2.0,2018,1
403076,Hồ Chí Minh,17h - 21h,2.0,2018,5
403530,Hồ Chí Minh,0h - 9h,6.0,2018,1
403591,Hồ Chí Minh,0h - 9h,24.0,2018,1
403592,Hồ Chí Minh,9h - 11h,3.0,2018,2
403773,Hồ Chí Minh,17h - 21h,3.0,2018,5
404278,Hải Phòng,14h - 17h,2.0,2018,4
404278,Hải Phòng,0h - 9h,2.0,2018,1
404429,Đà Nẵng,0h - 9h,16.0,2018,1
404508,Hồ Chí Minh,17h - 21h,24.0,2018,5
404509,Hồ Chí Minh,14h - 17h,8.0,2018,4
404592,Hồ Chí Minh,11h - 14h,3.5,2018,3
404593,Hồ Chí Minh,11h - 14h,3.5,2018,3
404594,Hồ Chí Minh,11h - 14h,2.0,2018,3
404595,Hồ Chí Minh,0h - 9h,6.0,2018,1
404596,Hồ Chí Minh,21h+,1.5,2018,6
404754,Hồ Chí Minh,0h - 9h,3.0,2018,1
404754,Hồ Chí Minh,17h - 21h,1.0,2018,5
404755,Hồ Chí Minh,0h - 9h,5.0,2018,1
404756,Hồ Chí Minh,0h - 9h,3.0,2018,1
404756,Hồ Chí Minh,11h - 14h,1.0,2018,3
404756,Hồ Chí Minh,17h - 21h,1.0,2018,5
404757,Hồ Chí Minh,17h - 21h,4.0,2018,5
404757,Hồ Chí Minh,0h - 9h,16.0,2018,1
404758,Hồ Chí Minh,11h - 14h,1.0,2018,3
404758,Hồ Chí Minh,0h - 9h,2.0,2018,1
404758,Hồ Chí Minh,17h - 21h,1.0,2018,5
404759,Hồ Chí Minh,0h - 9h,14.0,2018,1
404759,Hồ Chí Minh,17h - 21h,1.0,2018,5
404759,Hồ Chí Minh,11h - 14h,3.5,2018,3
405111,Hồ Chí Minh,17h - 21h,4.0,2018,5
405137,Hồ Chí Minh,9h - 11h,3.0,2018,2
405138,Hồ Chí Minh,0h - 9h,24.0,2018,1
405139,Hồ Chí Minh,0h - 9h,25.0,2018,1
405140,Hồ Chí Minh,0h - 9h,6.0,2018,1
405205,Hồ Chí Minh,0h - 9h,3.0,2018,1
405205,Hồ Chí Minh,17h - 21h,1.0,2018,5
405205,Hồ Chí Minh,21h+,1.0,2018,6
405433,Hồ Chí Minh,0h - 9h,10.0,2018,1
405571,Hồ Chí Minh,17h - 21h,2.0,2018,5
405572,Hồ Chí Minh,17h - 21h,4.0,2018,5
405573,Hồ Chí Minh,17h - 21h,4.0,2018,5
405574,Hồ Chí Minh,0h - 9h,4.0,2018,1
405576,Hồ Chí Minh,17h - 21h,2.0,2018,5
405662,Hồ Chí Minh,17h - 21h,1.0,2018,5
405663,Hồ Chí Minh,17h - 21h,2.0,2018,5
405664,Hồ Chí Minh,17h - 21h,2.0,2018,5
405665,Hồ Chí Minh,17h - 21h,4.0,2018,5
405665,Hồ Chí Minh,0h - 9h,3.0,2018,1
405666,Hồ Chí Minh,14h - 17h,1.0,2018,4
405666,Hồ Chí Minh,9h - 11h,2.0,2018,2
405667,Hồ Chí Minh,9h - 11h,3.0,2018,2
405698,Hà Nội,17h - 21h,3.0,2018,5
405699,Hà Nội,9h - 11h,3.0,2018,2
405701,Hà Nội,14h - 17h,1.0,2018,4
405701,Hà Nội,9h - 11h,1.0,2018,2
405704,Hà Nội,17h - 21h,6.0,2018,5
405715,Hồ Chí Minh,0h - 9h,6.0,2018,1
405889,Hồ Chí Minh,0h - 9h,6.0,2018,1
405889,Hồ Chí Minh,17h - 21h,2.0,2018,5
405892,Hồ Chí Minh,17h - 21h,4.0,2018,5
405892,Hồ Chí Minh,0h - 9h,8.0,2018,1
405979,Đà Nẵng,17h - 21h,1.0,2018,5
405979,Đà Nẵng,0h - 9h,3.0,2018,1
406003,Hồ Chí Minh,17h - 21h,2.0,2018,5
406003,Hồ Chí Minh,0h - 9h,3.0,2018,1
406018,Hồ Chí Minh,0h - 9h,8.0,2018,1
406018,Hồ Chí Minh,17h - 21h,6.0,2018,5
406136,Hồ Chí Minh,17h - 21h,1.0,2018,5
406136,Hồ Chí Minh,0h - 9h,2.0,2018,1
406169,Hồ Chí Minh,21h+,12.0,2018,6
406169,Hồ Chí Minh,11h - 14h,12.0,2018,3
406267,Hồ Chí Minh,0h - 9h,2.0,2018,1
406323,Hồ Chí Minh,14h - 17h,4.0,2018,4
406323,Hồ Chí Minh,17h - 21h,4.0,2018,5
406335,Hồ Chí Minh,17h - 21h,5.0,2018,5
406408,Hồ Chí Minh,14h - 17h,4.0,2018,4
406409,Hồ Chí Minh,17h - 21h,4.0,2018,5
406410,Hồ Chí Minh,0h - 9h,2.0,2018,1
406410,Hồ Chí Minh,17h - 21h,2.0,2018,5
406413,Hồ Chí Minh,21h+,1.0,2018,6
406413,Hồ Chí Minh,0h - 9h,2.0,2018,1
406413,Hồ Chí Minh,17h - 21h,1.0,2018,5
406413,Hồ Chí Minh,14h - 17h,2.0,2018,4
406414,Hồ Chí Minh,17h - 21h,2.0,2018,5
406414,Hồ Chí Minh,21h+,2.0,2018,6
406482,Đà Nẵng,17h - 21h,10.0,2018,5
406482,Đà Nẵng,9h - 11h,6.0,2018,2
406519,Hồ Chí Minh,0h - 9h,24.0,2018,1
406701,Hồ Chí Minh,0h - 9h,24.0,2018,1
406701,Hồ Chí Minh,14h - 17h,1.0,2018,4
406742,Đà Nẵng,0h - 9h,8.0,2018,1
406793,Hồ Chí Minh,17h - 21h,1.0,2018,5
406793,Hồ Chí Minh,9h - 11h,1.0,2018,2
406794,Hồ Chí Minh,17h - 21h,3.0,2018,5
406794,Hồ Chí Minh,9h - 11h,3.0,2018,2
406795,Hồ Chí Minh,14h - 17h,4.0,2018,4
406795,Hồ Chí Minh,9h - 11h,4.0,2018,2
406912,Đà Nẵng,9h - 11h,1.0,2018,2
406912,Đà Nẵng,0h - 9h,2.0,2018,1
406953,Hồ Chí Minh,0h - 9h,22.0,2018,1
406953,Hồ Chí Minh,17h - 21h,4.0,2018,5
406967,Đà Nẵng,17h - 21h,4.0,2018,5
407137,Đà Nẵng,17h - 21h,4.0,2018,5
407137,Đà Nẵng,11h - 14h,6.0,2018,3
407155,Đà Nẵng,0h - 9h,25.0,2018,1
407372,Hải Phòng,14h - 17h,3.0,2018,4
407390,Hồ Chí Minh,17h - 21h,1.0,2018,5
407390,Hồ Chí Minh,0h - 9h,2.0,2018,1
407563,Hà Nội,17h - 21h,3.0,2018,5
407563,Hà Nội,14h - 17h,3.0,2018,4
407563,Hà Nội,9h - 11h,1.0,2018,2
407567,Hà Nội,17h - 21h,2.0,2018,5
407567,Hà Nội,21h+,2.0,2018,6
407596,Hải Phòng,17h - 21h,3.0,2018,5
407597,Hải Phòng,17h - 21h,3.0,2018,5
407598,Hải Phòng,17h - 21h,2.0,2018,5
407598,Hải Phòng,21h+,2.0,2018,6
407599,Hải Phòng,0h - 9h,3.0,2018,1
407599,Hải Phòng,17h - 21h,3.0,2018,5
407613,Hải Phòng,17h - 21h,6.0,2018,5
407817,Hà Nội,17h - 21h,1.0,2018,5
407817,Hà Nội,21h+,2.0,2018,6
407818,Hà Nội,17h - 21h,1.0,2018,5
407818,Hà Nội,21h+,1.0,2018,6
408350,Đà Nẵng,11h - 14h,3.0,2018,3
408350,Đà Nẵng,17h - 21h,3.0,2018,5
408350,Đà Nẵng,0h - 9h,4.0,2018,1
408454,Hồ Chí Minh,0h - 9h,6.0,2018,1
408657,Hồ Chí Minh,17h - 21h,2.0,2018,5
408800,Hồ Chí Minh,17h - 21h,2.0,2018,5
408800,Hồ Chí Minh,21h+,2.0,2018,6
408804,Đà Nẵng,0h - 9h,26.0,2018,1
408870,Hồ Chí Minh,0h - 9h,1.0,2018,1
408870,Hồ Chí Minh,17h - 21h,5.0,2018,5
408902,Đà Nẵng,0h - 9h,24.0,2018,1
408952,Đà Nẵng,14h - 17h,4.0,2018,4
408952,Đà Nẵng,0h - 9h,24.0,2018,1
409029,Đà Nẵng,0h - 9h,2.0,2018,1
409029,Đà Nẵng,17h - 21h,4.0,2018,5
409131,Hà Nội,0h - 9h,2.0,2018,1
409205,Hà Nội,21h+,2.0,2018,6
409205,Hà Nội,17h - 21h,1.0,2018,5
409232,Hồ Chí Minh,0h - 9h,4.0,2018,1
409265,Đà Nẵng,0h - 9h,20.0,2018,1
409265,Đà Nẵng,17h - 21h,4.0,2018,5
409374,Hồ Chí Minh,17h - 21h,2.0,2018,5
409396,Hồ Chí Minh,11h - 14h,3.5,2018,3
409503,Hồ Chí Minh,0h - 9h,24.0,2018,1
409565,Cần Thơ,17h - 21h,4.0,2018,5
409581,Hải Phòng,17h - 21h,8.0,2018,5
409581,Hải Phòng,21h+,9.0,2018,6
409619,Hồ Chí Minh,17h - 21h,2.0,2018,5
409637,Nha Trang,0h - 9h,6.0,2018,1
409637,Nha Trang,9h - 11h,6.0,2018,2
409637,Nha Trang,17h - 21h,7.0,2018,5
409685,Đà Nẵng,0h - 9h,26.0,2018,1
409695,Hải Phòng,17h - 21h,4.0,2018,5
409724,Hồ Chí Minh,17h - 21h,3.0,2018,5
409755,Nha Trang,0h - 9h,18.0,2018,1
409755,Nha Trang,17h - 21h,9.0,2018,5
409755,Nha Trang,9h - 11h,9.0,2018,2
409782,Cần Thơ,0h - 9h,20.0,2018,1
409784,Cần Thơ,14h - 17h,4.0,2018,4
409784,Cần Thơ,9h - 11h,2.0,2018,2
409852,Nha Trang,17h - 21h,5.0,2018,5
409878,Cần Thơ,0h - 9h,25.0,2018,1
409948,Nha Trang,17h - 21h,3.0,2018,5
409992,Nha Trang,17h - 21h,3.0,2018,5
410003,Hồ Chí Minh,14h - 17h,2.0,2018,4
410003,Hồ Chí Minh,0h - 9h,3.0,2018,1
410021,Nha Trang,0h - 9h,9.0,2018,1
410021,Nha Trang,17h - 21h,5.0,2018,5
410051,Nha Trang,0h - 9h,2.0,2018,1
410051,Nha Trang,17h - 21h,2.0,2018,5
410053,Cần Thơ,9h - 11h,2.0,2018,2
410053,Cần Thơ,11h - 14h,2.0,2018,3
410053,Cần Thơ,0h - 9h,20.0,2018,1
410105,Cần Thơ,14h - 17h,2.0,2018,4
410105,Cần Thơ,0h - 9h,22.0,2018,1
410111,Hải Phòng,14h - 17h,12.0,2018,4
410112,Hải Phòng,17h - 21h,15.0,2018,5
410189,Hồ Chí Minh,17h - 21h,3.0,2018,5
410249,Cần Thơ,9h - 11h,4.0,2018,2
410254,Cần Thơ,17h - 21h,5.0,2018,5
410446,Cần Thơ,9h - 11h,11.0,2018,2
410446,Cần Thơ,11h - 14h,9.0,2018,3
410851,Hà Nội,21h+,2.0,2018,6
410851,Hà Nội,17h - 21h,3.0,2018,5
410852,Hà Nội,17h - 21h,2.0,2018,5
410852,Hà Nội,21h+,2.0,2018,6
410854,Hà Nội,9h - 11h,3.0,2018,2
410854,Hà Nội,17h - 21h,3.0,2018,5
410855,Hà Nội,17h - 21h,2.0,2018,5
410855,Hà Nội,9h - 11h,2.0,2018,2
410856,Hà Nội,21h+,1.0,2018,6
410856,Hà Nội,9h - 11h,6.0,2018,2
410856,Hà Nội,17h - 21h,5.0,2018,5
410856,Hà Nội,14h - 17h,4.0,2018,4
410857,Hà Nội,21h+,2.0,2018,6
410857,Hà Nội,17h - 21h,3.0,2018,5
410858,Hà Nội,21h+,2.0,2018,6
410858,Hà Nội,17h - 21h,2.0,2018,5
410859,Hà Nội,14h - 17h,2.0,2018,4
410859,Hà Nội,17h - 21h,3.0,2018,5
410860,Hà Nội,17h - 21h,2.0,2018,5
410860,Hà Nội,9h - 11h,2.0,2018,2
410861,Hà Nội,17h - 21h,3.0,2018,5
410861,Hà Nội,9h - 11h,3.0,2018,2
410862,Hà Nội,17h - 21h,3.0,2018,5
410862,Hà Nội,21h+,2.0,2018,6
410865,Hà Nội,21h+,2.0,2018,6
410865,Hà Nội,17h - 21h,3.0,2018,5
410866,Hà Nội,17h - 21h,3.0,2018,5
410944,Hải Phòng,9h - 11h,1.0,2018,2
410944,Hải Phòng,0h - 9h,1.0,2018,1
410946,Hải Phòng,0h - 9h,1.0,2018,1
410988,Hà Nội,17h - 21h,2.0,2018,5
410989,Hà Nội,17h - 21h,3.0,2018,5
410992,Hà Nội,17h - 21h,6.0,2018,5
411004,Hải Phòng,17h - 21h,3.0,2018,5
411017,Hải Phòng,17h - 21h,12.0,2018,5
411017,Hải Phòng,0h - 9h,10.0,2018,1
411018,Hải Phòng,0h - 9h,7.0,2018,1
411018,Hải Phòng,17h - 21h,12.0,2018,5
411080,Hải Phòng,17h - 21h,3.0,2018,5
411142,Hồ Chí Minh,17h - 21h,2.0,2018,5
411214,Nha Trang,17h - 21h,1.0,2018,5
411312,Hà Nội,17h - 21h,2.0,2018,5
411314,Hà Nội,17h - 21h,1.0,2018,5
411316,Hà Nội,17h - 21h,3.0,2018,5
411333,Hà Nội,17h - 21h,4.0,2018,5
411334,Hà Nội,14h - 17h,2.0,2018,4
411335,Hà Nội,17h - 21h,4.0,2018,5
411336,Hà Nội,11h - 14h,3.0,2018,3
411336,Hà Nội,17h - 21h,4.0,2018,5
411337,Hà Nội,17h - 21h,2.0,2018,5
411337,Hà Nội,11h - 14h,2.0,2018,3
411338,Hà Nội,17h - 21h,1.0,2018,5
411339,Hà Nội,17h - 21h,4.0,2018,5
411352,Hồ Chí Minh,9h - 11h,2.0,2018,2
411352,Hồ Chí Minh,0h - 9h,1.0,2018,1
411354,Hà Nội,14h - 17h,4.0,2018,4
411354,Hà Nội,17h - 21h,4.0,2018,5
411355,Hà Nội,17h - 21h,1.0,2018,5
411356,Hà Nội,17h - 21h,3.0,2018,5
411357,Nha Trang,0h - 9h,6.0,2018,1
411358,Hải Phòng,9h - 11h,2.0,2018,2
411359,Hải Phòng,17h - 21h,3.0,2018,5
411360,Hải Phòng,9h - 11h,1.0,2018,2
411360,Hải Phòng,17h - 21h,1.0,2018,5
411361,Hải Phòng,17h - 21h,3.0,2018,5
411363,Hồ Chí Minh,17h - 21h,4.0,2018,5
411455,Hà Nội,11h - 14h,1.0,2018,3
411455,Hà Nội,9h - 11h,2.0,2018,2
411456,Hà Nội,9h - 11h,8.0,2018,2
411456,Hà Nội,17h - 21h,3.0,2018,5
411458,Hà Nội,14h - 17h,3.0,2018,4
411459,Hà Nội,17h - 21h,2.0,2018,5
411459,Hà Nội,9h - 11h,2.0,2018,2
411460,Hà Nội,17h - 21h,2.0,2018,5
411461,Hà Nội,17h - 21h,3.0,2018,5
411461,Hà Nội,0h - 9h,5.0,2018,1
411548,Nha Trang,0h - 9h,1.0,2018,1
411548,Nha Trang,17h - 21h,1.0,2018,5
411661,Hà Nội,21h+,1.0,2018,6
411661,Hà Nội,17h - 21h,3.0,2018,5
411662,Hà Nội,17h - 21h,1.0,2018,5
411662,Hà Nội,9h - 11h,3.0,2018,2
411663,Hà Nội,9h - 11h,3.0,2018,2
411663,Hà Nội,17h - 21h,3.0,2018,5
411665,Hà Nội,9h - 11h,5.0,2018,2
411679,Hà Nội,17h - 21h,6.0,2018,5
411679,Hà Nội,9h - 11h,1.0,2018,2
411680,Hà Nội,0h - 9h,2.0,2018,1
411680,Hà Nội,17h - 21h,4.0,2018,5
411681,Hà Nội,21h+,6.0,2018,6
411681,Hà Nội,17h - 21h,3.0,2018,5
411682,Hà Nội,17h - 21h,4.0,2018,5
411684,Hà Nội,17h - 21h,4.0,2018,5
411685,Hà Nội,17h - 21h,2.0,2018,5
411685,Hà Nội,21h+,2.0,2018,6
411687,Hà Nội,17h - 21h,2.0,2018,5
411687,Hà Nội,21h+,2.0,2018,6
411688,Hà Nội,17h - 21h,3.0,2018,5
411689,Hà Nội,17h - 21h,2.0,2018,5
411689,Hà Nội,21h+,2.0,2018,6
411690,Hà Nội,21h+,2.0,2018,6
411690,Hà Nội,17h - 21h,2.0,2018,5
411691,Hà Nội,17h - 21h,4.0,2018,5
411692,Hà Nội,17h - 21h,3.0,2018,5
411692,Hà Nội,11h - 14h,3.0,2018,3
411693,Hà Nội,17h - 21h,2.0,2018,5
411693,Hà Nội,9h - 11h,3.0,2018,2
411694,Hà Nội,17h - 21h,2.0,2018,5
411694,Hà Nội,0h - 9h,2.0,2018,1
411695,Hà Nội,11h - 14h,3.0,2018,3
411695,Hà Nội,21h+,2.0,2018,6
411697,Hà Nội,17h - 21h,3.0,2018,5
411697,Hà Nội,11h - 14h,3.0,2018,3
411698,Hà Nội,11h - 14h,3.0,2018,3
411698,Hà Nội,17h - 21h,2.0,2018,5
411698,Hà Nội,9h - 11h,1.0,2018,2
411700,Hà Nội,11h - 14h,3.0,2018,3
411704,Nha Trang,0h - 9h,1.0,2018,1
411711,Hồ Chí Minh,17h - 21h,2.0,2018,5
411794,Hà Nội,17h - 21h,3.0,2018,5
411795,Hà Nội,21h+,2.0,2018,6
411795,Hà Nội,17h - 21h,3.0,2018,5
411797,Hà Nội,21h+,2.0,2018,6
411797,Hà Nội,17h - 21h,3.0,2018,5
411798,Hà Nội,17h - 21h,2.0,2018,5
411799,Hà Nội,17h - 21h,2.0,2018,5
411799,Hà Nội,9h - 11h,2.0,2018,2
411800,Hà Nội,17h - 21h,3.0,2018,5
411800,Hà Nội,21h+,2.0,2018,6
411801,Hà Nội,9h - 11h,3.0,2018,2
411801,Hà Nội,11h - 14h,1.0,2018,3
411814,Hà Nội,0h - 9h,4.0,2018,1
411815,Hà Nội,21h+,1.0,2018,6
411815,Hà Nội,17h - 21h,1.0,2018,5
411815,Hà Nội,14h - 17h,2.0,2018,4
411816,Hà Nội,17h - 21h,1.0,2018,5
411816,Hà Nội,14h - 17h,2.0,2018,4
411818,Cần Thơ,11h - 14h,6.0,2018,3
411818,Cần Thơ,14h - 17h,4.0,2018,4
411843,Hà Nội,17h - 21h,2.0,2018,5
411844,Hà Nội,17h - 21h,4.0,2018,5
411899,Cần Thơ,14h - 17h,4.0,2018,4
411967,Hải Phòng,14h - 17h,3.0,2018,4
411992,Cần Thơ,9h - 11h,7.0,2018,2
411992,Cần Thơ,0h - 9h,17.0,2018,1
411993,Cần Thơ,0h - 9h,13.0,2018,1
411993,Cần Thơ,9h - 11h,11.0,2018,2
412129,Cần Thơ,0h - 9h,24.0,2018,1
412157,Nha Trang,0h - 9h,4.0,2018,1
412157,Nha Trang,17h - 21h,3.0,2018,5
412190,Nha Trang,9h - 11h,1.0,2018,2
412190,Nha Trang,17h - 21h,3.0,2018,5
412203,Hải Phòng,14h - 17h,4.0,2018,4
412203,Hải Phòng,9h - 11h,2.0,2018,2
412264,Nha Trang,17h - 21h,3.0,2018,5
412264,Nha Trang,0h - 9h,1.0,2018,1
412271,Hồ Chí Minh,17h - 21h,2.0,2018,5
412271,Hồ Chí Minh,0h - 9h,2.0,2018,1
412272,Hồ Chí Minh,17h - 21h,1.0,2018,5
412272,Hồ Chí Minh,0h - 9h,3.0,2018,1
412325,Hải Phòng,9h - 11h,7.0,2018,2
412342,Nha Trang,9h - 11h,5.0,2018,2
412404,Đà Nẵng,0h - 9h,26.0,2018,1
412423,Nha Trang,9h - 11h,2.0,2018,2
412423,Nha Trang,17h - 21h,2.0,2018,5
412423,Nha Trang,14h - 17h,1.0,2018,4
412468,Hà Nội,14h - 17h,1.0,2018,4
412468,Hà Nội,17h - 21h,1.0,2018,5
412498,Nha Trang,9h - 11h,5.0,2018,2
412503,Nha Trang,17h - 21h,2.0,2018,5
412503,Nha Trang,11h - 14h,1.0,2018,3
412527,Đà Nẵng,0h - 9h,1.0,2018,1
412527,Đà Nẵng,14h - 17h,1.0,2018,4
412532,Cần Thơ,0h - 9h,24.0,2018,1
412599,Hải Phòng,17h - 21h,3.0,2018,5
412643,Cần Thơ,11h - 14h,2.0,2018,3
412659,Cần Thơ,14h - 17h,4.0,2018,4
412679,Nha Trang,0h - 9h,25.0,2018,1
412725,Đà Nẵng,0h - 9h,24.0,2018,1
412725,Đà Nẵng,17h - 21h,4.0,2018,5
412763,Hải Phòng,17h - 21h,3.0,2018,5
412764,Hải Phòng,0h - 9h,24.0,2018,1
412765,Hải Phòng,17h - 21h,3.0,2018,5
412877,Cần Thơ,17h - 21h,7.0,2018,5
412882,Cần Thơ,17h - 21h,4.0,2018,5
412883,Cần Thơ,0h - 9h,9.0,2018,1
412885,Cần Thơ,0h - 9h,18.0,2018,1
412959,Nha Trang,17h - 21h,6.0,2018,5
412959,Nha Trang,14h - 17h,3.0,2018,4
412959,Nha Trang,0h - 9h,20.0,2018,1
412983,Đà Nẵng,0h - 9h,25.0,2018,1
413140,Nha Trang,9h - 11h,1.0,2018,2
413198,Cần Thơ,0h - 9h,24.0,2018,1
413246,Hồ Chí Minh,0h - 9h,6.0,2018,1
413246,Hồ Chí Minh,17h - 21h,2.0,2018,5
413247,Hồ Chí Minh,17h - 21h,1.0,2018,5
413247,Hồ Chí Minh,0h - 9h,2.0,2018,1
413391,Nha Trang,9h - 11h,4.0,2018,2
413391,Nha Trang,17h - 21h,3.0,2018,5
413411,Hải Phòng,21h+,12.0,2018,6
413411,Hải Phòng,17h - 21h,8.0,2018,5
413412,Hải Phòng,17h - 21h,4.0,2018,5
413438,Nha Trang,14h - 17h,1.0,2018,4
413438,Nha Trang,0h - 9h,1.0,2018,1
413447,Nha Trang,14h - 17h,5.0,2018,4
413447,Nha Trang,0h - 9h,23.0,2018,1
413450,Nha Trang,0h - 9h,5.0,2018,1
413566,Nha Trang,0h - 9h,14.0,2018,1
413666,Nha Trang,17h - 21h,2.0,2018,5
413672,Cần Thơ,17h - 21h,8.0,2018,5
413818,Nha Trang,11h - 14h,4.0,2018,3
413818,Nha Trang,17h - 21h,4.0,2018,5
413829,Hải Phòng,17h - 21h,2.0,2018,5
413829,Hải Phòng,14h - 17h,3.0,2018,4
413830,Hải Phòng,9h - 11h,1.0,2018,2
413831,Hải Phòng,17h - 21h,2.0,2018,5
413832,Hải Phòng,9h - 11h,3.0,2018,2
413833,Hải Phòng,17h - 21h,2.0,2018,5
413834,Hải Phòng,0h - 9h,4.0,2018,1
413853,Hồ Chí Minh,17h - 21h,1.0,2018,5
413854,Hồ Chí Minh,17h - 21h,2.0,2018,5
413913,Hồ Chí Minh,9h - 11h,1.0,2018,2
413914,Hồ Chí Minh,9h - 11h,1.0,2018,2
414064,Hải Phòng,17h - 21h,2.0,2018,5
414069,Hồ Chí Minh,0h - 9h,2.0,2018,1
414069,Hồ Chí Minh,17h - 21h,1.0,2018,5
414070,Hồ Chí Minh,0h - 9h,2.0,2018,1
414071,Hồ Chí Minh,0h - 9h,3.0,2018,1
414128,Hải Phòng,0h - 9h,1.0,2018,1
414141,Hải Phòng,0h - 9h,4.0,2018,1
414143,Hải Phòng,0h - 9h,8.0,2018,1
414144,Hải Phòng,0h - 9h,1.0,2018,1
414167,Hà Nội,9h - 11h,1.0,2018,2
414167,Hà Nội,17h - 21h,4.0,2018,5
414168,Hà Nội,17h - 21h,2.0,2018,5
414169,Hà Nội,17h - 21h,4.0,2018,5
414170,Hà Nội,17h - 21h,4.0,2018,5
414171,Hà Nội,17h - 21h,1.0,2018,5
414171,Hà Nội,21h+,2.0,2018,6
414172,Hồ Chí Minh,9h - 11h,3.0,2018,2
414173,Hồ Chí Minh,9h - 11h,3.0,2018,2
414173,Hồ Chí Minh,17h - 21h,2.0,2018,5
414174,Hồ Chí Minh,17h - 21h,2.0,2018,5
414174,Hồ Chí Minh,9h - 11h,3.0,2018,2
414228,Hồ Chí Minh,17h - 21h,4.0,2018,5
414363,Nha Trang,9h - 11h,6.0,2018,2
414363,Nha Trang,17h - 21h,6.0,2018,5
414454,Cần Thơ,17h - 21h,5.0,2018,5
414458,Hải Phòng,21h+,2.0,2018,6
414458,Hải Phòng,17h - 21h,7.0,2018,5
414459,Hải Phòng,17h - 21h,1.0,2018,5
414459,Hải Phòng,9h - 11h,1.0,2018,2
414482,Nha Trang,0h - 9h,2.0,2018,1
414482,Nha Trang,17h - 21h,1.0,2018,5
414515,Nha Trang,17h - 21h,3.0,2018,5
414515,Nha Trang,0h - 9h,6.0,2018,1
414540,Nha Trang,14h - 17h,2.0,2018,4
414540,Nha Trang,17h - 21h,2.0,2018,5
414540,Nha Trang,9h - 11h,4.0,2018,2
414613,Nha Trang,11h - 14h,8.0,2018,3
414613,Nha Trang,17h - 21h,12.0,2018,5
414637,Nha Trang,0h - 9h,21.0,2018,1
414637,Nha Trang,11h - 14h,4.0,2018,3
414680,Nha Trang,17h - 21h,3.0,2018,5
414741,Hồ Chí Minh,17h - 21h,4.0,2018,5
414751,Đà Nẵng,0h - 9h,16.0,2018,1
414755,Cần Thơ,0h - 9h,20.0,2018,1
414755,Cần Thơ,17h - 21h,5.0,2018,5
414763,Nha Trang,9h - 11h,2.0,2018,2
414763,Nha Trang,0h - 9h,14.0,2018,1
414820,Cần Thơ,0h - 9h,4.0,2018,1
414884,Cần Thơ,0h - 9h,26.0,2018,1
414912,Nha Trang,17h - 21h,3.0,2018,5
415025,Nha Trang,17h - 21h,3.0,2018,5
415025,Nha Trang,0h - 9h,6.0,2018,1
415077,Đà Nẵng,17h - 21h,4.0,2018,5
415077,Đà Nẵng,11h - 14h,2.0,2018,3
415077,Đà Nẵng,0h - 9h,6.0,2018,1
415105,Hải Phòng,9h - 11h,9.0,2018,2
415105,Hải Phòng,17h - 21h,9.0,2018,5
415123,Nha Trang,0h - 9h,2.0,2018,1
415123,Nha Trang,17h - 21h,3.0,2018,5
415127,Cần Thơ,0h - 9h,24.0,2018,1
415173,Hải Phòng,17h - 21h,3.0,2018,5
415186,Hồ Chí Minh,0h - 9h,2.0,2018,1
415193,Nha Trang,0h - 9h,1.0,2018,1
415193,Nha Trang,17h - 21h,1.0,2018,5
415202,Hải Phòng,21h+,7.0,2018,6
415227,Đà Nẵng,0h - 9h,16.0,2018,1
415227,Đà Nẵng,17h - 21h,2.0,2018,5
415247,Nha Trang,17h - 21h,1.0,2018,5
415247,Nha Trang,0h - 9h,10.0,2018,1
415252,Nha Trang,0h - 9h,8.0,2018,1
415252,Nha Trang,9h - 11h,2.0,2018,2
415263,Cần Thơ,0h - 9h,4.0,2018,1
415301,Hải Phòng,17h - 21h,3.0,2018,5
415318,Cần Thơ,17h - 21h,25.0,2018,5
415318,Cần Thơ,0h - 9h,25.0,2018,1
415338,Nha Trang,17h - 21h,3.0,2018,5
415350,Nha Trang,17h - 21h,3.0,2018,5
415350,Nha Trang,9h - 11h,6.0,2018,2
415354,Nha Trang,17h - 21h,3.0,2018,5
415400,Nha Trang,17h - 21h,2.0,2018,5
415400,Nha Trang,0h - 9h,5.0,2018,1
415400,Nha Trang,9h - 11h,5.0,2018,2
415432,Nha Trang,17h - 21h,2.0,2018,5
415469,Nha Trang,11h - 14h,6.0,2018,3
415473,Cần Thơ,0h - 9h,14.0,2018,1
415473,Cần Thơ,9h - 11h,10.0,2018,2
415474,Cần Thơ,0h - 9h,16.0,2018,1
415474,Cần Thơ,9h - 11h,8.0,2018,2
415475,Cần Thơ,9h - 11h,6.0,2018,2
415475,Cần Thơ,0h - 9h,18.0,2018,1
415476,Cần Thơ,0h - 9h,24.0,2018,1
415477,Cần Thơ,0h - 9h,24.0,2018,1
415478,Cần Thơ,0h - 9h,24.0,2018,1
415479,Cần Thơ,9h - 11h,12.0,2018,2
415479,Cần Thơ,0h - 9h,12.0,2018,1
415480,Cần Thơ,0h - 9h,24.0,2018,1
415483,Cần Thơ,0h - 9h,24.0,2018,1
415486,Cần Thơ,0h - 9h,24.0,2018,1
415488,Cần Thơ,0h - 9h,24.0,2018,1
415489,Cần Thơ,0h - 9h,24.0,2018,1
415490,Cần Thơ,0h - 9h,24.0,2018,1
415491,Cần Thơ,9h - 11h,12.0,2018,2
415491,Cần Thơ,0h - 9h,12.0,2018,1
415492,Cần Thơ,0h - 9h,24.0,2018,1
415493,Cần Thơ,0h - 9h,24.0,2018,1
415504,Nha Trang,17h - 21h,6.0,2018,5
415504,Nha Trang,9h - 11h,18.0,2018,2
415520,Cần Thơ,0h - 9h,26.0,2018,1
415520,Cần Thơ,17h - 21h,26.0,2018,5
415522,Cần Thơ,0h - 9h,3.0,2018,1
415524,Cần Thơ,0h - 9h,1.0,2018,1
415525,Cần Thơ,0h - 9h,26.0,2018,1
415526,Cần Thơ,9h - 11h,26.0,2018,2
415528,Cần Thơ,17h - 21h,26.0,2018,5
415529,Cần Thơ,17h - 21h,1.0,2018,5
415529,Cần Thơ,0h - 9h,24.0,2018,1
415538,Nha Trang,0h - 9h,1.0,2018,1
415538,Nha Trang,17h - 21h,2.0,2018,5
415567,Hải Phòng,17h - 21h,4.0,2018,5
415632,Nha Trang,17h - 21h,2.0,2018,5
415709,Nha Trang,17h - 21h,1.0,2018,5
415715,Cần Thơ,17h - 21h,6.0,2018,5
415722,Nha Trang,17h - 21h,3.0,2018,5
415750,Nha Trang,17h - 21h,4.0,2018,5
415773,Nha Trang,0h - 9h,16.0,2018,1
415793,Hải Phòng,17h - 21h,20.0,2018,5
415794,Hải Phòng,17h - 21h,2.0,2018,5
415827,Nha Trang,17h - 21h,14.0,2018,5
415827,Nha Trang,14h - 17h,5.0,2018,4
415827,Nha Trang,0h - 9h,1.0,2018,1
415827,Nha Trang,9h - 11h,5.0,2018,2
415848,Nha Trang,17h - 21h,16.0,2018,5
415857,Nha Trang,17h - 21h,1.0,2018,5
415934,Cần Thơ,0h - 9h,8.0,2018,1
415946,Cần Thơ,17h - 21h,5.0,2018,5
415973,Nha Trang,17h - 21h,4.0,2018,5
415973,Nha Trang,17h - 21h,3.0,2018,5
415973,Nha Trang,9h - 11h,5.0,2018,2
415986,Đà Nẵng,0h - 9h,25.0,2018,1
416088,Cần Thơ,9h - 11h,4.0,2018,2
416088,Cần Thơ,0h - 9h,20.0,2018,1
416092,Cần Thơ,0h - 9h,24.0,2018,1
416109,Đà Nẵng,9h - 11h,2.0,2018,2
416110,Cần Thơ,0h - 9h,4.0,2018,1
416111,Cần Thơ,0h - 9h,24.0,2018,1
416160,Cần Thơ,14h - 17h,24.0,2018,4
416161,Cần Thơ,17h - 21h,2.0,2018,5
416161,Cần Thơ,14h - 17h,2.0,2018,4
416162,Cần Thơ,0h - 9h,4.0,2018,1
416163,Cần Thơ,14h - 17h,4.0,2018,4
416165,Cần Thơ,14h - 17h,4.0,2018,4
416166,Cần Thơ,0h - 9h,24.0,2018,1
416167,Cần Thơ,14h - 17h,4.0,2018,4
416168,Cần Thơ,0h - 9h,24.0,2018,1
416170,Cần Thơ,17h - 21h,10.0,2018,5
416172,Cần Thơ,0h - 9h,4.0,2018,1
416187,Cần Thơ,14h - 17h,4.0,2018,4
416188,Cần Thơ,0h - 9h,24.0,2018,1
416189,Cần Thơ,17h - 21h,4.0,2018,5
416190,Cần Thơ,14h - 17h,4.0,2018,4
416191,Cần Thơ,0h - 9h,4.0,2018,1
416192,Cần Thơ,0h - 9h,24.0,2018,1
416193,Cần Thơ,14h - 17h,4.0,2018,4
416194,Cần Thơ,17h - 21h,8.0,2018,5
416194,Cần Thơ,0h - 9h,16.0,2018,1
416195,Cần Thơ,17h - 21h,4.0,2018,5
416197,Cần Thơ,14h - 17h,4.0,2018,4
416233,Cần Thơ,0h - 9h,24.0,2018,1
416235,Cần Thơ,0h - 9h,24.0,2018,1
416242,Cần Thơ,9h - 11h,4.0,2018,2
416243,Cần Thơ,0h - 9h,10.0,2018,1
416244,Cần Thơ,0h - 9h,18.0,2018,1
416244,Cần Thơ,17h - 21h,6.0,2018,5
416330,Cần Thơ,17h - 21h,5.0,2018,5
416331,Cần Thơ,0h - 9h,7.0,2018,1
416332,Cần Thơ,17h - 21h,14.0,2018,5
416333,Cần Thơ,21h+,5.0,2018,6
416334,Cần Thơ,9h - 11h,7.5,2018,2
416335,Cần Thơ,17h - 21h,2.0,2018,5
416336,Cần Thơ,17h - 21h,6.0,2018,5
416337,Cần Thơ,17h - 21h,4.0,2018,5
416338,Cần Thơ,0h - 9h,10.0,2018,1
416338,Cần Thơ,11h - 14h,3.0,2018,3
416344,Cần Thơ,0h - 9h,24.0,2018,1
416345,Cần Thơ,0h - 9h,24.0,2018,1
416377,Hải Phòng,17h - 21h,2.0,2018,5
416427,Hải Phòng,17h - 21h,4.0,2018,5
416428,Hải Phòng,0h - 9h,25.0,2018,1
416429,Hải Phòng,17h - 21h,3.0,2018,5
416430,Hải Phòng,17h - 21h,3.0,2018,5
416455,Hải Phòng,17h - 21h,1.0,2018,5
416455,Hải Phòng,0h - 9h,6.0,2018,1
416455,Hải Phòng,9h - 11h,2.0,2018,2
416456,Hải Phòng,0h - 9h,6.0,2018,1
416458,Hải Phòng,17h - 21h,1.0,2018,5
416458,Hải Phòng,14h - 17h,3.0,2018,4
416458,Hải Phòng,0h - 9h,4.0,2018,1
416459,Hải Phòng,14h - 17h,3.0,2018,4
416459,Hải Phòng,0h - 9h,6.0,2018,1
416459,Hải Phòng,9h - 11h,7.0,2018,2
416503,Hải Phòng,17h - 21h,3.0,2018,5
416504,Hải Phòng,17h - 21h,5.0,2018,5
416505,Hải Phòng,0h - 9h,3.0,2018,1
416505,Hải Phòng,17h - 21h,2.0,2018,5
416551,Hải Phòng,17h - 21h,3.0,2018,5
416690,Cần Thơ,0h - 9h,24.0,2018,1
416733,Hải Phòng,17h - 21h,5.0,2018,5
416831,Đà Nẵng,0h - 9h,3.0,2018,1
416831,Đà Nẵng,17h - 21h,4.0,2018,5
416924,Cần Thơ,0h - 9h,24.0,2018,1
416928,Cần Thơ,0h - 9h,24.0,2018,1
417060,Nha Trang,0h - 9h,24.0,2018,1
417092,Nha Trang,17h - 21h,4.0,2018,5
417092,Nha Trang,0h - 9h,21.0,2018,1
417230,Nha Trang,17h - 21h,1.0,2018,5
417230,Nha Trang,0h - 9h,24.0,2018,1
417281,Hồ Chí Minh,0h - 9h,20.0,2018,1
417316,Hải Phòng,9h - 11h,6.0,2018,2
417351,Cần Thơ,14h - 17h,4.0,2018,4
417358,Cần Thơ,17h - 21h,4.0,2018,5
417362,Cần Thơ,0h - 9h,10.0,2018,1
417363,Cần Thơ,17h - 21h,6.0,2018,5
417508,Cần Thơ,0h - 9h,24.0,2018,1
417510,Cần Thơ,0h - 9h,24.0,2018,1
417511,Cần Thơ,0h - 9h,12.0,2018,1
417511,Cần Thơ,9h - 11h,12.0,2018,2
417512,Cần Thơ,0h - 9h,24.0,2018,1
417639,Cần Thơ,17h - 21h,4.0,2018,5
417741,Đà Nẵng,0h - 9h,26.0,2018,1
417743,Cần Thơ,14h - 17h,9.0,2018,4
417744,Cần Thơ,17h - 21h,14.0,2018,5
417744,Cần Thơ,0h - 9h,12.0,2018,1
417862,Nha Trang,0h - 9h,8.0,2018,1
417862,Nha Trang,17h - 21h,6.0,2018,5
417862,Nha Trang,21h+,1.0,2018,6
417880,Hải Phòng,21h+,26.0,2018,6
417989,Đà Nẵng,0h - 9h,16.0,2018,1
418003,Đà Nẵng,0h - 9h,25.0,2018,1
418012,Đà Nẵng,14h - 17h,2.0,2018,4
418012,Đà Nẵng,17h - 21h,4.0,2018,5
418070,Hải Phòng,9h - 11h,21.0,2018,2
418070,Hải Phòng,14h - 17h,8.0,2018,4
418094,Đà Nẵng,9h - 11h,2.0,2018,2
418094,Đà Nẵng,0h - 9h,22.0,2018,1
418113,Cần Thơ,17h - 21h,2.0,2018,5
418146,Đà Nẵng,17h - 21h,10.0,2018,5
418146,Đà Nẵng,0h - 9h,2.0,2018,1
418153,Đà Nẵng,0h - 9h,4.0,2018,1
418199,Đà Nẵng,0h - 9h,2.0,2018,1
418205,Nha Trang,17h - 21h,5.0,2018,5
418205,Nha Trang,0h - 9h,5.0,2018,1
418219,Đà Nẵng,17h - 21h,4.0,2018,5
418228,Đà Nẵng,0h - 9h,26.0,2018,1
418245,Cần Thơ,17h - 21h,4.0,2018,5
418249,Nha Trang,0h - 9h,1.0,2018,1
418343,Cần Thơ,17h - 21h,4.0,2018,5
418381,Nha Trang,11h - 14h,24.0,2018,3
418400,Nha Trang,17h - 21h,1.0,2018,5
418414,Cần Thơ,17h - 21h,5.0,2018,5
418421,Hải Phòng,17h - 21h,6.0,2018,5
418421,Hải Phòng,21h+,2.0,2018,6
418442,Nha Trang,17h - 21h,3.0,2018,5
418478,Nha Trang,17h - 21h,19.0,2018,5
418478,Nha Trang,0h - 9h,24.0,2018,1
418487,Hải Phòng,11h - 14h,1.0,2018,3
418487,Hải Phòng,0h - 9h,4.0,2018,1
418491,Hải Phòng,17h - 21h,3.0,2018,5
418506,Cần Thơ,17h - 21h,2.0,2018,5
418519,Đà Nẵng,9h - 11h,4.0,2018,2
418571,Nha Trang,9h - 11h,5.0,2018,2
418588,Nha Trang,9h - 11h,3.0,2018,2
418588,Nha Trang,0h - 9h,8.0,2018,1
418666,Nha Trang,0h - 9h,4.0,2018,1
418666,Nha Trang,17h - 21h,1.0,2018,5
418682,Cần Thơ,0h - 9h,20.0,2018,1
418683,Cần Thơ,17h - 21h,9.0,2018,5
418684,Cần Thơ,9h - 11h,2.0,2018,2
418685,Cần Thơ,9h - 11h,7.5,2018,2
418686,Cần Thơ,17h - 21h,16.0,2018,5
418687,Cần Thơ,17h - 21h,4.0,2018,5
418688,Cần Thơ,0h - 9h,20.0,2018,1
418689,Cần Thơ,9h - 11h,12.0,2018,2
418690,Cần Thơ,0h - 9h,4.0,2018,1
418691,Cần Thơ,0h - 9h,10.0,2018,1
418730,Nha Trang,17h - 21h,1.0,2018,5
418809,Nha Trang,17h - 21h,2.0,2018,5
418916,Hải Phòng,0h - 9h,4.0,2018,1
418935,Hải Phòng,17h - 21h,8.0,2018,5
418941,Hải Phòng,17h - 21h,6.0,2018,5
418944,Hải Phòng,17h - 21h,3.0,2018,5
418947,Hải Phòng,17h - 21h,6.0,2018,5
418947,Hải Phòng,0h - 9h,7.0,2018,1
419051,Hồ Chí Minh,0h - 9h,4.0,2018,1
419052,Cần Thơ,0h - 9h,13.0,2018,1
419052,Cần Thơ,9h - 11h,11.0,2018,2
419054,Cần Thơ,17h - 21h,2.0,2018,5
419055,Cần Thơ,17h - 21h,5.0,2018,5
419056,Cần Thơ,17h - 21h,3.0,2018,5
419057,Cần Thơ,17h - 21h,4.0,2018,5
419058,Cần Thơ,17h - 21h,2.0,2018,5
419104,Cần Thơ,0h - 9h,24.0,2018,1
419105,Cần Thơ,17h - 21h,5.0,2018,5
419106,Cần Thơ,0h - 9h,24.0,2018,1
419107,Cần Thơ,0h - 9h,24.0,2018,1
419108,Cần Thơ,0h - 9h,24.0,2018,1
419113,Đà Nẵng,0h - 9h,3.0,2018,1
419113,Đà Nẵng,17h - 21h,10.0,2018,5
419113,Đà Nẵng,9h - 11h,6.0,2018,2
419114,Cần Thơ,9h - 11h,6.0,2018,2
419114,Cần Thơ,0h - 9h,18.0,2018,1
419115,Cần Thơ,17h - 21h,2.0,2018,5
419115,Cần Thơ,21h+,3.0,2018,6
419116,Cần Thơ,0h - 9h,24.0,2018,1
419117,Cần Thơ,0h - 9h,24.0,2018,1
419118,Cần Thơ,9h - 11h,6.0,2018,2
419118,Cần Thơ,0h - 9h,18.0,2018,1
419145,Cần Thơ,0h - 9h,26.0,2018,1
419184,Nha Trang,17h - 21h,2.0,2018,5
419198,Nha Trang,17h - 21h,3.0,2018,5
419198,Nha Trang,0h - 9h,6.0,2018,1
419208,Hải Phòng,17h - 21h,2.0,2018,5
419208,Hải Phòng,21h+,4.0,2018,6
419208,Hải Phòng,9h - 11h,3.0,2018,2
419211,Cần Thơ,0h - 9h,7.0,2018,1
419223,Cần Thơ,0h - 9h,26.0,2018,1
419224,Cần Thơ,0h - 9h,20.0,2018,1
419240,Đà Nẵng,14h - 17h,16.0,2018,4
419240,Đà Nẵng,0h - 9h,24.0,2018,1
419240,Đà Nẵng,11h - 14h,10.0,2018,3
419245,Hải Phòng,17h - 21h,5.0,2018,5
419331,Hải Phòng,0h - 9h,24.0,2018,1
419335,Hải Phòng,0h - 9h,4.0,2018,1
419336,Hải Phòng,0h - 9h,5.0,2018,1
419336,Hải Phòng,17h - 21h,2.0,2018,5
419358,Hải Phòng,0h - 9h,7.0,2018,1
419364,Nha Trang,17h - 21h,3.0,2018,5
419364,Nha Trang,0h - 9h,24.0,2018,1
419366,Hải Phòng,17h - 21h,2.0,2018,5
419367,Hải Phòng,0h - 9h,2.0,2018,1
419418,Cần Thơ,0h - 9h,26.0,2018,1
419419,Cần Thơ,0h - 9h,26.0,2018,1
419420,Cần Thơ,0h - 9h,24.0,2018,1
419421,Cần Thơ,0h - 9h,26.0,2018,1
419481,Hải Phòng,17h - 21h,3.0,2018,5
419481,Hải Phòng,0h - 9h,5.0,2018,1
419482,Hải Phòng,0h - 9h,3.0,2018,1
419482,Hải Phòng,17h - 21h,1.0,2018,5
419484,Hải Phòng,0h - 9h,5.0,2018,1
419484,Hải Phòng,9h - 11h,1.0,2018,2
419489,Hải Phòng,0h - 9h,4.0,2018,1
419489,Hải Phòng,17h - 21h,2.0,2018,5
419491,Hải Phòng,17h - 21h,4.0,2018,5
419491,Hải Phòng,0h - 9h,4.0,2018,1
419492,Hải Phòng,0h - 9h,4.0,2018,1
419493,Hải Phòng,11h - 14h,3.0,2018,3
419494,Hải Phòng,0h - 9h,6.0,2018,1
419495,Hải Phòng,0h - 9h,4.0,2018,1
419496,Hải Phòng,9h - 11h,5.0,2018,2
419497,Hải Phòng,0h - 9h,4.0,2018,1
419504,Hải Phòng,0h - 9h,4.0,2018,1
419505,Hải Phòng,0h - 9h,2.0,2018,1
419505,Hải Phòng,17h - 21h,2.0,2018,5
419506,Hải Phòng,0h - 9h,2.0,2018,1
419506,Hải Phòng,17h - 21h,3.0,2018,5
419507,Hải Phòng,0h - 9h,5.0,2018,1
419508,Hải Phòng,0h - 9h,2.0,2018,1
419509,Hải Phòng,17h - 21h,4.0,2018,5
419510,Hải Phòng,17h - 21h,3.0,2018,5
419535,Hải Phòng,0h - 9h,4.0,2018,1
419536,Hải Phòng,0h - 9h,4.0,2018,1
419537,Hải Phòng,0h - 9h,4.0,2018,1
419538,Hải Phòng,0h - 9h,2.0,2018,1
419538,Hải Phòng,17h - 21h,2.0,2018,5
419540,Hải Phòng,0h - 9h,4.0,2018,1
419541,Hải Phòng,17h - 21h,2.0,2018,5
419541,Hải Phòng,14h - 17h,2.0,2018,4
419542,Hải Phòng,0h - 9h,4.0,2018,1
419638,Nha Trang,17h - 21h,2.0,2018,5
419638,Nha Trang,0h - 9h,1.0,2018,1
419720,Hải Phòng,17h - 21h,6.0,2018,5
419723,Nha Trang,17h - 21h,3.0,2018,5
419803,Nha Trang,17h - 21h,3.0,2018,5
419814,Nha Trang,0h - 9h,10.0,2018,1
419975,Nha Trang,0h - 9h,2.0,2018,1
420095,Đà Nẵng,0h - 9h,16.0,2018,1
420114,Hồ Chí Minh,17h - 21h,4.0,2018,5
420124,Nha Trang,0h - 9h,2.0,2018,1
420287,Nha Trang,0h - 9h,8.0,2018,1
420287,Nha Trang,17h - 21h,8.0,2018,5
420500,Nha Trang,0h - 9h,4.0,2018,1
420656,Nha Trang,17h - 21h,2.0,2018,5
420656,Nha Trang,14h - 17h,4.0,2018,4
420656,Nha Trang,9h - 11h,6.0,2018,2
420663,Nha Trang,0h - 9h,8.0,2018,1
420755,Đà Nẵng,0h - 9h,24.0,2018,1
420767,Hồ Chí Minh,17h - 21h,2.0,2018,5
420781,Hồ Chí Minh,17h - 21h,4.0,2018,5
420797,Nha Trang,0h - 9h,12.0,2018,1
420805,Nha Trang,9h - 11h,5.0,2018,2
420805,Nha Trang,0h - 9h,16.0,2018,1
420812,Nha Trang,0h - 9h,12.0,2018,1
420812,Nha Trang,17h - 21h,6.0,2018,5
420836,Đà Nẵng,0h - 9h,26.0,2018,1
420880,Hồ Chí Minh,0h - 9h,2.0,2018,1
420894,Nha Trang,0h - 9h,10.0,2018,1
420894,Nha Trang,17h - 21h,10.0,2018,5
420902,Nha Trang,11h - 14h,24.0,2018,3
420902,Nha Trang,0h - 9h,24.0,2018,1
420962,Nha Trang,17h - 21h,4.0,2018,5
420974,Đà Nẵng,17h - 21h,2.0,2018,5
421039,Nha Trang,17h - 21h,3.0,2018,5
421114,Nha Trang,0h - 9h,24.0,2018,1
421127,Nha Trang,0h - 9h,2.0,2018,1
421181,Đà Nẵng,17h - 21h,2.0,2018,5
421181,Đà Nẵng,0h - 9h,22.0,2018,1
421328,Nha Trang,0h - 9h,21.0,2018,1
421333,Nha Trang,0h - 9h,2.0,2018,1
421333,Nha Trang,17h - 21h,4.0,2018,5
421335,Hồ Chí Minh,0h - 9h,6.0,2018,1
421367,Đà Nẵng,14h - 17h,6.0,2018,4
421458,Nha Trang,21h+,2.0,2018,6
421467,Đà Nẵng,0h - 9h,24.0,2018,1
421467,Đà Nẵng,9h - 11h,2.0,2018,2
421507,Nha Trang,0h - 9h,6.0,2018,1
421519,Đà Nẵng,0h - 9h,25.0,2018,1
421521,Đà Nẵng,17h - 21h,8.0,2018,5
421521,Đà Nẵng,0h - 9h,22.0,2018,1
421677,Hồ Chí Minh,17h - 21h,2.0,2018,5
421730,Đà Nẵng,0h - 9h,24.0,2018,1
421741,Đà Nẵng,0h - 9h,26.0,2018,1
421754,Đà Nẵng,0h - 9h,25.0,2018,1
421754,Đà Nẵng,17h - 21h,8.0,2018,5
421768,Hồ Chí Minh,14h - 17h,1.0,2018,4
421768,Hồ Chí Minh,17h - 21h,1.0,2018,5
421783,Nha Trang,0h - 9h,6.0,2018,1
421880,Hồ Chí Minh,17h - 21h,3.0,2018,5
421880,Hồ Chí Minh,0h - 9h,8.0,2018,1
422008,Hồ Chí Minh,14h - 17h,4.0,2018,4
422008,Hồ Chí Minh,17h - 21h,3.0,2018,5
422261,Nha Trang,0h - 9h,16.0,2018,1
422270,Nha Trang,17h - 21h,3.0,2018,5
422307,Nha Trang,0h - 9h,8.0,2018,1
422368,Nha Trang,17h - 21h,5.0,2018,5
422368,Nha Trang,0h - 9h,8.0,2018,1
422598,Nha Trang,0h - 9h,24.0,2018,1
422610,Nha Trang,9h - 11h,2.0,2018,2
422652,Nha Trang,17h - 21h,1.0,2018,5
422652,Nha Trang,0h - 9h,6.0,2018,1
422659,Nha Trang,0h - 9h,6.0,2018,1
422851,Nha Trang,17h - 21h,2.0,2018,5
422851,Nha Trang,0h - 9h,12.0,2018,1
422851,Nha Trang,17h - 21h,2.0,2018,5
422923,Nha Trang,14h - 17h,25.0,2018,4
422923,Nha Trang,0h - 9h,25.0,2018,1
422952,Hồ Chí Minh,14h - 17h,3.0,2018,4
422952,Hồ Chí Minh,11h - 14h,4.0,2018,3
422952,Hồ Chí Minh,17h - 21h,9.0,2018,5
422965,Nha Trang,17h - 21h,5.0,2018,5
422965,Nha Trang,0h - 9h,5.0,2018,1
422968,Nha Trang,0h - 9h,24.0,2018,1
423000,Nha Trang,0h - 9h,3.0,2018,1
423060,Nha Trang,9h - 11h,2.0,2018,2
423060,Nha Trang,17h - 21h,3.0,2018,5
423075,Nha Trang,0h - 9h,24.0,2018,1
423111,Hồ Chí Minh,17h - 21h,3.0,2018,5
423140,Nha Trang,0h - 9h,2.0,2018,1
423196,Nha Trang,9h - 11h,1.0,2018,2
423204,Nha Trang,0h - 9h,24.0,2018,1
423288,Hồ Chí Minh,0h - 9h,4.0,2018,1
423311,Nha Trang,9h - 11h,1.0,2018,2
423311,Nha Trang,17h - 21h,2.0,2018,5
423346,Nha Trang,0h - 9h,5.0,2018,1
423413,Nha Trang,17h - 21h,4.0,2018,5
423413,Nha Trang,9h - 11h,2.0,2018,2
423473,Nha Trang,0h - 9h,2.0,2018,1
423491,Nha Trang,0h - 9h,24.0,2018,1
423491,Nha Trang,17h - 21h,1.0,2018,5
423514,Nha Trang,14h - 17h,24.0,2018,4
423639,Nha Trang,9h - 11h,12.0,2018,2
423639,Nha Trang,0h - 9h,12.0,2018,1
423736,Nha Trang,17h - 21h,4.0,2018,5
423736,Nha Trang,0h - 9h,4.0,2018,1
423784,Nha Trang,9h - 11h,20.0,2018,2
423852,Nha Trang,17h - 21h,2.0,2018,5
423852,Nha Trang,14h - 17h,7.0,2018,4
423852,Nha Trang,0h - 9h,8.0,2018,1
423886,Nha Trang,9h - 11h,24.0,2018,2
424050,Nha Trang,14h - 17h,3.0,2018,4
424050,Nha Trang,0h - 9h,8.0,2018,1
424050,Nha Trang,17h - 21h,4.0,2018,5
424082,Nha Trang,0h - 9h,14.0,2018,1
424224,Nha Trang,9h - 11h,6.0,2018,2
424242,Nha Trang,0h - 9h,4.0,2018,1
424242,Nha Trang,17h - 21h,2.0,2018,5
424244,Đà Nẵng,0h - 9h,8.0,2018,1
424252,Nha Trang,0h - 9h,19.0,2018,1
424283,Nha Trang,17h - 21h,9.0,2018,5
424283,Nha Trang,9h - 11h,12.0,2018,2
424428,Đà Nẵng,0h - 9h,25.0,2018,1
424652,Nha Trang,0h - 9h,24.0,2018,1
424880,Nha Trang,17h - 21h,3.0,2018,5
424885,Nha Trang,17h - 21h,2.0,2018,5
424888,Nha Trang,9h - 11h,5.0,2018,2
424888,Nha Trang,21h+,1.0,2018,6
425022,Nha Trang,0h - 9h,8.0,2018,1
425233,Hải Phòng,0h - 9h,16.0,2018,1
425233,Hải Phòng,17h - 21h,8.0,2018,5
425340,Nha Trang,21h+,1.0,2018,6
425340,Nha Trang,17h - 21h,1.0,2018,5
425519,Hồ Chí Minh,0h - 9h,6.0,2018,1
425519,Hồ Chí Minh,17h - 21h,2.0,2018,5
425609,Hải Phòng,17h - 21h,2.0,2018,5
425609,Hải Phòng,14h - 17h,5.0,2018,4
425762,Hồ Chí Minh,14h - 17h,1.0,2018,4
425762,Hồ Chí Minh,0h - 9h,1.0,2018,1
425777,Đà Nẵng,9h - 11h,1.0,2018,2
425777,Đà Nẵng,17h - 21h,2.0,2018,5
425892,Hải Phòng,17h - 21h,7.0,2018,5
425892,Hải Phòng,21h+,4.0,2018,6
425930,Hồ Chí Minh,9h - 11h,1.0,2018,2
425931,Hồ Chí Minh,0h - 9h,2.0,2018,1
425931,Hồ Chí Minh,17h - 21h,1.0,2018,5
425932,Hồ Chí Minh,9h - 11h,3.0,2018,2
425932,Hồ Chí Minh,17h - 21h,1.0,2018,5
425950,Đà Nẵng,14h - 17h,8.0,2018,4
426483,Đà Nẵng,17h - 21h,3.0,2018,5
426762,Hải Phòng,17h - 21h,1.0,2018,5
426763,Hải Phòng,17h - 21h,1.0,2018,5
426862,Hải Phòng,17h - 21h,3.0,2018,5
426901,Đà Nẵng,0h - 9h,16.0,2018,1
427010,Hải Phòng,17h - 21h,3.0,2018,5
427192,Đà Nẵng,0h - 9h,22.0,2018,1
427192,Đà Nẵng,17h - 21h,5.0,2018,5
427933,Hồ Chí Minh,17h - 21h,4.0,2018,5
428417,Hải Phòng,17h - 21h,3.0,2018,5
428466,Đà Nẵng,11h - 14h,5.0,2018,3
428466,Đà Nẵng,17h - 21h,5.0,2018,5
428471,Đà Nẵng,0h - 9h,1.0,2018,1
428572,Đà Nẵng,0h - 9h,26.0,2018,1
428726,Hải Phòng,0h - 9h,8.0,2018,1
428727,Hải Phòng,0h - 9h,2.0,2018,1
428756,Hải Phòng,17h - 21h,5.0,2018,5
428757,Hải Phòng,17h - 21h,5.0,2018,5
428758,Hải Phòng,17h - 21h,1.0,2018,5
428982,Hải Phòng,17h - 21h,6.0,2018,5
428983,Hải Phòng,0h - 9h,2.0,2018,1
428983,Hải Phòng,17h - 21h,1.0,2018,5
428984,Hải Phòng,9h - 11h,1.0,2018,2
428984,Hải Phòng,0h - 9h,5.0,2018,1
428984,Hải Phòng,17h - 21h,2.0,2018,5
428985,Hải Phòng,17h - 21h,1.0,2018,5
428985,Hải Phòng,0h - 9h,5.0,2018,1
428985,Hải Phòng,9h - 11h,1.0,2018,2
429053,Hải Phòng,17h - 21h,3.0,2018,5
429153,Hải Phòng,17h - 21h,2.0,2018,5
429262,Hồ Chí Minh,17h - 21h,7.0,2018,5
429290,Đà Nẵng,0h - 9h,4.0,2018,1
429329,Đà Nẵng,17h - 21h,4.0,2018,5
429443,Đà Nẵng,0h - 9h,25.0,2018,1
429462,Đà Nẵng,0h - 9h,8.0,2018,1
429487,Hải Phòng,0h - 9h,2.0,2018,1
429487,Hải Phòng,17h - 21h,3.0,2018,5
429487,Hải Phòng,9h - 11h,2.0,2018,2
429556,Đà Nẵng,0h - 9h,20.0,2018,1
429580,Hải Phòng,14h - 17h,2.0,2018,4
429580,Hải Phòng,9h - 11h,3.0,2018,2
429592,Hồ Chí Minh,0h - 9h,24.0,2018,1
429592,Hồ Chí Minh,17h - 21h,8.0,2018,5
429913,Hải Phòng,14h - 17h,1.0,2018,4
429913,Hải Phòng,17h - 21h,3.0,2018,5
429913,Hải Phòng,0h - 9h,4.0,2018,1
429914,Hải Phòng,14h - 17h,3.0,2018,4
429914,Hải Phòng,21h+,2.0,2018,6
429915,Hải Phòng,17h - 21h,3.0,2018,5
429983,Hải Phòng,21h+,4.0,2018,6
429983,Hải Phòng,17h - 21h,4.0,2018,5
430168,Hà Nội,17h - 21h,4.0,2018,5
430168,Hà Nội,14h - 17h,4.0,2018,4
430284,Hà Nội,17h - 21h,2.0,2018,5
430284,Hà Nội,0h - 9h,2.0,2018,1
430292,Hà Nội,9h - 11h,1.0,2018,2
430292,Hà Nội,17h - 21h,3.0,2018,5
430293,Hà Nội,17h - 21h,2.0,2018,5
430294,Hải Phòng,0h - 9h,4.0,2018,1
430295,Hải Phòng,0h - 9h,7.0,2018,1
430299,Hồ Chí Minh,9h - 11h,3.0,2018,2
430323,Hà Nội,0h - 9h,1.0,2018,1
430323,Hà Nội,17h - 21h,1.0,2018,5
430324,Hà Nội,17h - 21h,1.0,2018,5
430324,Hà Nội,0h - 9h,1.0,2018,1
430332,Hà Nội,14h - 17h,2.0,2018,4
430332,Hà Nội,17h - 21h,1.0,2018,5
430333,Hà Nội,14h - 17h,2.0,2018,4
430333,Hà Nội,17h - 21h,3.0,2018,5
430334,Hà Nội,21h+,1.0,2018,6
430334,Hà Nội,17h - 21h,4.0,2018,5
430335,Hà Nội,17h - 21h,2.0,2018,5
430336,Hà Nội,21h+,2.0,2018,6
430336,Hà Nội,17h - 21h,3.0,2018,5
430337,Hà Nội,17h - 21h,7.0,2018,5
430337,Hà Nội,21h+,6.0,2018,6
430338,Hà Nội,17h - 21h,2.0,2018,5
430338,Hà Nội,21h+,2.0,2018,6
430339,Hà Nội,17h - 21h,3.0,2018,5
430339,Hà Nội,14h - 17h,2.0,2018,4
430347,Hải Phòng,17h - 21h,2.0,2018,5
430348,Hải Phòng,17h - 21h,3.0,2018,5
430445,Đà Nẵng,0h - 9h,26.0,2018,1
430445,Đà Nẵng,14h - 17h,7.0,2018,4
430586,Đà Nẵng,11h - 14h,4.0,2018,3
430586,Đà Nẵng,0h - 9h,26.0,2018,1
430709,Hồ Chí Minh,9h - 11h,3.0,2018,2
430710,Hồ Chí Minh,9h - 11h,2.0,2018,2
430711,Hồ Chí Minh,9h - 11h,3.0,2018,2
430712,Hồ Chí Minh,9h - 11h,2.0,2018,2
430813,Đà Nẵng,0h - 9h,24.0,2018,1
430877,Đà Nẵng,0h - 9h,16.0,2018,1
430889,Hà Nội,14h - 17h,1.0,2018,4
430889,Hà Nội,17h - 21h,1.0,2018,5
430901,Đà Nẵng,9h - 11h,4.0,2018,2
430901,Đà Nẵng,0h - 9h,22.0,2018,1
430906,Đà Nẵng,0h - 9h,16.0,2018,1
431013,Đà Nẵng,0h - 9h,16.0,2018,1
431041,Đà Nẵng,0h - 9h,24.0,2018,1
431041,Đà Nẵng,17h - 21h,2.0,2018,5
431075,Đà Nẵng,17h - 21h,1.0,2018,5
431075,Đà Nẵng,0h - 9h,4.0,2018,1
431211,Hồ Chí Minh,17h - 21h,8.0,2018,5
431391,Đà Nẵng,0h - 9h,25.0,2018,1
431491,Đà Nẵng,0h - 9h,7.0,2018,1
431586,Hải Phòng,11h - 14h,10.0,2018,3
431586,Hải Phòng,0h - 9h,4.0,2018,1
431587,Hải Phòng,0h - 9h,4.0,2018,1
431617,Hải Phòng,14h - 17h,3.0,2018,4
431619,Hà Nội,17h - 21h,3.0,2018,5
431619,Hà Nội,9h - 11h,2.0,2018,2
431620,Hà Nội,14h - 17h,4.0,2018,4
431621,Hà Nội,17h - 21h,2.0,2018,5
431622,Hà Nội,17h - 21h,3.0,2018,5
431623,Hà Nội,9h - 11h,4.0,2018,2
431624,Hà Nội,9h - 11h,4.0,2018,2
431625,Hà Nội,17h - 21h,3.0,2018,5
431626,Hà Nội,17h - 21h,4.0,2018,5
431627,Hà Nội,9h - 11h,3.0,2018,2
431628,Hà Nội,9h - 11h,4.0,2018,2
431629,Hà Nội,17h - 21h,4.0,2018,5
431630,Hà Nội,9h - 11h,4.0,2018,2
431631,Hà Nội,17h - 21h,2.0,2018,5
431631,Hà Nội,14h - 17h,4.0,2018,4
431632,Hà Nội,17h - 21h,4.0,2018,5
431633,Hà Nội,17h - 21h,4.0,2018,5
431804,Hải Phòng,9h - 11h,6.0,2018,2
431832,Đà Nẵng,0h - 9h,12.0,2018,1
431832,Đà Nẵng,11h - 14h,4.0,2018,3
431925,Hà Nội,17h - 21h,1.0,2018,5
431926,Hà Nội,17h - 21h,5.0,2018,5
431926,Hà Nội,0h - 9h,1.0,2018,1
431927,Hà Nội,17h - 21h,2.0,2018,5
431929,Hà Nội,17h - 21h,2.0,2018,5
431929,Hà Nội,0h - 9h,2.0,2018,1
431929,Hà Nội,21h+,2.0,2018,6
431930,Hà Nội,17h - 21h,3.0,2018,5
431931,Hà Nội,21h+,1.0,2018,6
431931,Hà Nội,17h - 21h,3.0,2018,5
431931,Hà Nội,0h - 9h,2.0,2018,1
431932,Hà Nội,17h - 21h,4.0,2018,5
431932,Hà Nội,0h - 9h,3.0,2018,1
431932,Hà Nội,21h+,1.0,2018,6
431933,Hà Nội,14h - 17h,2.0,2018,4
431933,Hà Nội,17h - 21h,4.0,2018,5
432040,Hồ Chí Minh,9h - 11h,2.0,2018,2
432040,Hồ Chí Minh,14h - 17h,2.0,2018,4
432041,Hồ Chí Minh,0h - 9h,1.0,2018,1
432041,Hồ Chí Minh,17h - 21h,1.0,2018,5
432056,Hải Phòng,17h - 21h,2.0,2018,5
432056,Hải Phòng,0h - 9h,3.0,2018,1
432104,Đà Nẵng,0h - 9h,24.0,2018,1
432169,Hải Phòng,14h - 17h,4.0,2018,4
432169,Hải Phòng,17h - 21h,1.0,2018,5
432192,Hồ Chí Minh,0h - 9h,2.0,2018,1
432259,Đà Nẵng,0h - 9h,24.0,2018,1
432259,Đà Nẵng,9h - 11h,3.0,2018,2
432266,Hà Nội,17h - 21h,3.0,2018,5
432266,Hà Nội,9h - 11h,1.0,2018,2
432307,Đà Nẵng,0h - 9h,20.0,2018,1
432307,Đà Nẵng,9h - 11h,25.0,2018,2
432318,Hà Nội,17h - 21h,5.0,2018,5
432319,Hà Nội,17h - 21h,2.0,2018,5
432319,Hà Nội,0h - 9h,2.0,2018,1
432320,Hà Nội,17h - 21h,2.0,2018,5
432405,Đà Nẵng,0h - 9h,25.0,2018,1
432414,Đà Nẵng,0h - 9h,25.0,2018,1
432423,Đà Nẵng,0h - 9h,5.0,2018,1
432427,Hồ Chí Minh,0h - 9h,2.0,2018,1
432428,Hồ Chí Minh,9h - 11h,3.0,2018,2
432429,Hồ Chí Minh,9h - 11h,3.0,2018,2
432430,Hồ Chí Minh,14h - 17h,1.0,2018,4
432455,Hồ Chí Minh,0h - 9h,6.0,2018,1
432464,Nha Trang,9h - 11h,2.0,2018,2
432538,Hà Nội,9h - 11h,4.0,2018,2
432539,Hà Nội,14h - 17h,4.0,2018,4
432540,Hà Nội,17h - 21h,6.0,2018,5
432541,Hà Nội,17h - 21h,3.0,2018,5
432542,Hà Nội,14h - 17h,4.0,2018,4
432543,Hà Nội,14h - 17h,4.0,2018,4
432545,Hà Nội,17h - 21h,4.0,2018,5
432621,Hồ Chí Minh,0h - 9h,8.0,2018,1
432621,Hồ Chí Minh,17h - 21h,17.0,2018,5
432637,Hải Phòng,0h - 9h,2.0,2018,1
432637,Hải Phòng,9h - 11h,2.0,2018,2
432640,Hải Phòng,11h - 14h,8.0,2018,3
432640,Hải Phòng,14h - 17h,3.0,2018,4
432641,Hải Phòng,0h - 9h,5.0,2018,1
432641,Hải Phòng,9h - 11h,2.0,2018,2
432664,Nha Trang,0h - 9h,24.0,2018,1
432713,Nha Trang,9h - 11h,20.0,2018,2
432752,Nha Trang,17h - 21h,3.0,2018,5
432820,Hồ Chí Minh,17h - 21h,1.0,2018,5
432820,Hồ Chí Minh,0h - 9h,24.0,2018,1
432824,Nha Trang,17h - 21h,4.0,2018,5
432833,Đà Nẵng,0h - 9h,8.0,2018,1
432841,Đà Nẵng,0h - 9h,26.0,2018,1
432847,Nha Trang,0h - 9h,6.0,2018,1
432875,Đà Nẵng,0h - 9h,10.0,2018,1
432897,Đà Nẵng,0h - 9h,25.0,2018,1
432897,Đà Nẵng,14h - 17h,25.0,2018,4
433023,Đà Nẵng,9h - 11h,15.0,2018,2
433023,Đà Nẵng,17h - 21h,9.0,2018,5
433023,Đà Nẵng,14h - 17h,10.0,2018,4
433037,Đà Nẵng,0h - 9h,26.0,2018,1
433037,Đà Nẵng,14h - 17h,15.0,2018,4
433076,Đà Nẵng,0h - 9h,5.0,2018,1
433128,Hồ Chí Minh,0h - 9h,22.0,2018,1
433128,Hồ Chí Minh,17h - 21h,3.0,2018,5
433149,Hải Phòng,0h - 9h,3.0,2018,1
433149,Hải Phòng,17h - 21h,2.0,2018,5
433234,Hồ Chí Minh,0h - 9h,4.0,2018,1
433234,Hồ Chí Minh,14h - 17h,2.0,2018,4
433235,Hồ Chí Minh,0h - 9h,12.0,2018,1
433235,Hồ Chí Minh,11h - 14h,12.0,2018,3
433236,Hồ Chí Minh,9h - 11h,1.0,2018,2
433237,Hồ Chí Minh,0h - 9h,1.0,2018,1
433237,Hồ Chí Minh,9h - 11h,3.0,2018,2
433238,Hồ Chí Minh,14h - 17h,1.0,2018,4
433238,Hồ Chí Minh,0h - 9h,1.0,2018,1
433239,Hồ Chí Minh,17h - 21h,4.0,2018,5
433240,Hồ Chí Minh,0h - 9h,3.0,2018,1
433240,Hồ Chí Minh,17h - 21h,3.0,2018,5
433253,Hải Phòng,0h - 9h,3.0,2018,1
433253,Hải Phòng,14h - 17h,1.0,2018,4
433256,Hồ Chí Minh,0h - 9h,6.0,2018,1
433256,Hồ Chí Minh,17h - 21h,2.0,2018,5
433259,Hà Nội,9h - 11h,1.0,2018,2
433259,Hà Nội,17h - 21h,1.0,2018,5
433260,Hải Phòng,17h - 21h,5.0,2018,5
433261,Hải Phòng,17h - 21h,3.0,2018,5
433262,Hải Phòng,0h - 9h,4.0,2018,1
433272,Đà Nẵng,0h - 9h,4.0,2018,1
433298,Đà Nẵng,0h - 9h,25.0,2018,1
433329,Hà Nội,0h - 9h,5.0,2018,1
433329,Hà Nội,17h - 21h,3.0,2018,5
433330,Hà Nội,17h - 21h,2.0,2018,5
433330,Hà Nội,21h+,2.0,2018,6
433331,Hà Nội,14h - 17h,2.0,2018,4
433331,Hà Nội,17h - 21h,2.0,2018,5
433332,Hà Nội,17h - 21h,6.0,2018,5
433332,Hà Nội,21h+,5.0,2018,6
433333,Hà Nội,0h - 9h,2.0,2018,1
433333,Hà Nội,17h - 21h,2.0,2018,5
433334,Hà Nội,21h+,2.0,2018,6
433334,Hà Nội,17h - 21h,5.0,2018,5
433335,Hà Nội,21h+,3.0,2018,6
433335,Hà Nội,0h - 9h,3.0,2018,1
433335,Hà Nội,17h - 21h,5.0,2018,5
433336,Hà Nội,21h+,2.0,2018,6
433336,Hà Nội,17h - 21h,2.0,2018,5
433348,Đà Nẵng,0h - 9h,25.0,2018,1
433366,Hải Phòng,21h+,2.0,2018,6
433366,Hải Phòng,17h - 21h,2.0,2018,5
433368,Hải Phòng,17h - 21h,3.0,2018,5
433450,Đà Nẵng,14h - 17h,6.0,2018,4
433450,Đà Nẵng,9h - 11h,3.0,2018,2
433450,Đà Nẵng,17h - 21h,4.0,2018,5
433571,Đà Nẵng,11h - 14h,3.0,2018,3
433571,Đà Nẵng,0h - 9h,3.0,2018,1
433585,Đà Nẵng,0h - 9h,12.0,2018,1
433585,Đà Nẵng,14h - 17h,20.0,2018,4
433667,Đà Nẵng,9h - 11h,5.0,2018,2
433667,Đà Nẵng,14h - 17h,7.0,2018,4
433667,Đà Nẵng,0h - 9h,21.0,2018,1
433695,Hà Nội,9h - 11h,3.0,2018,2
433695,Hà Nội,17h - 21h,5.0,2018,5
433696,Hà Nội,9h - 11h,2.0,2018,2
433696,Hà Nội,17h - 21h,4.0,2018,5
433696,Hà Nội,11h - 14h,1.0,2018,3
433697,Hà Nội,17h - 21h,3.0,2018,5
433698,Hà Nội,17h - 21h,4.0,2018,5
433698,Hà Nội,14h - 17h,5.0,2018,4
433699,Hà Nội,17h - 21h,4.0,2018,5
433700,Hà Nội,9h - 11h,4.0,2018,2
433701,Hà Nội,9h - 11h,2.0,2018,2
433701,Hà Nội,17h - 21h,2.0,2018,5
433702,Hà Nội,17h - 21h,3.0,2018,5
433706,Nha Trang,0h - 9h,24.0,2018,1
433719,Hồ Chí Minh,17h - 21h,4.0,2018,5
433724,Đà Nẵng,0h - 9h,4.0,2018,1
433726,Nha Trang,17h - 21h,2.0,2018,5
433726,Nha Trang,9h - 11h,5.0,2018,2
433732,Đà Nẵng,17h - 21h,3.0,2018,5
433782,Nha Trang,17h - 21h,24.0,2018,5
433837,Nha Trang,0h - 9h,21.0,2018,1
433871,Đà Nẵng,0h - 9h,5.0,2018,1
433871,Đà Nẵng,11h - 14h,3.0,2018,3
433877,Đà Nẵng,0h - 9h,25.0,2018,1
433938,Nha Trang,17h - 21h,2.0,2018,5
433943,Đà Nẵng,0h - 9h,16.0,2018,1
433945,Nha Trang,17h - 21h,8.0,2018,5
433945,Nha Trang,11h - 14h,7.0,2018,3
433946,Đà Nẵng,14h - 17h,2.0,2018,4
433946,Đà Nẵng,17h - 21h,3.0,2018,5
433957,Nha Trang,0h - 9h,1.0,2018,1
433963,Nha Trang,17h - 21h,1.0,2018,5
433981,Đà Nẵng,17h - 21h,14.0,2018,5
433981,Đà Nẵng,9h - 11h,10.0,2018,2
433981,Đà Nẵng,11h - 14h,10.0,2018,3
433981,Đà Nẵng,0h - 9h,14.0,2018,1
434000,Nha Trang,0h - 9h,20.0,2018,1
434005,Nha Trang,17h - 21h,3.0,2018,5
434006,Nha Trang,0h - 9h,3.0,2018,1
434021,Hồ Chí Minh,0h - 9h,3.0,2018,1
434032,Đà Nẵng,17h - 21h,3.0,2018,5
434032,Đà Nẵng,11h - 14h,4.0,2018,3
434072,Nha Trang,17h - 21h,1.0,2018,5
434072,Nha Trang,0h - 9h,5.0,2018,1
434078,Đà Nẵng,0h - 9h,24.0,2018,1
434078,Đà Nẵng,11h - 14h,6.0,2018,3
434083,Nha Trang,17h - 21h,8.0,2018,5
434083,Nha Trang,9h - 11h,2.0,2018,2
434084,Hồ Chí Minh,17h - 21h,3.0,2018,5
434084,Hồ Chí Minh,9h - 11h,1.0,2018,2
434085,Hồ Chí Minh,0h - 9h,4.0,2018,1
434088,Đà Nẵng,0h - 9h,16.0,2018,1
434091,Hồ Chí Minh,11h - 14h,1.0,2018,3
434091,Hồ Chí Minh,0h - 9h,2.0,2018,1
434097,Đà Nẵng,0h - 9h,4.0,2018,1
434120,Đà Nẵng,17h - 21h,4.0,2018,5
434177,Nha Trang,17h - 21h,12.0,2018,5
434215,Nha Trang,0h - 9h,20.0,2018,1
434216,Nha Trang,17h - 21h,4.0,2018,5
434241,Đà Nẵng,0h - 9h,1.0,2018,1
434241,Đà Nẵng,21h+,1.0,2018,6
434300,Nha Trang,0h - 9h,6.0,2018,1
434300,Nha Trang,17h - 21h,6.0,2018,5
434330,Nha Trang,17h - 21h,7.0,2018,5
434330,Nha Trang,9h - 11h,7.0,2018,2
434369,Hồ Chí Minh,0h - 9h,2.0,2018,1
434369,Hồ Chí Minh,17h - 21h,2.0,2018,5
434383,Nha Trang,0h - 9h,24.0,2018,1
434449,Hồ Chí Minh,9h - 11h,3.0,2018,2
434449,Hồ Chí Minh,17h - 21h,2.0,2018,5
434461,Hồ Chí Minh,0h - 9h,6.0,2018,1
434464,Nha Trang,0h - 9h,24.0,2018,1
434471,Nha Trang,0h - 9h,20.0,2018,1
434471,Nha Trang,17h - 21h,4.0,2018,5
434487,Đà Nẵng,17h - 21h,7.0,2018,5
434501,Đà Nẵng,0h - 9h,4.0,2018,1
434502,Nha Trang,11h - 14h,6.0,2018,3
434502,Nha Trang,0h - 9h,12.0,2018,1
434663,Nha Trang,17h - 21h,3.0,2018,5
434663,Nha Trang,0h - 9h,6.0,2018,1
434720,Đà Nẵng,0h - 9h,6.0,2018,1
434774,Đà Nẵng,17h - 21h,2.0,2018,5
434774,Đà Nẵng,0h - 9h,16.0,2018,1
434793,Hà Nội,9h - 11h,4.0,2018,2
434793,Hà Nội,17h - 21h,3.0,2018,5
434849,Hải Phòng,9h - 11h,3.0,2018,2
434854,Hải Phòng,0h - 9h,3.0,2018,1
434854,Hải Phòng,17h - 21h,4.0,2018,5
434855,Hải Phòng,0h - 9h,4.0,2018,1
434856,Hải Phòng,0h - 9h,4.0,2018,1
434897,Hải Phòng,0h - 9h,2.0,2018,1
434897,Hải Phòng,17h - 21h,2.0,2018,5
434898,Hải Phòng,0h - 9h,4.0,2018,1
434898,Hải Phòng,9h - 11h,1.0,2018,2
435036,Hà Nội,17h - 21h,4.0,2018,5
435039,Hà Nội,9h - 11h,1.0,2018,2
435039,Hà Nội,17h - 21h,2.0,2018,5
435040,Hà Nội,17h - 21h,3.0,2018,5
435041,Hà Nội,17h - 21h,4.0,2018,5
435042,Hà Nội,17h - 21h,4.0,2018,5
435043,Hà Nội,17h - 21h,8.0,2018,5
435043,Hà Nội,21h+,2.0,2018,6
435044,Hà Nội,17h - 21h,1.0,2018,5
435044,Hà Nội,21h+,1.0,2018,6
435051,Hải Phòng,0h - 9h,2.0,2018,1
435052,Hải Phòng,0h - 9h,4.0,2018,1
435053,Hải Phòng,0h - 9h,4.0,2018,1
435054,Hải Phòng,0h - 9h,4.0,2018,1
435055,Hải Phòng,17h - 21h,2.0,2018,5
435056,Hải Phòng,17h - 21h,3.0,2018,5
435056,Hải Phòng,0h - 9h,1.0,2018,1
435057,Hải Phòng,17h - 21h,2.0,2018,5
435058,Hải Phòng,0h - 9h,4.0,2018,1
435059,Hải Phòng,0h - 9h,4.0,2018,1
435060,Hải Phòng,0h - 9h,4.0,2018,1
435061,Hải Phòng,0h - 9h,4.0,2018,1
435083,Hồ Chí Minh,17h - 21h,2.0,2018,5
435084,Hồ Chí Minh,9h - 11h,3.0,2018,2
435085,Hồ Chí Minh,17h - 21h,2.0,2018,5
435085,Hồ Chí Minh,0h - 9h,24.0,2018,1
435106,Hồ Chí Minh,17h - 21h,2.0,2018,5
435107,Hồ Chí Minh,17h - 21h,4.0,2018,5
435108,Hồ Chí Minh,17h - 21h,2.0,2018,5
435109,Hồ Chí Minh,9h - 11h,3.0,2018,2
435111,Hồ Chí Minh,9h - 11h,12.0,2018,2
435140,Hồ Chí Minh,0h - 9h,20.0,2018,1
435140,Hồ Chí Minh,17h - 21h,5.0,2018,5
435165,Hà Nội,0h - 9h,6.0,2018,1
435165,Hà Nội,17h - 21h,3.0,2018,5
435166,Hà Nội,9h - 11h,7.0,2018,2
435166,Hà Nội,17h - 21h,3.0,2018,5
435168,Hà Nội,14h - 17h,6.0,2018,4
435168,Hà Nội,17h - 21h,1.0,2018,5
435169,Hà Nội,11h - 14h,3.0,2018,3
435169,Hà Nội,14h - 17h,6.0,2018,4
435169,Hà Nội,17h - 21h,11.0,2018,5
435170,Hà Nội,17h - 21h,5.0,2018,5
435170,Hà Nội,0h - 9h,2.0,2018,1
435170,Hà Nội,21h+,3.0,2018,6
435214,Nha Trang,0h - 9h,24.0,2018,1
435223,Hải Phòng,17h - 21h,2.0,2018,5
435223,Hải Phòng,0h - 9h,2.0,2018,1
435224,Hải Phòng,17h - 21h,2.0,2018,5
435225,Hải Phòng,17h - 21h,2.0,2018,5
435226,Hải Phòng,17h - 21h,3.0,2018,5
435227,Hải Phòng,17h - 21h,2.0,2018,5
435228,Hải Phòng,17h - 21h,2.0,2018,5
435229,Hải Phòng,17h - 21h,2.0,2018,5
435230,Hải Phòng,17h - 21h,3.0,2018,5
435231,Hải Phòng,17h - 21h,1.0,2018,5
435231,Hải Phòng,0h - 9h,2.0,2018,1
435232,Hải Phòng,21h+,2.0,2018,6
435233,Hải Phòng,17h - 21h,2.0,2018,5
435234,Hải Phòng,17h - 21h,1.0,2018,5
435235,Hải Phòng,17h - 21h,1.0,2018,5
435236,Hải Phòng,17h - 21h,2.0,2018,5
435237,Hải Phòng,17h - 21h,3.0,2018,5
435238,Hải Phòng,17h - 21h,3.0,2018,5
435240,Nha Trang,0h - 9h,6.0,2018,1
435240,Nha Trang,17h - 21h,9.0,2018,5
435268,Hồ Chí Minh,17h - 21h,1.0,2018,5
435268,Hồ Chí Minh,0h - 9h,1.0,2018,1
435300,Nha Trang,17h - 21h,7.0,2018,5
435300,Nha Trang,9h - 11h,14.0,2018,2
435316,Hồ Chí Minh,9h - 11h,18.0,2018,2
435322,Nha Trang,17h - 21h,3.0,2018,5
435322,Nha Trang,0h - 9h,2.0,2018,1
435324,Đà Nẵng,11h - 14h,10.0,2018,3
435382,Hải Phòng,0h - 9h,5.0,2018,1
435383,Hải Phòng,21h+,2.0,2018,6
435383,Hải Phòng,17h - 21h,3.0,2018,5
435480,Nha Trang,0h - 9h,4.0,2018,1
435593,Hải Phòng,17h - 21h,2.0,2018,5
435593,Hải Phòng,14h - 17h,4.0,2018,4
435593,Hải Phòng,0h - 9h,2.0,2018,1
435597,Hải Phòng,17h - 21h,1.0,2018,5
435598,Hải Phòng,21h+,5.0,2018,6
435598,Hải Phòng,17h - 21h,4.0,2018,5
435599,Hải Phòng,17h - 21h,2.0,2018,5
435599,Hải Phòng,21h+,3.0,2018,6
435612,Hà Nội,17h - 21h,2.0,2018,5
435613,Hà Nội,17h - 21h,2.0,2018,5
435614,Hà Nội,17h - 21h,3.0,2018,5
435615,Hà Nội,17h - 21h,2.0,2018,5
435630,Hồ Chí Minh,0h - 9h,6.0,2018,1
435697,Nha Trang,17h - 21h,3.0,2018,5
435786,Hồ Chí Minh,17h - 21h,1.0,2018,5
435786,Hồ Chí Minh,0h - 9h,4.0,2018,1
435786,Hồ Chí Minh,11h - 14h,2.0,2018,3
435828,Nha Trang,0h - 9h,6.0,2018,1
435828,Nha Trang,17h - 21h,1.0,2018,5
435860,Hồ Chí Minh,0h - 9h,2.0,2018,1
435874,Nha Trang,11h - 14h,2.0,2018,3
435874,Nha Trang,17h - 21h,3.0,2018,5
435967,Hà Nội,17h - 21h,5.0,2018,5
435968,Hà Nội,17h - 21h,7.0,2018,5
435969,Hà Nội,14h - 17h,2.0,2018,4
435969,Hà Nội,9h - 11h,2.0,2018,2
435970,Hà Nội,14h - 17h,2.0,2018,4
435970,Hà Nội,17h - 21h,4.0,2018,5
435971,Hà Nội,17h - 21h,3.0,2018,5
435972,Hà Nội,17h - 21h,3.0,2018,5
435972,Hà Nội,9h - 11h,3.0,2018,2
435973,Hà Nội,14h - 17h,1.0,2018,4
435974,Hà Nội,17h - 21h,1.0,2018,5
435974,Hà Nội,21h+,1.0,2018,6
435976,Hà Nội,17h - 21h,2.0,2018,5
436002,Hồ Chí Minh,0h - 9h,2.0,2018,1
436076,Hải Phòng,17h - 21h,7.0,2018,5
436143,Hồ Chí Minh,17h - 21h,3.0,2018,5
436154,Nha Trang,11h - 14h,9.0,2018,3
436154,Nha Trang,9h - 11h,8.0,2018,2
436159,Nha Trang,9h - 11h,5.0,2018,2
436161,Đà Nẵng,17h - 21h,4.0,2018,5
436239,Đà Nẵng,0h - 9h,26.0,2018,1
436240,Nha Trang,0h - 9h,2.0,2018,1
436258,Hồ Chí Minh,0h - 9h,3.0,2018,1
436263,Nha Trang,9h - 11h,5.0,2018,2
436269,Nha Trang,17h - 21h,2.0,2018,5
436315,Nha Trang,0h - 9h,6.0,2018,1
436342,Nha Trang,0h - 9h,2.0,2018,1
436342,Nha Trang,17h - 21h,4.0,2018,5
436351,Hồ Chí Minh,0h - 9h,14.0,2018,1
436351,Hồ Chí Minh,11h - 14h,3.0,2018,3
436351,Hồ Chí Minh,17h - 21h,7.0,2018,5
436352,Nha Trang,9h - 11h,16.0,2018,2
436387,Nha Trang,17h - 21h,4.0,2018,5
436392,Nha Trang,0h - 9h,4.0,2018,1
436502,Hồ Chí Minh,17h - 21h,4.0,2018,5
436514,Hồ Chí Minh,0h - 9h,2.0,2018,1
436514,Hồ Chí Minh,14h - 17h,1.0,2018,4
436515,Đà Nẵng,0h - 9h,12.0,2018,1
436532,Nha Trang,17h - 21h,3.0,2018,5
436551,Nha Trang,9h - 11h,3.0,2018,2
436610,Nha Trang,0h - 9h,20.0,2018,1
436610,Nha Trang,17h - 21h,4.0,2018,5
436655,Nha Trang,17h - 21h,3.0,2018,5
436686,Hồ Chí Minh,9h - 11h,3.0,2018,2
436749,Nha Trang,0h - 9h,20.0,2018,1
436794,Đà Nẵng,0h - 9h,11.0,2018,1
436864,Nha Trang,17h - 21h,3.0,2018,5
436869,Đà Nẵng,0h - 9h,24.0,2018,1
436877,Hồ Chí Minh,0h - 9h,1.0,2018,1
436877,Hồ Chí Minh,17h - 21h,2.0,2018,5
436987,Đà Nẵng,0h - 9h,24.0,2018,1
436987,Đà Nẵng,17h - 21h,18.0,2018,5
437187,Hồ Chí Minh,0h - 9h,6.0,2018,1
437187,Hồ Chí Minh,17h - 21h,1.0,2018,5
437231,Hà Nội,17h - 21h,2.0,2018,5
437231,Hà Nội,21h+,1.0,2018,6
437232,Hà Nội,21h+,2.0,2018,6
437232,Hà Nội,17h - 21h,4.0,2018,5
437238,Hà Nội,17h - 21h,2.0,2018,5
437239,Hà Nội,11h - 14h,3.0,2018,3
437240,Hà Nội,9h - 11h,4.0,2018,2
437240,Hà Nội,11h - 14h,3.0,2018,3
437240,Hà Nội,17h - 21h,4.0,2018,5
437241,Hà Nội,17h - 21h,3.0,2018,5
437241,Hà Nội,9h - 11h,6.0,2018,2
437242,Hà Nội,17h - 21h,2.0,2018,5
437245,Hà Nội,17h - 21h,3.0,2018,5
437246,Hà Nội,14h - 17h,2.0,2018,4
437247,Hà Nội,17h - 21h,4.0,2018,5
437248,Hà Nội,17h - 21h,2.0,2018,5
437249,Hà Nội,14h - 17h,2.0,2018,4
437250,Hà Nội,11h - 14h,2.0,2018,3
437251,Hà Nội,17h - 21h,4.0,2018,5
437252,Hà Nội,11h - 14h,4.0,2018,3
437253,Hà Nội,17h - 21h,2.0,2018,5
437254,Hà Nội,17h - 21h,2.0,2018,5
437255,Hà Nội,0h - 9h,4.0,2018,1
437256,Hà Nội,14h - 17h,3.0,2018,4
437256,Hà Nội,17h - 21h,4.0,2018,5
437257,Hà Nội,0h - 9h,4.0,2018,1
437258,Hà Nội,17h - 21h,3.0,2018,5
437259,Hà Nội,17h - 21h,3.0,2018,5
437270,Hải Phòng,14h - 17h,4.0,2018,4
437270,Hải Phòng,17h - 21h,4.0,2018,5
437271,Hải Phòng,14h - 17h,4.0,2018,4
437272,Hải Phòng,17h - 21h,2.0,2018,5
437272,Hải Phòng,14h - 17h,1.0,2018,4
437273,Hải Phòng,14h - 17h,8.0,2018,4
437274,Hải Phòng,21h+,1.0,2018,6
437274,Hải Phòng,11h - 14h,8.0,2018,3
437274,Hải Phòng,17h - 21h,1.0,2018,5
437310,Nha Trang,17h - 21h,3.0,2018,5
437316,Nha Trang,9h - 11h,7.0,2018,2
437320,Nha Trang,17h - 21h,2.0,2018,5
437327,Nha Trang,17h - 21h,1.0,2018,5
437327,Nha Trang,0h - 9h,24.0,2018,1
437350,Hồ Chí Minh,0h - 9h,18.0,2018,1
437350,Hồ Chí Minh,17h - 21h,6.0,2018,5
437385,Nha Trang,17h - 21h,4.0,2018,5
437403,Hồ Chí Minh,0h - 9h,2.0,2018,1
437405,Nha Trang,17h - 21h,3.0,2018,5
437405,Nha Trang,0h - 9h,22.0,2018,1
437410,Nha Trang,17h - 21h,7.0,2018,5
437410,Nha Trang,0h - 9h,15.0,2018,1
437493,Đà Nẵng,0h - 9h,4.0,2018,1
437494,Nha Trang,0h - 9h,2.0,2018,1
437494,Nha Trang,17h - 21h,6.0,2018,5
437527,Nha Trang,17h - 21h,1.0,2018,5
437592,Nha Trang,17h - 21h,4.0,2018,5
437595,Hồ Chí Minh,0h - 9h,24.0,2018,1
437595,Hồ Chí Minh,17h - 21h,1.0,2018,5
437632,Hồ Chí Minh,17h - 21h,2.0,2018,5
437663,Đà Nẵng,17h - 21h,6.0,2018,5
437703,Đà Nẵng,0h - 9h,25.0,2018,1
437703,Đà Nẵng,17h - 21h,8.0,2018,5
437707,Nha Trang,17h - 21h,3.0,2018,5
437729,Nha Trang,0h - 9h,4.0,2018,1
437729,Nha Trang,17h - 21h,11.0,2018,5
437767,Hà Nội,17h - 21h,2.0,2018,5
437768,Hà Nội,11h - 14h,3.0,2018,3
437769,Hà Nội,17h - 21h,2.0,2018,5
437769,Hà Nội,11h - 14h,3.0,2018,3
437790,Nha Trang,17h - 21h,4.0,2018,5
437796,Hồ Chí Minh,0h - 9h,18.0,2018,1
437796,Hồ Chí Minh,14h - 17h,4.0,2018,4
437796,Hồ Chí Minh,11h - 14h,2.0,2018,3
437796,Hồ Chí Minh,17h - 21h,1.0,2018,5
437841,Hồ Chí Minh,17h - 21h,2.0,2018,5
437844,Hồ Chí Minh,0h - 9h,12.0,2018,1
437851,Đà Nẵng,0h - 9h,26.0,2018,1
437859,Đà Nẵng,11h - 14h,8.0,2018,3
437878,Hồ Chí Minh,17h - 21h,1.0,2018,5
437878,Hồ Chí Minh,0h - 9h,3.0,2018,1
437900,Hải Phòng,17h - 21h,4.0,2018,5
437909,Hà Nội,17h - 21h,2.0,2018,5
437910,Hà Nội,17h - 21h,4.0,2018,5
437911,Hà Nội,11h - 14h,4.0,2018,3
437911,Hà Nội,17h - 21h,4.0,2018,5
437912,Hà Nội,17h - 21h,1.0,2018,5
437913,Hà Nội,17h - 21h,4.0,2018,5
437921,Hồ Chí Minh,17h - 21h,3.0,2018,5
437921,Hồ Chí Minh,14h - 17h,2.0,2018,4
437927,Hồ Chí Minh,0h - 9h,25.0,2018,1
437932,Nha Trang,9h - 11h,2.0,2018,2
437932,Nha Trang,17h - 21h,3.0,2018,5
437945,Hồ Chí Minh,17h - 21h,2.0,2018,5
437947,Hồ Chí Minh,0h - 9h,1.0,2018,1
437947,Hồ Chí Minh,17h - 21h,2.0,2018,5
437948,Hồ Chí Minh,0h - 9h,4.0,2018,1
437949,Hồ Chí Minh,9h - 11h,1.0,2018,2
437949,Hồ Chí Minh,17h - 21h,2.0,2018,5
437962,Nha Trang,17h - 21h,2.0,2018,5
437974,Đà Nẵng,17h - 21h,7.0,2018,5
437997,Nha Trang,0h - 9h,2.0,2018,1
437997,Nha Trang,17h - 21h,3.0,2018,5
438000,Hồ Chí Minh,14h - 17h,2.0,2018,4
438019,Nha Trang,0h - 9h,3.0,2018,1
438019,Nha Trang,9h - 11h,5.0,2018,2
438019,Nha Trang,17h - 21h,2.0,2018,5
438034,Đà Nẵng,0h - 9h,13.0,2018,1
438050,Nha Trang,0h - 9h,8.0,2018,1
438050,Nha Trang,17h - 21h,4.0,2018,5
438055,Nha Trang,17h - 21h,2.0,2018,5
438063,Nha Trang,0h - 9h,7.0,2018,1
438078,Hồ Chí Minh,11h - 14h,2.0,2018,3
438078,Hồ Chí Minh,17h - 21h,2.0,2018,5
438078,Hồ Chí Minh,0h - 9h,4.0,2018,1
438096,Nha Trang,17h - 21h,4.0,2018,5
438153,Nha Trang,9h - 11h,2.0,2018,2
438153,Nha Trang,17h - 21h,3.0,2018,5
438157,Nha Trang,9h - 11h,5.0,2018,2
438169,Nha Trang,17h - 21h,15.0,2018,5
438194,Nha Trang,17h - 21h,5.0,2018,5
438194,Nha Trang,9h - 11h,5.0,2018,2
438205,Nha Trang,17h - 21h,3.0,2018,5
438205,Nha Trang,0h - 9h,6.0,2018,1
438216,Nha Trang,9h - 11h,5.0,2018,2
438219,Hải Phòng,17h - 21h,8.0,2018,5
438260,Đà Nẵng,0h - 9h,25.0,2018,1
438301,Đà Nẵng,17h - 21h,4.0,2018,5
438331,Nha Trang,17h - 21h,4.0,2018,5
438333,Nha Trang,0h - 9h,4.0,2018,1
438333,Nha Trang,17h - 21h,4.0,2018,5
438401,Nha Trang,0h - 9h,2.0,2018,1
438404,Nha Trang,9h - 11h,5.0,2018,2
438432,Nha Trang,0h - 9h,1.0,2018,1
438432,Nha Trang,17h - 21h,1.0,2018,5
438450,Hồ Chí Minh,14h - 17h,3.0,2018,4
438450,Hồ Chí Minh,0h - 9h,4.0,2018,1
438452,Hồ Chí Minh,11h - 14h,1.0,2018,3
438452,Hồ Chí Minh,0h - 9h,1.0,2018,1
438453,Hồ Chí Minh,14h - 17h,1.0,2018,4
438453,Hồ Chí Minh,9h - 11h,1.0,2018,2
438454,Hồ Chí Minh,0h - 9h,2.0,2018,1
438455,Hồ Chí Minh,9h - 11h,1.0,2018,2
438455,Hồ Chí Minh,14h - 17h,1.0,2018,4
438456,Hồ Chí Minh,14h - 17h,1.0,2018,4
438456,Hồ Chí Minh,9h - 11h,1.0,2018,2
438474,Nha Trang,0h - 9h,24.0,2018,1
438479,Đà Nẵng,0h - 9h,24.0,2018,1
438561,Nha Trang,0h - 9h,24.0,2018,1
438563,Đà Nẵng,0h - 9h,25.0,2018,1
438602,Nha Trang,9h - 11h,26.0,2018,2
438626,Hải Phòng,17h - 21h,3.0,2018,5
438680,Nha Trang,17h - 21h,14.0,2018,5
438680,Nha Trang,0h - 9h,5.0,2018,1
438701,Hải Phòng,17h - 21h,3.0,2018,5
438702,Hải Phòng,17h - 21h,4.0,2018,5
438703,Hải Phòng,17h - 21h,5.0,2018,5
438703,Hải Phòng,0h - 9h,5.0,2018,1
438710,Nha Trang,0h - 9h,4.0,2018,1
438710,Nha Trang,17h - 21h,2.0,2018,5
438766,Nha Trang,0h - 9h,25.0,2018,1
438813,Cần Thơ,0h - 9h,4.0,2018,1
438814,Hồ Chí Minh,0h - 9h,6.0,2018,1
438814,Hồ Chí Minh,17h - 21h,2.0,2018,5
438815,Hồ Chí Minh,0h - 9h,1.0,2018,1
438817,Hồ Chí Minh,0h - 9h,2.0,2018,1
438818,Hồ Chí Minh,17h - 21h,2.0,2018,5
438978,Hải Phòng,14h - 17h,7.0,2018,4
438978,Hải Phòng,17h - 21h,12.0,2018,5
438980,Hồ Chí Minh,17h - 21h,2.0,2018,5
438981,Hà Nội,11h - 14h,1.0,2018,3
438981,Hà Nội,21h+,2.0,2018,6
438981,Hà Nội,17h - 21h,3.0,2018,5
438982,Hà Nội,9h - 11h,2.0,2018,2
438982,Hà Nội,17h - 21h,4.0,2018,5
438982,Hà Nội,11h - 14h,3.0,2018,3
438984,Hà Nội,0h - 9h,2.0,2018,1
438984,Hà Nội,17h - 21h,5.0,2018,5
438984,Hà Nội,11h - 14h,3.0,2018,3
438986,Hà Nội,17h - 21h,3.0,2018,5
438986,Hà Nội,11h - 14h,2.0,2018,3
438987,Hà Nội,0h - 9h,2.0,2018,1
438987,Hà Nội,21h+,2.0,2018,6
438988,Hà Nội,17h - 21h,3.0,2018,5
438988,Hà Nội,11h - 14h,2.0,2018,3
438989,Hà Nội,11h - 14h,3.0,2018,3
438989,Hà Nội,0h - 9h,2.0,2018,1
438989,Hà Nội,17h - 21h,3.0,2018,5
438991,Hà Nội,17h - 21h,2.0,2018,5
438991,Hà Nội,21h+,1.0,2018,6
438992,Hà Nội,17h - 21h,4.0,2018,5
438992,Hà Nội,11h - 14h,2.0,2018,3
438993,Hà Nội,17h - 21h,3.0,2018,5
438993,Hà Nội,14h - 17h,2.0,2018,4
438995,Hà Nội,17h - 21h,3.0,2018,5
438995,Hà Nội,14h - 17h,3.0,2018,4
438996,Hà Nội,9h - 11h,4.0,2018,2
438996,Hà Nội,17h - 21h,4.0,2018,5
438997,Hà Nội,14h - 17h,1.0,2018,4
438997,Hà Nội,17h - 21h,2.0,2018,5
438997,Hà Nội,21h+,2.0,2018,6
438998,Hà Nội,11h - 14h,4.0,2018,3
438999,Hà Nội,0h - 9h,3.0,2018,1
438999,Hà Nội,17h - 21h,2.0,2018,5
439000,Hà Nội,17h - 21h,4.0,2018,5
439001,Hà Nội,17h - 21h,3.0,2018,5
439001,Hà Nội,11h - 14h,3.0,2018,3
439002,Hà Nội,17h - 21h,2.0,2018,5
439002,Hà Nội,0h - 9h,2.0,2018,1
439012,Hồ Chí Minh,11h - 14h,1.0,2018,3
439014,Hồ Chí Minh,0h - 9h,22.0,2018,1
439014,Hồ Chí Minh,17h - 21h,2.0,2018,5
439015,Hồ Chí Minh,17h - 21h,2.0,2018,5
439016,Hồ Chí Minh,17h - 21h,2.0,2018,5
439017,Hồ Chí Minh,17h - 21h,1.0,2018,5
439017,Hồ Chí Minh,11h - 14h,3.5,2018,3
439017,Hồ Chí Minh,0h - 9h,1.0,2018,1
439018,Hồ Chí Minh,0h - 9h,1.0,2018,1
439018,Hồ Chí Minh,17h - 21h,2.0,2018,5
439051,Hải Phòng,0h - 9h,8.0,2018,1
439051,Hải Phòng,17h - 21h,2.0,2018,5
439052,Hải Phòng,0h - 9h,6.0,2018,1
439052,Hải Phòng,17h - 21h,3.0,2018,5
439052,Hải Phòng,9h - 11h,3.0,2018,2
439053,Hải Phòng,17h - 21h,3.0,2018,5
439053,Hải Phòng,0h - 9h,10.0,2018,1
439054,Hải Phòng,0h - 9h,5.0,2018,1
439054,Hải Phòng,17h - 21h,1.0,2018,5
439065,Hà Nội,17h - 21h,1.0,2018,5
439066,Hà Nội,9h - 11h,2.0,2018,2
439067,Hà Nội,17h - 21h,7.0,2018,5
439068,Hà Nội,14h - 17h,2.0,2018,4
439068,Hà Nội,9h - 11h,3.0,2018,2
439069,Hà Nội,9h - 11h,3.0,2018,2
439069,Hà Nội,17h - 21h,2.0,2018,5
439070,Hà Nội,17h - 21h,6.0,2018,5
439073,Hải Phòng,9h - 11h,3.0,2018,2
439074,Hải Phòng,9h - 11h,3.0,2018,2
439138,Nha Trang,0h - 9h,24.0,2018,1
439151,Nha Trang,0h - 9h,24.0,2018,1
439153,Nha Trang,0h - 9h,4.0,2018,1
439153,Nha Trang,17h - 21h,3.0,2018,5
439174,Hà Nội,17h - 21h,4.0,2018,5
439175,Hà Nội,0h - 9h,2.0,2018,1
439176,Hà Nội,17h - 21h,5.0,2018,5
439177,Hà Nội,17h - 21h,2.0,2018,5
439178,Hà Nội,17h - 21h,2.0,2018,5
439179,Hà Nội,17h - 21h,2.0,2018,5
439180,Hà Nội,17h - 21h,7.0,2018,5
439180,Hà Nội,0h - 9h,8.0,2018,1
439181,Hà Nội,17h - 21h,3.0,2018,5
439188,Hồ Chí Minh,14h - 17h,1.0,2018,4
439188,Hồ Chí Minh,0h - 9h,24.0,2018,1
439192,Hà Nội,9h - 11h,3.0,2018,2
439192,Hà Nội,17h - 21h,3.0,2018,5
439193,Hà Nội,17h - 21h,2.0,2018,5
439193,Hà Nội,21h+,2.0,2018,6
439194,Hà Nội,17h - 21h,3.0,2018,5
439195,Hà Nội,17h - 21h,3.0,2018,5
439196,Hà Nội,17h - 21h,3.0,2018,5
439197,Hà Nội,17h - 21h,3.0,2018,5
439198,Hà Nội,17h - 21h,2.0,2018,5
439198,Hà Nội,9h - 11h,2.0,2018,2
439199,Hà Nội,17h - 21h,3.0,2018,5
439199,Hà Nội,11h - 14h,3.0,2018,3
439217,Nha Trang,9h - 11h,3.0,2018,2
439238,Nha Trang,17h - 21h,2.0,2018,5
439304,Nha Trang,14h - 17h,2.0,2018,4
439304,Nha Trang,17h - 21h,5.0,2018,5
439304,Nha Trang,0h - 9h,3.0,2018,1
439318,Hồ Chí Minh,0h - 9h,2.0,2018,1
439318,Hồ Chí Minh,17h - 21h,2.0,2018,5
439324,Hải Phòng,17h - 21h,4.0,2018,5
439324,Hải Phòng,21h+,2.0,2018,6
439324,Hải Phòng,14h - 17h,2.0,2018,4
439324,Hải Phòng,9h - 11h,19.0,2018,2
439344,Nha Trang,0h - 9h,1.0,2018,1
439344,Nha Trang,17h - 21h,1.0,2018,5
439350,Nha Trang,0h - 9h,4.0,2018,1
439354,Hồ Chí Minh,0h - 9h,9.0,2018,1
439354,Hồ Chí Minh,17h - 21h,2.0,2018,5
439355,Hồ Chí Minh,17h - 21h,4.0,2018,5
439356,Hồ Chí Minh,17h - 21h,2.0,2018,5
439359,Hồ Chí Minh,17h - 21h,2.0,2018,5
439404,Nha Trang,0h - 9h,4.0,2018,1
439404,Nha Trang,17h - 21h,2.0,2018,5
439426,Hồ Chí Minh,0h - 9h,15.0,2018,1
439430,Hà Nội,0h - 9h,2.0,2018,1
439431,Hà Nội,17h - 21h,2.0,2018,5
439431,Hà Nội,14h - 17h,5.0,2018,4
439432,Hà Nội,9h - 11h,10.0,2018,2
439434,Hồ Chí Minh,0h - 9h,2.0,2018,1
439434,Hồ Chí Minh,17h - 21h,1.0,2018,5
439435,Hồ Chí Minh,0h - 9h,24.0,2018,1
439436,Hồ Chí Minh,0h - 9h,24.0,2018,1
439436,Hồ Chí Minh,14h - 17h,1.0,2018,4
439438,Hồ Chí Minh,0h - 9h,4.0,2018,1
439439,Hồ Chí Minh,0h - 9h,4.0,2018,1
439439,Hồ Chí Minh,14h - 17h,4.0,2018,4
439443,Hồ Chí Minh,17h - 21h,1.0,2018,5
439443,Hồ Chí Minh,9h - 11h,1.0,2018,2
439487,Cần Thơ,0h - 9h,3.0,2018,1
439556,Nha Trang,17h - 21h,2.0,2018,5
439568,Hồ Chí Minh,17h - 21h,9.0,2018,5
439569,Cần Thơ,0h - 9h,20.0,2018,1
439607,Hồ Chí Minh,17h - 21h,2.0,2018,5
439608,Hồ Chí Minh,17h - 21h,2.0,2018,5
439612,Đà Nẵng,17h - 21h,4.0,2018,5
439645,Nha Trang,17h - 21h,4.0,2018,5
439645,Nha Trang,0h - 9h,21.0,2018,1
439662,Hồ Chí Minh,17h - 21h,2.0,2018,5
439665,Nha Trang,0h - 9h,2.0,2018,1
439665,Nha Trang,17h - 21h,3.0,2018,5
439685,Đà Nẵng,9h - 11h,4.0,2018,2
439701,Nha Trang,0h - 9h,10.0,2018,1
439731,Nha Trang,0h - 9h,4.0,2018,1
439731,Nha Trang,17h - 21h,3.0,2018,5
439750,Hồ Chí Minh,14h - 17h,3.0,2018,4
439763,Hà Nội,17h - 21h,4.0,2018,5
439782,Hồ Chí Minh,17h - 21h,2.0,2018,5
439782,Hồ Chí Minh,11h - 14h,4.0,2018,3
439840,Nha Trang,17h - 21h,1.0,2018,5
439840,Nha Trang,0h - 9h,6.0,2018,1
439853,Nha Trang,17h - 21h,1.0,2018,5
439853,Nha Trang,0h - 9h,2.0,2018,1
439855,Nha Trang,0h - 9h,6.0,2018,1
439861,Hồ Chí Minh,11h - 14h,4.0,2018,3
439869,Nha Trang,0h - 9h,24.0,2018,1
439872,Nha Trang,17h - 21h,1.0,2018,5
439872,Nha Trang,0h - 9h,4.0,2018,1
439878,Hồ Chí Minh,11h - 14h,5.0,2018,3
439894,Nha Trang,0h - 9h,3.0,2018,1
439894,Nha Trang,17h - 21h,3.0,2018,5
439895,Nha Trang,0h - 9h,3.0,2018,1
439895,Nha Trang,17h - 21h,1.0,2018,5
439899,Hồ Chí Minh,14h - 17h,4.0,2018,4
439927,Hải Phòng,21h+,2.0,2018,6
439927,Hải Phòng,17h - 21h,2.0,2018,5
439928,Nha Trang,17h - 21h,10.0,2018,5
439934,Nha Trang,17h - 21h,2.0,2018,5
439934,Nha Trang,0h - 9h,2.0,2018,1
439941,Nha Trang,0h - 9h,4.0,2018,1
439945,Hồ Chí Minh,17h - 21h,4.0,2018,5
439946,Hồ Chí Minh,17h - 21h,2.0,2018,5
439947,Hồ Chí Minh,11h - 14h,3.5,2018,3
439948,Hồ Chí Minh,17h - 21h,4.0,2018,5
439949,Hồ Chí Minh,9h - 11h,10.0,2018,2
439950,Hồ Chí Minh,11h - 14h,2.0,2018,3
439951,Hồ Chí Minh,14h - 17h,8.0,2018,4
439952,Hồ Chí Minh,9h - 11h,3.0,2018,2
439956,Nha Trang,0h - 9h,4.0,2018,1
439956,Nha Trang,17h - 21h,3.0,2018,5
439964,Nha Trang,9h - 11h,5.0,2018,2
439973,Nha Trang,9h - 11h,11.0,2018,2
439973,Nha Trang,14h - 17h,10.0,2018,4
439979,Hà Nội,17h - 21h,2.0,2018,5
439979,Hà Nội,9h - 11h,2.0,2018,2
439990,Nha Trang,17h - 21h,9.0,2018,5
439990,Nha Trang,0h - 9h,8.0,2018,1
440000,Nha Trang,9h - 11h,11.0,2018,2
440000,Nha Trang,17h - 21h,8.0,2018,5
440000,Nha Trang,11h - 14h,8.0,2018,3
440001,Đà Nẵng,0h - 9h,4.0,2018,1
440026,Đà Nẵng,0h - 9h,25.0,2018,1
440028,Nha Trang,11h - 14h,24.0,2018,3
440030,Hải Phòng,9h - 11h,2.0,2018,2
440030,Hải Phòng,0h - 9h,3.0,2018,1
440030,Hải Phòng,17h - 21h,2.0,2018,5
440031,Hải Phòng,17h - 21h,5.0,2018,5
440048,Hà Nội,0h - 9h,1.0,2018,1
440048,Hà Nội,17h - 21h,3.0,2018,5
440050,Hồ Chí Minh,17h - 21h,8.0,2018,5
440060,Nha Trang,0h - 9h,25.0,2018,1
440069,Nha Trang,0h - 9h,24.0,2018,1
440126,Nha Trang,14h - 17h,2.0,2018,4
440126,Nha Trang,17h - 21h,3.0,2018,5
440145,Nha Trang,0h - 9h,25.0,2018,1
440158,Nha Trang,17h - 21h,3.0,2018,5
440170,Đà Nẵng,17h - 21h,2.0,2018,5
440189,Đà Nẵng,17h - 21h,2.0,2018,5
440189,Đà Nẵng,14h - 17h,2.0,2018,4
440195,Cần Thơ,17h - 21h,2.0,2018,5
440224,Hồ Chí Minh,17h - 21h,3.0,2018,5
440232,Đà Nẵng,0h - 9h,2.0,2018,1
440232,Đà Nẵng,17h - 21h,4.0,2018,5
440277,Đà Nẵng,0h - 9h,24.0,2018,1
440330,Hồ Chí Minh,17h - 21h,4.0,2018,5
440330,Hồ Chí Minh,0h - 9h,3.0,2018,1
440423,Hải Phòng,0h - 9h,10.0,2018,1
440423,Hải Phòng,21h+,2.0,2018,6
440424,Hải Phòng,21h+,2.0,2018,6
440424,Hải Phòng,17h - 21h,2.0,2018,5
440426,Nha Trang,14h - 17h,21.0,2018,4
440426,Nha Trang,17h - 21h,5.0,2018,5
440427,Nha Trang,0h - 9h,25.0,2018,1
440428,Nha Trang,0h - 9h,2.0,2018,1
440471,Hà Nội,17h - 21h,3.0,2018,5
440471,Hà Nội,0h - 9h,1.0,2018,1
440501,Hải Phòng,0h - 9h,4.0,2018,1
440501,Hải Phòng,17h - 21h,1.0,2018,5
440504,Hà Nội,0h - 9h,1.0,2018,1
440504,Hà Nội,17h - 21h,2.0,2018,5
440504,Hà Nội,21h+,2.0,2018,6
440505,Hà Nội,17h - 21h,1.0,2018,5
440505,Hà Nội,14h - 17h,1.0,2018,4
440505,Hà Nội,0h - 9h,1.0,2018,1
440515,Hà Nội,0h - 9h,4.0,2018,1
440516,Hà Nội,0h - 9h,2.0,2018,1
440517,Hà Nội,9h - 11h,2.0,2018,2
440517,Hà Nội,17h - 21h,5.0,2018,5
440517,Hà Nội,14h - 17h,6.0,2018,4
440518,Hà Nội,17h - 21h,7.0,2018,5
440521,Hải Phòng,0h - 9h,4.0,2018,1
440521,Hải Phòng,17h - 21h,3.0,2018,5
440522,Hải Phòng,0h - 9h,3.0,2018,1
440523,Hải Phòng,17h - 21h,3.0,2018,5
440524,Hải Phòng,17h - 21h,13.0,2018,5
440525,Hải Phòng,17h - 21h,2.0,2018,5
440526,Hải Phòng,0h - 9h,1.0,2018,1
440526,Hải Phòng,17h - 21h,2.0,2018,5
440537,Hải Phòng,11h - 14h,12.0,2018,3
440537,Hải Phòng,0h - 9h,8.0,2018,1
440539,Hà Nội,14h - 17h,1.0,2018,4
440539,Hà Nội,11h - 14h,1.0,2018,3
440539,Hà Nội,17h - 21h,1.0,2018,5
440539,Hà Nội,0h - 9h,1.0,2018,1
440557,Nha Trang,0h - 9h,1.0,2018,1
440557,Nha Trang,17h - 21h,1.0,2018,5
440577,Hà Nội,14h - 17h,4.0,2018,4
440577,Hà Nội,9h - 11h,4.0,2018,2
440599,Hồ Chí Minh,0h - 9h,24.0,2018,1
440601,Nha Trang,0h - 9h,6.0,2018,1
440612,Nha Trang,17h - 21h,3.0,2018,5
440614,Hà Nội,14h - 17h,2.0,2018,4
440614,Hà Nội,11h - 14h,1.0,2018,3
440614,Hà Nội,0h - 9h,1.0,2018,1
440614,Hà Nội,17h - 21h,1.0,2018,5
440634,Nha Trang,0h - 9h,2.0,2018,1
440634,Nha Trang,17h - 21h,1.0,2018,5
440661,Hồ Chí Minh,0h - 9h,1.0,2018,1
440661,Hồ Chí Minh,17h - 21h,2.0,2018,5
440668,Nha Trang,17h - 21h,3.0,2018,5
440730,Hồ Chí Minh,17h - 21h,2.0,2018,5
440730,Hồ Chí Minh,0h - 9h,2.0,2018,1
440745,Hồ Chí Minh,17h - 21h,4.0,2018,5
440747,Hồ Chí Minh,9h - 11h,22.0,2018,2
440748,Hồ Chí Minh,0h - 9h,2.0,2018,1
440748,Hồ Chí Minh,17h - 21h,2.0,2018,5
440750,Hồ Chí Minh,0h - 9h,27.0,2018,1
440750,Hồ Chí Minh,17h - 21h,3.0,2018,5
440751,Hồ Chí Minh,0h - 9h,9.0,2018,1
440752,Hồ Chí Minh,17h - 21h,2.0,2018,5
440752,Hồ Chí Minh,14h - 17h,3.0,2018,4
440753,Hồ Chí Minh,0h - 9h,24.0,2018,1
440754,Hồ Chí Minh,17h - 21h,2.0,2018,5
440804,Nha Trang,14h - 17h,1.0,2018,4
440804,Nha Trang,17h - 21h,3.0,2018,5
440806,Nha Trang,0h - 9h,4.0,2018,1
440806,Nha Trang,17h - 21h,8.0,2018,5
440806,Nha Trang,14h - 17h,4.0,2018,4
440808,Nha Trang,17h - 21h,24.0,2018,5
440819,Hồ Chí Minh,0h - 9h,4.0,2018,1
440869,Đà Nẵng,0h - 9h,25.0,2018,1
440890,Hồ Chí Minh,17h - 21h,2.0,2018,5
440893,Nha Trang,0h - 9h,6.0,2018,1
440893,Nha Trang,17h - 21h,3.0,2018,5
440905,Cần Thơ,0h - 9h,22.0,2018,1
440905,Cần Thơ,17h - 21h,2.0,2018,5
440906,Hồ Chí Minh,17h - 21h,5.0,2018,5
440906,Hồ Chí Minh,0h - 9h,2.0,2018,1
440973,Hồ Chí Minh,9h - 11h,15.0,2018,2
440973,Hồ Chí Minh,17h - 21h,15.0,2018,5
440979,Hồ Chí Minh,17h - 21h,2.0,2018,5
440987,Hồ Chí Minh,17h - 21h,2.0,2018,5
440987,Hồ Chí Minh,21h+,1.5,2018,6
441001,Hải Phòng,0h - 9h,2.0,2018,1
441001,Hải Phòng,17h - 21h,1.0,2018,5
441002,Hải Phòng,17h - 21h,3.0,2018,5
441040,Nha Trang,17h - 21h,9.0,2018,5
441048,Hồ Chí Minh,9h - 11h,6.0,2018,2
441048,Hồ Chí Minh,17h - 21h,5.0,2018,5
441058,Nha Trang,9h - 11h,5.0,2018,2
441070,Hồ Chí Minh,14h - 17h,2.0,2018,4
441071,Hồ Chí Minh,17h - 21h,2.0,2018,5
441071,Hồ Chí Minh,14h - 17h,2.0,2018,4
441072,Hồ Chí Minh,17h - 21h,2.0,2018,5
441073,Hồ Chí Minh,14h - 17h,4.0,2018,4
441074,Hồ Chí Minh,17h - 21h,2.0,2018,5
441074,Hồ Chí Minh,21h+,2.0,2018,6
441077,Hồ Chí Minh,14h - 17h,2.0,2018,4
441077,Hồ Chí Minh,17h - 21h,2.0,2018,5
441094,Nha Trang,17h - 21h,9.0,2018,5
441094,Nha Trang,0h - 9h,6.0,2018,1
441097,Nha Trang,17h - 21h,6.0,2018,5
441115,Hồ Chí Minh,0h - 9h,20.0,2018,1
441136,Hải Phòng,0h - 9h,5.0,2018,1
441136,Hải Phòng,17h - 21h,4.0,2018,5
441182,Hồ Chí Minh,0h - 9h,22.0,2018,1
441214,Hải Phòng,21h+,2.0,2018,6
441214,Hải Phòng,0h - 9h,2.0,2018,1
441214,Hải Phòng,17h - 21h,3.0,2018,5
441229,Đà Nẵng,17h - 21h,4.0,2018,5
441230,Cần Thơ,0h - 9h,24.0,2018,1
441234,Hồ Chí Minh,0h - 9h,6.0,2018,1
441235,Hồ Chí Minh,17h - 21h,2.0,2018,5
441236,Hồ Chí Minh,17h - 21h,4.0,2018,5
441239,Hồ Chí Minh,17h - 21h,4.0,2018,5
441239,Hồ Chí Minh,0h - 9h,16.0,2018,1
441240,Hồ Chí Minh,14h - 17h,3.0,2018,4
441241,Hồ Chí Minh,0h - 9h,3.0,2018,1
441241,Hồ Chí Minh,9h - 11h,1.0,2018,2
441243,Hồ Chí Minh,17h - 21h,2.0,2018,5
441255,Hồ Chí Minh,0h - 9h,25.0,2018,1
441284,Đà Nẵng,0h - 9h,4.0,2018,1
441295,Hồ Chí Minh,0h - 9h,24.0,2018,1
441304,Hồ Chí Minh,17h - 21h,2.0,2018,5
441305,Hồ Chí Minh,17h - 21h,2.0,2018,5
441306,Hồ Chí Minh,17h - 21h,3.0,2018,5
441306,Hồ Chí Minh,0h - 9h,24.0,2018,1
441307,Hồ Chí Minh,0h - 9h,25.0,2018,1
441310,Nha Trang,9h - 11h,5.0,2018,2
441315,Hà Nội,11h - 14h,2.0,2018,3
441315,Hà Nội,17h - 21h,3.0,2018,5
441332,Đà Nẵng,0h - 9h,26.0,2018,1
441349,Nha Trang,9h - 11h,5.0,2018,2
441349,Nha Trang,14h - 17h,5.0,2018,4
441361,Hồ Chí Minh,11h - 14h,2.0,2018,3
441362,Đà Nẵng,0h - 9h,25.0,2018,1
441369,Hải Phòng,17h - 21h,17.0,2018,5
441369,Hải Phòng,9h - 11h,20.0,2018,2
441392,Nha Trang,17h - 21h,7.0,2018,5
441396,Cần Thơ,0h - 9h,6.0,2018,1
441398,Nha Trang,9h - 11h,24.0,2018,2
441430,Hải Phòng,17h - 21h,3.0,2018,5
441444,Nha Trang,17h - 21h,2.0,2018,5
441444,Nha Trang,0h - 9h,2.0,2018,1
441456,Nha Trang,17h - 21h,4.0,2018,5
441482,Hồ Chí Minh,17h - 21h,3.0,2018,5
441482,Hồ Chí Minh,0h - 9h,9.0,2018,1
441484,Nha Trang,9h - 11h,5.0,2018,2
441484,Nha Trang,17h - 21h,4.0,2018,5
441487,Nha Trang,0h - 9h,16.0,2018,1
441491,Đà Nẵng,0h - 9h,24.0,2018,1
441491,Đà Nẵng,17h - 21h,2.0,2018,5
441536,Nha Trang,0h - 9h,5.0,2018,1
441554,Cần Thơ,0h - 9h,2.0,2018,1
441614,Đà Nẵng,0h - 9h,26.0,2018,1
441619,Nha Trang,0h - 9h,10.0,2018,1
441648,Hồ Chí Minh,0h - 9h,8.0,2018,1
441649,Hồ Chí Minh,0h - 9h,16.0,2018,1
441649,Hồ Chí Minh,17h - 21h,2.0,2018,5
441653,Hồ Chí Minh,0h - 9h,6.0,2018,1
441654,Hồ Chí Minh,17h - 21h,4.0,2018,5
441655,Hải Phòng,9h - 11h,3.0,2018,2
441665,Hồ Chí Minh,0h - 9h,6.0,2018,1
441700,Hải Phòng,9h - 11h,6.0,2018,2
441700,Hải Phòng,17h - 21h,7.0,2018,5
441701,Hải Phòng,17h - 21h,4.0,2018,5
441715,Đà Nẵng,0h - 9h,10.0,2018,1
441752,Hải Phòng,9h - 11h,3.0,2018,2
441763,Nha Trang,17h - 21h,3.0,2018,5
441763,Nha Trang,0h - 9h,4.0,2018,1
441787,Hồ Chí Minh,17h - 21h,2.0,2018,5
441884,Hải Phòng,17h - 21h,3.0,2018,5
441884,Hải Phòng,14h - 17h,2.0,2018,4
441885,Hải Phòng,0h - 9h,16.0,2018,1
441885,Hải Phòng,17h - 21h,2.0,2018,5
441886,Hải Phòng,0h - 9h,4.0,2018,1
441886,Hải Phòng,9h - 11h,1.0,2018,2
441887,Hải Phòng,0h - 9h,4.0,2018,1
441888,Hải Phòng,17h - 21h,13.0,2018,5
441895,Hà Nội,9h - 11h,1.0,2018,2
441895,Hà Nội,14h - 17h,1.0,2018,4
441895,Hà Nội,17h - 21h,1.0,2018,5
441895,Hà Nội,0h - 9h,1.0,2018,1
441903,Hà Nội,0h - 9h,2.0,2018,1
441903,Hà Nội,9h - 11h,2.0,2018,2
441904,Hà Nội,9h - 11h,8.0,2018,2
441905,Hà Nội,17h - 21h,5.0,2018,5
441905,Hà Nội,11h - 14h,6.0,2018,3
441906,Hà Nội,17h - 21h,3.0,2018,5
441907,Hà Nội,9h - 11h,3.0,2018,2
441907,Hà Nội,17h - 21h,3.0,2018,5
441908,Hà Nội,9h - 11h,2.0,2018,2
441909,Hà Nội,17h - 21h,2.0,2018,5
441910,Hà Nội,17h - 21h,3.0,2018,5
441910,Hà Nội,9h - 11h,6.0,2018,2
441912,Hà Nội,17h - 21h,3.0,2018,5
441913,Hà Nội,17h - 21h,2.0,2018,5
441914,Hà Nội,14h - 17h,4.0,2018,4
441915,Hà Nội,17h - 21h,4.0,2018,5
441916,Hà Nội,17h - 21h,2.0,2018,5
441917,Hà Nội,17h - 21h,3.0,2018,5
441918,Hà Nội,17h - 21h,2.0,2018,5
441919,Hà Nội,14h - 17h,4.0,2018,4
441926,Hải Phòng,17h - 21h,1.0,2018,5
441934,Hải Phòng,17h - 21h,2.0,2018,5
441935,Hải Phòng,17h - 21h,5.0,2018,5
441936,Hải Phòng,17h - 21h,2.0,2018,5
441937,Hải Phòng,17h - 21h,2.0,2018,5
441938,Hải Phòng,0h - 9h,24.0,2018,1
441939,Hải Phòng,0h - 9h,2.0,2018,1
441939,Hải Phòng,17h - 21h,2.0,2018,5
441940,Hải Phòng,17h - 21h,2.0,2018,5
441941,Hải Phòng,0h - 9h,2.0,2018,1
441941,Hải Phòng,17h - 21h,2.0,2018,5
441943,Hà Nội,17h - 21h,1.0,2018,5
441943,Hà Nội,9h - 11h,3.0,2018,2
441943,Hà Nội,0h - 9h,2.0,2018,1
441943,Hà Nội,11h - 14h,1.0,2018,3
441944,Hà Nội,0h - 9h,3.0,2018,1
441944,Hà Nội,9h - 11h,1.0,2018,2
441945,Hồ Chí Minh,0h - 9h,5.0,2018,1
441946,Hồ Chí Minh,0h - 9h,4.0,2018,1
441953,Hải Phòng,17h - 21h,4.0,2018,5
441959,Hồ Chí Minh,14h - 17h,2.0,2018,4
441960,Hồ Chí Minh,17h - 21h,4.0,2018,5
441961,Hải Phòng,0h - 9h,4.0,2018,1
441962,Hải Phòng,17h - 21h,2.0,2018,5
441963,Hà Nội,11h - 14h,4.0,2018,3
441972,Nha Trang,17h - 21h,2.0,2018,5
441974,Cần Thơ,0h - 9h,24.0,2018,1
441975,Cần Thơ,0h - 9h,4.0,2018,1
441976,Cần Thơ,17h - 21h,28.0,2018,5
441977,Cần Thơ,17h - 21h,5.0,2018,5
441978,Cần Thơ,21h+,10.0,2018,6
441979,Cần Thơ,0h - 9h,10.0,2018,1
441980,Cần Thơ,17h - 21h,4.0,2018,5
441981,Cần Thơ,0h - 9h,8.0,2018,1
442094,Hồ Chí Minh,0h - 9h,6.0,2018,1
442099,Hải Phòng,21h+,4.0,2018,6
442129,Hồ Chí Minh,9h - 11h,3.0,2018,2
442155,Hồ Chí Minh,17h - 21h,5.0,2018,5
442156,Nha Trang,17h - 21h,3.0,2018,5
442159,Hồ Chí Minh,0h - 9h,4.0,2018,1
442208,Nha Trang,9h - 11h,1.0,2018,2
442246,Hà Nội,17h - 21h,3.0,2018,5
442247,Hà Nội,17h - 21h,8.0,2018,5
442248,Hà Nội,17h - 21h,3.0,2018,5
442248,Hà Nội,0h - 9h,3.0,2018,1
442249,Hà Nội,21h+,2.0,2018,6
442249,Hà Nội,17h - 21h,3.0,2018,5
442250,Hà Nội,17h - 21h,3.0,2018,5
442250,Hà Nội,21h+,2.0,2018,6
442251,Hà Nội,17h - 21h,2.0,2018,5
442252,Hà Nội,17h - 21h,3.0,2018,5
442252,Hà Nội,21h+,2.0,2018,6
442252,Hà Nội,0h - 9h,2.0,2018,1
442253,Hà Nội,17h - 21h,3.0,2018,5
442253,Hà Nội,21h+,2.0,2018,6
442269,Hải Phòng,17h - 21h,1.0,2018,5
442269,Hải Phòng,0h - 9h,3.0,2018,1
442270,Hải Phòng,17h - 21h,4.0,2018,5
442301,Nha Trang,0h - 9h,4.0,2018,1
442308,Đà Nẵng,0h - 9h,26.0,2018,1
442338,Hà Nội,17h - 21h,3.0,2018,5
442338,Hà Nội,0h - 9h,3.0,2018,1
442340,Cần Thơ,17h - 21h,3.0,2018,5
442341,Cần Thơ,17h - 21h,2.0,2018,5
442342,Cần Thơ,17h - 21h,1.0,2018,5
442343,Hà Nội,9h - 11h,1.0,2018,2
442343,Hà Nội,0h - 9h,2.0,2018,1
442343,Hà Nội,17h - 21h,1.0,2018,5
442343,Hà Nội,11h - 14h,1.0,2018,3
442343,Hà Nội,14h - 17h,1.0,2018,4
442353,Hồ Chí Minh,0h - 9h,9.0,2018,1
442395,Hồ Chí Minh,0h - 9h,4.0,2018,1
442479,Nha Trang,17h - 21h,1.0,2018,5
442486,Hồ Chí Minh,0h - 9h,6.0,2018,1
442526,Hồ Chí Minh,9h - 11h,1.0,2018,2
442526,Hồ Chí Minh,17h - 21h,1.0,2018,5
442529,Nha Trang,0h - 9h,1.0,2018,1
442529,Nha Trang,17h - 21h,2.0,2018,5
442531,Nha Trang,17h - 21h,2.0,2018,5
442569,Hồ Chí Minh,14h - 17h,4.0,2018,4
442569,Hồ Chí Minh,9h - 11h,2.0,2018,2
442574,Hồ Chí Minh,0h - 9h,2.0,2018,1
442575,Hải Phòng,9h - 11h,2.0,2018,2
442581,Nha Trang,17h - 21h,4.0,2018,5
442581,Nha Trang,0h - 9h,10.0,2018,1
442585,Hồ Chí Minh,9h - 11h,1.0,2018,2
442585,Hồ Chí Minh,17h - 21h,3.0,2018,5
442634,Cần Thơ,9h - 11h,12.0,2018,2
442634,Cần Thơ,0h - 9h,12.0,2018,1
442635,Cần Thơ,9h - 11h,12.0,2018,2
442635,Cần Thơ,0h - 9h,12.0,2018,1
442636,Cần Thơ,9h - 11h,12.0,2018,2
442636,Cần Thơ,0h - 9h,12.0,2018,1
442637,Hải Phòng,17h - 21h,3.0,2018,5
442645,Nha Trang,17h - 21h,6.0,2018,5
442645,Nha Trang,9h - 11h,6.0,2018,2
442645,Nha Trang,0h - 9h,16.0,2018,1
442655,Hải Phòng,21h+,6.0,2018,6
442749,Nha Trang,17h - 21h,3.0,2018,5
442749,Nha Trang,0h - 9h,3.0,2018,1
442776,Cần Thơ,0h - 9h,4.0,2018,1
442777,Cần Thơ,0h - 9h,24.0,2018,1
442778,Cần Thơ,0h - 9h,3.0,2018,1
442779,Cần Thơ,0h - 9h,20.0,2018,1
442780,Cần Thơ,0h - 9h,20.0,2018,1
442781,Cần Thơ,0h - 9h,16.0,2018,1
442832,Hà Nội,17h - 21h,4.0,2018,5
442833,Hà Nội,17h - 21h,4.0,2018,5
442834,Hà Nội,14h - 17h,2.0,2018,4
442835,Hà Nội,14h - 17h,4.0,2018,4
442836,Hà Nội,14h - 17h,7.0,2018,4
442837,Hà Nội,9h - 11h,3.0,2018,2
442838,Hà Nội,17h - 21h,4.0,2018,5
442839,Hà Nội,17h - 21h,3.0,2018,5
442854,Nha Trang,11h - 14h,7.0,2018,3
442854,Nha Trang,0h - 9h,16.0,2018,1
442944,Hải Phòng,14h - 17h,3.0,2018,4
442987,Nha Trang,0h - 9h,5.0,2018,1
442995,Đà Nẵng,0h - 9h,16.0,2018,1
443004,Cần Thơ,0h - 9h,20.0,2018,1
443016,Hồ Chí Minh,17h - 21h,3.0,2018,5
443017,Hồ Chí Minh,17h - 21h,3.0,2018,5
443018,Hồ Chí Minh,0h - 9h,3.0,2018,1
443019,Hồ Chí Minh,17h - 21h,4.0,2018,5
443082,Hà Nội,0h - 9h,1.0,2018,1
443082,Hà Nội,14h - 17h,1.0,2018,4
443082,Hà Nội,9h - 11h,1.0,2018,2
443098,Hải Phòng,17h - 21h,18.0,2018,5
443098,Hải Phòng,9h - 11h,2.0,2018,2
443099,Hải Phòng,0h - 9h,24.0,2018,1
443099,Hải Phòng,17h - 21h,8.0,2018,5
443123,Hồ Chí Minh,17h - 21h,2.0,2018,5
443151,Nha Trang,0h - 9h,25.0,2018,1
443169,Nha Trang,14h - 17h,1.0,2018,4
443169,Nha Trang,0h - 9h,1.0,2018,1
443325,Nha Trang,0h - 9h,1.0,2018,1
443325,Nha Trang,17h - 21h,4.0,2018,5
443346,Hà Nội,0h - 9h,2.0,2018,1
443346,Hà Nội,9h - 11h,2.0,2018,2
443346,Hà Nội,14h - 17h,1.0,2018,4
443362,Nha Trang,17h - 21h,10.0,2018,5
443560,Hà Nội,17h - 21h,4.0,2018,5
443561,Hà Nội,17h - 21h,4.0,2018,5
443561,Hà Nội,21h+,2.0,2018,6
443562,Hà Nội,17h - 21h,1.0,2018,5
443563,Hà Nội,17h - 21h,1.0,2018,5
443563,Hà Nội,11h - 14h,1.0,2018,3
443564,Hà Nội,17h - 21h,1.0,2018,5
443565,Hà Nội,11h - 14h,4.0,2018,3
443565,Hà Nội,17h - 21h,3.0,2018,5
443566,Hà Nội,17h - 21h,3.0,2018,5
443567,Hà Nội,17h - 21h,8.0,2018,5
443588,Hải Phòng,17h - 21h,6.0,2018,5
443589,Hải Phòng,0h - 9h,3.0,2018,1
443589,Hải Phòng,9h - 11h,2.0,2018,2
443590,Hải Phòng,0h - 9h,2.0,2018,1
443590,Hải Phòng,14h - 17h,3.0,2018,4
443595,Hà Nội,17h - 21h,3.0,2018,5
443595,Hà Nội,0h - 9h,1.0,2018,1
443607,Hồ Chí Minh,17h - 21h,3.0,2018,5
443607,Hồ Chí Minh,21h+,3.0,2018,6
443608,Hồ Chí Minh,17h - 21h,2.0,2018,5
443608,Hồ Chí Minh,21h+,2.0,2018,6
443609,Hồ Chí Minh,17h - 21h,4.0,2018,5
443610,Hồ Chí Minh,17h - 21h,4.0,2018,5
443611,Hồ Chí Minh,21h+,2.0,2018,6
443611,Hồ Chí Minh,17h - 21h,2.0,2018,5
443612,Hồ Chí Minh,0h - 9h,3.0,2018,1
443612,Hồ Chí Minh,17h - 21h,3.0,2018,5
443612,Hồ Chí Minh,21h+,1.0,2018,6
443620,Hải Phòng,0h - 9h,2.0,2018,1
443621,Hải Phòng,0h - 9h,4.0,2018,1
443622,Hải Phòng,17h - 21h,2.0,2018,5
443623,Hải Phòng,17h - 21h,2.0,2018,5
443624,Hải Phòng,17h - 21h,2.0,2018,5
443625,Hải Phòng,17h - 21h,2.0,2018,5
443626,Hải Phòng,17h - 21h,2.0,2018,5
443626,Hải Phòng,0h - 9h,1.0,2018,1
443627,Hải Phòng,17h - 21h,2.0,2018,5
443627,Hải Phòng,0h - 9h,6.0,2018,1
443632,Hải Phòng,0h - 9h,4.0,2018,1
443632,Hải Phòng,11h - 14h,2.0,2018,3
443633,Hải Phòng,17h - 21h,1.0,2018,5
443633,Hải Phòng,21h+,1.0,2018,6
443634,Hải Phòng,17h - 21h,10.0,2018,5
443635,Hải Phòng,17h - 21h,1.0,2018,5
443635,Hải Phòng,21h+,3.0,2018,6
443636,Hải Phòng,9h - 11h,8.0,2018,2
443636,Hải Phòng,17h - 21h,4.0,2018,5
443647,Hà Nội,17h - 21h,2.0,2018,5
443648,Hà Nội,17h - 21h,4.0,2018,5
443649,Hà Nội,17h - 21h,3.0,2018,5
443650,Hà Nội,17h - 21h,1.0,2018,5
443652,Hà Nội,17h - 21h,1.0,2018,5
443653,Hà Nội,14h - 17h,3.0,2018,4
443654,Hà Nội,17h - 21h,1.0,2018,5
443654,Hà Nội,0h - 9h,2.0,2018,1
443655,Hà Nội,9h - 11h,1.0,2018,2
443655,Hà Nội,0h - 9h,1.0,2018,1
443655,Hà Nội,17h - 21h,3.0,2018,5
443657,Hà Nội,11h - 14h,2.0,2018,3
443657,Hà Nội,17h - 21h,4.0,2018,5
443658,Hà Nội,17h - 21h,1.0,2018,5
443659,Hà Nội,17h - 21h,4.0,2018,5
443660,Hà Nội,17h - 21h,2.0,2018,5
443660,Hà Nội,11h - 14h,1.0,2018,3
443696,Nha Trang,0h - 9h,6.0,2018,1
443697,Nha Trang,0h - 9h,24.0,2018,1
443700,Nha Trang,0h - 9h,4.0,2018,1
443711,Hải Phòng,17h - 21h,3.0,2018,5
443712,Hải Phòng,17h - 21h,3.0,2018,5
443713,Hải Phòng,17h - 21h,2.0,2018,5
443720,Hà Nội,17h - 21h,1.0,2018,5
443721,Hà Nội,17h - 21h,3.0,2018,5
443721,Hà Nội,9h - 11h,2.0,2018,2
443721,Hà Nội,14h - 17h,2.0,2018,4
443722,Hà Nội,17h - 21h,3.0,2018,5
443723,Hà Nội,9h - 11h,1.0,2018,2
443723,Hà Nội,17h - 21h,3.0,2018,5
443724,Hà Nội,17h - 21h,2.0,2018,5
443724,Hà Nội,14h - 17h,2.0,2018,4
443725,Hà Nội,17h - 21h,3.0,2018,5
443726,Hà Nội,17h - 21h,1.0,2018,5
443726,Hà Nội,14h - 17h,2.0,2018,4
443727,Hà Nội,17h - 21h,3.0,2018,5
443727,Hà Nội,9h - 11h,3.0,2018,2
443728,Hà Nội,17h - 21h,3.0,2018,5
443729,Hà Nội,17h - 21h,1.0,2018,5
443730,Hà Nội,17h - 21h,2.0,2018,5
443730,Hà Nội,9h - 11h,2.0,2018,2
443731,Hà Nội,17h - 21h,1.0,2018,5
443734,Hà Nội,0h - 9h,2.0,2018,1
443734,Hà Nội,17h - 21h,4.0,2018,5
443735,Hà Nội,11h - 14h,4.0,2018,3
443736,Hà Nội,21h+,1.0,2018,6
443736,Hà Nội,17h - 21h,1.0,2018,5
443737,Hà Nội,11h - 14h,2.0,2018,3
443737,Hà Nội,17h - 21h,3.0,2018,5
443747,Nha Trang,0h - 9h,1.0,2018,1
443747,Nha Trang,17h - 21h,1.0,2018,5
443758,Nha Trang,0h - 9h,5.0,2018,1
443758,Nha Trang,17h - 21h,4.0,2018,5
443798,Hồ Chí Minh,0h - 9h,2.0,2018,1
443814,Cần Thơ,0h - 9h,10.0,2018,1
443841,Hồ Chí Minh,17h - 21h,10.0,2018,5
443841,Hồ Chí Minh,11h - 14h,12.0,2018,3
443867,Cần Thơ,0h - 9h,20.0,2018,1
443886,Hồ Chí Minh,0h - 9h,16.0,2018,1
443914,Nha Trang,11h - 14h,1.0,2018,3
443966,Đà Nẵng,0h - 9h,4.0,2018,1
443980,Hồ Chí Minh,0h - 9h,18.0,2018,1
443984,Cần Thơ,0h - 9h,20.0,2018,1
443997,Hà Nội,17h - 21h,2.0,2018,5
443997,Hà Nội,14h - 17h,1.0,2018,4
443997,Hà Nội,9h - 11h,2.0,2018,2
443998,Hà Nội,17h - 21h,3.0,2018,5
443999,Hà Nội,17h - 21h,3.0,2018,5
443999,Hà Nội,14h - 17h,2.0,2018,4
443999,Hà Nội,9h - 11h,2.0,2018,2
444000,Hà Nội,17h - 21h,1.0,2018,5
444016,Hà Nội,9h - 11h,2.0,2018,2
444023,Nha Trang,0h - 9h,2.0,2018,1
444075,Hà Nội,0h - 9h,3.0,2018,1
444076,Hà Nội,17h - 21h,7.0,2018,5
444077,Hà Nội,17h - 21h,4.0,2018,5
444077,Hà Nội,14h - 17h,6.0,2018,4
444078,Hà Nội,9h - 11h,2.0,2018,2
444078,Hà Nội,14h - 17h,2.0,2018,4
444079,Hà Nội,17h - 21h,2.0,2018,5
444080,Hà Nội,0h - 9h,3.0,2018,1
444081,Hà Nội,0h - 9h,2.0,2018,1
444081,Hà Nội,17h - 21h,3.0,2018,5
444098,Hải Phòng,17h - 21h,9.0,2018,5
444098,Hải Phòng,0h - 9h,6.0,2018,1
444108,Đà Nẵng,17h - 21h,4.0,2018,5
444110,Nha Trang,0h - 9h,1.0,2018,1
444116,Cần Thơ,0h - 9h,25.0,2018,1
444176,Cần Thơ,17h - 21h,5.0,2018,5
444177,Hải Phòng,21h+,1.0,2018,6
444177,Hải Phòng,0h - 9h,1.0,2018,1
444177,Hải Phòng,17h - 21h,2.0,2018,5
444184,Hồ Chí Minh,0h - 9h,18.0,2018,1
444221,Hồ Chí Minh,0h - 9h,24.0,2018,1
444227,Hải Phòng,0h - 9h,4.0,2018,1
444227,Hải Phòng,17h - 21h,3.0,2018,5
444303,Đà Nẵng,17h - 21h,1.0,2018,5
444388,Hồ Chí Minh,17h - 21h,2.0,2018,5
444411,Hồ Chí Minh,9h - 11h,3.0,2018,2
444411,Hồ Chí Minh,17h - 21h,2.0,2018,5
444411,Hồ Chí Minh,14h - 17h,3.0,2018,4
444425,Hà Nội,9h - 11h,2.0,2018,2
444425,Hà Nội,17h - 21h,2.0,2018,5
444439,Đà Nẵng,0h - 9h,4.0,2018,1
444441,Cần Thơ,0h - 9h,24.0,2018,1
444443,Cần Thơ,0h - 9h,24.0,2018,1
444444,Cần Thơ,0h - 9h,24.0,2018,1
444445,Cần Thơ,0h - 9h,24.0,2018,1
444447,Cần Thơ,0h - 9h,11.0,2018,1
444447,Cần Thơ,17h - 21h,8.0,2018,5
444447,Cần Thơ,14h - 17h,5.0,2018,4
444448,Cần Thơ,0h - 9h,12.0,2018,1
444448,Cần Thơ,9h - 11h,12.0,2018,2
444449,Cần Thơ,9h - 11h,12.0,2018,2
444449,Cần Thơ,0h - 9h,12.0,2018,1
444450,Cần Thơ,0h - 9h,12.0,2018,1
444450,Cần Thơ,9h - 11h,12.0,2018,2
444451,Cần Thơ,0h - 9h,24.0,2018,1
444452,Cần Thơ,0h - 9h,24.0,2018,1
444453,Cần Thơ,0h - 9h,24.0,2018,1
444454,Cần Thơ,0h - 9h,24.0,2018,1
444455,Hà Nội,17h - 21h,2.0,2018,5
444456,Hà Nội,9h - 11h,2.0,2018,2
444457,Hà Nội,17h - 21h,1.0,2018,5
444458,Hà Nội,17h - 21h,6.0,2018,5
444459,Hà Nội,17h - 21h,3.0,2018,5
444460,Hà Nội,14h - 17h,2.0,2018,4
444462,Hà Nội,9h - 11h,3.0,2018,2
444463,Hà Nội,17h - 21h,3.0,2018,5
444464,Hà Nội,17h - 21h,1.0,2018,5
444474,Hồ Chí Minh,0h - 9h,5.0,2018,1
444474,Hồ Chí Minh,14h - 17h,3.0,2018,4
444516,Nha Trang,17h - 21h,2.0,2018,5
444539,Nha Trang,0h - 9h,22.0,2018,1
444553,Đà Nẵng,0h - 9h,8.0,2018,1
444561,Hà Nội,17h - 21h,9.0,2018,5
444562,Cần Thơ,0h - 9h,24.0,2018,1
444566,Nha Trang,0h - 9h,4.0,2018,1
444568,Nha Trang,17h - 21h,3.0,2018,5
444568,Nha Trang,0h - 9h,6.0,2018,1
444570,Hà Nội,0h - 9h,3.0,2018,1
444588,Cần Thơ,0h - 9h,4.0,2018,1
444589,Cần Thơ,0h - 9h,25.0,2018,1
444589,Cần Thơ,17h - 21h,25.0,2018,5
444590,Cần Thơ,0h - 9h,25.0,2018,1
444591,Cần Thơ,0h - 9h,4.0,2018,1
444592,Cần Thơ,0h - 9h,20.0,2018,1
444593,Cần Thơ,0h - 9h,5.0,2018,1
444594,Cần Thơ,17h - 21h,4.0,2018,5
444595,Cần Thơ,17h - 21h,12.0,2018,5
444596,Cần Thơ,0h - 9h,12.0,2018,1
444597,Cần Thơ,0h - 9h,26.0,2018,1
444600,Cần Thơ,0h - 9h,12.0,2018,1
444601,Cần Thơ,0h - 9h,26.0,2018,1
444603,Cần Thơ,17h - 21h,8.0,2018,5
444604,Cần Thơ,17h - 21h,8.0,2018,5
444610,Hồ Chí Minh,14h - 17h,2.0,2018,4
444610,Hồ Chí Minh,0h - 9h,2.0,2018,1
444611,Nha Trang,0h - 9h,6.0,2018,1
444613,Nha Trang,0h - 9h,4.0,2018,1
444613,Nha Trang,17h - 21h,4.0,2018,5
444616,Cần Thơ,0h - 9h,24.0,2018,1
444617,Cần Thơ,0h - 9h,24.0,2018,1
444620,Cần Thơ,0h - 9h,24.0,2018,1
444631,Cần Thơ,17h - 21h,4.0,2018,5
444632,Cần Thơ,0h - 9h,20.0,2018,1
444633,Hồ Chí Minh,14h - 17h,2.0,2018,4
444633,Hồ Chí Minh,9h - 11h,2.0,2018,2
444635,Hồ Chí Minh,17h - 21h,2.0,2018,5
444636,Hà Nội,17h - 21h,10.0,2018,5
444646,Hồ Chí Minh,17h - 21h,4.0,2018,5
444664,Cần Thơ,0h - 9h,4.0,2018,1
444669,Hà Nội,17h - 21h,6.0,2018,5
444670,Hà Nội,17h - 21h,3.0,2018,5
444671,Hà Nội,17h - 21h,4.0,2018,5
444671,Hà Nội,0h - 9h,4.0,2018,1
444672,Hà Nội,17h - 21h,2.0,2018,5
444672,Hà Nội,21h+,1.0,2018,6
444672,Hà Nội,9h - 11h,4.0,2018,2
444673,Hà Nội,9h - 11h,5.0,2018,2
444673,Hà Nội,17h - 21h,5.0,2018,5
444674,Hà Nội,21h+,3.0,2018,6
444674,Hà Nội,11h - 14h,2.0,2018,3
444674,Hà Nội,0h - 9h,5.0,2018,1
444675,Hà Nội,17h - 21h,2.0,2018,5
444675,Hà Nội,21h+,2.0,2018,6
444676,Hà Nội,17h - 21h,4.0,2018,5
444677,Hà Nội,21h+,1.0,2018,6
444677,Hà Nội,17h - 21h,3.0,2018,5
444678,Hà Nội,17h - 21h,4.0,2018,5
444678,Hà Nội,0h - 9h,6.0,2018,1
444679,Hà Nội,17h - 21h,2.0,2018,5
444680,Hà Nội,0h - 9h,8.0,2018,1
444680,Hà Nội,17h - 21h,4.0,2018,5
444681,Hà Nội,17h - 21h,3.0,2018,5
444682,Hà Nội,17h - 21h,7.0,2018,5
444682,Hà Nội,11h - 14h,3.0,2018,3
444685,Hồ Chí Minh,14h - 17h,9.0,2018,4
444685,Hồ Chí Minh,0h - 9h,16.0,2018,1
444693,Hải Phòng,17h - 21h,6.0,2018,5
444695,Hồ Chí Minh,11h - 14h,2.0,2018,3
444696,Đà Nẵng,14h - 17h,1.0,2018,4
444696,Đà Nẵng,17h - 21h,4.0,2018,5
444699,Hồ Chí Minh,0h - 9h,8.0,2018,1
444706,Cần Thơ,0h - 9h,15.0,2018,1
444707,Hồ Chí Minh,17h - 21h,6.0,2018,5
444713,Hà Nội,17h - 21h,4.0,2018,5
444714,Nha Trang,9h - 11h,1.0,2018,2
444729,Hà Nội,9h - 11h,4.0,2018,2
444736,Nha Trang,0h - 9h,1.0,2018,1
444758,Đà Nẵng,0h - 9h,5.0,2018,1
444763,Cần Thơ,17h - 21h,8.0,2018,5
444766,Đà Nẵng,0h - 9h,10.0,2018,1
444823,Cần Thơ,14h - 17h,8.0,2018,4
444824,Hải Phòng,21h+,2.0,2018,6
444824,Hải Phòng,17h - 21h,3.0,2018,5
444888,Cần Thơ,17h - 21h,6.0,2018,5
444888,Cần Thơ,0h - 9h,3.0,2018,1
444914,Đà Nẵng,14h - 17h,16.0,2018,4
444914,Đà Nẵng,0h - 9h,21.0,2018,1
444953,Hải Phòng,0h - 9h,5.0,2018,1
444955,Hải Phòng,17h - 21h,4.0,2018,5
444963,Cần Thơ,0h - 9h,24.0,2018,1
444964,Cần Thơ,0h - 9h,24.0,2018,1
444974,Cần Thơ,17h - 21h,11.0,2018,5
444986,Cần Thơ,0h - 9h,12.0,2018,1
445000,Đà Nẵng,17h - 21h,3.0,2018,5
445000,Đà Nẵng,21h+,1.0,2018,6
445000,Đà Nẵng,11h - 14h,3.0,2018,3
445031,Cần Thơ,17h - 21h,6.0,2018,5
445033,Cần Thơ,17h - 21h,6.0,2018,5
445034,Cần Thơ,17h - 21h,5.0,2018,5
445035,Cần Thơ,17h - 21h,5.0,2018,5
445036,Cần Thơ,17h - 21h,5.0,2018,5
445038,Nha Trang,0h - 9h,24.0,2018,1
445059,Hải Phòng,17h - 21h,3.0,2018,5
445062,Hải Phòng,17h - 21h,4.0,2018,5
445098,Cần Thơ,0h - 9h,3.0,2018,1
445099,Cần Thơ,0h - 9h,2.0,2018,1
445099,Cần Thơ,17h - 21h,2.0,2018,5
445100,Cần Thơ,0h - 9h,25.0,2018,1
445104,Cần Thơ,14h - 17h,4.0,2018,4
445105,Cần Thơ,0h - 9h,4.0,2018,1
445106,Cần Thơ,0h - 9h,20.0,2018,1
445125,Hồ Chí Minh,17h - 21h,2.0,2018,5
445125,Hồ Chí Minh,11h - 14h,2.0,2018,3
445173,Hồ Chí Minh,14h - 17h,10.0,2018,4
445173,Hồ Chí Minh,21h+,6.0,2018,6
445173,Hồ Chí Minh,17h - 21h,4.0,2018,5
445202,Đà Nẵng,0h - 9h,18.0,2018,1
445208,Cần Thơ,0h - 9h,24.0,2018,1
445209,Cần Thơ,0h - 9h,24.0,2018,1
445210,Cần Thơ,14h - 17h,4.0,2018,4
445216,Hải Phòng,17h - 21h,5.0,2018,5
445217,Hà Nội,17h - 21h,3.0,2018,5
445252,Hải Phòng,17h - 21h,8.0,2018,5
445263,Cần Thơ,0h - 9h,12.0,2018,1
445264,Cần Thơ,0h - 9h,4.0,2018,1
445272,Hải Phòng,0h - 9h,5.0,2018,1
445293,Cần Thơ,0h - 9h,4.0,2018,1
445294,Cần Thơ,17h - 21h,3.0,2018,5
445294,Cần Thơ,0h - 9h,2.0,2018,1
445295,Cần Thơ,0h - 9h,12.0,2018,1
445295,Cần Thơ,17h - 21h,4.0,2018,5
445296,Cần Thơ,17h - 21h,2.0,2018,5
445297,Hải Phòng,17h - 21h,3.0,2018,5
445298,Hải Phòng,17h - 21h,2.0,2018,5
445299,Hải Phòng,17h - 21h,3.0,2018,5
445300,Cần Thơ,0h - 9h,20.0,2018,1
445301,Cần Thơ,0h - 9h,4.0,2018,1
445302,Hải Phòng,9h - 11h,2.0,2018,2
445302,Hải Phòng,0h - 9h,6.0,2018,1
445303,Hải Phòng,17h - 21h,3.0,2018,5
445303,Hải Phòng,14h - 17h,4.0,2018,4
445304,Hải Phòng,17h - 21h,2.0,2018,5
445304,Hải Phòng,14h - 17h,2.0,2018,4
445305,Hải Phòng,9h - 11h,4.0,2018,2
445305,Hải Phòng,17h - 21h,1.0,2018,5
445306,Hải Phòng,17h - 21h,4.0,2018,5
445306,Hải Phòng,0h - 9h,3.0,2018,1
445306,Hải Phòng,14h - 17h,3.0,2018,4
445307,Hải Phòng,9h - 11h,4.0,2018,2
445307,Hải Phòng,0h - 9h,8.0,2018,1
445307,Hải Phòng,17h - 21h,2.0,2018,5
445308,Hải Phòng,0h - 9h,2.0,2018,1
445308,Hải Phòng,17h - 21h,3.0,2018,5
445309,Cần Thơ,0h - 9h,5.0,2018,1
445310,Cần Thơ,17h - 21h,2.0,2018,5
445311,Cần Thơ,0h - 9h,18.0,2018,1
445312,Cần Thơ,0h - 9h,2.0,2018,1
445313,Cần Thơ,0h - 9h,6.0,2018,1
445323,Hải Phòng,17h - 21h,2.0,2018,5
445324,Hải Phòng,21h+,2.0,2018,6
445325,Hải Phòng,17h - 21h,2.0,2018,5
445326,Hải Phòng,0h - 9h,2.0,2018,1
445327,Hải Phòng,17h - 21h,3.0,2018,5
445328,Hải Phòng,0h - 9h,4.0,2018,1
445328,Hải Phòng,17h - 21h,2.0,2018,5
445329,Hải Phòng,17h - 21h,2.0,2018,5
445330,Hồ Chí Minh,17h - 21h,2.0,2018,5
445330,Hồ Chí Minh,0h - 9h,6.0,2018,1
445331,Hồ Chí Minh,17h - 21h,2.0,2018,5
445331,Hồ Chí Minh,0h - 9h,2.0,2018,1
445332,Hồ Chí Minh,0h - 9h,3.0,2018,1
445333,Hồ Chí Minh,0h - 9h,6.0,2018,1
445334,Hồ Chí Minh,17h - 21h,5.0,2018,5
445334,Hồ Chí Minh,0h - 9h,1.0,2018,1
445335,Hải Phòng,17h - 21h,3.0,2018,5
445336,Hải Phòng,17h - 21h,2.0,2018,5
445337,Hải Phòng,17h - 21h,8.0,2018,5
445337,Hải Phòng,0h - 9h,8.0,2018,1
445338,Hải Phòng,0h - 9h,2.0,2018,1
445338,Hải Phòng,17h - 21h,3.0,2018,5
445339,Hải Phòng,17h - 21h,11.0,2018,5
445339,Hải Phòng,0h - 9h,14.0,2018,1
445340,Hải Phòng,0h - 9h,10.0,2018,1
445358,Nha Trang,0h - 9h,24.0,2018,1
445360,Nha Trang,17h - 21h,2.0,2018,5
445371,Đà Nẵng,11h - 14h,10.0,2018,3
445381,Hải Phòng,21h+,1.0,2018,6
445381,Hải Phòng,9h - 11h,1.0,2018,2
445381,Hải Phòng,17h - 21h,1.0,2018,5
445393,Nha Trang,0h - 9h,6.0,2018,1
445394,Nha Trang,17h - 21h,1.0,2018,5
445414,Nha Trang,0h - 9h,4.0,2018,1
445482,Hải Phòng,0h - 9h,3.0,2018,1
445517,Hồ Chí Minh,14h - 17h,5.0,2018,4
445517,Hồ Chí Minh,0h - 9h,4.0,2018,1
445524,Nha Trang,0h - 9h,6.0,2018,1
445552,Đà Nẵng,14h - 17h,25.0,2018,4
445552,Đà Nẵng,0h - 9h,25.0,2018,1
445606,Nha Trang,9h - 11h,5.0,2018,2
445607,Hà Nội,17h - 21h,3.0,2018,5
445662,Hải Phòng,17h - 21h,6.0,2018,5
445676,Hồ Chí Minh,0h - 9h,6.0,2018,1
445699,Hải Phòng,9h - 11h,3.0,2018,2
445717,Nha Trang,17h - 21h,10.0,2018,5
445717,Nha Trang,0h - 9h,11.0,2018,1
445756,Hồ Chí Minh,17h - 21h,5.0,2018,5
445756,Hồ Chí Minh,21h+,3.0,2018,6
445812,Hà Nội,17h - 21h,1.0,2018,5
445818,Hồ Chí Minh,17h - 21h,1.0,2018,5
445819,Hồ Chí Minh,0h - 9h,24.0,2018,1
445819,Hồ Chí Minh,14h - 17h,1.0,2018,4
445831,Hà Nội,0h - 9h,5.0,2018,1
445831,Hà Nội,21h+,2.0,2018,6
445834,Nha Trang,0h - 9h,4.0,2018,1
445853,Hồ Chí Minh,0h - 9h,1.0,2018,1
445853,Hồ Chí Minh,9h - 11h,3.0,2018,2
445855,Hà Nội,0h - 9h,2.0,2018,1
445855,Hà Nội,9h - 11h,2.0,2018,2
445860,Hà Nội,17h - 21h,1.0,2018,5
445860,Hà Nội,11h - 14h,3.0,2018,3
445864,Hà Nội,17h - 21h,4.0,2018,5
445884,Đà Nẵng,9h - 11h,8.0,2018,2
445884,Đà Nẵng,17h - 21h,7.0,2018,5
445912,Hải Phòng,17h - 21h,3.0,2018,5
445913,Hải Phòng,17h - 21h,1.0,2018,5
445914,Hải Phòng,17h - 21h,12.0,2018,5
445926,Đà Nẵng,9h - 11h,2.0,2018,2
445926,Đà Nẵng,0h - 9h,1.0,2018,1
445926,Đà Nẵng,17h - 21h,4.0,2018,5
445951,Hà Nội,0h - 9h,3.0,2018,1
445969,Hà Nội,17h - 21h,4.0,2018,5
445982,Hà Nội,11h - 14h,4.0,2018,3
445986,Hồ Chí Minh,9h - 11h,3.0,2018,2
445991,Nha Trang,0h - 9h,24.0,2018,1
446009,Đà Nẵng,0h - 9h,16.0,2018,1
446018,Hồ Chí Minh,0h - 9h,9.0,2018,1
446036,Hồ Chí Minh,9h - 11h,1.0,2018,2
446036,Hồ Chí Minh,17h - 21h,1.0,2018,5
446046,Cần Thơ,0h - 9h,25.0,2018,1
446067,Hà Nội,0h - 9h,3.0,2018,1
446075,Hà Nội,17h - 21h,8.0,2018,5
446092,Hà Nội,17h - 21h,1.0,2018,5
446094,Hà Nội,14h - 17h,4.0,2018,4
446096,Hà Nội,17h - 21h,3.0,2018,5
446100,Hồ Chí Minh,0h - 9h,24.0,2018,1
446107,Hà Nội,17h - 21h,2.0,2018,5
446136,Đà Nẵng,14h - 17h,25.0,2018,4
446136,Đà Nẵng,0h - 9h,25.0,2018,1
446158,Hồ Chí Minh,17h - 21h,2.0,2018,5
446160,Cần Thơ,17h - 21h,3.0,2018,5
446167,Hà Nội,0h - 9h,4.0,2018,1
446169,Hà Nội,17h - 21h,3.0,2018,5
446173,Cần Thơ,0h - 9h,26.0,2018,1
446177,Hà Nội,17h - 21h,3.0,2018,5
446179,Hồ Chí Minh,9h - 11h,2.0,2018,2
446179,Hồ Chí Minh,17h - 21h,4.0,2018,5
446181,Hà Nội,14h - 17h,4.0,2018,4
446184,Hồ Chí Minh,11h - 14h,4.0,2018,3
446184,Hồ Chí Minh,17h - 21h,12.0,2018,5
446187,Nha Trang,0h - 9h,7.0,2018,1
446187,Nha Trang,17h - 21h,4.0,2018,5
446193,Nha Trang,17h - 21h,2.0,2018,5
446193,Nha Trang,9h - 11h,2.0,2018,2
446195,Hà Nội,17h - 21h,1.0,2018,5
446196,Hà Nội,17h - 21h,3.0,2018,5
446197,Hà Nội,14h - 17h,2.0,2018,4
446197,Hà Nội,17h - 21h,3.0,2018,5
446209,Cần Thơ,0h - 9h,27.0,2018,1
446215,Cần Thơ,0h - 9h,26.0,2018,1
446216,Cần Thơ,0h - 9h,26.0,2018,1
446228,Hà Nội,0h - 9h,3.0,2018,1
446235,Hải Phòng,9h - 11h,3.0,2018,2
446235,Hải Phòng,0h - 9h,3.0,2018,1
446236,Nha Trang,17h - 21h,2.0,2018,5
446236,Nha Trang,0h - 9h,3.0,2018,1
446238,Hà Nội,17h - 21h,3.0,2018,5
446245,Nha Trang,11h - 14h,1.0,2018,3
446245,Nha Trang,17h - 21h,1.0,2018,5
446250,Hà Nội,9h - 11h,2.0,2018,2
446251,Hà Nội,17h - 21h,3.0,2018,5
446254,Hồ Chí Minh,17h - 21h,2.0,2018,5
446258,Cần Thơ,0h - 9h,26.0,2018,1
446260,Hà Nội,17h - 21h,3.0,2018,5
446265,Hồ Chí Minh,0h - 9h,6.0,2018,1
446281,Nha Trang,0h - 9h,20.0,2018,1
446281,Nha Trang,17h - 21h,4.0,2018,5
446284,Nha Trang,17h - 21h,7.0,2018,5
446284,Nha Trang,0h - 9h,9.0,2018,1
446290,Hồ Chí Minh,0h - 9h,1.0,2018,1
446290,Hồ Chí Minh,11h - 14h,2.0,2018,3
446292,Hà Nội,17h - 21h,3.0,2018,5
446300,Đà Nẵng,0h - 9h,24.0,2018,1
446301,Hà Nội,14h - 17h,4.0,2018,4
446305,Hà Nội,14h - 17h,4.0,2018,4
446316,Đà Nẵng,0h - 9h,1.0,2018,1
446316,Đà Nẵng,17h - 21h,4.0,2018,5
446336,Hồ Chí Minh,17h - 21h,2.0,2018,5
446336,Hồ Chí Minh,9h - 11h,2.0,2018,2
446336,Hồ Chí Minh,14h - 17h,2.0,2018,4
446343,Nha Trang,17h - 21h,3.0,2018,5
446355,Đà Nẵng,0h - 9h,6.0,2018,1
446358,Đà Nẵng,9h - 11h,1.0,2018,2
446358,Đà Nẵng,17h - 21h,1.0,2018,5
446369,Hà Nội,17h - 21h,1.0,2018,5
446369,Hà Nội,14h - 17h,2.0,2018,4
446380,Nha Trang,17h - 21h,2.0,2018,5
446381,Hà Nội,17h - 21h,3.0,2018,5
446381,Hà Nội,9h - 11h,2.0,2018,2
446390,Hà Nội,21h+,2.0,2018,6
446390,Hà Nội,17h - 21h,1.0,2018,5
446400,Hải Phòng,0h - 9h,2.0,2018,1
446400,Hải Phòng,9h - 11h,2.0,2018,2
446400,Hải Phòng,17h - 21h,1.0,2018,5
446408,Nha Trang,21h+,1.0,2018,6
446437,Hồ Chí Minh,17h - 21h,24.0,2018,5
446445,Hải Phòng,17h - 21h,2.0,2018,5
446446,Hải Phòng,17h - 21h,3.0,2018,5
446446,Hải Phòng,11h - 14h,2.0,2018,3
446447,Hải Phòng,11h - 14h,3.0,2018,3
446447,Hải Phòng,17h - 21h,12.0,2018,5
446448,Hải Phòng,17h - 21h,3.0,2018,5
446449,Hải Phòng,11h - 14h,2.0,2018,3
446449,Hải Phòng,17h - 21h,2.0,2018,5
446450,Hải Phòng,17h - 21h,7.0,2018,5
446463,Hải Phòng,17h - 21h,4.0,2018,5
446465,Nha Trang,0h - 9h,1.0,2018,1
446474,Hải Phòng,17h - 21h,3.0,2018,5
446489,Cần Thơ,0h - 9h,26.0,2018,1
446491,Đà Nẵng,11h - 14h,1.0,2018,3
446491,Đà Nẵng,0h - 9h,24.0,2018,1
446491,Đà Nẵng,17h - 21h,4.0,2018,5
446491,Đà Nẵng,14h - 17h,3.0,2018,4
446501,Nha Trang,0h - 9h,21.0,2018,1
446501,Nha Trang,17h - 21h,4.0,2018,5
446503,Đà Nẵng,17h - 21h,6.0,2018,5
446505,Hà Nội,11h - 14h,2.0,2018,3
446505,Hà Nội,17h - 21h,2.0,2018,5
446511,Nha Trang,0h - 9h,4.0,2018,1
446517,Hà Nội,0h - 9h,3.0,2018,1
446517,Hà Nội,17h - 21h,3.0,2018,5
446524,Đà Nẵng,0h - 9h,4.0,2018,1
446545,Hà Nội,17h - 21h,3.0,2018,5
446545,Hà Nội,11h - 14h,2.0,2018,3
446545,Hà Nội,9h - 11h,5.0,2018,2
446554,Đà Nẵng,17h - 21h,2.0,2018,5
446563,Hà Nội,17h - 21h,4.0,2018,5
446563,Hà Nội,11h - 14h,4.0,2018,3
446584,Cần Thơ,0h - 9h,25.0,2018,1
446601,Cần Thơ,17h - 21h,5.0,2018,5
446634,Hồ Chí Minh,17h - 21h,5.0,2018,5
446649,Đà Nẵng,0h - 9h,26.0,2018,1
446649,Đà Nẵng,14h - 17h,25.0,2018,4
446665,Đà Nẵng,0h - 9h,25.0,2018,1
446665,Đà Nẵng,17h - 21h,4.0,2018,5
446669,Hà Nội,17h - 21h,1.0,2018,5
446691,Đà Nẵng,17h - 21h,2.0,2018,5
446701,Nha Trang,17h - 21h,3.0,2018,5
446712,Hà Nội,17h - 21h,7.0,2018,5
446714,Hải Phòng,21h+,1.0,2018,6
446714,Hải Phòng,17h - 21h,1.0,2018,5
446715,Hải Phòng,9h - 11h,2.0,2018,2
446729,Hải Phòng,9h - 11h,3.0,2018,2
446739,Đà Nẵng,17h - 21h,4.0,2018,5
446739,Đà Nẵng,0h - 9h,2.0,2018,1
446818,Hải Phòng,0h - 9h,4.0,2018,1
446818,Hải Phòng,17h - 21h,2.0,2018,5
446819,Hải Phòng,9h - 11h,5.0,2018,2
446819,Hải Phòng,17h - 21h,3.0,2018,5
446819,Hải Phòng,0h - 9h,8.0,2018,1
446820,Hải Phòng,17h - 21h,5.0,2018,5
446821,Hải Phòng,17h - 21h,3.0,2018,5
446821,Hải Phòng,0h - 9h,8.0,2018,1
446822,Hải Phòng,0h - 9h,2.0,2018,1
446822,Hải Phòng,17h - 21h,1.0,2018,5
446822,Hải Phòng,21h+,1.0,2018,6
446823,Hải Phòng,9h - 11h,3.0,2018,2
446823,Hải Phòng,17h - 21h,5.0,2018,5
446833,Hải Phòng,17h - 21h,1.0,2018,5
446859,Hải Phòng,11h - 14h,2.0,2018,3
446859,Hải Phòng,14h - 17h,2.0,2018,4
446863,Hải Phòng,17h - 21h,25.0,2018,5
446866,Hải Phòng,0h - 9h,4.0,2018,1
446867,Hải Phòng,0h - 9h,3.0,2018,1
446868,Hải Phòng,17h - 21h,3.0,2018,5
446869,Hải Phòng,0h - 9h,2.0,2018,1
446870,Hải Phòng,0h - 9h,2.0,2018,1
446871,Hải Phòng,17h - 21h,3.0,2018,5
446871,Hải Phòng,0h - 9h,17.0,2018,1
446872,Hải Phòng,0h - 9h,3.0,2018,1
446873,Hải Phòng,0h - 9h,2.0,2018,1
446874,Hải Phòng,17h - 21h,2.0,2018,5
446875,Hải Phòng,17h - 21h,4.0,2018,5
446877,Hải Phòng,17h - 21h,2.0,2018,5
446877,Hải Phòng,21h+,1.0,2018,6
446878,Hải Phòng,0h - 9h,25.0,2018,1
446879,Hải Phòng,17h - 21h,3.0,2018,5
446880,Hải Phòng,17h - 21h,2.0,2018,5
446881,Hải Phòng,17h - 21h,3.0,2018,5
446882,Hải Phòng,17h - 21h,5.0,2018,5
446883,Hải Phòng,17h - 21h,3.0,2018,5
446884,Hải Phòng,0h - 9h,10.0,2018,1
446907,Hải Phòng,17h - 21h,5.0,2018,5
446908,Hải Phòng,0h - 9h,8.0,2018,1
446926,Nha Trang,0h - 9h,24.0,2018,1
446931,Nha Trang,0h - 9h,12.0,2018,1
447005,Nha Trang,17h - 21h,8.0,2018,5
447005,Nha Trang,0h - 9h,12.0,2018,1
447016,Hà Nội,0h - 9h,3.0,2018,1
447016,Hà Nội,17h - 21h,2.0,2018,5
447018,Hà Nội,21h+,2.0,2018,6
447018,Hà Nội,17h - 21h,3.0,2018,5
447066,Nha Trang,17h - 21h,3.0,2018,5
447076,Đà Nẵng,17h - 21h,8.0,2018,5
447107,Hà Nội,9h - 11h,1.0,2018,2
447107,Hà Nội,0h - 9h,2.0,2018,1
447107,Hà Nội,17h - 21h,1.0,2018,5
447139,Hà Nội,0h - 9h,1.0,2018,1
447139,Hà Nội,17h - 21h,3.0,2018,5
447179,Hồ Chí Minh,0h - 9h,24.0,2018,1
447179,Hồ Chí Minh,14h - 17h,1.0,2018,4
447251,Hà Nội,9h - 11h,3.0,2018,2
447253,Hồ Chí Minh,0h - 9h,23.0,2018,1
447262,Hà Nội,0h - 9h,2.0,2018,1
447275,Hà Nội,17h - 21h,4.0,2018,5
447327,Nha Trang,17h - 21h,7.0,2018,5
447327,Nha Trang,0h - 9h,16.0,2018,1
447328,Hà Nội,17h - 21h,2.0,2018,5
447335,Đà Nẵng,0h - 9h,8.0,2018,1
447338,Đà Nẵng,14h - 17h,3.0,2018,4
447338,Đà Nẵng,17h - 21h,6.0,2018,5
447349,Hà Nội,14h - 17h,1.0,2018,4
447349,Hà Nội,21h+,1.0,2018,6
447349,Hà Nội,17h - 21h,1.0,2018,5
447355,Hồ Chí Minh,17h - 21h,4.0,2018,5
447367,Hà Nội,17h - 21h,2.0,2018,5
447415,Đà Nẵng,11h - 14h,8.0,2018,3
447415,Đà Nẵng,0h - 9h,2.0,2018,1
447419,Hà Nội,0h - 9h,5.0,2018,1
447419,Hà Nội,17h - 21h,4.0,2018,5
447439,Hà Nội,17h - 21h,2.0,2018,5
447439,Hà Nội,9h - 11h,1.0,2018,2
447444,Hà Nội,17h - 21h,4.0,2018,5
447506,Hồ Chí Minh,11h - 14h,4.0,2018,3
447531,Nha Trang,0h - 9h,3.0,2018,1
447544,Đà Nẵng,17h - 21h,1.0,2018,5
447563,Đà Nẵng,0h - 9h,26.0,2018,1
447572,Đà Nẵng,0h - 9h,12.0,2018,1
447607,Đà Nẵng,14h - 17h,25.0,2018,4
447607,Đà Nẵng,0h - 9h,25.0,2018,1
447618,Hà Nội,17h - 21h,4.0,2018,5
447619,Hà Nội,17h - 21h,3.0,2018,5
447619,Hà Nội,0h - 9h,4.0,2018,1
447625,Nha Trang,17h - 21h,3.0,2018,5
447639,Đà Nẵng,14h - 17h,2.0,2018,4
447639,Đà Nẵng,0h - 9h,23.0,2018,1
447651,Hải Phòng,0h - 9h,4.0,2018,1
447651,Hải Phòng,17h - 21h,2.0,2018,5
447652,Hải Phòng,17h - 21h,2.0,2018,5
447653,Hải Phòng,17h - 21h,3.0,2018,5
447654,Hải Phòng,17h - 21h,5.0,2018,5
447655,Đà Nẵng,0h - 9h,25.0,2018,1
447657,Hà Nội,14h - 17h,3.0,2018,4
447658,Nha Trang,17h - 21h,2.0,2018,5
447658,Nha Trang,0h - 9h,2.0,2018,1
447660,Nha Trang,0h - 9h,2.0,2018,1
447662,Đà Nẵng,0h - 9h,10.0,2018,1
447664,Hà Nội,17h - 21h,1.0,2018,5
447664,Hà Nội,14h - 17h,1.0,2018,4
447667,Hà Nội,11h - 14h,2.0,2018,3
447667,Hà Nội,17h - 21h,3.0,2018,5
447669,Hà Nội,17h - 21h,4.0,2018,5
447678,Hải Phòng,17h - 21h,1.0,2018,5
447685,Hồ Chí Minh,17h - 21h,6.0,2018,5
447687,Nha Trang,14h - 17h,3.0,2018,4
447687,Nha Trang,9h - 11h,3.0,2018,2
447691,Đà Nẵng,0h - 9h,3.0,2018,1
447691,Đà Nẵng,17h - 21h,3.0,2018,5
447693,Nha Trang,17h - 21h,3.0,2018,5
447696,Nha Trang,17h - 21h,1.0,2018,5
447701,Hà Nội,17h - 21h,2.0,2018,5
447702,Hà Nội,17h - 21h,2.0,2018,5
447702,Hà Nội,9h - 11h,3.0,2018,2
447706,Đà Nẵng,0h - 9h,25.0,2018,1
447706,Đà Nẵng,17h - 21h,10.0,2018,5
447712,Hà Nội,17h - 21h,2.0,2018,5
447716,Hồ Chí Minh,0h - 9h,13.0,2018,1
447716,Hồ Chí Minh,17h - 21h,14.0,2018,5
447717,Nha Trang,17h - 21h,1.0,2018,5
447720,Hà Nội,11h - 14h,4.0,2018,3
447722,Hà Nội,0h - 9h,7.0,2018,1
447722,Hà Nội,17h - 21h,5.0,2018,5
447726,Hồ Chí Minh,0h - 9h,2.0,2018,1
447726,Hồ Chí Minh,17h - 21h,4.0,2018,5
447731,Nha Trang,17h - 21h,3.0,2018,5
447736,Hà Nội,14h - 17h,4.0,2018,4
447737,Đà Nẵng,0h - 9h,2.0,2018,1
447737,Đà Nẵng,17h - 21h,2.0,2018,5
447742,Hà Nội,17h - 21h,4.0,2018,5
447748,Nha Trang,9h - 11h,5.0,2018,2
447748,Nha Trang,0h - 9h,22.0,2018,1
447753,Hà Nội,9h - 11h,3.0,2018,2
447760,Hà Nội,17h - 21h,4.0,2018,5
447767,Hà Nội,21h+,2.0,2018,6
447767,Hà Nội,17h - 21h,5.0,2018,5
447770,Hà Nội,17h - 21h,4.0,2018,5
447770,Hà Nội,14h - 17h,1.0,2018,4
447770,Hà Nội,11h - 14h,3.0,2018,3
447773,Hà Nội,17h - 21h,2.0,2018,5
447783,Hồ Chí Minh,0h - 9h,6.0,2018,1
447788,Hồ Chí Minh,17h - 21h,1.0,2018,5
447796,Hà Nội,0h - 9h,1.0,2018,1
447796,Hà Nội,17h - 21h,1.0,2018,5
447816,Hà Nội,0h - 9h,1.0,2018,1
447816,Hà Nội,11h - 14h,3.0,2018,3
447857,Hồ Chí Minh,17h - 21h,2.0,2018,5
447924,Đà Nẵng,11h - 14h,2.0,2018,3
447924,Đà Nẵng,0h - 9h,3.0,2018,1
447928,Nha Trang,0h - 9h,4.0,2018,1
447933,Nha Trang,11h - 14h,1.0,2018,3
447933,Nha Trang,17h - 21h,2.0,2018,5
447945,Hồ Chí Minh,17h - 21h,2.0,2018,5
447955,Đà Nẵng,0h - 9h,25.0,2018,1
447981,Nha Trang,17h - 21h,2.0,2018,5
447984,Hà Nội,0h - 9h,2.0,2018,1
447984,Hà Nội,14h - 17h,1.0,2018,4
447984,Hà Nội,17h - 21h,3.0,2018,5
447984,Hà Nội,11h - 14h,3.0,2018,3
447986,Nha Trang,0h - 9h,12.0,2018,1
447989,Đà Nẵng,14h - 17h,4.0,2018,4
447989,Đà Nẵng,17h - 21h,6.0,2018,5
447991,Hà Nội,17h - 21h,5.0,2018,5
447992,Hà Nội,17h - 21h,2.0,2018,5
447992,Hà Nội,0h - 9h,1.0,2018,1
447995,Hà Nội,17h - 21h,1.0,2018,5
448001,Hồ Chí Minh,0h - 9h,24.0,2018,1
448004,Hồ Chí Minh,9h - 11h,2.0,2018,2
448004,Hồ Chí Minh,17h - 21h,5.0,2018,5
448031,Hồ Chí Minh,17h - 21h,2.0,2018,5
448051,Đà Nẵng,0h - 9h,16.0,2018,1
448071,Hà Nội,17h - 21h,3.0,2018,5
448071,Hà Nội,11h - 14h,2.0,2018,3
448073,Hà Nội,17h - 21h,3.0,2018,5
448073,Hà Nội,14h - 17h,1.0,2018,4
448073,Hà Nội,11h - 14h,3.0,2018,3
448079,Hà Nội,17h - 21h,1.0,2018,5
448079,Hà Nội,9h - 11h,1.0,2018,2
448085,Hồ Chí Minh,0h - 9h,4.0,2018,1
448113,Hà Nội,17h - 21h,2.0,2018,5
448116,Hà Nội,17h - 21h,3.0,2018,5
448117,Đà Nẵng,0h - 9h,25.0,2018,1
448120,Hồ Chí Minh,9h - 11h,3.0,2018,2
448120,Hồ Chí Minh,14h - 17h,3.0,2018,4
448123,Hà Nội,17h - 21h,4.0,2018,5
448125,Hồ Chí Minh,17h - 21h,2.0,2018,5
448133,Hà Nội,17h - 21h,2.0,2018,5
448144,Hồ Chí Minh,17h - 21h,20.0,2018,5
448161,Hà Nội,14h - 17h,4.0,2018,4
448213,Hải Phòng,17h - 21h,3.0,2018,5
448214,Hải Phòng,17h - 21h,3.0,2018,5
448215,Hải Phòng,0h - 9h,2.0,2018,1
448215,Hải Phòng,17h - 21h,2.0,2018,5
448216,Hải Phòng,0h - 9h,4.0,2018,1
448217,Hải Phòng,17h - 21h,2.0,2018,5
448219,Hải Phòng,17h - 21h,1.0,2018,5
448219,Hải Phòng,14h - 17h,9.0,2018,4
448220,Hải Phòng,0h - 9h,10.0,2018,1
448220,Hải Phòng,14h - 17h,2.0,2018,4
448221,Hải Phòng,14h - 17h,6.0,2018,4
448222,Hải Phòng,17h - 21h,1.0,2018,5
448223,Hải Phòng,9h - 11h,2.0,2018,2
448224,Hải Phòng,0h - 9h,2.0,2018,1
448225,Hải Phòng,0h - 9h,2.0,2018,1
448243,Hà Nội,9h - 11h,4.0,2018,2
448245,Nha Trang,0h - 9h,6.0,2018,1
448258,Hồ Chí Minh,0h - 9h,6.0,2018,1
448259,Hồ Chí Minh,0h - 9h,9.0,2018,1
448259,Hồ Chí Minh,17h - 21h,1.0,2018,5
448260,Hồ Chí Minh,0h - 9h,11.0,2018,1
448261,Hồ Chí Minh,0h - 9h,6.0,2018,1
448261,Hồ Chí Minh,17h - 21h,4.0,2018,5
448271,Hồ Chí Minh,9h - 11h,4.0,2018,2
448298,Hà Nội,17h - 21h,5.0,2018,5
448300,Hà Nội,21h+,3.0,2018,6
448300,Hà Nội,17h - 21h,6.0,2018,5
448349,Nha Trang,17h - 21h,3.0,2018,5
448349,Nha Trang,0h - 9h,6.0,2018,1
448393,Hồ Chí Minh,0h - 9h,1.0,2018,1
448417,Hà Nội,0h - 9h,1.0,2018,1
448417,Hà Nội,17h - 21h,3.0,2018,5
448467,Hà Nội,14h - 17h,2.0,2018,4
448467,Hà Nội,17h - 21h,1.0,2018,5
448487,Đà Nẵng,0h - 9h,16.0,2018,1
448487,Đà Nẵng,11h - 14h,9.0,2018,3
448502,Đà Nẵng,0h - 9h,26.0,2018,1
448508,Đà Nẵng,9h - 11h,4.0,2018,2
448508,Đà Nẵng,17h - 21h,2.0,2018,5
448524,Hà Nội,17h - 21h,3.0,2018,5
448536,Hà Nội,17h - 21h,7.0,2018,5
448578,Hà Nội,17h - 21h,2.0,2018,5
448578,Hà Nội,0h - 9h,2.0,2018,1
448587,Hà Nội,17h - 21h,3.0,2018,5
448587,Hà Nội,9h - 11h,4.0,2018,2
448613,Hồ Chí Minh,14h - 17h,4.0,2018,4
448613,Hồ Chí Minh,11h - 14h,4.0,2018,3
448637,Hồ Chí Minh,0h - 9h,2.0,2018,1
448637,Hồ Chí Minh,14h - 17h,2.0,2018,4
448644,Đà Nẵng,17h - 21h,7.0,2018,5
448644,Đà Nẵng,0h - 9h,26.0,2018,1
448666,Hà Nội,14h - 17h,1.0,2018,4
448681,Hồ Chí Minh,0h - 9h,7.0,2018,1
448689,Hà Nội,17h - 21h,1.0,2018,5
448689,Hà Nội,9h - 11h,3.0,2018,2
448694,Hà Nội,17h - 21h,1.0,2018,5
448729,Đà Nẵng,9h - 11h,2.0,2018,2
448729,Đà Nẵng,0h - 9h,2.0,2018,1
448729,Đà Nẵng,17h - 21h,4.0,2018,5
448732,Hà Nội,17h - 21h,3.0,2018,5
448822,Hồ Chí Minh,0h - 9h,10.0,2018,1
448824,Hà Nội,9h - 11h,9.0,2018,2
448832,Đà Nẵng,11h - 14h,6.0,2018,3
448833,Hà Nội,17h - 21h,2.0,2018,5
448845,Đà Nẵng,14h - 17h,11.0,2018,4
448845,Đà Nẵng,0h - 9h,10.0,2018,1
448859,Hồ Chí Minh,17h - 21h,4.0,2018,5
448859,Hồ Chí Minh,0h - 9h,5.0,2018,1
448859,Hồ Chí Minh,11h - 14h,1.0,2018,3
448895,Hà Nội,17h - 21h,1.0,2018,5
448896,Hà Nội,17h - 21h,5.0,2018,5
448897,Hà Nội,17h - 21h,4.0,2018,5
448898,Hồ Chí Minh,11h - 14h,2.0,2018,3
448898,Hồ Chí Minh,17h - 21h,2.0,2018,5
448899,Hà Nội,17h - 21h,2.0,2018,5
448899,Hà Nội,14h - 17h,2.0,2018,4
448902,Hà Nội,9h - 11h,2.0,2018,2
448902,Hà Nội,17h - 21h,2.0,2018,5
448902,Hà Nội,14h - 17h,2.0,2018,4
448908,Hà Nội,17h - 21h,4.0,2018,5
448915,Nha Trang,9h - 11h,24.0,2018,2
448920,Đà Nẵng,0h - 9h,17.0,2018,1
448924,Hà Nội,17h - 21h,5.0,2018,5
448930,Hà Nội,17h - 21h,4.0,2018,5
448940,Hà Nội,0h - 9h,3.0,2018,1
448946,Hồ Chí Minh,0h - 9h,18.0,2018,1
448946,Hồ Chí Minh,17h - 21h,3.0,2018,5
448955,Hà Nội,17h - 21h,4.0,2018,5
448961,Đà Nẵng,0h - 9h,7.0,2018,1
448964,Hà Nội,17h - 21h,2.0,2018,5
448966,Hồ Chí Minh,17h - 21h,2.0,2018,5
448968,Hà Nội,17h - 21h,3.0,2018,5
448972,Hồ Chí Minh,17h - 21h,3.0,2018,5
448972,Hồ Chí Minh,14h - 17h,2.0,2018,4
448973,Nha Trang,0h - 9h,24.0,2018,1
448984,Hà Nội,14h - 17h,1.0,2018,4
448984,Hà Nội,0h - 9h,2.0,2018,1
448984,Hà Nội,17h - 21h,3.0,2018,5
448986,Hà Nội,17h - 21h,3.0,2018,5
448989,Hà Nội,11h - 14h,3.0,2018,3
448994,Hà Nội,11h - 14h,4.0,2018,3
448994,Hà Nội,17h - 21h,4.0,2018,5
449000,Đà Nẵng,0h - 9h,25.0,2018,1
449001,Hồ Chí Minh,0h - 9h,6.0,2018,1
449009,Hà Nội,17h - 21h,2.0,2018,5
449018,Hà Nội,0h - 9h,3.0,2018,1
449019,Hà Nội,17h - 21h,1.0,2018,5
449019,Hà Nội,14h - 17h,2.0,2018,4
449026,Hồ Chí Minh,17h - 21h,4.0,2018,5
449031,Hồ Chí Minh,21h+,2.0,2018,6
449031,Hồ Chí Minh,17h - 21h,2.0,2018,5
449032,Hồ Chí Minh,14h - 17h,2.0,2018,4
449032,Hồ Chí Minh,0h - 9h,6.0,2018,1
449034,Hà Nội,17h - 21h,3.0,2018,5
449036,Nha Trang,17h - 21h,4.0,2018,5
449037,Hồ Chí Minh,0h - 9h,5.0,2018,1
449038,Hà Nội,17h - 21h,2.0,2018,5
449038,Hà Nội,11h - 14h,4.0,2018,3
449059,Hồ Chí Minh,14h - 17h,6.0,2018,4
449061,Hồ Chí Minh,17h - 21h,20.0,2018,5
449067,Hồ Chí Minh,17h - 21h,2.0,2018,5
449090,Nha Trang,17h - 21h,2.0,2018,5
449090,Nha Trang,0h - 9h,24.0,2018,1
449092,Nha Trang,17h - 21h,8.0,2018,5
449103,Đà Nẵng,0h - 9h,27.0,2018,1
449119,Hà Nội,17h - 21h,5.0,2018,5
449127,Nha Trang,17h - 21h,3.0,2018,5
449133,Nha Trang,17h - 21h,7.0,2018,5
449133,Nha Trang,9h - 11h,8.0,2018,2
449137,Nha Trang,17h - 21h,6.0,2018,5
449143,Đà Nẵng,0h - 9h,25.0,2018,1
449156,Đà Nẵng,0h - 9h,11.0,2018,1
449249,Hà Nội,17h - 21h,5.0,2018,5
449259,Đà Nẵng,17h - 21h,5.0,2018,5
449259,Đà Nẵng,14h - 17h,4.0,2018,4
449259,Đà Nẵng,0h - 9h,4.0,2018,1
449270,Hà Nội,11h - 14h,6.0,2018,3
449276,Hà Nội,17h - 21h,1.0,2018,5
449279,Hà Nội,17h - 21h,3.0,2018,5
449311,Hồ Chí Minh,17h - 21h,1.0,2018,5
449311,Hồ Chí Minh,14h - 17h,1.0,2018,4
449328,Hồ Chí Minh,9h - 11h,3.0,2018,2
449340,Hà Nội,17h - 21h,2.0,2018,5
449340,Hà Nội,11h - 14h,2.0,2018,3
449355,Hà Nội,14h - 17h,1.0,2018,4
449355,Hà Nội,17h - 21h,1.0,2018,5
449421,Đà Nẵng,0h - 9h,25.0,2018,1
449424,Nha Trang,0h - 9h,3.0,2018,1
449424,Nha Trang,17h - 21h,6.0,2018,5
449428,Hà Nội,17h - 21h,3.0,2018,5
449429,Hà Nội,17h - 21h,3.0,2018,5
449430,Hồ Chí Minh,17h - 21h,4.0,2018,5
449459,Hồ Chí Minh,9h - 11h,3.0,2018,2
449469,Hồ Chí Minh,14h - 17h,4.0,2018,4
449470,Hồ Chí Minh,17h - 21h,4.0,2018,5
449471,Hồ Chí Minh,14h - 17h,2.0,2018,4
449472,Hồ Chí Minh,9h - 11h,4.0,2018,2
449473,Hồ Chí Minh,9h - 11h,6.0,2018,2
449474,Hồ Chí Minh,0h - 9h,6.0,2018,1
449475,Hồ Chí Minh,0h - 9h,6.0,2018,1
449477,Hồ Chí Minh,17h - 21h,2.0,2018,5
449498,Hải Phòng,17h - 21h,3.0,2018,5
449498,Hải Phòng,0h - 9h,4.0,2018,1
449499,Hải Phòng,17h - 21h,1.0,2018,5
449500,Hải Phòng,9h - 11h,7.0,2018,2
449500,Hải Phòng,17h - 21h,1.0,2018,5
449501,Hải Phòng,21h+,4.0,2018,6
449501,Hải Phòng,0h - 9h,3.0,2018,1
449502,Hải Phòng,21h+,1.0,2018,6
449502,Hải Phòng,17h - 21h,3.0,2018,5
449502,Hải Phòng,11h - 14h,16.0,2018,3
449503,Hải Phòng,14h - 17h,3.0,2018,4
449503,Hải Phòng,17h - 21h,2.0,2018,5
449503,Hải Phòng,21h+,4.0,2018,6
449504,Hải Phòng,21h+,2.0,2018,6
449504,Hải Phòng,17h - 21h,3.0,2018,5
449505,Hải Phòng,14h - 17h,3.0,2018,4
449515,Nha Trang,9h - 11h,16.0,2018,2
449515,Nha Trang,14h - 17h,13.0,2018,4
449520,Nha Trang,17h - 21h,2.0,2018,5
449533,Hà Nội,17h - 21h,3.0,2018,5
449535,Hà Nội,17h - 21h,6.0,2018,5
449556,Đà Nẵng,9h - 11h,8.0,2018,2
449566,Hà Nội,17h - 21h,1.0,2018,5
449566,Hà Nội,9h - 11h,5.0,2018,2
449582,Nha Trang,17h - 21h,4.0,2018,5
449584,Nha Trang,14h - 17h,5.0,2018,4
449584,Nha Trang,0h - 9h,18.0,2018,1
449587,Đà Nẵng,9h - 11h,1.0,2018,2
449587,Đà Nẵng,17h - 21h,4.0,2018,5
449622,Hồ Chí Minh,14h - 17h,2.0,2018,4
449627,Đà Nẵng,0h - 9h,26.0,2018,1
449627,Đà Nẵng,14h - 17h,26.0,2018,4
449640,Đà Nẵng,0h - 9h,16.0,2018,1
449653,Nha Trang,9h - 11h,4.0,2018,2
449653,Nha Trang,17h - 21h,1.0,2018,5
449668,Đà Nẵng,0h - 9h,18.0,2018,1
449681,Hà Nội,17h - 21h,7.0,2018,5
449682,Hà Nội,17h - 21h,4.0,2018,5
449719,Hà Nội,17h - 21h,2.0,2018,5
449727,Hà Nội,17h - 21h,3.0,2018,5
449734,Đà Nẵng,17h - 21h,5.0,2018,5
449746,Đà Nẵng,0h - 9h,5.0,2018,1
449776,Nha Trang,17h - 21h,2.0,2018,5
449777,Nha Trang,0h - 9h,1.0,2018,1
449777,Nha Trang,17h - 21h,3.0,2018,5
449796,Đà Nẵng,0h - 9h,8.0,2018,1
449796,Đà Nẵng,17h - 21h,2.0,2018,5
449797,Đà Nẵng,11h - 14h,5.0,2018,3
449797,Đà Nẵng,0h - 9h,2.0,2018,1
449797,Đà Nẵng,17h - 21h,4.0,2018,5
449822,Hà Nội,17h - 21h,13.0,2018,5
449822,Hà Nội,21h+,12.0,2018,6
449830,Hà Nội,9h - 11h,4.0,2018,2
449840,Đà Nẵng,0h - 9h,6.0,2018,1
449869,Đà Nẵng,0h - 9h,16.0,2018,1
449889,Nha Trang,17h - 21h,4.0,2018,5
449889,Nha Trang,0h - 9h,4.0,2018,1
449895,Nha Trang,17h - 21h,3.0,2018,5
449895,Nha Trang,0h - 9h,2.0,2018,1
449897,Nha Trang,21h+,1.5,2018,6
449897,Nha Trang,9h - 11h,5.0,2018,2
449904,Hồ Chí Minh,17h - 21h,4.0,2018,5
449904,Hồ Chí Minh,9h - 11h,4.0,2018,2
449969,Hà Nội,17h - 21h,8.0,2018,5
449987,Hà Nội,17h - 21h,3.0,2018,5
449992,Hải Phòng,14h - 17h,1.0,2018,4
449992,Hải Phòng,17h - 21h,3.0,2018,5
449993,Hải Phòng,14h - 17h,4.0,2018,4
449993,Hải Phòng,11h - 14h,5.0,2018,3
449994,Hải Phòng,17h - 21h,1.0,2018,5
449995,Hải Phòng,0h - 9h,15.0,2018,1
449995,Hải Phòng,17h - 21h,3.0,2018,5
449996,Hải Phòng,9h - 11h,3.0,2018,2
449997,Hải Phòng,17h - 21h,2.0,2018,5
450014,Nha Trang,17h - 21h,6.0,2018,5
450014,Nha Trang,9h - 11h,3.0,2018,2
450041,Hồ Chí Minh,0h - 9h,7.0,2018,1
450050,Đà Nẵng,0h - 9h,2.0,2018,1
450050,Đà Nẵng,17h - 21h,1.0,2018,5
450075,Hà Nội,17h - 21h,2.0,2018,5
450100,Nha Trang,17h - 21h,8.0,2018,5
450100,Nha Trang,11h - 14h,16.0,2018,3
450107,Đà Nẵng,17h - 21h,10.0,2018,5
450107,Đà Nẵng,14h - 17h,10.0,2018,4
450107,Đà Nẵng,0h - 9h,29.0,2018,1
450119,Hà Nội,17h - 21h,4.0,2018,5
450130,Hà Nội,17h - 21h,7.0,2018,5
450135,Hà Nội,9h - 11h,5.0,2018,2
450135,Hà Nội,17h - 21h,3.0,2018,5
450135,Hà Nội,11h - 14h,2.0,2018,3
450152,Đà Nẵng,0h - 9h,21.0,2018,1
450152,Đà Nẵng,14h - 17h,4.0,2018,4
450155,Đà Nẵng,0h - 9h,9.0,2018,1
450157,Đà Nẵng,14h - 17h,26.0,2018,4
450157,Đà Nẵng,0h - 9h,26.0,2018,1
450158,Nha Trang,17h - 21h,2.0,2018,5
450168,Nha Trang,0h - 9h,3.0,2018,1
450170,Đà Nẵng,9h - 11h,12.0,2018,2
450170,Đà Nẵng,14h - 17h,6.0,2018,4
450171,Hồ Chí Minh,14h - 17h,2.0,2018,4
450192,Đà Nẵng,0h - 9h,26.0,2018,1
450201,Đà Nẵng,17h - 21h,5.0,2018,5
450201,Đà Nẵng,0h - 9h,24.0,2018,1
450217,Nha Trang,17h - 21h,24.0,2018,5
450247,Đà Nẵng,17h - 21h,4.0,2018,5
450247,Đà Nẵng,14h - 17h,3.0,2018,4
450247,Đà Nẵng,0h - 9h,5.0,2018,1
450252,Nha Trang,0h - 9h,4.0,2018,1
450252,Nha Trang,17h - 21h,2.0,2018,5
450259,Nha Trang,17h - 21h,2.0,2018,5
450263,Đà Nẵng,0h - 9h,7.0,2018,1
450311,Nha Trang,17h - 21h,2.0,2018,5
450342,Nha Trang,11h - 14h,10.0,2018,3
450342,Nha Trang,0h - 9h,15.0,2018,1
450377,Nha Trang,17h - 21h,4.0,2018,5
450377,Nha Trang,0h - 9h,4.0,2018,1
450379,Nha Trang,9h - 11h,5.0,2018,2
450399,Nha Trang,0h - 9h,8.0,2018,1
450427,Đà Nẵng,14h - 17h,4.0,2018,4
450427,Đà Nẵng,17h - 21h,4.0,2018,5
450427,Đà Nẵng,0h - 9h,4.0,2018,1
450460,Hồ Chí Minh,17h - 21h,8.0,2018,5
450499,Nha Trang,14h - 17h,8.0,2018,4
450499,Nha Trang,9h - 11h,8.0,2018,2
450529,Đà Nẵng,17h - 21h,3.0,2018,5
450529,Đà Nẵng,0h - 9h,24.0,2018,1
450663,Đà Nẵng,0h - 9h,1.0,2018,1
450663,Đà Nẵng,17h - 21h,1.0,2018,5
450675,Đà Nẵng,17h - 21h,4.0,2018,5
450692,Nha Trang,17h - 21h,3.0,2018,5
450692,Nha Trang,9h - 11h,2.0,2018,2
450698,Hồ Chí Minh,0h - 9h,6.0,2018,1
450751,Nha Trang,9h - 11h,3.0,2018,2
450753,Nha Trang,17h - 21h,3.0,2018,5
450758,Đà Nẵng,9h - 11h,24.0,2018,2
450758,Đà Nẵng,14h - 17h,13.0,2018,4
450796,Hà Nội,0h - 9h,2.0,2018,1
450796,Hà Nội,17h - 21h,2.0,2018,5
450797,Hà Nội,17h - 21h,3.0,2018,5
450797,Hà Nội,11h - 14h,3.0,2018,3
450798,Hà Nội,11h - 14h,2.0,2018,3
450798,Hà Nội,14h - 17h,2.0,2018,4
450804,Hà Nội,9h - 11h,2.0,2018,2
450805,Hà Nội,17h - 21h,10.0,2018,5
450806,Hà Nội,17h - 21h,3.0,2018,5
450806,Hà Nội,9h - 11h,1.0,2018,2
450807,Hà Nội,17h - 21h,3.0,2018,5
450807,Hà Nội,9h - 11h,3.0,2018,2
450808,Hà Nội,9h - 11h,2.0,2018,2
450808,Hà Nội,11h - 14h,1.0,2018,3
450808,Hà Nội,17h - 21h,1.0,2018,5
450809,Hà Nội,17h - 21h,4.0,2018,5
450810,Hà Nội,17h - 21h,4.0,2018,5
450810,Hà Nội,0h - 9h,4.0,2018,1
450811,Hà Nội,17h - 21h,3.0,2018,5
450812,Hà Nội,14h - 17h,3.0,2018,4
450812,Hà Nội,17h - 21h,5.0,2018,5
450818,Hải Phòng,17h - 21h,4.0,2018,5
450819,Hải Phòng,17h - 21h,4.0,2018,5
450828,Hải Phòng,17h - 21h,3.0,2018,5
450829,Hải Phòng,0h - 9h,4.0,2018,1
450829,Hải Phòng,17h - 21h,3.0,2018,5
450830,Hải Phòng,0h - 9h,2.0,2018,1
450832,Hải Phòng,17h - 21h,3.0,2018,5
450833,Hải Phòng,17h - 21h,3.0,2018,5
450834,Hải Phòng,17h - 21h,2.0,2018,5
450835,Đà Nẵng,0h - 9h,26.0,2018,1
450869,Đà Nẵng,0h - 9h,8.0,2018,1
450873,Đà Nẵng,14h - 17h,6.0,2018,4
450932,Đà Nẵng,17h - 21h,1.0,2018,5
450932,Đà Nẵng,0h - 9h,2.0,2018,1
450932,Đà Nẵng,9h - 11h,4.0,2018,2
450968,Hà Nội,17h - 21h,3.0,2018,5
450968,Hà Nội,14h - 17h,1.0,2018,4
450969,Hà Nội,17h - 21h,4.0,2018,5
450970,Hà Nội,9h - 11h,4.0,2018,2
450970,Hà Nội,17h - 21h,2.0,2018,5
450971,Hà Nội,9h - 11h,2.0,2018,2
450971,Hà Nội,17h - 21h,3.0,2018,5
450972,Hà Nội,9h - 11h,3.0,2018,2
450973,Hà Nội,17h - 21h,1.0,2018,5
450990,Nha Trang,17h - 21h,5.0,2018,5
450990,Nha Trang,0h - 9h,3.0,2018,1
451008,Hà Nội,0h - 9h,4.0,2018,1
451008,Hà Nội,17h - 21h,4.0,2018,5
451010,Đà Nẵng,14h - 17h,18.0,2018,4
451010,Đà Nẵng,0h - 9h,14.0,2018,1
451026,Nha Trang,17h - 21h,3.0,2018,5
451026,Nha Trang,0h - 9h,4.0,2018,1
451044,Hà Nội,17h - 21h,1.0,2018,5
451071,Hồ Chí Minh,0h - 9h,6.0,2018,1
451071,Hồ Chí Minh,11h - 14h,1.0,2018,3
451074,Đà Nẵng,0h - 9h,3.0,2018,1
451074,Đà Nẵng,17h - 21h,4.0,2018,5
451085,Nha Trang,0h - 9h,6.0,2018,1
451087,Đà Nẵng,0h - 9h,24.0,2018,1
451098,Đà Nẵng,0h - 9h,26.0,2018,1
451098,Đà Nẵng,17h - 21h,4.0,2018,5
451098,Đà Nẵng,14h - 17h,26.0,2018,4
451105,Đà Nẵng,9h - 11h,25.0,2018,2
451135,Hồ Chí Minh,0h - 9h,6.0,2018,1
451135,Hồ Chí Minh,17h - 21h,2.0,2018,5
451143,Nha Trang,0h - 9h,6.0,2018,1
451147,Hà Nội,0h - 9h,4.0,2018,1
451174,Đà Nẵng,0h - 9h,24.0,2018,1
451174,Đà Nẵng,17h - 21h,2.0,2018,5
451218,Hồ Chí Minh,17h - 21h,3.0,2018,5
451218,Hồ Chí Minh,14h - 17h,2.0,2018,4
451221,Nha Trang,0h - 9h,4.0,2018,1
451221,Nha Trang,17h - 21h,3.0,2018,5
451223,Nha Trang,9h - 11h,2.0,2018,2
451223,Nha Trang,17h - 21h,3.0,2018,5
451235,Đà Nẵng,0h - 9h,25.0,2018,1
451240,Hồ Chí Minh,0h - 9h,3.0,2018,1
451240,Hồ Chí Minh,11h - 14h,6.0,2018,3
451250,Đà Nẵng,0h - 9h,15.0,2018,1
451250,Đà Nẵng,14h - 17h,5.0,2018,4
451273,Đà Nẵng,0h - 9h,20.0,2018,1
451273,Đà Nẵng,17h - 21h,22.0,2018,5
451332,Hà Nội,14h - 17h,4.0,2018,4
451340,Hồ Chí Minh,14h - 17h,2.0,2018,4
451343,Nha Trang,0h - 9h,4.0,2018,1
451350,Nha Trang,17h - 21h,9.0,2018,5
451351,Nha Trang,17h - 21h,3.0,2018,5
451355,Đà Nẵng,0h - 9h,16.0,2018,1
451356,Hồ Chí Minh,17h - 21h,2.0,2018,5
451358,Đà Nẵng,17h - 21h,3.0,2018,5
451358,Đà Nẵng,0h - 9h,4.0,2018,1
451359,Đà Nẵng,0h - 9h,4.0,2018,1
451360,Hồ Chí Minh,0h - 9h,2.0,2018,1
451360,Hồ Chí Minh,17h - 21h,2.0,2018,5
451364,Nha Trang,0h - 9h,10.0,2018,1
451374,Nha Trang,17h - 21h,3.0,2018,5
451384,Nha Trang,17h - 21h,4.0,2018,5
451384,Nha Trang,0h - 9h,22.0,2018,1
451389,Đà Nẵng,17h - 21h,8.0,2018,5
451390,Hồ Chí Minh,9h - 11h,3.0,2018,2
451391,Hồ Chí Minh,9h - 11h,3.0,2018,2
451392,Hồ Chí Minh,0h - 9h,6.0,2018,1
451393,Hồ Chí Minh,17h - 21h,2.0,2018,5
451394,Hồ Chí Minh,0h - 9h,4.0,2018,1
451395,Hồ Chí Minh,0h - 9h,8.0,2018,1
451396,Hồ Chí Minh,17h - 21h,4.0,2018,5
451397,Hồ Chí Minh,17h - 21h,2.0,2018,5
451398,Hồ Chí Minh,17h - 21h,2.0,2018,5
451399,Hồ Chí Minh,17h - 21h,1.0,2018,5
451399,Hồ Chí Minh,14h - 17h,1.0,2018,4
451409,Hà Nội,21h+,4.0,2018,6
451409,Hà Nội,17h - 21h,1.0,2018,5
451409,Hà Nội,11h - 14h,1.0,2018,3
451410,Hà Nội,17h - 21h,1.0,2018,5
451411,Hà Nội,17h - 21h,1.0,2018,5
451412,Hà Nội,17h - 21h,3.0,2018,5
451413,Hà Nội,17h - 21h,1.0,2018,5
451420,Hà Nội,17h - 21h,1.0,2018,5
451421,Hà Nội,17h - 21h,2.0,2018,5
451422,Hà Nội,17h - 21h,4.0,2018,5
451423,Hà Nội,17h - 21h,1.0,2018,5
451424,Hà Nội,17h - 21h,1.0,2018,5
451426,Hồ Chí Minh,11h - 14h,6.0,2018,3
451426,Hồ Chí Minh,0h - 9h,10.0,2018,1
451431,Đà Nẵng,0h - 9h,4.0,2018,1
451438,Hà Nội,0h - 9h,1.0,2018,1
451438,Hà Nội,17h - 21h,1.0,2018,5
451438,Hà Nội,9h - 11h,3.0,2018,2
451440,Nha Trang,17h - 21h,3.0,2018,5
451440,Nha Trang,0h - 9h,10.0,2018,1
451450,Hồ Chí Minh,17h - 21h,2.0,2018,5
451450,Hồ Chí Minh,14h - 17h,1.0,2018,4
451451,Hồ Chí Minh,0h - 9h,24.0,2018,1
451454,Đà Nẵng,14h - 17h,24.0,2018,4
451454,Đà Nẵng,11h - 14h,21.0,2018,3
451454,Đà Nẵng,0h - 9h,43.0,2018,1
451455,Đà Nẵng,17h - 21h,7.0,2018,5
451455,Đà Nẵng,0h - 9h,26.0,2018,1
451456,Đà Nẵng,0h - 9h,2.0,2018,1
451456,Đà Nẵng,17h - 21h,3.0,2018,5
451461,Hồ Chí Minh,17h - 21h,2.0,2018,5
451462,Hồ Chí Minh,17h - 21h,4.0,2018,5
451475,Hồ Chí Minh,11h - 14h,3.5,2018,3
451475,Hồ Chí Minh,14h - 17h,2.0,2018,4
451483,Hồ Chí Minh,0h - 9h,6.0,2018,1
451483,Hồ Chí Minh,17h - 21h,3.0,2018,5
451484,Đà Nẵng,0h - 9h,24.0,2018,1
451486,Nha Trang,0h - 9h,24.0,2018,1
451487,Nha Trang,17h - 21h,3.0,2018,5
451494,Đà Nẵng,0h - 9h,10.0,2018,1
451504,Hồ Chí Minh,9h - 11h,4.0,2018,2
451512,Đà Nẵng,0h - 9h,4.0,2018,1
451513,Hồ Chí Minh,0h - 9h,6.0,2018,1
451523,Nha Trang,0h - 9h,15.0,2018,1
451524,Hồ Chí Minh,17h - 21h,3.0,2018,5
451530,Đà Nẵng,0h - 9h,30.0,2018,1
451539,Đà Nẵng,0h - 9h,25.0,2018,1
451540,Nha Trang,9h - 11h,5.0,2018,2
451546,Nha Trang,14h - 17h,10.0,2018,4
451546,Nha Trang,17h - 21h,8.0,2018,5
451548,Hồ Chí Minh,9h - 11h,9.0,2018,2
451568,Hồ Chí Minh,17h - 21h,3.0,2018,5
451568,Hồ Chí Minh,0h - 9h,2.0,2018,1
451569,Hồ Chí Minh,0h - 9h,14.0,2018,1
451570,Hồ Chí Minh,17h - 21h,4.0,2018,5
451571,Hồ Chí Minh,17h - 21h,3.0,2018,5
451571,Hồ Chí Minh,0h - 9h,2.0,2018,1
451578,Nha Trang,14h - 17h,17.0,2018,4
451591,Hà Nội,14h - 17h,1.0,2018,4
451591,Hà Nội,17h - 21h,1.0,2018,5
451600,Đà Nẵng,17h - 21h,4.0,2018,5
451600,Đà Nẵng,0h - 9h,25.0,2018,1
451606,Nha Trang,14h - 17h,12.0,2018,4
451623,Hồ Chí Minh,14h - 17h,2.0,2018,4
451623,Hồ Chí Minh,17h - 21h,2.0,2018,5
451624,Hồ Chí Minh,11h - 14h,4.0,2018,3
451627,Hồ Chí Minh,17h - 21h,4.0,2018,5
451628,Hồ Chí Minh,17h - 21h,4.0,2018,5
451629,Hồ Chí Minh,17h - 21h,1.0,2018,5
451629,Hồ Chí Minh,14h - 17h,2.0,2018,4
451629,Hồ Chí Minh,0h - 9h,1.0,2018,1
451693,Đà Nẵng,9h - 11h,21.0,2018,2
451695,Hồ Chí Minh,11h - 14h,12.0,2018,3
451701,Đà Nẵng,0h - 9h,3.0,2018,1
451701,Đà Nẵng,17h - 21h,2.0,2018,5
451715,Đà Nẵng,0h - 9h,18.0,2018,1
451715,Đà Nẵng,14h - 17h,20.0,2018,4
451718,Đà Nẵng,0h - 9h,5.0,2018,1
451749,Đà Nẵng,0h - 9h,4.0,2018,1
451750,Đà Nẵng,14h - 17h,24.0,2018,4
451764,Đà Nẵng,17h - 21h,22.0,2018,5
451764,Đà Nẵng,0h - 9h,20.0,2018,1
451775,Hồ Chí Minh,0h - 9h,6.0,2018,1
451815,Hồ Chí Minh,0h - 9h,4.0,2018,1
451815,Hồ Chí Minh,14h - 17h,2.0,2018,4
451839,Hồ Chí Minh,17h - 21h,1.0,2018,5
451839,Hồ Chí Minh,0h - 9h,1.0,2018,1
451840,Hồ Chí Minh,14h - 17h,1.0,2018,4
451840,Hồ Chí Minh,0h - 9h,24.0,2018,1
451841,Hồ Chí Minh,9h - 11h,2.0,2018,2
451841,Hồ Chí Minh,0h - 9h,24.0,2018,1
451842,Hồ Chí Minh,14h - 17h,3.0,2018,4
451842,Hồ Chí Minh,0h - 9h,22.0,2018,1
451843,Hồ Chí Minh,0h - 9h,15.0,2018,1
451843,Hồ Chí Minh,9h - 11h,2.0,2018,2
451843,Hồ Chí Minh,11h - 14h,4.0,2018,3
451843,Hồ Chí Minh,14h - 17h,4.0,2018,4
451845,Hồ Chí Minh,9h - 11h,2.0,2018,2
451845,Hồ Chí Minh,0h - 9h,6.0,2018,1
451846,Hồ Chí Minh,17h - 21h,2.0,2018,5
451847,Hà Nội,9h - 11h,2.0,2018,2
451847,Hà Nội,0h - 9h,2.0,2018,1
451848,Hà Nội,17h - 21h,10.0,2018,5
451849,Hà Nội,17h - 21h,3.0,2018,5
451850,Hà Nội,0h - 9h,4.0,2018,1
451850,Hà Nội,17h - 21h,4.0,2018,5
451851,Hà Nội,21h+,2.0,2018,6
451851,Hà Nội,17h - 21h,5.0,2018,5
451852,Hà Nội,17h - 21h,3.0,2018,5
451852,Hà Nội,0h - 9h,5.0,2018,1
451853,Hà Nội,0h - 9h,3.0,2018,1
451853,Hà Nội,9h - 11h,3.0,2018,2
451855,Hà Nội,17h - 21h,2.0,2018,5
451856,Hà Nội,0h - 9h,3.0,2018,1
451857,Hà Nội,17h - 21h,1.0,2018,5
451858,Hồ Chí Minh,0h - 9h,6.0,2018,1
451858,Hồ Chí Minh,14h - 17h,6.0,2018,4
451859,Hồ Chí Minh,11h - 14h,12.0,2018,3
451859,Hồ Chí Minh,0h - 9h,12.0,2018,1
451860,Hồ Chí Minh,11h - 14h,3.0,2018,3
451860,Hồ Chí Minh,17h - 21h,3.0,2018,5
451861,Hồ Chí Minh,0h - 9h,24.0,2018,1
451862,Hồ Chí Minh,0h - 9h,12.0,2018,1
451862,Hồ Chí Minh,11h - 14h,12.0,2018,3
451863,Hồ Chí Minh,14h - 17h,7.0,2018,4
451863,Hồ Chí Minh,9h - 11h,7.0,2018,2
451870,Hà Nội,17h - 21h,2.0,2018,5
451871,Hà Nội,14h - 17h,3.0,2018,4
451872,Hà Nội,17h - 21h,4.0,2018,5
451873,Hà Nội,0h - 9h,3.0,2018,1
451874,Hà Nội,9h - 11h,5.0,2018,2
451874,Hà Nội,17h - 21h,5.0,2018,5
451875,Hà Nội,9h - 11h,1.0,2018,2
451875,Hà Nội,17h - 21h,6.0,2018,5
451876,Hà Nội,17h - 21h,3.0,2018,5
451877,Hà Nội,17h - 21h,4.0,2018,5
451878,Hà Nội,17h - 21h,3.0,2018,5
451879,Hà Nội,17h - 21h,4.0,2018,5
451880,Hà Nội,9h - 11h,6.0,2018,2
451880,Hà Nội,17h - 21h,3.0,2018,5
451881,Hà Nội,17h - 21h,5.0,2018,5
451888,Hà Nội,17h - 21h,4.0,2018,5
451889,Hà Nội,9h - 11h,5.0,2018,2
451889,Hà Nội,17h - 21h,5.0,2018,5
451890,Hà Nội,21h+,4.0,2018,6
451891,Hà Nội,17h - 21h,3.0,2018,5
451892,Hà Nội,17h - 21h,3.0,2018,5
451893,Hà Nội,17h - 21h,2.0,2018,5
451894,Hà Nội,21h+,1.0,2018,6
451894,Hà Nội,17h - 21h,1.0,2018,5
451895,Hồ Chí Minh,0h - 9h,26.0,2018,1
451896,Hồ Chí Minh,14h - 17h,1.0,2018,4
451896,Hồ Chí Minh,9h - 11h,3.0,2018,2
451897,Hồ Chí Minh,17h - 21h,3.0,2018,5
451898,Hồ Chí Minh,0h - 9h,16.0,2018,1
451898,Hồ Chí Minh,17h - 21h,10.0,2018,5
451899,Hà Nội,17h - 21h,1.0,2018,5
451900,Hà Nội,17h - 21h,3.0,2018,5
451901,Hà Nội,9h - 11h,2.0,2018,2
451901,Hà Nội,17h - 21h,2.0,2018,5
451901,Hà Nội,14h - 17h,2.0,2018,4
451902,Hà Nội,9h - 11h,3.0,2018,2
451903,Hà Nội,17h - 21h,3.0,2018,5
451904,Hà Nội,17h - 21h,1.0,2018,5
451905,Hà Nội,17h - 21h,2.0,2018,5
451906,Hà Nội,17h - 21h,5.0,2018,5
451907,Hà Nội,17h - 21h,3.0,2018,5
451908,Hà Nội,17h - 21h,1.0,2018,5
451909,Hà Nội,9h - 11h,1.0,2018,2
451909,Hà Nội,14h - 17h,2.0,2018,4
451910,Hà Nội,9h - 11h,2.0,2018,2
451910,Hà Nội,17h - 21h,3.0,2018,5
451911,Hà Nội,17h - 21h,4.0,2018,5
451912,Hà Nội,14h - 17h,2.0,2018,4
451912,Hà Nội,17h - 21h,2.0,2018,5
451913,Hà Nội,17h - 21h,3.0,2018,5
451914,Hà Nội,17h - 21h,2.0,2018,5
451916,Hồ Chí Minh,9h - 11h,3.0,2018,2
451918,Hồ Chí Minh,0h - 9h,5.0,2018,1
451935,Hải Phòng,14h - 17h,1.0,2018,4
451935,Hải Phòng,0h - 9h,24.0,2018,1
451935,Hải Phòng,21h+,1.0,2018,6
451936,Hải Phòng,21h+,2.0,2018,6
451937,Hải Phòng,14h - 17h,2.0,2018,4
451938,Hải Phòng,9h - 11h,10.0,2018,2
451939,Hà Nội,14h - 17h,4.0,2018,4
451941,Hà Nội,17h - 21h,1.0,2018,5
451979,Hồ Chí Minh,17h - 21h,1.0,2018,5
451979,Hồ Chí Minh,0h - 9h,9.0,2018,1
451979,Hồ Chí Minh,17h - 21h,6.0,2018,5
451999,Hải Phòng,17h - 21h,3.0,2018,5
452000,Hải Phòng,17h - 21h,1.0,2018,5
452001,Hải Phòng,17h - 21h,3.0,2018,5
452002,Hải Phòng,17h - 21h,3.0,2018,5
452009,Hà Nội,9h - 11h,4.0,2018,2
452012,Hà Nội,17h - 21h,4.0,2018,5
452014,Nha Trang,0h - 9h,11.0,2018,1
452038,Hồ Chí Minh,17h - 21h,1.0,2018,5
452038,Hồ Chí Minh,0h - 9h,24.0,2018,1
452039,Hồ Chí Minh,17h - 21h,4.0,2018,5
452047,Nha Trang,0h - 9h,24.0,2018,1
452047,Nha Trang,17h - 21h,2.0,2018,5
452079,Hồ Chí Minh,11h - 14h,4.0,2018,3
452079,Hồ Chí Minh,0h - 9h,11.0,2018,1
452079,Hồ Chí Minh,17h - 21h,6.0,2018,5
452087,Hồ Chí Minh,0h - 9h,1.0,2018,1
452087,Hồ Chí Minh,14h - 17h,1.0,2018,4
452095,Hà Nội,17h - 21h,4.0,2018,5
452098,Hà Nội,14h - 17h,4.0,2018,4
452099,Đà Nẵng,17h - 21h,4.0,2018,5
452108,Đà Nẵng,9h - 11h,26.0,2018,2
452125,Hà Nội,17h - 21h,1.0,2018,5
452125,Hà Nội,11h - 14h,3.0,2018,3
452134,Hà Nội,17h - 21h,4.0,2018,5
452162,Hồ Chí Minh,0h - 9h,5.0,2018,1
452162,Hồ Chí Minh,11h - 14h,5.0,2018,3
452199,Hà Nội,17h - 21h,3.0,2018,5
452225,Hà Nội,17h - 21h,4.0,2018,5
452235,Hồ Chí Minh,0h - 9h,11.0,2018,1
452235,Hồ Chí Minh,17h - 21h,11.0,2018,5
452239,Đà Nẵng,17h - 21h,4.0,2018,5
452239,Đà Nẵng,0h - 9h,4.0,2018,1
452258,Hồ Chí Minh,17h - 21h,1.0,2018,5
452258,Hồ Chí Minh,11h - 14h,1.0,2018,3
452268,Đà Nẵng,17h - 21h,4.0,2018,5
452276,Đà Nẵng,0h - 9h,16.0,2018,1
452277,Hồ Chí Minh,14h - 17h,1.0,2018,4
452277,Hồ Chí Minh,17h - 21h,1.0,2018,5
452299,Đà Nẵng,0h - 9h,16.0,2018,1
452302,Hà Nội,17h - 21h,3.0,2018,5
452304,Hà Nội,17h - 21h,4.0,2018,5
452306,Hà Nội,9h - 11h,5.0,2018,2
452306,Hà Nội,17h - 21h,4.0,2018,5
452317,Hồ Chí Minh,11h - 14h,12.0,2018,3
452317,Hồ Chí Minh,0h - 9h,12.0,2018,1
452319,Đà Nẵng,0h - 9h,12.0,2018,1
452332,Hà Nội,17h - 21h,3.0,2018,5
452332,Hà Nội,9h - 11h,3.0,2018,2
452332,Hà Nội,0h - 9h,2.0,2018,1
452339,Hồ Chí Minh,0h - 9h,12.0,2018,1
452351,Hồ Chí Minh,17h - 21h,2.0,2018,5
452351,Hồ Chí Minh,0h - 9h,6.0,2018,1
452353,Đà Nẵng,0h - 9h,25.0,2018,1
452355,Đà Nẵng,0h - 9h,6.0,2018,1
452356,Hà Nội,14h - 17h,4.0,2018,4
452375,Hà Nội,17h - 21h,2.0,2018,5
452375,Hà Nội,11h - 14h,4.0,2018,3
452378,Hồ Chí Minh,0h - 9h,3.0,2018,1
452378,Hồ Chí Minh,14h - 17h,3.0,2018,4
452379,Đà Nẵng,0h - 9h,24.0,2018,1
452379,Đà Nẵng,14h - 17h,10.0,2018,4
452396,Nha Trang,9h - 11h,8.0,2018,2
452396,Nha Trang,17h - 21h,6.0,2018,5
452400,Hà Nội,17h - 21h,3.0,2018,5
452402,Hồ Chí Minh,0h - 9h,6.0,2018,1
452404,Hồ Chí Minh,17h - 21h,3.0,2018,5
452404,Hồ Chí Minh,0h - 9h,9.0,2018,1
452411,Đà Nẵng,0h - 9h,8.0,2018,1
452419,Nha Trang,17h - 21h,1.0,2018,5
452419,Nha Trang,0h - 9h,2.0,2018,1
452436,Đà Nẵng,0h - 9h,16.0,2018,1
452437,Hà Nội,11h - 14h,4.0,2018,3
452453,Hà Nội,17h - 21h,3.0,2018,5
452471,Hồ Chí Minh,17h - 21h,2.0,2018,5
452471,Hồ Chí Minh,0h - 9h,2.0,2018,1
452487,Đà Nẵng,17h - 21h,12.0,2018,5
452488,Đà Nẵng,9h - 11h,4.0,2018,2
452507,Hồ Chí Minh,9h - 11h,12.0,2018,2
452510,Hồ Chí Minh,17h - 21h,2.0,2018,5
452516,Hà Nội,17h - 21h,1.0,2018,5
452517,Hà Nội,17h - 21h,4.0,2018,5
452522,Hà Nội,17h - 21h,3.0,2018,5
452523,Hà Nội,17h - 21h,3.0,2018,5
452527,Nha Trang,17h - 21h,1.0,2018,5
452527,Nha Trang,0h - 9h,6.0,2018,1
452528,Đà Nẵng,0h - 9h,16.0,2018,1
452529,Nha Trang,17h - 21h,7.0,2018,5
452530,Hồ Chí Minh,14h - 17h,2.0,2018,4
452530,Hồ Chí Minh,17h - 21h,3.0,2018,5
452532,Hà Nội,17h - 21h,1.0,2018,5
452533,Đà Nẵng,0h - 9h,24.0,2018,1
452535,Nha Trang,17h - 21h,4.0,2018,5
452541,Hà Nội,17h - 21h,4.0,2018,5
452560,Hà Nội,17h - 21h,3.0,2018,5
452561,Hà Nội,17h - 21h,2.0,2018,5
452569,Nha Trang,0h - 9h,4.0,2018,1
452572,Nha Trang,17h - 21h,3.0,2018,5
452572,Nha Trang,9h - 11h,5.0,2018,2
452577,Hà Nội,17h - 21h,3.0,2018,5
452586,Hà Nội,0h - 9h,4.0,2018,1
452588,Hồ Chí Minh,11h - 14h,1.0,2018,3
452588,Hồ Chí Minh,17h - 21h,1.0,2018,5
452589,Hồ Chí Minh,21h+,1.0,2018,6
452589,Hồ Chí Minh,0h - 9h,2.0,2018,1
452595,Hà Nội,17h - 21h,5.0,2018,5
452595,Hà Nội,11h - 14h,5.0,2018,3
452608,Đà Nẵng,0h - 9h,25.0,2018,1
452611,Đà Nẵng,0h - 9h,24.0,2018,1
452616,Hà Nội,17h - 21h,3.0,2018,5
452625,Hà Nội,17h - 21h,3.0,2018,5
452632,Hà Nội,17h - 21h,3.0,2018,5
452635,Hà Nội,17h - 21h,2.0,2018,5
452635,Hà Nội,9h - 11h,2.0,2018,2
452636,Hồ Chí Minh,17h - 21h,8.0,2018,5
452644,Hồ Chí Minh,0h - 9h,1.0,2018,1
452644,Hồ Chí Minh,14h - 17h,2.0,2018,4
452647,Nha Trang,0h - 9h,1.0,2018,1
452648,Đà Nẵng,17h - 21h,11.0,2018,5
452648,Đà Nẵng,0h - 9h,25.0,2018,1
452650,Hồ Chí Minh,9h - 11h,6.0,2018,2
452650,Hồ Chí Minh,17h - 21h,3.0,2018,5
452658,Hà Nội,17h - 21h,2.0,2018,5
452675,Nha Trang,17h - 21h,13.0,2018,5
452700,Hồ Chí Minh,14h - 17h,2.0,2018,4
452700,Hồ Chí Minh,9h - 11h,1.0,2018,2
452700,Hồ Chí Minh,0h - 9h,1.0,2018,1
452707,Hà Nội,21h+,1.0,2018,6
452707,Hà Nội,17h - 21h,8.0,2018,5
452709,Nha Trang,17h - 21h,4.0,2018,5
452721,Nha Trang,17h - 21h,5.0,2018,5
452745,Hồ Chí Minh,17h - 21h,1.0,2018,5
452745,Hồ Chí Minh,0h - 9h,1.0,2018,1
452747,Hà Nội,17h - 21h,2.0,2018,5
452749,Hà Nội,17h - 21h,1.0,2018,5
452757,Hồ Chí Minh,17h - 21h,1.0,2018,5
452757,Hồ Chí Minh,0h - 9h,5.0,2018,1
452757,Hồ Chí Minh,21h+,1.0,2018,6
452761,Hà Nội,17h - 21h,2.0,2018,5
452761,Hà Nội,9h - 11h,2.0,2018,2
452767,Hà Nội,9h - 11h,2.0,2018,2
452767,Hà Nội,17h - 21h,2.0,2018,5
452809,Nha Trang,0h - 9h,24.0,2018,1
452831,Hồ Chí Minh,11h - 14h,2.0,2018,3
452831,Hồ Chí Minh,17h - 21h,2.0,2018,5
452848,Hà Nội,11h - 14h,3.0,2018,3
452848,Hà Nội,17h - 21h,3.0,2018,5
452880,Hồ Chí Minh,0h - 9h,17.0,2018,1
452880,Hồ Chí Minh,17h - 21h,9.0,2018,5
452922,Hà Nội,17h - 21h,4.0,2018,5
452926,Hồ Chí Minh,21h+,1.0,2018,6
452926,Hồ Chí Minh,9h - 11h,8.0,2018,2
452926,Hồ Chí Minh,17h - 21h,8.0,2018,5
452931,Đà Nẵng,17h - 21h,2.0,2018,5
452931,Đà Nẵng,0h - 9h,4.0,2018,1
452942,Hồ Chí Minh,0h - 9h,12.0,2018,1
452949,Hồ Chí Minh,11h - 14h,1.0,2018,3
452949,Hồ Chí Minh,17h - 21h,1.0,2018,5
452984,Đà Nẵng,14h - 17h,1.0,2018,4
452984,Đà Nẵng,0h - 9h,2.0,2018,1
452984,Đà Nẵng,17h - 21h,4.0,2018,5
452990,Hà Nội,9h - 11h,3.0,2018,2
452990,Hà Nội,17h - 21h,3.0,2018,5
452993,Hà Nội,17h - 21h,4.0,2018,5
453023,Hà Nội,17h - 21h,2.0,2018,5
453023,Hà Nội,11h - 14h,2.0,2018,3
453024,Hà Nội,11h - 14h,1.0,2018,3
453024,Hà Nội,17h - 21h,1.0,2018,5
453082,Hồ Chí Minh,17h - 21h,2.0,2018,5
453082,Hồ Chí Minh,0h - 9h,6.0,2018,1
453083,Hồ Chí Minh,17h - 21h,4.0,2018,5
453084,Hồ Chí Minh,0h - 9h,17.0,2018,1
453085,Hồ Chí Minh,17h - 21h,4.0,2018,5
453086,Hồ Chí Minh,0h - 9h,6.0,2018,1
453087,Hồ Chí Minh,0h - 9h,12.0,2018,1
453087,Hồ Chí Minh,17h - 21h,2.0,2018,5
453119,Nha Trang,17h - 21h,3.0,2018,5
453120,Nha Trang,0h - 9h,24.0,2018,1
453148,Nha Trang,0h - 9h,4.0,2018,1
453151,Nha Trang,0h - 9h,5.0,2018,1
453176,Nha Trang,9h - 11h,5.0,2018,2
453196,Nha Trang,17h - 21h,5.0,2018,5
453196,Nha Trang,14h - 17h,9.0,2018,4
453196,Nha Trang,0h - 9h,24.0,2018,1
453250,Nha Trang,17h - 21h,4.0,2018,5
453267,Hà Nội,0h - 9h,4.0,2018,1
453267,Hà Nội,17h - 21h,4.0,2018,5
453276,Nha Trang,0h - 9h,2.0,2018,1
453276,Nha Trang,17h - 21h,1.0,2018,5
453283,Nha Trang,0h - 9h,3.0,2018,1
453285,Hà Nội,11h - 14h,2.0,2018,3
453288,Nha Trang,0h - 9h,2.0,2018,1
453296,Đà Nẵng,0h - 9h,7.0,2018,1
453299,Đà Nẵng,17h - 21h,8.0,2018,5
453351,Hà Nội,14h - 17h,3.0,2018,4
453374,Đà Nẵng,14h - 17h,5.0,2018,4
453374,Đà Nẵng,17h - 21h,5.0,2018,5
453393,Đà Nẵng,17h - 21h,6.0,2018,5
453393,Đà Nẵng,0h - 9h,26.0,2018,1
453399,Hà Nội,17h - 21h,2.0,2018,5
453400,Hà Nội,17h - 21h,1.0,2018,5
453404,Nha Trang,0h - 9h,8.0,2018,1
453412,Hà Nội,17h - 21h,4.0,2018,5
453413,Đà Nẵng,0h - 9h,25.0,2018,1
453415,Đà Nẵng,0h - 9h,23.0,2018,1
453415,Đà Nẵng,11h - 14h,12.0,2018,3
453418,Hà Nội,9h - 11h,3.0,2018,2
453418,Hà Nội,17h - 21h,5.0,2018,5
453460,Hồ Chí Minh,0h - 9h,1.0,2018,1
453460,Hồ Chí Minh,17h - 21h,1.0,2018,5
453461,Đà Nẵng,17h - 21h,6.0,2018,5
453489,Đà Nẵng,0h - 9h,26.0,2018,1
453506,Hà Nội,17h - 21h,8.0,2018,5
453546,Nha Trang,0h - 9h,6.0,2018,1
453546,Nha Trang,17h - 21h,2.0,2018,5
453550,Nha Trang,0h - 9h,10.0,2018,1
453550,Nha Trang,21h+,5.0,2018,6
453555,Hồ Chí Minh,11h - 14h,3.0,2018,3
453555,Hồ Chí Minh,0h - 9h,2.0,2018,1
453555,Hồ Chí Minh,17h - 21h,1.0,2018,5
453561,Hồ Chí Minh,21h+,1.0,2018,6
453561,Hồ Chí Minh,17h - 21h,1.0,2018,5
453568,Hồ Chí Minh,9h - 11h,3.0,2018,2
453571,Hà Nội,17h - 21h,1.0,2018,5
453572,Hà Nội,9h - 11h,3.0,2018,2
453572,Hà Nội,17h - 21h,3.0,2018,5
453573,Hà Nội,17h - 21h,5.0,2018,5
453573,Hà Nội,21h+,1.0,2018,6
453574,Hà Nội,17h - 21h,1.0,2018,5
453576,Hà Nội,17h - 21h,4.0,2018,5
453577,Hà Nội,17h - 21h,3.0,2018,5
453578,Hà Nội,17h - 21h,2.0,2018,5
453579,Hà Nội,17h - 21h,6.0,2018,5
453598,Hồ Chí Minh,17h - 21h,3.0,2018,5
453607,Đà Nẵng,0h - 9h,16.0,2018,1
453615,Hà Nội,17h - 21h,4.0,2018,5
453615,Hà Nội,11h - 14h,2.0,2018,3
453619,Đà Nẵng,14h - 17h,6.0,2018,4
453619,Đà Nẵng,0h - 9h,25.0,2018,1
453621,Đà Nẵng,17h - 21h,4.0,2018,5
453627,Đà Nẵng,0h - 9h,25.0,2018,1
453637,Cần Thơ,17h - 21h,25.0,2018,5
453637,Cần Thơ,0h - 9h,25.0,2018,1
453650,Nha Trang,0h - 9h,6.0,2018,1
453658,Đà Nẵng,0h - 9h,16.0,2018,1
453659,Hà Nội,17h - 21h,3.0,2018,5
453659,Hà Nội,14h - 17h,2.0,2018,4
453666,Đà Nẵng,0h - 9h,8.0,2018,1
453684,Đà Nẵng,0h - 9h,25.0,2018,1
453685,Hồ Chí Minh,17h - 21h,1.0,2018,5
453686,Nha Trang,0h - 9h,6.0,2018,1
453725,Đà Nẵng,0h - 9h,25.0,2018,1
453726,Nha Trang,9h - 11h,4.0,2018,2
453731,Hồ Chí Minh,17h - 21h,1.0,2018,5
453731,Hồ Chí Minh,9h - 11h,2.0,2018,2
453737,Nha Trang,14h - 17h,5.0,2018,4
453738,Hà Nội,17h - 21h,3.0,2018,5
453739,Hà Nội,14h - 17h,3.0,2018,4
453741,Hồ Chí Minh,9h - 11h,4.0,2018,2
453741,Hồ Chí Minh,14h - 17h,3.0,2018,4
453754,Nha Trang,9h - 11h,5.0,2018,2
453757,Hà Nội,9h - 11h,5.0,2018,2
453757,Hà Nội,11h - 14h,2.0,2018,3
453757,Hà Nội,17h - 21h,4.0,2018,5
453758,Hồ Chí Minh,17h - 21h,3.0,2018,5
453759,Hồ Chí Minh,14h - 17h,1.0,2018,4
453759,Hồ Chí Minh,17h - 21h,1.0,2018,5
453760,Hồ Chí Minh,0h - 9h,1.0,2018,1
453760,Hồ Chí Minh,17h - 21h,1.0,2018,5
453761,Hà Nội,17h - 21h,3.0,2018,5
453764,Hồ Chí Minh,0h - 9h,24.0,2018,1
453779,Nha Trang,17h - 21h,12.0,2018,5
453782,Đà Nẵng,17h - 21h,5.0,2018,5
453782,Đà Nẵng,0h - 9h,8.0,2018,1
453783,Nha Trang,0h - 9h,2.0,2018,1
453816,Nha Trang,11h - 14h,1.0,2018,3
453828,Nha Trang,17h - 21h,4.0,2018,5
453843,Nha Trang,17h - 21h,3.0,2018,5
453843,Nha Trang,0h - 9h,2.0,2018,1
453846,Nha Trang,17h - 21h,3.0,2018,5
453868,Hà Nội,17h - 21h,2.0,2018,5
453884,Đà Nẵng,17h - 21h,2.0,2018,5
453885,Nha Trang,9h - 11h,5.0,2018,2
453896,Nha Trang,0h - 9h,4.0,2018,1
453916,Nha Trang,17h - 21h,3.0,2018,5
453936,Hà Nội,17h - 21h,3.0,2018,5
453936,Hà Nội,9h - 11h,5.0,2018,2
453950,Hồ Chí Minh,0h - 9h,6.0,2018,1
453991,Nha Trang,17h - 21h,3.0,2018,5
453991,Nha Trang,0h - 9h,1.0,2018,1
453994,Hà Nội,9h - 11h,4.0,2018,2
453996,Nha Trang,17h - 21h,2.0,2018,5
454037,Hồ Chí Minh,11h - 14h,4.0,2018,3
454079,Hà Nội,0h - 9h,5.0,2018,1
454079,Hà Nội,21h+,2.0,2018,6
454102,Hồ Chí Minh,14h - 17h,4.0,2018,4
454102,Hồ Chí Minh,9h - 11h,3.0,2018,2
454114,Hồ Chí Minh,14h - 17h,2.0,2018,4
454114,Hồ Chí Minh,0h - 9h,5.0,2018,1
454122,Đà Nẵng,0h - 9h,24.0,2018,1
454122,Đà Nẵng,17h - 21h,24.0,2018,5
454149,Đà Nẵng,0h - 9h,14.0,2018,1
454195,Đà Nẵng,0h - 9h,18.0,2018,1
454269,Hồ Chí Minh,0h - 9h,6.0,2018,1
454269,Hồ Chí Minh,17h - 21h,4.0,2018,5
454273,Hồ Chí Minh,0h - 9h,6.0,2018,1
454274,Hồ Chí Minh,0h - 9h,17.0,2018,1
454275,Hồ Chí Minh,17h - 21h,2.0,2018,5
454275,Hồ Chí Minh,0h - 9h,6.0,2018,1
454276,Hồ Chí Minh,17h - 21h,4.0,2018,5
454288,Hồ Chí Minh,0h - 9h,4.0,2018,1
454292,Hồ Chí Minh,17h - 21h,3.0,2018,5
454292,Hồ Chí Minh,0h - 9h,3.0,2018,1
454305,Nha Trang,0h - 9h,24.0,2018,1
454308,Nha Trang,0h - 9h,6.0,2018,1
454310,Nha Trang,14h - 17h,4.0,2018,4
454310,Nha Trang,0h - 9h,22.0,2018,1
454331,Nha Trang,0h - 9h,24.0,2018,1
454332,Hồ Chí Minh,0h - 9h,6.0,2018,1
454333,Hồ Chí Minh,17h - 21h,1.0,2018,5
454333,Hồ Chí Minh,0h - 9h,6.0,2018,1
454334,Hồ Chí Minh,17h - 21h,2.0,2018,5
454336,Nha Trang,14h - 17h,6.0,2018,4
454336,Nha Trang,0h - 9h,19.0,2018,1
454375,Hồ Chí Minh,0h - 9h,6.0,2018,1
454386,Nha Trang,0h - 9h,6.0,2018,1
454422,Nha Trang,0h - 9h,24.0,2018,1
454422,Nha Trang,14h - 17h,6.0,2018,4
454422,Nha Trang,17h - 21h,5.0,2018,5
454424,Hồ Chí Minh,11h - 14h,7.0,2018,3
454424,Hồ Chí Minh,0h - 9h,11.0,2018,1
454456,Nha Trang,17h - 21h,3.0,2018,5
454456,Nha Trang,0h - 9h,6.0,2018,1
454506,Nha Trang,14h - 17h,10.0,2018,4
454506,Nha Trang,0h - 9h,24.0,2018,1
454523,Nha Trang,17h - 21h,3.0,2018,5
454544,Hồ Chí Minh,11h - 14h,3.5,2018,3
454567,Hà Nội,0h - 9h,2.0,2018,1
454567,Hà Nội,11h - 14h,6.0,2018,3
454579,Đà Nẵng,17h - 21h,4.0,2018,5
454579,Đà Nẵng,0h - 9h,24.0,2018,1
454584,Đà Nẵng,0h - 9h,26.0,2018,1
454604,Nha Trang,0h - 9h,5.0,2018,1
454604,Nha Trang,17h - 21h,3.0,2018,5
454621,Đà Nẵng,17h - 21h,4.0,2018,5
454621,Đà Nẵng,0h - 9h,5.0,2018,1
454634,Nha Trang,0h - 9h,6.0,2018,1
454634,Nha Trang,17h - 21h,3.0,2018,5
454672,Hà Nội,17h - 21h,3.0,2018,5
454672,Hà Nội,9h - 11h,2.0,2018,2
454673,Hồ Chí Minh,17h - 21h,4.0,2018,5
454673,Hồ Chí Minh,0h - 9h,4.0,2018,1
454692,Hà Nội,17h - 21h,2.0,2018,5
454703,Hồ Chí Minh,0h - 9h,4.0,2018,1
454704,Hồ Chí Minh,0h - 9h,6.0,2018,1
454705,Nha Trang,9h - 11h,3.0,2018,2
454705,Nha Trang,17h - 21h,2.0,2018,5
454719,Đà Nẵng,0h - 9h,16.0,2018,1
454721,Nha Trang,0h - 9h,19.0,2018,1
454721,Nha Trang,17h - 21h,6.0,2018,5
454736,Hà Nội,17h - 21h,8.0,2018,5
454736,Hà Nội,21h+,4.0,2018,6
454750,Hà Nội,17h - 21h,7.0,2018,5
454751,Hà Nội,9h - 11h,3.0,2018,2
454751,Hà Nội,17h - 21h,2.0,2018,5
454752,Hà Nội,14h - 17h,2.0,2018,4
454752,Hà Nội,17h - 21h,1.0,2018,5
454753,Hà Nội,17h - 21h,6.0,2018,5
454767,Hồ Chí Minh,17h - 21h,2.0,2018,5
454767,Hồ Chí Minh,9h - 11h,1.0,2018,2
454788,Đà Nẵng,0h - 9h,25.0,2018,1
454790,Hồ Chí Minh,17h - 21h,1.0,2018,5
454790,Hồ Chí Minh,9h - 11h,1.0,2018,2
454792,Hà Nội,17h - 21h,3.0,2018,5
454793,Hà Nội,17h - 21h,4.0,2018,5
454793,Hà Nội,14h - 17h,6.0,2018,4
454803,Hồ Chí Minh,14h - 17h,2.0,2018,4
454805,Nha Trang,0h - 9h,2.0,2018,1
454805,Nha Trang,17h - 21h,2.0,2018,5
454831,Hà Nội,17h - 21h,2.0,2018,5
454844,Hà Nội,17h - 21h,2.0,2018,5
454854,Hà Nội,14h - 17h,4.0,2018,4
454860,Hồ Chí Minh,17h - 21h,4.0,2018,5
454860,Hồ Chí Minh,0h - 9h,1.0,2018,1
454881,Hà Nội,0h - 9h,4.0,2018,1
454887,Hà Nội,0h - 9h,5.0,2018,1
454887,Hà Nội,17h - 21h,3.0,2018,5
454898,Nha Trang,14h - 17h,2.0,2018,4
454898,Nha Trang,9h - 11h,2.0,2018,2
454911,Hà Nội,17h - 21h,1.0,2018,5
454912,Hà Nội,17h - 21h,4.0,2018,5
454913,Hồ Chí Minh,14h - 17h,9.0,2018,4
454913,Hồ Chí Minh,0h - 9h,13.0,2018,1
454915,Đà Nẵng,0h - 9h,16.0,2018,1
454916,Nha Trang,9h - 11h,24.0,2018,2
454918,Hà Nội,17h - 21h,3.0,2018,5
454918,Hà Nội,9h - 11h,3.0,2018,2
454919,Đà Nẵng,14h - 17h,2.0,2018,4
454919,Đà Nẵng,0h - 9h,3.0,2018,1
454919,Đà Nẵng,17h - 21h,1.0,2018,5
454921,Hà Nội,9h - 11h,2.0,2018,2
454924,Hà Nội,0h - 9h,3.0,2018,1
454936,Nha Trang,17h - 21h,3.0,2018,5
454943,Nha Trang,0h - 9h,24.0,2018,1
454952,Nha Trang,14h - 17h,1.0,2018,4
454958,Hồ Chí Minh,17h - 21h,3.0,2018,5
454962,Hồ Chí Minh,11h - 14h,8.0,2018,3
454962,Hồ Chí Minh,0h - 9h,10.0,2018,1
454969,Hà Nội,17h - 21h,3.0,2018,5
454969,Hà Nội,9h - 11h,4.0,2018,2
454976,Nha Trang,11h - 14h,5.0,2018,3
454979,Đà Nẵng,17h - 21h,5.0,2018,5
454980,Hà Nội,17h - 21h,2.0,2018,5
454984,Hồ Chí Minh,0h - 9h,6.0,2018,1
454985,Hồ Chí Minh,17h - 21h,2.0,2018,5
455004,Hà Nội,17h - 21h,4.0,2018,5
455007,Hà Nội,17h - 21h,4.0,2018,5
455010,Hà Nội,17h - 21h,2.0,2018,5
455019,Hồ Chí Minh,0h - 9h,8.0,2018,1
455053,Nha Trang,0h - 9h,2.0,2018,1
455061,Hà Nội,11h - 14h,4.0,2018,3
455068,Hà Nội,0h - 9h,4.0,2018,1
455070,Hồ Chí Minh,0h - 9h,22.0,2018,1
455072,Đà Nẵng,0h - 9h,9.0,2018,1
455083,Hà Nội,17h - 21h,2.0,2018,5
455100,Nha Trang,17h - 21h,1.0,2018,5
455141,Hồ Chí Minh,0h - 9h,19.0,2018,1
455145,Nha Trang,17h - 21h,5.0,2018,5
455145,Nha Trang,0h - 9h,14.0,2018,1
455145,Nha Trang,14h - 17h,5.0,2018,4
455166,Hồ Chí Minh,0h - 9h,6.0,2018,1
455180,Đà Nẵng,0h - 9h,16.0,2018,1
455197,Nha Trang,17h - 21h,12.0,2018,5
455197,Nha Trang,0h - 9h,12.0,2018,1
455225,Đà Nẵng,0h - 9h,26.0,2018,1
455232,Hồ Chí Minh,17h - 21h,4.0,2018,5
455232,Hồ Chí Minh,9h - 11h,4.0,2018,2
455259,Nha Trang,17h - 21h,1.0,2018,5
455274,Hồ Chí Minh,17h - 21h,2.0,2018,5
455319,Hà Nội,17h - 21h,3.0,2018,5
455320,Hà Nội,17h - 21h,3.0,2018,5
455330,Hà Nội,21h+,1.0,2018,6
455330,Hà Nội,17h - 21h,1.0,2018,5
455337,Hồ Chí Minh,11h - 14h,4.0,2018,3
455348,Nha Trang,0h - 9h,5.0,2018,1
455348,Nha Trang,17h - 21h,5.0,2018,5
455349,Nha Trang,17h - 21h,3.0,2018,5
455353,Nha Trang,0h - 9h,24.0,2018,1
455408,Hồ Chí Minh,9h - 11h,4.0,2018,2
455410,Nha Trang,17h - 21h,4.0,2018,5
455418,Hồ Chí Minh,9h - 11h,3.0,2018,2
455439,Hà Nội,17h - 21h,2.0,2018,5
455442,Nha Trang,17h - 21h,4.0,2018,5
455443,Hà Nội,17h - 21h,3.0,2018,5
455444,Nha Trang,0h - 9h,12.0,2018,1
455444,Nha Trang,17h - 21h,12.0,2018,5
455461,Nha Trang,0h - 9h,24.0,2018,1
455491,Hồ Chí Minh,11h - 14h,2.0,2018,3
455496,Hồ Chí Minh,0h - 9h,18.0,2018,1
455530,Nha Trang,0h - 9h,2.0,2018,1
455537,Nha Trang,0h - 9h,24.0,2018,1
455548,Hà Nội,17h - 21h,1.0,2018,5
455550,Hồ Chí Minh,0h - 9h,4.0,2018,1
455550,Hồ Chí Minh,17h - 21h,5.0,2018,5
455573,Hà Nội,17h - 21h,3.0,2018,5
455582,Hà Nội,17h - 21h,3.0,2018,5
455587,Hà Nội,17h - 21h,3.0,2018,5
455604,Hà Nội,17h - 21h,3.0,2018,5
455623,Hà Nội,17h - 21h,2.0,2018,5
455691,Hồ Chí Minh,14h - 17h,3.0,2018,4
455691,Hồ Chí Minh,17h - 21h,9.0,2018,5
455691,Hồ Chí Minh,0h - 9h,13.0,2018,1
455712,Hà Nội,9h - 11h,3.0,2018,2
455712,Hà Nội,17h - 21h,4.0,2018,5
455716,Hà Nội,9h - 11h,2.0,2018,2
455716,Hà Nội,17h - 21h,2.0,2018,5
455719,Hà Nội,17h - 21h,3.0,2018,5
455719,Hà Nội,9h - 11h,2.0,2018,2
455720,Hà Nội,17h - 21h,3.0,2018,5
455740,Hà Nội,21h+,1.0,2018,6
455740,Hà Nội,17h - 21h,1.0,2018,5
455770,Hà Nội,17h - 21h,4.0,2018,5
455806,Hà Nội,9h - 11h,3.0,2018,2
455807,Hà Nội,17h - 21h,3.0,2018,5
455807,Hà Nội,0h - 9h,6.0,2018,1
455808,Hà Nội,17h - 21h,7.0,2018,5
455808,Hà Nội,14h - 17h,2.0,2018,4
455809,Hà Nội,21h+,2.0,2018,6
455809,Hà Nội,17h - 21h,5.0,2018,5
455814,Hồ Chí Minh,0h - 9h,6.0,2018,1
455815,Hồ Chí Minh,17h - 21h,2.0,2018,5
455816,Hồ Chí Minh,0h - 9h,15.0,2018,1
455825,Đà Nẵng,9h - 11h,4.0,2018,2
455840,Hồ Chí Minh,0h - 9h,2.0,2018,1
455898,Hà Nội,17h - 21h,4.0,2018,5
455911,Nha Trang,0h - 9h,3.0,2018,1
455927,Đà Nẵng,11h - 14h,4.0,2018,3
455968,Nha Trang,0h - 9h,18.0,2018,1
455993,Nha Trang,0h - 9h,24.0,2018,1
456027,Nha Trang,0h - 9h,6.0,2018,1
456027,Nha Trang,17h - 21h,3.0,2018,5
456044,Nha Trang,17h - 21h,3.0,2018,5
456053,Hà Nội,17h - 21h,4.0,2018,5
456067,Nha Trang,17h - 21h,7.0,2018,5
456072,Đà Nẵng,9h - 11h,2.0,2018,2
456072,Đà Nẵng,0h - 9h,2.0,2018,1
456103,Nha Trang,0h - 9h,24.0,2018,1
456138,Đà Nẵng,0h - 9h,26.0,2018,1
456149,Hà Nội,17h - 21h,2.0,2018,5
456150,Hà Nội,9h - 11h,3.0,2018,2
456150,Hà Nội,17h - 21h,1.0,2018,5
456151,Hà Nội,17h - 21h,3.0,2018,5
456157,Hồ Chí Minh,0h - 9h,6.0,2018,1
456167,Hồ Chí Minh,9h - 11h,11.0,2018,2
456167,Hồ Chí Minh,14h - 17h,11.0,2018,4
456175,Hà Nội,17h - 21h,2.0,2018,5
456180,Nha Trang,0h - 9h,6.0,2018,1
456180,Nha Trang,17h - 21h,2.0,2018,5
456232,Hồ Chí Minh,0h - 9h,12.0,2018,1
456256,Hà Nội,17h - 21h,4.0,2018,5
456257,Đà Nẵng,0h - 9h,24.0,2018,1
456257,Đà Nẵng,17h - 21h,2.0,2018,5
456260,Hồ Chí Minh,11h - 14h,4.0,2018,3
456260,Hồ Chí Minh,0h - 9h,4.0,2018,1
456309,Nha Trang,0h - 9h,6.0,2018,1
456309,Nha Trang,17h - 21h,3.0,2018,5
456313,Đà Nẵng,0h - 9h,4.0,2018,1
456381,Đà Nẵng,9h - 11h,4.0,2018,2
456387,Nha Trang,17h - 21h,4.0,2018,5
456387,Nha Trang,0h - 9h,3.0,2018,1
456394,Đà Nẵng,0h - 9h,3.0,2018,1
456394,Đà Nẵng,17h - 21h,5.0,2018,5
456399,Nha Trang,0h - 9h,2.0,2018,1
456444,Nha Trang,0h - 9h,24.0,2018,1
456501,Hồ Chí Minh,0h - 9h,4.0,2018,1
456501,Hồ Chí Minh,14h - 17h,3.0,2018,4
456512,Hồ Chí Minh,17h - 21h,2.0,2018,5
456518,Nha Trang,0h - 9h,24.0,2018,1
456524,Hồ Chí Minh,17h - 21h,4.0,2018,5
456538,Hồ Chí Minh,11h - 14h,12.0,2018,3
456547,Hồ Chí Minh,0h - 9h,3.0,2018,1
456547,Hồ Chí Minh,14h - 17h,2.0,2018,4
456547,Hồ Chí Minh,9h - 11h,2.0,2018,2
456548,Hồ Chí Minh,0h - 9h,5.0,2018,1
456548,Hồ Chí Minh,17h - 21h,2.0,2018,5
456549,Hồ Chí Minh,17h - 21h,2.0,2018,5
456549,Hồ Chí Minh,14h - 17h,2.0,2018,4
456559,Hồ Chí Minh,9h - 11h,24.0,2018,2
456562,Hà Nội,11h - 14h,4.0,2018,3
456562,Hà Nội,17h - 21h,2.0,2018,5
456562,Hà Nội,9h - 11h,2.0,2018,2
456563,Hà Nội,17h - 21h,3.0,2018,5
456564,Hà Nội,0h - 9h,7.0,2018,1
456564,Hà Nội,14h - 17h,3.0,2018,4
456565,Nha Trang,0h - 9h,1.0,2018,1
456565,Nha Trang,17h - 21h,2.0,2018,5
456571,Hồ Chí Minh,0h - 9h,16.0,2018,1
456572,Hồ Chí Minh,0h - 9h,10.0,2018,1
456573,Hồ Chí Minh,17h - 21h,1.0,2018,5
456573,Hồ Chí Minh,9h - 11h,1.0,2018,2
456582,Hồ Chí Minh,17h - 21h,2.0,2018,5
456582,Hồ Chí Minh,0h - 9h,2.0,2018,1
456583,Hồ Chí Minh,0h - 9h,3.0,2018,1
456583,Hồ Chí Minh,17h - 21h,1.0,2018,5
456584,Hồ Chí Minh,17h - 21h,2.0,2018,5
456588,Nha Trang,0h - 9h,3.0,2018,1
456588,Nha Trang,17h - 21h,3.0,2018,5
456600,Hồ Chí Minh,0h - 9h,6.0,2018,1
456618,Đà Nẵng,0h - 9h,25.0,2018,1
456627,Hồ Chí Minh,0h - 9h,13.0,2018,1
456628,Nha Trang,17h - 21h,3.0,2018,5
456628,Nha Trang,0h - 9h,6.0,2018,1
456668,Nha Trang,14h - 17h,6.0,2018,4
456668,Nha Trang,0h - 9h,12.0,2018,1
456689,Hồ Chí Minh,0h - 9h,9.0,2018,1
456689,Hồ Chí Minh,14h - 17h,7.0,2018,4
456724,Hồ Chí Minh,0h - 9h,6.0,2018,1
456729,Nha Trang,0h - 9h,24.0,2018,1
456735,Nha Trang,0h - 9h,22.0,2018,1
456739,Nha Trang,0h - 9h,12.0,2018,1
456739,Nha Trang,17h - 21h,12.0,2018,5
456740,Đà Nẵng,17h - 21h,9.0,2018,5
456760,Hà Nội,21h+,3.0,2018,6
456760,Hà Nội,0h - 9h,9.0,2018,1
456760,Hà Nội,17h - 21h,4.0,2018,5
456777,Nha Trang,0h - 9h,15.0,2018,1
456777,Nha Trang,17h - 21h,11.0,2018,5
456781,Nha Trang,0h - 9h,8.0,2018,1
456781,Nha Trang,17h - 21h,12.0,2018,5
456787,Hồ Chí Minh,17h - 21h,18.0,2018,5
456799,Nha Trang,11h - 14h,7.0,2018,3
456802,Hồ Chí Minh,0h - 9h,18.0,2018,1
456808,Hồ Chí Minh,0h - 9h,25.0,2018,1
456809,Hồ Chí Minh,17h - 21h,2.0,2018,5
456826,Hồ Chí Minh,0h - 9h,11.0,2018,1
456826,Hồ Chí Minh,14h - 17h,13.0,2018,4
456854,Hà Nội,17h - 21h,3.0,2018,5
456857,Hà Nội,17h - 21h,3.0,2018,5
456857,Hà Nội,21h+,2.0,2018,6
456880,Hồ Chí Minh,17h - 21h,4.0,2018,5
456907,Nha Trang,0h - 9h,2.0,2018,1
456910,Nha Trang,0h - 9h,12.0,2018,1
456936,Hồ Chí Minh,0h - 9h,18.0,2018,1
456937,Hà Nội,14h - 17h,2.0,2018,4
456937,Hà Nội,17h - 21h,2.0,2018,5
456937,Hà Nội,9h - 11h,1.0,2018,2
456943,Hà Nội,14h - 17h,1.0,2018,4
456943,Hà Nội,17h - 21h,1.0,2018,5
456943,Hà Nội,9h - 11h,2.0,2018,2
456947,Hà Nội,17h - 21h,3.0,2018,5
456947,Hà Nội,0h - 9h,5.0,2018,1
456954,Hà Nội,17h - 21h,4.0,2018,5
457003,Đà Nẵng,17h - 21h,6.0,2018,5
457005,Đà Nẵng,14h - 17h,12.0,2018,4
457005,Đà Nẵng,0h - 9h,24.0,2018,1
457023,Hồ Chí Minh,11h - 14h,4.0,2018,3
457052,Đà Nẵng,9h - 11h,2.0,2018,2
457052,Đà Nẵng,11h - 14h,3.0,2018,3
457102,Đà Nẵng,17h - 21h,8.0,2018,5
457104,Nha Trang,0h - 9h,12.0,2018,1
457104,Nha Trang,17h - 21h,6.0,2018,5
457128,Hà Nội,9h - 11h,4.0,2018,2
457149,Hà Nội,17h - 21h,1.0,2018,5
457153,Đà Nẵng,0h - 9h,16.0,2018,1
457153,Đà Nẵng,11h - 14h,10.0,2018,3
457171,Đà Nẵng,17h - 21h,8.0,2018,5
457175,Nha Trang,0h - 9h,4.0,2018,1
457175,Nha Trang,17h - 21h,3.0,2018,5
457212,Hà Nội,0h - 9h,5.0,2018,1
457212,Hà Nội,17h - 21h,3.0,2018,5
457213,Hà Nội,17h - 21h,2.0,2018,5
457213,Hà Nội,0h - 9h,2.0,2018,1
457214,Hà Nội,17h - 21h,3.0,2018,5
457214,Hà Nội,14h - 17h,7.0,2018,4
457216,Hà Nội,17h - 21h,6.0,2018,5
457228,Hồ Chí Minh,17h - 21h,2.0,2018,5
457229,Hồ Chí Minh,0h - 9h,4.0,2018,1
457245,Đà Nẵng,9h - 11h,8.0,2018,2
457245,Đà Nẵng,14h - 17h,7.0,2018,4
457245,Đà Nẵng,0h - 9h,10.0,2018,1
457269,Hồ Chí Minh,0h - 9h,18.0,2018,1
457275,Nha Trang,17h - 21h,1.0,2018,5
457275,Nha Trang,0h - 9h,1.0,2018,1
457287,Hồ Chí Minh,17h - 21h,2.0,2018,5
457288,Hồ Chí Minh,0h - 9h,11.0,2018,1
457288,Hồ Chí Minh,14h - 17h,9.0,2018,4
457289,Hồ Chí Minh,0h - 9h,5.0,2018,1
457289,Hồ Chí Minh,14h - 17h,5.0,2018,4
457290,Hồ Chí Minh,17h - 21h,5.0,2018,5
457290,Hồ Chí Minh,11h - 14h,5.0,2018,3
457290,Hồ Chí Minh,0h - 9h,12.0,2018,1
457291,Hồ Chí Minh,17h - 21h,3.0,2018,5
457291,Hồ Chí Minh,0h - 9h,18.0,2018,1
457300,Hồ Chí Minh,0h - 9h,2.0,2018,1
457300,Hồ Chí Minh,17h - 21h,2.0,2018,5
457301,Hồ Chí Minh,11h - 14h,2.0,2018,3
457301,Hồ Chí Minh,17h - 21h,1.0,2018,5
457302,Hồ Chí Minh,17h - 21h,2.0,2018,5
457303,Hồ Chí Minh,14h - 17h,2.0,2018,4
457303,Hồ Chí Minh,0h - 9h,6.0,2018,1
457304,Hồ Chí Minh,0h - 9h,21.0,2018,1
457304,Hồ Chí Minh,14h - 17h,4.0,2018,4
457307,Hồ Chí Minh,9h - 11h,4.0,2018,2
457329,Nha Trang,0h - 9h,3.0,2018,1
457329,Nha Trang,17h - 21h,3.0,2018,5
457338,Hồ Chí Minh,11h - 14h,6.0,2018,3
457338,Hồ Chí Minh,0h - 9h,4.0,2018,1
457419,Hồ Chí Minh,0h - 9h,9.0,2018,1
457459,Hồ Chí Minh,0h - 9h,3.0,2018,1
457477,Đà Nẵng,17h - 21h,5.0,2018,5
457495,Hồ Chí Minh,0h - 9h,6.0,2018,1
457498,Hồ Chí Minh,17h - 21h,2.0,2018,5
457517,Hồ Chí Minh,9h - 11h,3.0,2018,2
457517,Hồ Chí Minh,17h - 21h,2.0,2018,5
457551,Nha Trang,0h - 9h,9.0,2018,1
457554,Hồ Chí Minh,0h - 9h,2.0,2018,1
457570,Hồ Chí Minh,17h - 21h,4.0,2018,5
457571,Hồ Chí Minh,17h - 21h,4.0,2018,5
457572,Hồ Chí Minh,9h - 11h,3.0,2018,2
457583,Hồ Chí Minh,0h - 9h,26.0,2018,1
457601,Hồ Chí Minh,9h - 11h,3.0,2018,2
457602,Hồ Chí Minh,0h - 9h,24.0,2018,1
457621,Đà Nẵng,17h - 21h,5.0,2018,5
457621,Đà Nẵng,0h - 9h,20.0,2018,1
457622,Đà Nẵng,0h - 9h,1.0,2018,1
457622,Đà Nẵng,9h - 11h,4.0,2018,2
457627,Hồ Chí Minh,0h - 9h,6.0,2018,1
457637,Hồ Chí Minh,9h - 11h,3.0,2018,2
457660,Hồ Chí Minh,17h - 21h,12.0,2018,5
457677,Hồ Chí Minh,0h - 9h,4.0,2018,1
457695,Hồ Chí Minh,17h - 21h,3.0,2018,5
457695,Hồ Chí Minh,0h - 9h,4.0,2018,1
457699,Hồ Chí Minh,9h - 11h,1.0,2018,2
457699,Hồ Chí Minh,14h - 17h,1.0,2018,4
457714,Hồ Chí Minh,9h - 11h,3.0,2018,2
457718,Hồ Chí Minh,11h - 14h,10.0,2018,3
457718,Hồ Chí Minh,0h - 9h,10.0,2018,1
457728,Hồ Chí Minh,0h - 9h,5.0,2018,1
457728,Hồ Chí Minh,14h - 17h,5.0,2018,4
457771,Hồ Chí Minh,17h - 21h,2.0,2018,5
457774,Hồ Chí Minh,0h - 9h,2.0,2018,1
457777,Hồ Chí Minh,0h - 9h,4.0,2018,1
457778,Hồ Chí Minh,9h - 11h,4.0,2018,2
457783,Hồ Chí Minh,0h - 9h,2.0,2018,1
457783,Hồ Chí Minh,17h - 21h,2.0,2018,5
457786,Nha Trang,17h - 21h,5.0,2018,5
457786,Nha Trang,0h - 9h,6.0,2018,1
457789,Hồ Chí Minh,17h - 21h,2.0,2018,5
457789,Hồ Chí Minh,0h - 9h,22.0,2018,1
457825,Hồ Chí Minh,17h - 21h,18.0,2018,5
457935,Hồ Chí Minh,0h - 9h,8.0,2018,1
457953,Hồ Chí Minh,0h - 9h,4.0,2018,1
458002,Hồ Chí Minh,0h - 9h,6.0,2018,1
458021,Hồ Chí Minh,0h - 9h,7.0,2018,1
458046,Hồ Chí Minh,11h - 14h,2.0,2018,3
458046,Hồ Chí Minh,0h - 9h,6.0,2018,1
458059,Hà Nội,17h - 21h,3.0,2018,5
458059,Hà Nội,14h - 17h,3.0,2018,4
458063,Hà Nội,17h - 21h,3.0,2018,5
458063,Hà Nội,14h - 17h,3.0,2018,4
458085,Hồ Chí Minh,17h - 21h,2.0,2018,5
458086,Hồ Chí Minh,0h - 9h,4.0,2018,1
458088,Hồ Chí Minh,17h - 21h,2.0,2018,5
458090,Hồ Chí Minh,0h - 9h,20.0,2018,1
458091,Hồ Chí Minh,0h - 9h,6.0,2018,1
458095,Hồ Chí Minh,17h - 21h,3.0,2018,5
458096,Hồ Chí Minh,0h - 9h,12.0,2018,1
458098,Hồ Chí Minh,17h - 21h,2.0,2018,5
458099,Hồ Chí Minh,0h - 9h,12.0,2018,1
458100,Hồ Chí Minh,17h - 21h,2.0,2018,5
458101,Hồ Chí Minh,17h - 21h,1.0,2018,5
458101,Hồ Chí Minh,14h - 17h,2.0,2018,4
458123,Đà Nẵng,11h - 14h,6.0,2018,3
458123,Đà Nẵng,0h - 9h,10.0,2018,1
458126,Hồ Chí Minh,9h - 11h,2.0,2018,2
458164,Hà Nội,9h - 11h,3.0,2018,2
458165,Hà Nội,17h - 21h,3.0,2018,5
458186,Đà Nẵng,17h - 21h,4.0,2018,5
458186,Đà Nẵng,11h - 14h,3.0,2018,3
458206,Hà Nội,11h - 14h,2.0,2018,3
458206,Hà Nội,17h - 21h,3.0,2018,5
458207,Hà Nội,17h - 21h,3.0,2018,5
458208,Hà Nội,17h - 21h,4.0,2018,5
458210,Hà Nội,17h - 21h,1.0,2018,5
458230,Hà Nội,17h - 21h,5.0,2018,5
458230,Hà Nội,14h - 17h,5.0,2018,4
458231,Hà Nội,17h - 21h,4.0,2018,5
458232,Hà Nội,17h - 21h,2.0,2018,5
458232,Hà Nội,0h - 9h,2.0,2018,1
458233,Hà Nội,0h - 9h,2.0,2018,1
458245,Hồ Chí Minh,9h - 11h,4.0,2018,2
458246,Hồ Chí Minh,14h - 17h,11.0,2018,4
458246,Hồ Chí Minh,0h - 9h,14.0,2018,1
458247,Hồ Chí Minh,17h - 21h,2.0,2018,5
458248,Hồ Chí Minh,9h - 11h,9.0,2018,2
458249,Hồ Chí Minh,14h - 17h,4.0,2018,4
458249,Hồ Chí Minh,9h - 11h,9.0,2018,2
458250,Hồ Chí Minh,17h - 21h,2.0,2018,5
458250,Hồ Chí Minh,9h - 11h,11.0,2018,2
458251,Hồ Chí Minh,11h - 14h,8.0,2018,3
458251,Hồ Chí Minh,0h - 9h,9.0,2018,1
458253,Hồ Chí Minh,9h - 11h,1.0,2018,2
458253,Hồ Chí Minh,14h - 17h,2.0,2018,4
458253,Hồ Chí Minh,17h - 21h,2.0,2018,5
458269,Hồ Chí Minh,0h - 9h,4.0,2018,1
458270,Hồ Chí Minh,0h - 9h,12.0,2018,1
458270,Hồ Chí Minh,9h - 11h,1.0,2018,2
458271,Hồ Chí Minh,0h - 9h,10.0,2018,1
458273,Hồ Chí Minh,0h - 9h,12.0,2018,1
458280,Nha Trang,0h - 9h,21.0,2018,1
458280,Nha Trang,14h - 17h,8.0,2018,4
458314,Hồ Chí Minh,9h - 11h,4.0,2018,2
458345,Nha Trang,9h - 11h,1.0,2018,2
458345,Nha Trang,17h - 21h,1.0,2018,5
458350,Hồ Chí Minh,0h - 9h,25.0,2018,1
458351,Hồ Chí Minh,17h - 21h,4.0,2018,5
458351,Hồ Chí Minh,0h - 9h,8.0,2018,1
458352,Hồ Chí Minh,0h - 9h,10.0,2018,1
458352,Hồ Chí Minh,17h - 21h,10.0,2018,5
458361,Hà Nội,17h - 21h,4.0,2018,5
458376,Nha Trang,11h - 14h,2.0,2018,3
458376,Nha Trang,17h - 21h,2.0,2018,5
458399,Hồ Chí Minh,14h - 17h,2.0,2018,4
458399,Hồ Chí Minh,11h - 14h,2.0,2018,3
458419,Nha Trang,0h - 9h,24.0,2018,1
458436,Hồ Chí Minh,0h - 9h,5.0,2018,1
458436,Hồ Chí Minh,14h - 17h,5.0,2018,4
458444,Nha Trang,0h - 9h,23.0,2018,1
458462,Nha Trang,17h - 21h,1.0,2018,5
458462,Nha Trang,0h - 9h,1.0,2018,1
458490,Hồ Chí Minh,0h - 9h,5.0,2018,1
458496,Nha Trang,17h - 21h,12.0,2018,5
458496,Nha Trang,9h - 11h,9.0,2018,2
458503,Nha Trang,0h - 9h,24.0,2018,1
458507,Nha Trang,17h - 21h,2.0,2018,5
458507,Nha Trang,14h - 17h,3.0,2018,4
458545,Hà Nội,17h - 21h,3.0,2018,5
458546,Hồ Chí Minh,9h - 11h,1.0,2018,2
458556,Nha Trang,0h - 9h,6.0,2018,1
458556,Nha Trang,9h - 11h,6.0,2018,2
458577,Nha Trang,11h - 14h,6.0,2018,3
458577,Nha Trang,17h - 21h,6.0,2018,5
458610,Nha Trang,9h - 11h,4.0,2018,2
458612,Nha Trang,0h - 9h,24.0,2018,1
458619,Nha Trang,17h - 21h,2.0,2018,5
458622,Nha Trang,17h - 21h,3.0,2018,5
458622,Nha Trang,0h - 9h,3.0,2018,1
458630,Hồ Chí Minh,17h - 21h,2.0,2018,5
458641,Hồ Chí Minh,17h - 21h,4.0,2018,5
458644,Đà Nẵng,17h - 21h,7.0,2018,5
458698,Hồ Chí Minh,0h - 9h,7.0,2018,1
458698,Hồ Chí Minh,17h - 21h,1.0,2018,5
458710,Nha Trang,0h - 9h,2.0,2018,1
458719,Nha Trang,0h - 9h,2.0,2018,1
458719,Nha Trang,17h - 21h,2.0,2018,5
458747,Hà Nội,9h - 11h,2.0,2018,2
458748,Nha Trang,17h - 21h,3.0,2018,5
458762,Hồ Chí Minh,0h - 9h,12.0,2018,1
458770,Hồ Chí Minh,17h - 21h,2.0,2018,5
458777,Hồ Chí Minh,0h - 9h,25.0,2018,1
458778,Hồ Chí Minh,0h - 9h,12.0,2018,1
458782,Đà Nẵng,17h - 21h,3.0,2018,5
458782,Đà Nẵng,0h - 9h,2.0,2018,1
458783,Hồ Chí Minh,0h - 9h,25.0,2018,1
458791,Nha Trang,17h - 21h,8.0,2018,5
458791,Nha Trang,11h - 14h,16.0,2018,3
458797,Hồ Chí Minh,0h - 9h,12.0,2018,1
458803,Nha Trang,9h - 11h,1.0,2018,2
458803,Nha Trang,0h - 9h,2.0,2018,1
458807,Nha Trang,17h - 21h,3.0,2018,5
458820,Nha Trang,0h - 9h,2.0,2018,1
458847,Nha Trang,17h - 21h,3.0,2018,5
458864,Nha Trang,0h - 9h,16.0,2018,1
458884,Đà Nẵng,0h - 9h,22.0,2018,1
458885,Hồ Chí Minh,0h - 9h,8.0,2018,1
458886,Nha Trang,17h - 21h,1.0,2018,5
458886,Nha Trang,9h - 11h,2.0,2018,2
458886,Nha Trang,0h - 9h,1.0,2018,1
458887,Nha Trang,17h - 21h,4.0,2018,5
458887,Nha Trang,0h - 9h,6.0,2018,1
458891,Nha Trang,0h - 9h,4.0,2018,1
458891,Nha Trang,14h - 17h,2.0,2018,4
458891,Nha Trang,21h+,20.0,2018,6
458900,Đà Nẵng,17h - 21h,4.0,2018,5
458904,Nha Trang,9h - 11h,2.0,2018,2
458907,Hà Nội,17h - 21h,4.0,2018,5
458909,Nha Trang,0h - 9h,5.0,2018,1
458909,Nha Trang,17h - 21h,10.0,2018,5
458920,Nha Trang,9h - 11h,3.0,2018,2
458932,Hồ Chí Minh,17h - 21h,2.0,2018,5
458936,Hà Nội,17h - 21h,3.0,2018,5
458962,Nha Trang,17h - 21h,4.0,2018,5
458962,Nha Trang,0h - 9h,20.0,2018,1
458967,Đà Nẵng,0h - 9h,2.0,2018,1
458967,Đà Nẵng,9h - 11h,2.0,2018,2
458977,Hồ Chí Minh,17h - 21h,2.0,2018,5
458985,Đà Nẵng,0h - 9h,25.0,2018,1
459025,Hồ Chí Minh,17h - 21h,2.0,2018,5
459038,Hà Nội,17h - 21h,1.0,2018,5
459046,Nha Trang,17h - 21h,4.0,2018,5
459046,Nha Trang,11h - 14h,3.0,2018,3
459054,Hà Nội,17h - 21h,3.0,2018,5
459054,Hà Nội,9h - 11h,7.0,2018,2
459074,Nha Trang,0h - 9h,2.0,2018,1
459107,Nha Trang,9h - 11h,11.0,2018,2
459107,Nha Trang,14h - 17h,9.0,2018,4
459113,Hồ Chí Minh,9h - 11h,4.0,2018,2
459120,Hồ Chí Minh,17h - 21h,6.0,2018,5
459120,Hồ Chí Minh,9h - 11h,6.0,2018,2
459121,Hà Nội,17h - 21h,2.0,2018,5
459121,Hà Nội,14h - 17h,5.0,2018,4
459147,Hồ Chí Minh,14h - 17h,3.0,2018,4
459148,Đà Nẵng,17h - 21h,15.0,2018,5
459148,Đà Nẵng,0h - 9h,11.0,2018,1
459161,Hồ Chí Minh,17h - 21h,2.0,2018,5
459244,Đà Nẵng,17h - 21h,6.0,2018,5
459244,Đà Nẵng,9h - 11h,4.0,2018,2
459274,Hồ Chí Minh,9h - 11h,4.0,2018,2
459289,Đà Nẵng,9h - 11h,1.0,2018,2
459289,Đà Nẵng,17h - 21h,4.0,2018,5
459292,Hà Nội,0h - 9h,2.0,2018,1
459292,Hà Nội,17h - 21h,2.0,2018,5
459316,Hồ Chí Minh,17h - 21h,4.0,2018,5
459321,Nha Trang,0h - 9h,4.0,2018,1
459356,Hồ Chí Minh,17h - 21h,4.0,2018,5
459356,Hồ Chí Minh,0h - 9h,4.0,2018,1
459480,Hồ Chí Minh,17h - 21h,2.0,2018,5
459493,Đà Nẵng,17h - 21h,4.0,2018,5
459493,Đà Nẵng,11h - 14h,3.0,2018,3
459503,Hồ Chí Minh,9h - 11h,4.0,2018,2
459512,Hà Nội,9h - 11h,2.0,2018,2
459512,Hà Nội,17h - 21h,1.0,2018,5
459516,Hà Nội,17h - 21h,4.0,2018,5
459630,Hồ Chí Minh,17h - 21h,5.0,2018,5
459630,Hồ Chí Minh,11h - 14h,3.0,2018,3
459631,Hồ Chí Minh,0h - 9h,5.0,2018,1
459631,Hồ Chí Minh,14h - 17h,3.0,2018,4
459635,Hồ Chí Minh,9h - 11h,8.0,2018,2
459636,Hồ Chí Minh,11h - 14h,8.0,2018,3
459641,Hồ Chí Minh,17h - 21h,2.0,2018,5
459659,Hà Nội,17h - 21h,4.0,2018,5
459660,Hà Nội,17h - 21h,4.0,2018,5
459661,Hà Nội,14h - 17h,2.0,2018,4
459676,Hà Nội,17h - 21h,3.0,2018,5
459676,Hà Nội,9h - 11h,4.0,2018,2
459681,Hồ Chí Minh,0h - 9h,2.0,2018,1
459682,Hồ Chí Minh,0h - 9h,20.0,2018,1
459693,Hồ Chí Minh,0h - 9h,24.0,2018,1
459706,Hồ Chí Minh,0h - 9h,6.0,2018,1
459706,Hồ Chí Minh,11h - 14h,6.0,2018,3
459709,Hồ Chí Minh,17h - 21h,10.0,2018,5
459709,Hồ Chí Minh,0h - 9h,14.0,2018,1
459712,Hồ Chí Minh,11h - 14h,4.0,2018,3
459712,Hồ Chí Minh,0h - 9h,4.0,2018,1
459780,Hà Nội,9h - 11h,4.0,2018,2
459780,Hà Nội,17h - 21h,4.0,2018,5
459783,Hà Nội,17h - 21h,3.0,2018,5
459787,Hà Nội,17h - 21h,2.0,2018,5
459806,Hồ Chí Minh,0h - 9h,23.0,2018,1
459806,Hồ Chí Minh,17h - 21h,2.0,2018,5
459811,Hồ Chí Minh,0h - 9h,15.0,2018,1
459811,Hồ Chí Minh,14h - 17h,11.0,2018,4
459834,Hà Nội,17h - 21h,7.0,2018,5
459877,Hồ Chí Minh,14h - 17h,8.0,2018,4
459877,Hồ Chí Minh,9h - 11h,8.0,2018,2
459884,Hồ Chí Minh,9h - 11h,4.0,2018,2
459884,Hồ Chí Minh,11h - 14h,4.0,2018,3
459890,Hà Nội,17h - 21h,3.0,2018,5
459898,Đà Nẵng,0h - 9h,1.0,2018,1
459898,Đà Nẵng,17h - 21h,6.0,2018,5
459927,Hà Nội,17h - 21h,3.0,2018,5
459927,Hà Nội,9h - 11h,5.0,2018,2
459933,Hà Nội,14h - 17h,3.0,2018,4
459933,Hà Nội,9h - 11h,4.0,2018,2
459933,Hà Nội,17h - 21h,2.0,2018,5
459934,Hà Nội,17h - 21h,2.0,2018,5
459935,Hà Nội,9h - 11h,3.0,2018,2
459969,Đà Nẵng,0h - 9h,8.0,2018,1
459970,Hà Nội,17h - 21h,3.0,2018,5
459971,Hà Nội,17h - 21h,2.0,2018,5
459972,Hà Nội,17h - 21h,3.0,2018,5
459973,Hà Nội,9h - 11h,2.0,2018,2
459974,Hà Nội,17h - 21h,3.0,2018,5
459975,Hà Nội,17h - 21h,2.0,2018,5
459985,Đà Nẵng,11h - 14h,12.0,2018,3
459985,Đà Nẵng,0h - 9h,24.0,2018,1
459985,Đà Nẵng,17h - 21h,14.0,2018,5
460006,Hà Nội,21h+,2.0,2018,6
460006,Hà Nội,17h - 21h,5.0,2018,5
460007,Hà Nội,9h - 11h,3.0,2018,2
460008,Hà Nội,17h - 21h,1.0,2018,5
460009,Hà Nội,11h - 14h,3.0,2018,3
460010,Hà Nội,17h - 21h,3.0,2018,5
460031,Hà Nội,9h - 11h,1.0,2018,2
460031,Hà Nội,17h - 21h,1.0,2018,5
460033,Đà Nẵng,0h - 9h,26.0,2018,1
460043,Đà Nẵng,0h - 9h,17.0,2018,1
460043,Đà Nẵng,17h - 21h,7.0,2018,5
460061,Hà Nội,17h - 21h,9.0,2018,5
460063,Hà Nội,17h - 21h,3.0,2018,5
460074,Hà Nội,0h - 9h,4.0,2018,1
460080,Đà Nẵng,17h - 21h,6.0,2018,5
460080,Đà Nẵng,0h - 9h,16.0,2018,1
460094,Đà Nẵng,17h - 21h,6.0,2018,5
460096,Hà Nội,17h - 21h,8.0,2018,5
460096,Hà Nội,9h - 11h,7.0,2018,2
460140,Đà Nẵng,0h - 9h,22.0,2018,1
460140,Đà Nẵng,17h - 21h,4.0,2018,5
460141,Hà Nội,9h - 11h,1.0,2018,2
460141,Hà Nội,17h - 21h,1.0,2018,5
460160,Hà Nội,17h - 21h,3.0,2018,5
460164,Hồ Chí Minh,9h - 11h,4.0,2018,2
460164,Hồ Chí Minh,14h - 17h,4.0,2018,4
460165,Đà Nẵng,0h - 9h,25.0,2018,1
460166,Hồ Chí Minh,14h - 17h,12.0,2018,4
460166,Hồ Chí Minh,9h - 11h,12.0,2018,2
460170,Đà Nẵng,0h - 9h,3.0,2018,1
460170,Đà Nẵng,17h - 21h,8.0,2018,5
460172,Đà Nẵng,17h - 21h,16.0,2018,5
460180,Hà Nội,11h - 14h,4.0,2018,3
460191,Hà Nội,0h - 9h,3.0,2018,1
460192,Đà Nẵng,0h - 9h,6.0,2018,1
460192,Đà Nẵng,17h - 21h,6.0,2018,5
460193,Hà Nội,17h - 21h,2.0,2018,5
460194,Hà Nội,11h - 14h,4.0,2018,3
460205,Hà Nội,17h - 21h,1.0,2018,5
460207,Đà Nẵng,17h - 21h,2.0,2018,5
460207,Đà Nẵng,0h - 9h,1.0,2018,1
460208,Đà Nẵng,0h - 9h,26.0,2018,1
460215,Đà Nẵng,0h - 9h,16.0,2018,1
460218,Hà Nội,17h - 21h,3.0,2018,5
460218,Hà Nội,0h - 9h,3.0,2018,1
460219,Hà Nội,11h - 14h,2.0,2018,3
460219,Hà Nội,17h - 21h,1.0,2018,5
460221,Đà Nẵng,0h - 9h,2.0,2018,1
460221,Đà Nẵng,17h - 21h,4.0,2018,5
460223,Hà Nội,17h - 21h,2.0,2018,5
460225,Hồ Chí Minh,17h - 21h,4.0,2018,5
460225,Hồ Chí Minh,9h - 11h,4.0,2018,2
460226,Hồ Chí Minh,9h - 11h,6.0,2018,2
460226,Hồ Chí Minh,14h - 17h,6.0,2018,4
460229,Đà Nẵng,0h - 9h,4.0,2018,1
460229,Đà Nẵng,17h - 21h,4.0,2018,5
460230,Đà Nẵng,17h - 21h,8.0,2018,5
460230,Đà Nẵng,0h - 9h,12.0,2018,1
460231,Đà Nẵng,0h - 9h,8.0,2018,1
460235,Đà Nẵng,0h - 9h,1.0,2018,1
460235,Đà Nẵng,17h - 21h,3.0,2018,5
460247,Đà Nẵng,17h - 21h,3.0,2018,5
460247,Đà Nẵng,0h - 9h,23.0,2018,1
460250,Đà Nẵng,0h - 9h,16.0,2018,1
460255,Đà Nẵng,0h - 9h,24.0,2018,1
460260,Đà Nẵng,0h - 9h,1.0,2018,1
460260,Đà Nẵng,11h - 14h,2.0,2018,3
460260,Đà Nẵng,17h - 21h,4.0,2018,5
460263,Đà Nẵng,17h - 21h,6.0,2018,5
460264,Hồ Chí Minh,17h - 21h,2.0,2018,5
460264,Hồ Chí Minh,0h - 9h,2.0,2018,1
460265,Hồ Chí Minh,0h - 9h,2.0,2018,1
460265,Hồ Chí Minh,17h - 21h,2.0,2018,5
460267,Nha Trang,0h - 9h,20.0,2018,1
460279,Hồ Chí Minh,17h - 21h,2.0,2018,5
460279,Hồ Chí Minh,11h - 14h,2.0,2018,3
460281,Đà Nẵng,0h - 9h,1.0,2018,1
460283,Đà Nẵng,0h - 9h,15.0,2018,1
460289,Đà Nẵng,0h - 9h,6.0,2018,1
460296,Đà Nẵng,0h - 9h,25.0,2018,1
460304,Đà Nẵng,0h - 9h,16.0,2018,1
460309,Đà Nẵng,17h - 21h,23.0,2018,5
460334,Đà Nẵng,0h - 9h,1.0,2018,1
460334,Đà Nẵng,17h - 21h,2.0,2018,5
460346,Đà Nẵng,0h - 9h,25.0,2018,1
460347,Đà Nẵng,0h - 9h,7.0,2018,1
460358,Đà Nẵng,17h - 21h,7.0,2018,5
460358,Đà Nẵng,0h - 9h,8.0,2018,1
460360,Đà Nẵng,0h - 9h,7.0,2018,1
460364,Đà Nẵng,17h - 21h,2.0,2018,5
460364,Đà Nẵng,11h - 14h,2.0,2018,3
460367,Đà Nẵng,9h - 11h,10.0,2018,2
460367,Đà Nẵng,17h - 21h,9.0,2018,5
460380,Đà Nẵng,0h - 9h,25.0,2018,1
460382,Đà Nẵng,0h - 9h,16.0,2018,1
460393,Đà Nẵng,0h - 9h,3.0,2018,1
460393,Đà Nẵng,17h - 21h,3.0,2018,5
460398,Đà Nẵng,17h - 21h,5.0,2018,5
460403,Đà Nẵng,0h - 9h,16.0,2018,1
460404,Đà Nẵng,17h - 21h,8.0,2018,5
460404,Đà Nẵng,9h - 11h,2.0,2018,2
460422,Đà Nẵng,17h - 21h,3.0,2018,5
460424,Đà Nẵng,0h - 9h,16.0,2018,1
460426,Đà Nẵng,17h - 21h,4.0,2018,5
460431,Đà Nẵng,0h - 9h,2.0,2018,1
460431,Đà Nẵng,14h - 17h,1.0,2018,4
460442,Đà Nẵng,17h - 21h,4.0,2018,5
460442,Đà Nẵng,9h - 11h,4.0,2018,2
460451,Đà Nẵng,9h - 11h,4.0,2018,2
460455,Đà Nẵng,17h - 21h,4.0,2018,5
460591,Đà Nẵng,0h - 9h,12.0,2018,1
462776,Hải Phòng,9h - 11h,6.0,2018,2
462776,Hải Phòng,17h - 21h,7.0,2018,5
462776,Hải Phòng,21h+,3.0,2018,6
462884,Hải Phòng,14h - 17h,3.0,2018,4
462930,Hải Phòng,17h - 21h,4.0,2018,5
463037,Hải Phòng,17h - 21h,3.0,2018,5
709124,Đà Nẵng,14h - 17h,2.0,2019,4
709124,Đà Nẵng,0h - 9h,6.0,2019,1
709345,Đà Nẵng,21h+,25.0,2019,6
724325,Đà Nẵng,0h - 9h,9.0,2019,1
724358,Đà Nẵng,0h - 9h,5.0,2019,1
724898,Đà Nẵng,17h - 21h,10.0,2019,5
724898,Đà Nẵng,0h - 9h,10.0,2019,1
724919,Hồ Chí Minh,0h - 9h,6.0,2019,1
724919,Hồ Chí Minh,14h - 17h,10.0,2019,4
724930,Hải Phòng,17h - 21h,5.0,2019,5
725076,Hải Phòng,17h - 21h,5.0,2019,5
725118,Hà Nội,17h - 21h,4.0,2019,5
725118,Hà Nội,9h - 11h,4.0,2019,2
725334,Đà Nẵng,0h - 9h,1.0,2019,1
725466,Hà Nội,0h - 9h,4.0,2019,1
725466,Hà Nội,14h - 17h,1.0,2019,4
725818,Đà Nẵng,17h - 21h,2.0,2019,5
725818,Đà Nẵng,11h - 14h,2.0,2019,3
725818,Đà Nẵng,0h - 9h,6.0,2019,1
726111,Hà Nội,17h - 21h,5.0,2019,5
726329,Hải Phòng,17h - 21h,3.0,2019,5
726561,Hà Nội,9h - 11h,5.0,2019,2
726771,Hải Phòng,17h - 21h,3.0,2019,5
726862,Hà Nội,17h - 21h,4.0,2019,5
726862,Hà Nội,0h - 9h,2.0,2019,1
726862,Hà Nội,21h+,4.0,2019,6
727015,Hà Nội,17h - 21h,4.0,2019,5
727219,Hà Nội,14h - 17h,2.0,2019,4
727331,Hải Phòng,17h - 21h,6.0,2019,5
727340,Hà Nội,0h - 9h,10.0,2019,1
727611,Hà Nội,11h - 14h,2.0,2019,3
727611,Hà Nội,21h+,2.0,2019,6
727611,Hà Nội,17h - 21h,4.0,2019,5
727622,Hải Phòng,17h - 21h,3.0,2019,5
727642,Nha Trang,0h - 9h,30.0,2019,1
727642,Nha Trang,14h - 17h,30.0,2019,4
727650,Hà Nội,11h - 14h,6.0,2019,3
727701,Hải Phòng,17h - 21h,4.0,2019,5
727861,Hải Phòng,17h - 21h,4.0,2019,5
727923,Nha Trang,0h - 9h,5.0,2019,1
727990,Hà Nội,17h - 21h,6.0,2019,5
728002,Hà Nội,17h - 21h,3.0,2019,5
728002,Hà Nội,11h - 14h,1.0,2019,3
728002,Hà Nội,14h - 17h,2.0,2019,4
728008,Hải Phòng,17h - 21h,30.0,2019,5
728113,Hà Nội,11h - 14h,2.0,2019,3
728113,Hà Nội,9h - 11h,3.0,2019,2
728113,Hà Nội,17h - 21h,3.0,2019,5
728149,Hồ Chí Minh,17h - 21h,6.0,2019,5
728177,Hà Nội,14h - 17h,5.0,2019,4
728177,Hà Nội,17h - 21h,5.0,2019,5
728210,Hải Phòng,17h - 21h,8.0,2019,5
728210,Hải Phòng,0h - 9h,4.0,2019,1
728697,Đà Nẵng,17h - 21h,3.0,2019,5
728697,Đà Nẵng,0h - 9h,7.0,2019,1
729019,Hồ Chí Minh,0h - 9h,5.0,2019,1
729019,Hồ Chí Minh,17h - 21h,5.0,2019,5
729019,Hồ Chí Minh,11h - 14h,5.0,2019,3
729019,Hồ Chí Minh,14h - 17h,5.0,2019,4
729070,Đà Nẵng,17h - 21h,5.0,2019,5
729081,Hà Nội,9h - 11h,4.0,2019,2
729112,Hà Nội,11h - 14h,2.0,2019,3
729112,Hà Nội,9h - 11h,3.0,2019,2
729216,Đà Nẵng,0h - 9h,8.0,2019,1
729216,Đà Nẵng,9h - 11h,6.0,2019,2
729216,Đà Nẵng,17h - 21h,6.0,2019,5
729274,Hải Phòng,17h - 21h,3.0,2019,5
729274,Hải Phòng,14h - 17h,1.0,2019,4
729375,Đà Nẵng,11h - 14h,2.0,2019,3
729375,Đà Nẵng,17h - 21h,3.0,2019,5
729674,Hà Nội,11h - 14h,3.0,2019,3
729674,Hà Nội,9h - 11h,2.0,2019,2
729674,Hà Nội,17h - 21h,2.0,2019,5
729704,Nha Trang,0h - 9h,29.0,2019,1
729704,Nha Trang,17h - 21h,7.0,2019,5
729879,Hồ Chí Minh,11h - 14h,5.0,2019,3
729880,Đà Nẵng,0h - 9h,20.0,2019,1
729880,Đà Nẵng,9h - 11h,10.0,2019,2
729919,Hải Phòng,17h - 21h,4.0,2019,5
729919,Hải Phòng,9h - 11h,8.0,2019,2
729954,Hà Nội,11h - 14h,2.0,2019,3
729954,Hà Nội,17h - 21h,3.0,2019,5
730037,Hà Nội,17h - 21h,4.0,2019,5
730037,Hà Nội,21h+,4.0,2019,6
730271,Hà Nội,17h - 21h,10.0,2019,5
730347,Nha Trang,0h - 9h,4.0,2019,1
730358,Hải Phòng,14h - 17h,1.0,2019,4
730358,Hải Phòng,9h - 11h,3.0,2019,2
730379,Nha Trang,17h - 21h,23.0,2019,5
730379,Nha Trang,0h - 9h,30.0,2019,1
730433,Hà Nội,17h - 21h,3.0,2019,5
730433,Hà Nội,9h - 11h,2.0,2019,2
730433,Hà Nội,21h+,3.0,2019,6
730445,Hà Nội,14h - 17h,3.0,2019,4
730448,Hà Nội,21h+,4.0,2019,6
730448,Hà Nội,17h - 21h,3.0,2019,5
730448,Hà Nội,9h - 11h,3.0,2019,2
730472,Hà Nội,17h - 21h,2.0,2019,5
730472,Hà Nội,14h - 17h,3.0,2019,4
730582,Đà Nẵng,14h - 17h,5.0,2019,4
730582,Đà Nẵng,0h - 9h,20.0,2019,1
730582,Đà Nẵng,9h - 11h,5.0,2019,2
730590,Hải Phòng,17h - 21h,3.0,2019,5
730605,Hải Phòng,0h - 9h,3.0,2019,1
730605,Hải Phòng,17h - 21h,1.0,2019,5
730624,Hà Nội,17h - 21h,1.0,2019,5
730624,Hà Nội,0h - 9h,3.0,2019,1
730662,Nha Trang,17h - 21h,2.0,2019,5
730662,Nha Trang,0h - 9h,28.0,2019,1
730669,Nha Trang,0h - 9h,10.0,2019,1
730669,Nha Trang,17h - 21h,6.0,2019,5
730804,Hải Phòng,17h - 21h,5.0,2019,5
730804,Hải Phòng,9h - 11h,10.0,2019,2
730804,Hải Phòng,14h - 17h,10.0,2019,4
730804,Hải Phòng,0h - 9h,5.0,2019,1
730821,Hải Phòng,17h - 21h,5.0,2019,5
730842,Hải Phòng,0h - 9h,4.0,2019,1
730883,Đà Nẵng,17h - 21h,6.0,2019,5
730883,Đà Nẵng,0h - 9h,15.0,2019,1
730883,Đà Nẵng,9h - 11h,4.0,2019,2
730932,Hà Nội,17h - 21h,4.0,2019,5
730957,Hà Nội,17h - 21h,4.0,2019,5
730957,Hà Nội,14h - 17h,2.0,2019,4
730965,Hà Nội,17h - 21h,5.0,2019,5
730965,Hà Nội,9h - 11h,2.0,2019,2
730965,Hà Nội,14h - 17h,3.0,2019,4
730994,Đà Nẵng,9h - 11h,8.0,2019,2
730994,Đà Nẵng,0h - 9h,5.0,2019,1
731029,Hải Phòng,14h - 17h,2.0,2019,4
731029,Hải Phòng,9h - 11h,2.0,2019,2
731029,Hải Phòng,0h - 9h,6.0,2019,1
731070,Hà Nội,11h - 14h,1.0,2019,3
731070,Hà Nội,17h - 21h,3.0,2019,5
731084,Hà Nội,14h - 17h,4.0,2019,4
731084,Hà Nội,0h - 9h,2.0,2019,1
731095,Nha Trang,0h - 9h,30.0,2019,1
731107,Nha Trang,14h - 17h,8.0,2019,4
731141,Nha Trang,9h - 11h,30.0,2019,2
731148,Hà Nội,14h - 17h,4.0,2019,4
731148,Hà Nội,21h+,1.0,2019,6
731148,Hà Nội,17h - 21h,1.0,2019,5
731177,Đà Nẵng,9h - 11h,4.0,2019,2
731177,Đà Nẵng,0h - 9h,4.0,2019,1
731245,Hải Phòng,0h - 9h,15.0,2019,1
731268,Hà Nội,11h - 14h,2.0,2019,3
731268,Hà Nội,17h - 21h,3.0,2019,5
731268,Hà Nội,9h - 11h,3.0,2019,2
731273,Hà Nội,9h - 11h,4.0,2019,2
731273,Hà Nội,14h - 17h,1.0,2019,4
731273,Hà Nội,17h - 21h,3.0,2019,5
731329,Nha Trang,0h - 9h,15.0,2019,1
731390,Nha Trang,0h - 9h,30.0,2019,1
731475,Hải Phòng,0h - 9h,7.0,2019,1
731475,Hải Phòng,17h - 21h,3.0,2019,5
731481,Hà Nội,17h - 21h,1.0,2019,5
731481,Hà Nội,14h - 17h,2.0,2019,4
731486,Đà Nẵng,0h - 9h,4.0,2019,1
731486,Đà Nẵng,11h - 14h,5.0,2019,3
731486,Đà Nẵng,17h - 21h,6.0,2019,5
731526,Hà Nội,11h - 14h,2.0,2019,3
731526,Hà Nội,17h - 21h,1.0,2019,5
731668,Hồ Chí Minh,11h - 14h,6.0,2019,3
731668,Hồ Chí Minh,9h - 11h,4.0,2019,2
731668,Hồ Chí Minh,17h - 21h,5.0,2019,5
731668,Hồ Chí Minh,0h - 9h,5.0,2019,1
731691,Hà Nội,17h - 21h,4.0,2019,5
731715,Hải Phòng,17h - 21h,4.0,2019,5
731740,Hà Nội,17h - 21h,4.0,2019,5
731768,Hải Phòng,0h - 9h,2.0,2019,1
731782,Hồ Chí Minh,17h - 21h,5.0,2019,5
731807,Hà Nội,17h - 21h,4.0,2019,5
731843,Hà Nội,17h - 21h,3.0,2019,5
731932,Hà Nội,17h - 21h,1.0,2019,5
731932,Hà Nội,21h+,2.0,2019,6
731932,Hà Nội,11h - 14h,5.0,2019,3
731972,Hồ Chí Minh,0h - 9h,2.0,2019,1
731972,Hồ Chí Minh,11h - 14h,2.0,2019,3
731972,Hồ Chí Minh,17h - 21h,4.0,2019,5
731972,Hồ Chí Minh,9h - 11h,2.0,2019,2
732361,Hà Nội,17h - 21h,2.0,2019,5
732361,Hà Nội,11h - 14h,1.0,2019,3
732434,Hà Nội,9h - 11h,2.0,2019,2
732434,Hà Nội,14h - 17h,1.0,2019,4
732437,Hồ Chí Minh,17h - 21h,1.0,2019,5
732437,Hồ Chí Minh,0h - 9h,2.0,2019,1
732437,Hồ Chí Minh,14h - 17h,1.0,2019,4
732618,Nha Trang,17h - 21h,20.0,2019,5
732618,Nha Trang,0h - 9h,30.0,2019,1
732669,Hà Nội,14h - 17h,3.0,2019,4
732669,Hà Nội,17h - 21h,3.0,2019,5
732669,Hà Nội,9h - 11h,2.0,2019,2
732706,Hà Nội,9h - 11h,2.0,2019,2
732706,Hà Nội,17h - 21h,3.0,2019,5
732719,Hà Nội,9h - 11h,1.0,2019,2
732719,Hà Nội,14h - 17h,2.0,2019,4
732720,Hải Phòng,17h - 21h,8.0,2019,5
732732,Hà Nội,11h - 14h,2.0,2019,3
732732,Hà Nội,17h - 21h,2.0,2019,5
732817,Nha Trang,0h - 9h,30.0,2019,1
732821,Hồ Chí Minh,0h - 9h,2.0,2019,1
732821,Hồ Chí Minh,17h - 21h,4.0,2019,5
732821,Hồ Chí Minh,11h - 14h,2.0,2019,3
732944,Hồ Chí Minh,17h - 21h,2.0,2019,5
732944,Hồ Chí Minh,11h - 14h,2.0,2019,3
732944,Hồ Chí Minh,0h - 9h,2.0,2019,1
732958,Hà Nội,17h - 21h,5.0,2019,5
732958,Hà Nội,0h - 9h,2.0,2019,1
732959,Hồ Chí Minh,11h - 14h,1.0,2019,3
732959,Hồ Chí Minh,17h - 21h,2.0,2019,5
732986,Đà Nẵng,0h - 9h,4.0,2019,1
732989,Nha Trang,17h - 21h,30.0,2019,5
732989,Nha Trang,0h - 9h,30.0,2019,1
733009,Nha Trang,0h - 9h,3.0,2019,1
733009,Nha Trang,17h - 21h,1.0,2019,5
733144,Đà Nẵng,0h - 9h,1.0,2019,1
733422,Hải Phòng,9h - 11h,2.0,2019,2
733533,Nha Trang,0h - 9h,20.0,2019,1
733533,Nha Trang,17h - 21h,20.0,2019,5
733574,Hà Nội,9h - 11h,4.0,2019,2
733574,Hà Nội,17h - 21h,2.0,2019,5
733647,Hồ Chí Minh,17h - 21h,4.0,2019,5
733654,Hồ Chí Minh,9h - 11h,4.0,2019,2
733720,Hà Nội,17h - 21h,1.0,2019,5
733720,Hà Nội,11h - 14h,2.0,2019,3
733720,Hà Nội,14h - 17h,3.0,2019,4
733730,Hải Phòng,17h - 21h,10.0,2019,5
733736,Hà Nội,17h - 21h,4.0,2019,5
733736,Hà Nội,9h - 11h,2.0,2019,2
733736,Hà Nội,14h - 17h,2.0,2019,4
733740,Hà Nội,17h - 21h,4.0,2019,5
733740,Hà Nội,21h+,6.0,2019,6
733754,Hồ Chí Minh,9h - 11h,2.0,2019,2
733754,Hồ Chí Minh,11h - 14h,1.0,2019,3
733754,Hồ Chí Minh,17h - 21h,2.0,2019,5
733754,Hồ Chí Minh,0h - 9h,3.0,2019,1
733800,Hồ Chí Minh,0h - 9h,2.0,2019,1
733800,Hồ Chí Minh,14h - 17h,2.0,2019,4
733873,Hồ Chí Minh,0h - 9h,4.0,2019,1
733873,Hồ Chí Minh,17h - 21h,4.0,2019,5
733902,Nha Trang,17h - 21h,10.0,2019,5
733902,Nha Trang,0h - 9h,20.0,2019,1
733904,Hồ Chí Minh,0h - 9h,5.0,2019,1
733904,Hồ Chí Minh,11h - 14h,5.0,2019,3
733939,Hà Nội,9h - 11h,1.0,2019,2
733939,Hà Nội,11h - 14h,1.0,2019,3
733939,Hà Nội,17h - 21h,1.0,2019,5
733941,Hải Phòng,17h - 21h,1.0,2019,5
733941,Hải Phòng,9h - 11h,3.0,2019,2
733945,Hồ Chí Minh,17h - 21h,2.0,2019,5
733945,Hồ Chí Minh,0h - 9h,2.0,2019,1
733945,Hồ Chí Minh,11h - 14h,2.0,2019,3
733952,Hà Nội,21h+,3.0,2019,6
733952,Hà Nội,11h - 14h,4.0,2019,3
733952,Hà Nội,17h - 21h,4.0,2019,5
733973,Hồ Chí Minh,0h - 9h,10.0,2019,1
733977,Hà Nội,9h - 11h,1.0,2019,2
733977,Hà Nội,17h - 21h,3.0,2019,5
733985,Hà Nội,14h - 17h,4.0,2019,4
733985,Hà Nội,17h - 21h,4.0,2019,5
733988,Hà Nội,17h - 21h,4.0,2019,5
734042,Hải Phòng,17h - 21h,8.0,2019,5
734042,Hải Phòng,11h - 14h,22.0,2019,3
734112,Hải Phòng,9h - 11h,6.0,2019,2
734147,Cần Thơ,0h - 9h,4.0,2019,1
734147,Cần Thơ,21h+,11.0,2019,6
734147,Cần Thơ,17h - 21h,20.0,2019,5
734152,Hà Nội,14h - 17h,3.0,2019,4
734152,Hà Nội,17h - 21h,3.0,2019,5
734169,Hà Nội,11h - 14h,3.0,2019,3
734169,Hà Nội,17h - 21h,1.0,2019,5
734255,Hà Nội,17h - 21h,4.0,2019,5
734255,Hà Nội,0h - 9h,4.0,2019,1
734310,Hà Nội,14h - 17h,2.0,2019,4
734310,Hà Nội,17h - 21h,1.0,2019,5
734311,Nha Trang,17h - 21h,18.0,2019,5
734311,Nha Trang,0h - 9h,8.0,2019,1
734438,Hà Nội,17h - 21h,6.0,2019,5
734438,Hà Nội,0h - 9h,2.0,2019,1
734518,Hải Phòng,9h - 11h,2.0,2019,2
734518,Hải Phòng,17h - 21h,4.0,2019,5
734520,Hải Phòng,17h - 21h,3.0,2019,5
734563,Hà Nội,11h - 14h,1.0,2019,3
734563,Hà Nội,17h - 21h,2.0,2019,5
734563,Hà Nội,0h - 9h,1.0,2019,1
734595,Nha Trang,0h - 9h,6.0,2019,1
734595,Nha Trang,17h - 21h,6.0,2019,5
734676,Nha Trang,14h - 17h,5.0,2019,4
734676,Nha Trang,0h - 9h,10.0,2019,1
734677,Hà Nội,17h - 21h,4.0,2019,5
734677,Hà Nội,9h - 11h,3.0,2019,2
734677,Hà Nội,21h+,1.0,2019,6
734677,Hà Nội,11h - 14h,2.0,2019,3
734740,Hà Nội,14h - 17h,1.0,2019,4
734740,Hà Nội,17h - 21h,2.0,2019,5
734754,Hà Nội,17h - 21h,3.0,2019,5
734754,Hà Nội,11h - 14h,2.0,2019,3
734792,Hải Phòng,17h - 21h,30.0,2019,5
734844,Nha Trang,17h - 21h,20.0,2019,5
734867,Hồ Chí Minh,14h - 17h,4.0,2019,4
734867,Hồ Chí Minh,9h - 11h,3.0,2019,2
734867,Hồ Chí Minh,21h+,4.0,2019,6
734867,Hồ Chí Minh,17h - 21h,4.0,2019,5
734914,Nha Trang,0h - 9h,4.0,2019,1
734990,Hải Phòng,14h - 17h,10.0,2019,4
734990,Hải Phòng,9h - 11h,7.0,2019,2
735026,Hồ Chí Minh,9h - 11h,20.0,2019,2
735033,Hồ Chí Minh,17h - 21h,7.0,2019,5
735033,Hồ Chí Minh,11h - 14h,5.0,2019,3
735043,Hà Nội,17h - 21h,3.0,2019,5
735043,Hà Nội,9h - 11h,2.0,2019,2
735043,Hà Nội,14h - 17h,3.0,2019,4
735059,Hà Nội,17h - 21h,4.0,2019,5
735066,Hà Nội,17h - 21h,3.0,2019,5
735105,Hồ Chí Minh,17h - 21h,6.0,2019,5
735105,Hồ Chí Minh,9h - 11h,4.0,2019,2
735138,Hồ Chí Minh,17h - 21h,2.0,2019,5
735138,Hồ Chí Minh,9h - 11h,2.0,2019,2
735683,Đà Nẵng,9h - 11h,4.0,2019,2
735741,Hồ Chí Minh,9h - 11h,5.0,2019,2
735741,Hồ Chí Minh,17h - 21h,5.0,2019,5
735957,Hà Nội,17h - 21h,5.0,2019,5
736248,Hồ Chí Minh,9h - 11h,2.0,2019,2
736248,Hồ Chí Minh,0h - 9h,3.0,2019,1
736248,Hồ Chí Minh,14h - 17h,4.0,2019,4
736254,Đà Nẵng,0h - 9h,4.0,2019,1
736404,Nha Trang,0h - 9h,30.0,2019,1
736404,Nha Trang,11h - 14h,30.0,2019,3
736421,Hà Nội,9h - 11h,3.0,2019,2
736421,Hà Nội,21h+,3.0,2019,6
736421,Hà Nội,14h - 17h,3.0,2019,4
736421,Hà Nội,17h - 21h,3.0,2019,5
736467,Hà Nội,0h - 9h,4.0,2019,1
736467,Hà Nội,17h - 21h,4.0,2019,5
736531,Hải Phòng,0h - 9h,5.0,2019,1
736531,Hải Phòng,17h - 21h,1.0,2019,5
736777,Hà Nội,14h - 17h,4.0,2019,4
736777,Hà Nội,17h - 21h,2.0,2019,5
736777,Hà Nội,9h - 11h,4.0,2019,2
736817,Hồ Chí Minh,9h - 11h,3.0,2019,2
736817,Hồ Chí Minh,17h - 21h,4.0,2019,5
736817,Hồ Chí Minh,11h - 14h,3.0,2019,3
736894,Hà Nội,0h - 9h,2.0,2019,1
736894,Hà Nội,17h - 21h,2.0,2019,5
736894,Hà Nội,21h+,2.0,2019,6
736894,Hà Nội,14h - 17h,2.0,2019,4
737074,Hà Nội,17h - 21h,4.0,2019,5
737085,Hồ Chí Minh,9h - 11h,2.0,2019,2
737085,Hồ Chí Minh,17h - 21h,1.0,2019,5
737100,Đà Nẵng,0h - 9h,28.0,2019,1
737128,Nha Trang,0h - 9h,30.0,2019,1
737254,Đà Nẵng,17h - 21h,10.0,2019,5
737286,Hồ Chí Minh,17h - 21h,5.0,2019,5
737286,Hồ Chí Minh,11h - 14h,5.0,2019,3
737286,Hồ Chí Minh,0h - 9h,5.0,2019,1
737286,Hồ Chí Minh,14h - 17h,5.0,2019,4
737360,Hồ Chí Minh,9h - 11h,4.0,2019,2
737379,Hồ Chí Minh,17h - 21h,2.0,2019,5
737379,Hồ Chí Minh,11h - 14h,1.0,2019,3
737379,Hồ Chí Minh,9h - 11h,1.0,2019,2
737382,Hà Nội,9h - 11h,2.0,2019,2
737402,Hồ Chí Minh,17h - 21h,3.0,2019,5
737402,Hồ Chí Minh,9h - 11h,2.0,2019,2
737459,Hồ Chí Minh,0h - 9h,4.0,2019,1
737459,Hồ Chí Minh,9h - 11h,8.0,2019,2
737464,Hồ Chí Minh,0h - 9h,2.0,2019,1
737464,Hồ Chí Minh,9h - 11h,8.0,2019,2
737467,Hà Nội,21h+,2.0,2019,6
737467,Hà Nội,17h - 21h,4.0,2019,5
737514,Hà Nội,17h - 21h,3.0,2019,5
737514,Hà Nội,14h - 17h,2.0,2019,4
737543,Hà Nội,21h+,2.0,2019,6
737543,Hà Nội,17h - 21h,4.0,2019,5
737583,Hồ Chí Minh,0h - 9h,12.0,2019,1
737583,Hồ Chí Minh,11h - 14h,4.0,2019,3
737606,Hồ Chí Minh,0h - 9h,6.0,2019,1
737716,Hồ Chí Minh,9h - 11h,2.0,2019,2
737716,Hồ Chí Minh,17h - 21h,2.0,2019,5
737755,Hồ Chí Minh,0h - 9h,6.0,2019,1
737758,Hà Nội,14h - 17h,4.0,2019,4
737758,Hà Nội,9h - 11h,2.0,2019,2
737800,Đà Nẵng,17h - 21h,4.0,2019,5
737800,Đà Nẵng,14h - 17h,4.0,2019,4
737849,Hồ Chí Minh,0h - 9h,2.0,2019,1
737849,Hồ Chí Minh,14h - 17h,2.0,2019,4
737851,Hồ Chí Minh,0h - 9h,20.0,2019,1
737867,Hải Phòng,17h - 21h,6.0,2019,5
737867,Hải Phòng,11h - 14h,7.0,2019,3
737867,Hải Phòng,9h - 11h,7.0,2019,2
737921,Nha Trang,0h - 9h,4.0,2019,1
737986,Nha Trang,0h - 9h,30.0,2019,1
738009,Hà Nội,17h - 21h,4.0,2019,5
738010,Hà Nội,17h - 21h,3.0,2019,5
738013,Hồ Chí Minh,9h - 11h,20.0,2019,2
738053,Nha Trang,0h - 9h,30.0,2019,1
738053,Nha Trang,17h - 21h,30.0,2019,5
738119,Hồ Chí Minh,17h - 21h,6.0,2019,5
738119,Hồ Chí Minh,14h - 17h,2.0,2019,4
738127,Đà Nẵng,0h - 9h,1.0,2019,1
738134,Hồ Chí Minh,17h - 21h,6.0,2019,5
738135,Hồ Chí Minh,0h - 9h,6.0,2019,1
738140,Hồ Chí Minh,11h - 14h,2.0,2019,3
738140,Hồ Chí Minh,14h - 17h,2.0,2019,4
738196,Đà Nẵng,0h - 9h,12.0,2019,1
738212,Hải Phòng,14h - 17h,5.0,2019,4
738215,Hồ Chí Minh,0h - 9h,30.0,2019,1
738225,Hải Phòng,17h - 21h,2.0,2019,5
738225,Hải Phòng,9h - 11h,1.0,2019,2
738244,Hà Nội,9h - 11h,1.0,2019,2
738244,Hà Nội,11h - 14h,1.0,2019,3
738244,Hà Nội,17h - 21h,1.0,2019,5
738307,Hà Nội,17h - 21h,4.0,2019,5
738307,Hà Nội,21h+,4.0,2019,6
738349,Nha Trang,0h - 9h,30.0,2019,1
738349,Nha Trang,11h - 14h,30.0,2019,3
738351,Hồ Chí Minh,17h - 21h,4.0,2019,5
738351,Hồ Chí Minh,0h - 9h,2.0,2019,1
738417,Đà Nẵng,17h - 21h,5.0,2019,5
738417,Đà Nẵng,0h - 9h,30.0,2019,1
738426,Hà Nội,21h+,3.0,2019,6
738426,Hà Nội,14h - 17h,3.0,2019,4
738426,Hà Nội,17h - 21h,4.0,2019,5
738432,Hồ Chí Minh,0h - 9h,10.0,2019,1
738435,Hà Nội,9h - 11h,2.0,2019,2
738435,Hà Nội,17h - 21h,4.0,2019,5
738435,Hà Nội,14h - 17h,2.0,2019,4
738508,Hồ Chí Minh,17h - 21h,10.0,2019,5
738508,Hồ Chí Minh,0h - 9h,10.0,2019,1
738587,Hồ Chí Minh,0h - 9h,8.0,2019,1
738587,Hồ Chí Minh,17h - 21h,6.0,2019,5
738587,Hồ Chí Minh,9h - 11h,2.0,2019,2
738653,Hà Nội,17h - 21h,5.0,2019,5
738678,Hà Nội,14h - 17h,3.0,2019,4
738678,Hà Nội,17h - 21h,1.0,2019,5
738694,Hà Nội,11h - 14h,1.0,2019,3
738694,Hà Nội,17h - 21h,3.0,2019,5
738756,Nha Trang,0h - 9h,30.0,2019,1
738882,Nha Trang,0h - 9h,15.0,2019,1
738897,Đà Nẵng,0h - 9h,30.0,2019,1
738897,Đà Nẵng,17h - 21h,6.0,2019,5
738921,Hồ Chí Minh,9h - 11h,5.0,2019,2
738942,Hà Nội,17h - 21h,1.0,2019,5
738942,Hà Nội,11h - 14h,1.0,2019,3
738985,Hồ Chí Minh,0h - 9h,30.0,2019,1
738997,Hà Nội,17h - 21h,8.0,2019,5
738997,Hà Nội,9h - 11h,1.0,2019,2
739061,Hà Nội,14h - 17h,2.0,2019,4
739061,Hà Nội,0h - 9h,2.0,2019,1
739159,Nha Trang,0h - 9h,23.0,2019,1
739159,Nha Trang,17h - 21h,17.0,2019,5
739167,Nha Trang,11h - 14h,2.0,2019,3
739167,Nha Trang,0h - 9h,30.0,2019,1
739189,Nha Trang,9h - 11h,30.0,2019,2
739202,Hải Phòng,17h - 21h,4.0,2019,5
739272,Hải Phòng,9h - 11h,3.0,2019,2
739358,Hải Phòng,9h - 11h,2.0,2019,2
739387,Nha Trang,0h - 9h,8.0,2019,1
739475,Hà Nội,11h - 14h,1.0,2019,3
739475,Hà Nội,14h - 17h,2.0,2019,4
739475,Hà Nội,17h - 21h,3.0,2019,5
739475,Hà Nội,9h - 11h,2.0,2019,2
739479,Hồ Chí Minh,0h - 9h,4.0,2019,1
739488,Hồ Chí Minh,0h - 9h,30.0,2019,1
739501,Hồ Chí Minh,17h - 21h,3.0,2019,5
739501,Hồ Chí Minh,21h+,1.0,2019,6
739630,Đà Nẵng,0h - 9h,1.0,2019,1
739630,Đà Nẵng,9h - 11h,2.0,2019,2
739650,Đà Nẵng,11h - 14h,5.0,2019,3
739650,Đà Nẵng,0h - 9h,20.0,2019,1
739650,Đà Nẵng,17h - 21h,7.0,2019,5
739684,Hà Nội,0h - 9h,2.0,2019,1
739684,Hà Nội,9h - 11h,1.0,2019,2
739684,Hà Nội,14h - 17h,1.0,2019,4
739729,Hồ Chí Minh,0h - 9h,25.0,2019,1
739750,Hồ Chí Minh,0h - 9h,2.0,2019,1
739750,Hồ Chí Minh,14h - 17h,2.0,2019,4
739792,Hà Nội,17h - 21h,4.0,2019,5
739792,Hà Nội,0h - 9h,3.0,2019,1
739856,Hồ Chí Minh,17h - 21h,10.0,2019,5
739856,Hồ Chí Minh,0h - 9h,8.0,2019,1
739897,Đà Nẵng,0h - 9h,3.0,2019,1
739939,Hồ Chí Minh,9h - 11h,4.0,2019,2
739958,Hồ Chí Minh,0h - 9h,20.0,2019,1
739963,Hồ Chí Minh,17h - 21h,10.0,2019,5
739972,Hà Nội,21h+,1.0,2019,6
739972,Hà Nội,9h - 11h,1.0,2019,2
739972,Hà Nội,17h - 21h,1.0,2019,5
739972,Hà Nội,14h - 17h,1.0,2019,4
740084,Hà Nội,0h - 9h,5.0,2019,1
740497,Hà Nội,0h - 9h,4.0,2019,1
740497,Hà Nội,21h+,4.0,2019,6
740773,Hồ Chí Minh,9h - 11h,30.0,2019,2
740785,Hà Nội,17h - 21h,5.0,2019,5
740785,Hà Nội,9h - 11h,5.0,2019,2
740785,Hà Nội,0h - 9h,5.0,2019,1
741185,Hồ Chí Minh,17h - 21h,2.0,2019,5
741185,Hồ Chí Minh,9h - 11h,2.0,2019,2
741218,Đà Nẵng,9h - 11h,5.0,2019,2
741218,Đà Nẵng,17h - 21h,7.0,2019,5
741281,Hà Nội,17h - 21h,5.0,2019,5
741281,Hà Nội,21h+,4.0,2019,6
741584,Hồ Chí Minh,0h - 9h,2.0,2019,1
741584,Hồ Chí Minh,14h - 17h,3.0,2019,4
741584,Hồ Chí Minh,11h - 14h,3.0,2019,3
741655,Hà Nội,17h - 21h,2.0,2019,5
741655,Hà Nội,14h - 17h,1.0,2019,4
741676,Hồ Chí Minh,0h - 9h,2.0,2019,1
741676,Hồ Chí Minh,17h - 21h,2.0,2019,5
741676,Hồ Chí Minh,9h - 11h,2.0,2019,2
741680,Hồ Chí Minh,0h - 9h,10.0,2019,1
741680,Hồ Chí Minh,11h - 14h,10.0,2019,3
741680,Hồ Chí Minh,17h - 21h,10.0,2019,5
741729,Hà Nội,17h - 21h,2.0,2019,5
741729,Hà Nội,0h - 9h,2.0,2019,1
741732,Hồ Chí Minh,9h - 11h,3.0,2019,2
741732,Hồ Chí Minh,17h - 21h,5.0,2019,5
742021,Hồ Chí Minh,14h - 17h,2.0,2019,4
742021,Hồ Chí Minh,17h - 21h,3.0,2019,5
742021,Hồ Chí Minh,9h - 11h,3.0,2019,2
742145,Đà Nẵng,0h - 9h,5.0,2019,1
742205,Hồ Chí Minh,0h - 9h,10.0,2019,1
742205,Hồ Chí Minh,14h - 17h,10.0,2019,4
742309,Hà Nội,21h+,3.0,2019,6
742309,Hà Nội,17h - 21h,3.0,2019,5
742385,Hà Nội,17h - 21h,4.0,2019,5
742385,Hà Nội,0h - 9h,2.0,2019,1
742389,Đà Nẵng,0h - 9h,7.0,2019,1
742419,Hồ Chí Minh,0h - 9h,4.0,2019,1
742419,Hồ Chí Minh,11h - 14h,4.0,2019,3
742419,Hồ Chí Minh,17h - 21h,7.0,2019,5
742480,Đà Nẵng,0h - 9h,2.0,2019,1
742480,Đà Nẵng,11h - 14h,3.0,2019,3
742522,Hồ Chí Minh,17h - 21h,7.0,2019,5
742522,Hồ Chí Minh,11h - 14h,7.0,2019,3
742522,Hồ Chí Minh,0h - 9h,6.0,2019,1
742613,Đà Nẵng,9h - 11h,3.0,2019,2
742629,Hồ Chí Minh,0h - 9h,8.0,2019,1
742629,Hồ Chí Minh,14h - 17h,4.0,2019,4
742629,Hồ Chí Minh,11h - 14h,3.0,2019,3
742657,Đà Nẵng,17h - 21h,4.0,2019,5
742657,Đà Nẵng,9h - 11h,6.0,2019,2
742701,Hà Nội,17h - 21h,1.0,2019,5
742701,Hà Nội,11h - 14h,1.0,2019,3
742701,Hà Nội,9h - 11h,1.0,2019,2
742711,Đà Nẵng,11h - 14h,13.0,2019,3
742784,Đà Nẵng,0h - 9h,30.0,2019,1
742977,Hải Phòng,0h - 9h,6.0,2019,1
742977,Hải Phòng,9h - 11h,4.0,2019,2
742978,Hải Phòng,9h - 11h,2.0,2019,2
742978,Hải Phòng,17h - 21h,4.0,2019,5
743123,Hà Nội,17h - 21h,4.0,2019,5
743140,Hải Phòng,0h - 9h,3.0,2019,1
743156,Hà Nội,11h - 14h,1.0,2019,3
743156,Hà Nội,17h - 21h,3.0,2019,5
743170,Nha Trang,14h - 17h,20.0,2019,4
743170,Nha Trang,0h - 9h,30.0,2019,1
743236,Hà Nội,0h - 9h,5.0,2019,1
743253,Đà Nẵng,0h - 9h,3.0,2019,1
743253,Đà Nẵng,11h - 14h,5.0,2019,3
743290,Hồ Chí Minh,17h - 21h,4.0,2019,5
743290,Hồ Chí Minh,9h - 11h,4.0,2019,2
743290,Hồ Chí Minh,14h - 17h,3.0,2019,4
743338,Hà Nội,21h+,1.0,2019,6
743338,Hà Nội,17h - 21h,2.0,2019,5
743341,Hải Phòng,0h - 9h,5.0,2019,1
743355,Đà Nẵng,0h - 9h,20.0,2019,1
743362,Hải Phòng,14h - 17h,4.0,2019,4
743362,Hải Phòng,0h - 9h,4.0,2019,1
743600,Đà Nẵng,0h - 9h,25.0,2019,1
743600,Đà Nẵng,17h - 21h,25.0,2019,5
743628,Hồ Chí Minh,9h - 11h,4.0,2019,2
743645,Đà Nẵng,9h - 11h,2.0,2019,2
743645,Đà Nẵng,17h - 21h,2.0,2019,5
743645,Đà Nẵng,11h - 14h,3.0,2019,3
743645,Đà Nẵng,14h - 17h,3.0,2019,4
743669,Hải Phòng,0h - 9h,2.0,2019,1
743669,Hải Phòng,9h - 11h,8.0,2019,2
743670,Hồ Chí Minh,0h - 9h,7.0,2019,1
743670,Hồ Chí Minh,14h - 17h,4.0,2019,4
743762,Hồ Chí Minh,9h - 11h,4.0,2019,2
743762,Hồ Chí Minh,14h - 17h,4.0,2019,4
743790,Nha Trang,0h - 9h,30.0,2019,1
743936,Đà Nẵng,14h - 17h,2.0,2019,4
743936,Đà Nẵng,17h - 21h,2.0,2019,5
744018,Hà Nội,14h - 17h,2.0,2019,4
744018,Hà Nội,0h - 9h,1.0,2019,1
744031,Hà Nội,11h - 14h,2.0,2019,3
744031,Hà Nội,9h - 11h,3.0,2019,2
744036,Đà Nẵng,0h - 9h,30.0,2019,1
744065,Nha Trang,14h - 17h,3.0,2019,4
744065,Nha Trang,9h - 11h,5.0,2019,2
744065,Nha Trang,17h - 21h,5.0,2019,5
744065,Nha Trang,11h - 14h,6.0,2019,3
744065,Nha Trang,0h - 9h,5.0,2019,1
744137,Đà Nẵng,11h - 14h,6.0,2019,3
744137,Đà Nẵng,9h - 11h,7.0,2019,2
744137,Đà Nẵng,14h - 17h,7.0,2019,4
744137,Đà Nẵng,0h - 9h,10.0,2019,1
744212,Hồ Chí Minh,14h - 17h,3.0,2019,4
744212,Hồ Chí Minh,9h - 11h,5.0,2019,2
744276,Hồ Chí Minh,11h - 14h,3.0,2019,3
744276,Hồ Chí Minh,14h - 17h,9.0,2019,4
744276,Hồ Chí Minh,0h - 9h,3.0,2019,1
744338,Nha Trang,0h - 9h,4.0,2019,1
744338,Nha Trang,17h - 21h,6.0,2019,5
744338,Nha Trang,11h - 14h,5.0,2019,3
744338,Nha Trang,14h - 17h,6.0,2019,4
744338,Nha Trang,9h - 11h,4.0,2019,2
744362,Hà Nội,21h+,1.0,2019,6
744362,Hà Nội,9h - 11h,2.0,2019,2
744379,Hà Nội,17h - 21h,4.0,2019,5
744379,Hà Nội,0h - 9h,4.0,2019,1
744379,Hà Nội,21h+,4.0,2019,6
744391,Hồ Chí Minh,9h - 11h,6.0,2019,2
744398,Hồ Chí Minh,17h - 21h,6.0,2019,5
744478,Đà Nẵng,0h - 9h,20.0,2019,1
744478,Đà Nẵng,9h - 11h,5.0,2019,2
744540,Hà Nội,9h - 11h,3.0,2019,2
744554,Hà Nội,9h - 11h,4.0,2019,2
744565,Nha Trang,0h - 9h,5.0,2019,1
744565,Nha Trang,11h - 14h,5.0,2019,3
744570,Hồ Chí Minh,17h - 21h,16.0,2019,5
744702,Hồ Chí Minh,9h - 11h,1.0,2019,2
744702,Hồ Chí Minh,17h - 21h,2.0,2019,5
744783,Hà Nội,17h - 21h,6.0,2019,5
744830,Nha Trang,21h+,1.0,2019,6
744830,Nha Trang,17h - 21h,6.0,2019,5
744830,Nha Trang,14h - 17h,1.0,2019,4
744830,Nha Trang,9h - 11h,1.0,2019,2
744830,Nha Trang,0h - 9h,20.0,2019,1
744830,Nha Trang,11h - 14h,1.0,2019,3
744935,Đà Nẵng,17h - 21h,9.0,2019,5
744949,Hồ Chí Minh,0h - 9h,8.0,2019,1
744957,Hồ Chí Minh,0h - 9h,30.0,2019,1
744991,Hà Nội,17h - 21h,4.0,2019,5
745008,Hồ Chí Minh,9h - 11h,2.0,2019,2
745008,Hồ Chí Minh,14h - 17h,2.0,2019,4
745139,Hải Phòng,17h - 21h,4.0,2019,5
745160,Đà Nẵng,17h - 21h,10.0,2019,5
745160,Đà Nẵng,0h - 9h,4.0,2019,1
745541,Đà Nẵng,0h - 9h,30.0,2019,1
745573,Đà Nẵng,0h - 9h,3.0,2019,1
745573,Đà Nẵng,11h - 14h,1.0,2019,3
745579,Hồ Chí Minh,17h - 21h,8.0,2019,5
745579,Hồ Chí Minh,0h - 9h,25.0,2019,1
745581,Hồ Chí Minh,0h - 9h,10.0,2019,1
745581,Hồ Chí Minh,0h - 9h,23.0,2019,1
745728,Đà Nẵng,17h - 21h,1.0,2019,5
745728,Đà Nẵng,14h - 17h,2.0,2019,4
745728,Đà Nẵng,9h - 11h,5.0,2019,2
745753,Đà Nẵng,14h - 17h,12.0,2019,4
745753,Đà Nẵng,0h - 9h,18.0,2019,1
745812,Hồ Chí Minh,17h - 21h,4.0,2019,5
745812,Hồ Chí Minh,9h - 11h,3.0,2019,2
745827,Đà Nẵng,9h - 11h,3.0,2019,2
745827,Đà Nẵng,11h - 14h,9.0,2019,3
746013,Đà Nẵng,9h - 11h,4.0,2019,2
746038,Hồ Chí Minh,0h - 9h,10.0,2019,1
746038,Hồ Chí Minh,17h - 21h,5.0,2019,5
746047,Đà Nẵng,17h - 21h,3.0,2019,5
746199,Hà Nội,14h - 17h,3.0,2019,4
746310,Hà Nội,14h - 17h,3.0,2019,4
746310,Hà Nội,9h - 11h,3.0,2019,2
746310,Hà Nội,0h - 9h,2.0,2019,1
746310,Hà Nội,17h - 21h,2.0,2019,5
746410,Hà Nội,0h - 9h,4.0,2019,1
746432,Đà Nẵng,0h - 9h,20.0,2019,1
746554,Hải Phòng,9h - 11h,3.0,2019,2
746554,Hải Phòng,0h - 9h,7.0,2019,1
746594,Hà Nội,9h - 11h,2.0,2019,2
746594,Hà Nội,14h - 17h,1.0,2019,4
746594,Hà Nội,17h - 21h,1.0,2019,5
746729,Hải Phòng,0h - 9h,2.0,2019,1
746729,Hải Phòng,9h - 11h,2.0,2019,2
746896,Hà Nội,11h - 14h,2.0,2019,3
746896,Hà Nội,17h - 21h,4.0,2019,5
746896,Hà Nội,21h+,2.0,2019,6
746931,Hồ Chí Minh,17h - 21h,8.0,2019,5
746931,Hồ Chí Minh,0h - 9h,10.0,2019,1
746969,Hà Nội,17h - 21h,3.0,2019,5
746969,Hà Nội,11h - 14h,3.0,2019,3
746969,Hà Nội,21h+,3.0,2019,6
746996,Hà Nội,21h+,4.0,2019,6
746996,Hà Nội,17h - 21h,2.0,2019,5
747026,Hải Phòng,0h - 9h,3.0,2019,1
747125,Cần Thơ,0h - 9h,30.0,2019,1
747134,Hà Nội,21h+,3.0,2019,6
747134,Hà Nội,17h - 21h,5.0,2019,5
747134,Hà Nội,11h - 14h,4.0,2019,3
747152,Đà Nẵng,9h - 11h,3.0,2019,2
747241,Hà Nội,21h+,4.0,2019,6
747241,Hà Nội,17h - 21h,6.0,2019,5
747246,Hải Phòng,17h - 21h,8.0,2019,5
747293,Hà Nội,14h - 17h,2.0,2019,4
747293,Hà Nội,9h - 11h,2.0,2019,2
747354,Hồ Chí Minh,0h - 9h,10.0,2019,1
747383,Hà Nội,14h - 17h,3.0,2019,4
747383,Hà Nội,21h+,2.0,2019,6
747383,Hà Nội,17h - 21h,3.0,2019,5
747389,Hồ Chí Minh,0h - 9h,6.0,2019,1
747410,Hồ Chí Minh,0h - 9h,10.0,2019,1
747410,Hồ Chí Minh,0h - 9h,20.0,2019,1
747411,Hải Phòng,11h - 14h,6.0,2019,3
747544,Hà Nội,14h - 17h,2.0,2019,4
747544,Hà Nội,17h - 21h,2.0,2019,5
747553,Hà Nội,17h - 21h,3.0,2019,5
747553,Hà Nội,9h - 11h,2.0,2019,2
747578,Hà Nội,17h - 21h,4.0,2019,5
747636,Hồ Chí Minh,14h - 17h,4.0,2019,4
747636,Hồ Chí Minh,9h - 11h,4.0,2019,2
747694,Hà Nội,17h - 21h,4.0,2019,5
747704,Hồ Chí Minh,14h - 17h,1.0,2019,4
747704,Hồ Chí Minh,17h - 21h,3.0,2019,5
747766,Hồ Chí Minh,0h - 9h,20.0,2019,1
747766,Hồ Chí Minh,0h - 9h,10.0,2019,1
747835,Hà Nội,0h - 9h,3.0,2019,1
747835,Hà Nội,17h - 21h,5.0,2019,5
747860,Hà Nội,17h - 21h,4.0,2019,5
747978,Đà Nẵng,14h - 17h,10.0,2019,4
747978,Đà Nẵng,17h - 21h,5.0,2019,5
747978,Đà Nẵng,0h - 9h,20.0,2019,1
747983,Đà Nẵng,0h - 9h,30.0,2019,1
748020,Hồ Chí Minh,9h - 11h,8.0,2019,2
748029,Hồ Chí Minh,17h - 21h,4.0,2019,5
748029,Hồ Chí Minh,0h - 9h,4.0,2019,1
748057,Hồ Chí Minh,0h - 9h,30.0,2019,1
748086,Hà Nội,14h - 17h,4.0,2019,4
748086,Hà Nội,0h - 9h,4.0,2019,1
748086,Hà Nội,17h - 21h,4.0,2019,5
748160,Hồ Chí Minh,14h - 17h,5.0,2019,4
748160,Hồ Chí Minh,0h - 9h,25.0,2019,1
748184,Hà Nội,9h - 11h,1.0,2019,2
748184,Hà Nội,14h - 17h,1.0,2019,4
748184,Hà Nội,17h - 21h,2.0,2019,5
748185,Hà Nội,9h - 11h,2.0,2019,2
748185,Hà Nội,14h - 17h,1.0,2019,4
748242,Đà Nẵng,0h - 9h,5.0,2019,1
748242,Đà Nẵng,9h - 11h,7.0,2019,2
748265,Hà Nội,17h - 21h,3.0,2019,5
748285,Hồ Chí Minh,0h - 9h,30.0,2019,1
748304,Hồ Chí Minh,0h - 9h,10.0,2019,1
748364,Hồ Chí Minh,11h - 14h,1.0,2019,3
748364,Hồ Chí Minh,9h - 11h,1.0,2019,2
748364,Hồ Chí Minh,17h - 21h,3.0,2019,5
748373,Đà Nẵng,0h - 9h,20.0,2019,1
748373,Đà Nẵng,14h - 17h,10.0,2019,4
748374,Đà Nẵng,0h - 9h,3.0,2019,1
748374,Đà Nẵng,9h - 11h,4.0,2019,2
748393,Hà Nội,17h - 21h,8.0,2019,5
748418,Hồ Chí Minh,0h - 9h,5.0,2019,1
748497,Hồ Chí Minh,0h - 9h,30.0,2019,1
748528,Hồ Chí Minh,0h - 9h,4.0,2019,1
748554,Hà Nội,17h - 21h,6.0,2019,5
748563,Hồ Chí Minh,0h - 9h,30.0,2019,1
748569,Hồ Chí Minh,17h - 21h,10.0,2019,5
748578,Đà Nẵng,9h - 11h,4.0,2019,2
748578,Đà Nẵng,17h - 21h,4.0,2019,5
748613,Hồ Chí Minh,0h - 9h,20.0,2019,1
748678,Hồ Chí Minh,17h - 21h,5.0,2019,5
748678,Hồ Chí Minh,11h - 14h,5.0,2019,3
748738,Hồ Chí Minh,17h - 21h,3.0,2019,5
748738,Hồ Chí Minh,9h - 11h,4.0,2019,2
748748,Hà Nội,17h - 21h,2.0,2019,5
748748,Hà Nội,0h - 9h,3.0,2019,1
748758,Hồ Chí Minh,0h - 9h,2.0,2019,1
748758,Hồ Chí Minh,21h+,2.0,2019,6
748807,Hà Nội,17h - 21h,4.0,2019,5
748807,Hà Nội,14h - 17h,2.0,2019,4
748875,Đà Nẵng,14h - 17h,10.0,2019,4
748875,Đà Nẵng,11h - 14h,20.0,2019,3
748875,Đà Nẵng,0h - 9h,30.0,2019,1
748883,Hà Nội,11h - 14h,1.0,2019,3
748883,Hà Nội,17h - 21h,2.0,2019,5
748883,Hà Nội,9h - 11h,1.0,2019,2
748944,Hà Nội,9h - 11h,2.0,2019,2
748944,Hà Nội,17h - 21h,2.0,2019,5
749176,Hà Nội,17h - 21h,4.0,2019,5
749176,Hà Nội,21h+,4.0,2019,6
749176,Hà Nội,11h - 14h,4.0,2019,3
749179,Hồ Chí Minh,0h - 9h,7.0,2019,1
749179,Hồ Chí Minh,9h - 11h,3.0,2019,2
749187,Hồ Chí Minh,14h - 17h,3.0,2019,4
749187,Hồ Chí Minh,0h - 9h,6.0,2019,1
749187,Hồ Chí Minh,17h - 21h,4.0,2019,5
749194,Hồ Chí Minh,0h - 9h,4.0,2019,1
749194,Hồ Chí Minh,11h - 14h,4.0,2019,3
749208,Hồ Chí Minh,0h - 9h,4.0,2019,1
749403,Đà Nẵng,17h - 21h,6.0,2019,5
749403,Đà Nẵng,0h - 9h,4.0,2019,1
749417,Hồ Chí Minh,0h - 9h,7.0,2019,1
749417,Hồ Chí Minh,9h - 11h,8.0,2019,2
749434,Hồ Chí Minh,17h - 21h,5.0,2019,5
749434,Hồ Chí Minh,9h - 11h,3.0,2019,2
749457,Hà Nội,17h - 21h,2.0,2019,5
749457,Hà Nội,9h - 11h,3.0,2019,2
749495,Hồ Chí Minh,11h - 14h,4.0,2019,3
749495,Hồ Chí Minh,0h - 9h,3.0,2019,1
749495,Hồ Chí Minh,14h - 17h,3.0,2019,4
749526,Đà Nẵng,14h - 17h,4.0,2019,4
749526,Đà Nẵng,11h - 14h,4.0,2019,3
749558,Hồ Chí Minh,9h - 11h,4.0,2019,2
749617,Hồ Chí Minh,0h - 9h,30.0,2019,1
749619,Hồ Chí Minh,0h - 9h,16.0,2019,1
749834,Đà Nẵng,17h - 21h,4.0,2019,5
749834,Đà Nẵng,0h - 9h,6.0,2019,1
749837,Hà Nội,17h - 21h,5.0,2019,5
749837,Hà Nội,21h+,5.0,2019,6
749862,Đà Nẵng,0h - 9h,1.0,2019,1
749862,Đà Nẵng,14h - 17h,1.0,2019,4
749897,Hà Nội,17h - 21h,3.0,2019,5
749897,Hà Nội,14h - 17h,2.0,2019,4
749904,Hà Nội,11h - 14h,2.0,2019,3
749904,Hà Nội,17h - 21h,4.0,2019,5
749904,Hà Nội,14h - 17h,2.0,2019,4
749977,Hà Nội,17h - 21h,6.0,2019,5
750058,Hà Nội,17h - 21h,5.0,2019,5
750065,Hà Nội,14h - 17h,2.0,2019,4
750065,Hà Nội,0h - 9h,1.0,2019,1
750119,Đà Nẵng,0h - 9h,1.0,2019,1
750119,Đà Nẵng,17h - 21h,3.0,2019,5
750139,Hồ Chí Minh,17h - 21h,3.0,2019,5
750139,Hồ Chí Minh,0h - 9h,2.0,2019,1
750139,Hồ Chí Minh,14h - 17h,3.0,2019,4
750219,Đà Nẵng,17h - 21h,10.0,2019,5
750219,Đà Nẵng,11h - 14h,15.0,2019,3
750219,Đà Nẵng,0h - 9h,20.0,2019,1
750323,Cần Thơ,14h - 17h,5.0,2019,4
750323,Cần Thơ,0h - 9h,20.0,2019,1
750323,Cần Thơ,17h - 21h,5.0,2019,5
750363,Hồ Chí Minh,11h - 14h,9.0,2019,3
750392,Hồ Chí Minh,14h - 17h,3.0,2019,4
750392,Hồ Chí Minh,9h - 11h,3.0,2019,2
750392,Hồ Chí Minh,11h - 14h,2.0,2019,3
750415,Hồ Chí Minh,14h - 17h,4.0,2019,4
750415,Hồ Chí Minh,0h - 9h,4.0,2019,1
750599,Hồ Chí Minh,17h - 21h,5.0,2019,5
750621,Hà Nội,17h - 21h,5.0,2019,5
750705,Cần Thơ,14h - 17h,5.0,2019,4
750705,Cần Thơ,0h - 9h,20.0,2019,1
750705,Cần Thơ,9h - 11h,5.0,2019,2
750784,Đà Nẵng,0h - 9h,3.0,2019,1
750784,Đà Nẵng,14h - 17h,1.0,2019,4
750786,Hồ Chí Minh,17h - 21h,4.0,2019,5
750786,Hồ Chí Minh,11h - 14h,2.0,2019,3
750786,Hồ Chí Minh,21h+,2.0,2019,6
750786,Hồ Chí Minh,9h - 11h,2.0,2019,2
750852,Hồ Chí Minh,11h - 14h,4.0,2019,3
750852,Hồ Chí Minh,9h - 11h,4.0,2019,2
750888,Hồ Chí Minh,17h - 21h,28.0,2019,5
750944,Hồ Chí Minh,0h - 9h,19.0,2019,1
750944,Hồ Chí Minh,14h - 17h,11.0,2019,4
750972,Đà Nẵng,0h - 9h,22.0,2019,1
751029,Hồ Chí Minh,0h - 9h,10.0,2019,1
751050,Hồ Chí Minh,11h - 14h,15.0,2019,3
751050,Hồ Chí Minh,0h - 9h,15.0,2019,1
751050,Hồ Chí Minh,14h - 17h,10.0,2019,4
751063,Hồ Chí Minh,0h - 9h,10.0,2019,1
751063,Hồ Chí Minh,11h - 14h,15.0,2019,3
751086,Hồ Chí Minh,21h+,8.0,2019,6
751086,Hồ Chí Minh,0h - 9h,6.0,2019,1
751086,Hồ Chí Minh,17h - 21h,6.0,2019,5
751130,Hồ Chí Minh,0h - 9h,30.0,2019,1
751279,Hồ Chí Minh,0h - 9h,20.0,2019,1
751422,Đà Nẵng,0h - 9h,8.0,2019,1
751422,Đà Nẵng,17h - 21h,5.0,2019,5
751422,Đà Nẵng,9h - 11h,7.0,2019,2
751460,Đà Nẵng,0h - 9h,5.0,2019,1
751460,Đà Nẵng,17h - 21h,5.0,2019,5
751488,Hồ Chí Minh,17h - 21h,5.0,2019,5
751488,Hồ Chí Minh,0h - 9h,5.0,2019,1
751577,Đà Nẵng,9h - 11h,1.0,2019,2
751606,Hồ Chí Minh,17h - 21h,15.0,2019,5
751606,Hồ Chí Minh,11h - 14h,15.0,2019,3
751637,Hồ Chí Minh,17h - 21h,2.0,2019,5
751637,Hồ Chí Minh,9h - 11h,1.0,2019,2
751637,Hồ Chí Minh,0h - 9h,1.0,2019,1
751792,Hải Phòng,0h - 9h,10.0,2019,1
751798,Hải Phòng,0h - 9h,3.0,2019,1
751840,Hà Nội,0h - 9h,5.0,2019,1
751990,Hải Phòng,11h - 14h,15.0,2019,3
751997,Hải Phòng,0h - 9h,4.0,2019,1
752017,Đà Nẵng,17h - 21h,10.0,2019,5
752021,Đà Nẵng,0h - 9h,6.0,2019,1
752021,Đà Nẵng,17h - 21h,4.0,2019,5
752187,Hồ Chí Minh,0h - 9h,7.0,2019,1
752187,Hồ Chí Minh,14h - 17h,6.0,2019,4
752187,Hồ Chí Minh,11h - 14h,7.0,2019,3
752198,Đà Nẵng,0h - 9h,28.0,2019,1
752198,Đà Nẵng,17h - 21h,8.0,2019,5
752214,Hồ Chí Minh,0h - 9h,7.0,2019,1
752214,Hồ Chí Minh,11h - 14h,13.0,2019,3
752252,Đà Nẵng,0h - 9h,8.0,2019,1
752274,Đà Nẵng,0h - 9h,6.0,2019,1
752287,Hồ Chí Minh,0h - 9h,4.0,2019,1
752442,Hồ Chí Minh,0h - 9h,10.0,2019,1
752593,Đà Nẵng,14h - 17h,5.0,2019,4
752593,Đà Nẵng,0h - 9h,30.0,2019,1
752593,Đà Nẵng,11h - 14h,10.0,2019,3
752673,Đà Nẵng,9h - 11h,4.0,2019,2
752673,Đà Nẵng,17h - 21h,4.0,2019,5
752673,Đà Nẵng,0h - 9h,4.0,2019,1
752715,Đà Nẵng,0h - 9h,20.0,2019,1
752734,Hồ Chí Minh,0h - 9h,14.0,2019,1
752734,Hồ Chí Minh,11h - 14h,6.0,2019,3
752734,Hồ Chí Minh,17h - 21h,10.0,2019,5
752737,Đà Nẵng,0h - 9h,25.0,2019,1
752737,Đà Nẵng,17h - 21h,10.0,2019,5
752737,Đà Nẵng,11h - 14h,10.0,2019,3
752760,Hà Nội,17h - 21h,3.0,2019,5
752760,Hà Nội,9h - 11h,3.0,2019,2
752774,Hồ Chí Minh,11h - 14h,10.0,2019,3
752774,Hồ Chí Minh,17h - 21h,5.0,2019,5
752826,Hồ Chí Minh,0h - 9h,30.0,2019,1
752860,Đà Nẵng,0h - 9h,10.0,2019,1
752923,Hồ Chí Minh,11h - 14h,20.0,2019,3
752923,Hồ Chí Minh,0h - 9h,10.0,2019,1
752947,Hồ Chí Minh,0h - 9h,15.0,2019,1
752947,Hồ Chí Minh,14h - 17h,15.0,2019,4
753075,Hồ Chí Minh,11h - 14h,3.0,2019,3
753075,Hồ Chí Minh,0h - 9h,5.0,2019,1
753075,Hồ Chí Minh,17h - 21h,3.0,2019,5
753287,Đà Nẵng,0h - 9h,20.0,2019,1
753429,Hồ Chí Minh,0h - 9h,30.0,2019,1
753476,Hồ Chí Minh,21h+,5.0,2019,6
753476,Hồ Chí Minh,11h - 14h,7.0,2019,3
753540,Hồ Chí Minh,17h - 21h,8.0,2019,5
753540,Hồ Chí Minh,11h - 14h,7.0,2019,3
753557,Hồ Chí Minh,17h - 21h,2.0,2019,5
753557,Hồ Chí Minh,0h - 9h,28.0,2019,1
753604,Đà Nẵng,0h - 9h,25.0,2019,1
753604,Đà Nẵng,11h - 14h,5.0,2019,3
753731,Hồ Chí Minh,0h - 9h,30.0,2019,1
753962,Hồ Chí Minh,17h - 21h,8.0,2019,5
753962,Hồ Chí Minh,11h - 14h,7.0,2019,3
754178,Hồ Chí Minh,0h - 9h,15.0,2019,1
754212,Đà Nẵng,9h - 11h,5.0,2019,2
754301,Hồ Chí Minh,11h - 14h,9.0,2019,3
754301,Hồ Chí Minh,0h - 9h,6.0,2019,1
754334,Hà Nội,17h - 21h,6.0,2019,5
754468,Đà Nẵng,0h - 9h,10.0,2019,1
754605,Hồ Chí Minh,14h - 17h,5.0,2019,4
754605,Hồ Chí Minh,0h - 9h,4.0,2019,1
754606,Hồ Chí Minh,0h - 9h,5.0,2019,1
754679,Cần Thơ,0h - 9h,30.0,2019,1
755205,Đà Nẵng,0h - 9h,30.0,2019,1
755669,Đà Nẵng,17h - 21h,6.0,2019,5
755768,Đà Nẵng,0h - 9h,8.0,2019,1
755816,Hồ Chí Minh,0h - 9h,2.0,2019,1
755816,Hồ Chí Minh,9h - 11h,2.0,2019,2
755816,Hồ Chí Minh,17h - 21h,4.0,2019,5
755862,Hồ Chí Minh,0h - 9h,4.0,2019,1
755862,Hồ Chí Minh,17h - 21h,2.0,2019,5
755910,Đà Nẵng,17h - 21h,2.0,2019,5
755910,Đà Nẵng,0h - 9h,3.0,2019,1
755951,Đà Nẵng,0h - 9h,4.0,2019,1
756044,Hồ Chí Minh,0h - 9h,7.0,2019,1
756044,Hồ Chí Minh,11h - 14h,6.0,2019,3
756044,Hồ Chí Minh,17h - 21h,8.0,2019,5
756045,Đà Nẵng,0h - 9h,8.0,2019,1
756062,Đà Nẵng,0h - 9h,10.0,2019,1
756192,Hồ Chí Minh,14h - 17h,2.0,2019,4
756192,Hồ Chí Minh,17h - 21h,2.0,2019,5
756395,Hồ Chí Minh,14h - 17h,6.0,2019,4
756395,Hồ Chí Minh,9h - 11h,5.0,2019,2
756395,Hồ Chí Minh,0h - 9h,6.0,2019,1
756395,Hồ Chí Minh,17h - 21h,5.0,2019,5
756627,Hồ Chí Minh,0h - 9h,20.0,2019,1
756694,Đà Nẵng,0h - 9h,6.0,2019,1
756694,Đà Nẵng,17h - 21h,6.0,2019,5
756805,Hồ Chí Minh,17h - 21h,4.0,2019,5
756849,Hải Phòng,17h - 21h,2.0,2019,5
756858,Hải Phòng,17h - 21h,4.0,2019,5
756858,Hải Phòng,9h - 11h,4.0,2019,2
757077,Hải Phòng,0h - 9h,4.0,2019,1
757084,Hồ Chí Minh,9h - 11h,7.0,2019,2
757084,Hồ Chí Minh,11h - 14h,7.0,2019,3
757084,Hồ Chí Minh,14h - 17h,9.0,2019,4
757182,Cần Thơ,14h - 17h,7.0,2019,4
757182,Cần Thơ,0h - 9h,7.0,2019,1
757182,Cần Thơ,9h - 11h,7.0,2019,2
757182,Cần Thơ,17h - 21h,9.0,2019,5
757507,Cần Thơ,0h - 9h,20.0,2019,1
757507,Cần Thơ,17h - 21h,20.0,2019,5
757507,Cần Thơ,14h - 17h,20.0,2019,4
757600,Hồ Chí Minh,17h - 21h,10.0,2019,5
757600,Hồ Chí Minh,9h - 11h,10.0,2019,2
757659,Đà Nẵng,0h - 9h,8.0,2019,1
757659,Đà Nẵng,17h - 21h,2.0,2019,5
757703,Hải Phòng,0h - 9h,30.0,2019,1
757809,Hà Nội,21h+,4.0,2019,6
757809,Hà Nội,11h - 14h,1.0,2019,3
757813,Hà Nội,17h - 21h,2.0,2019,5
757813,Hà Nội,11h - 14h,2.0,2019,3
757873,Hải Phòng,9h - 11h,4.0,2019,2
757910,Đà Nẵng,0h - 9h,8.0,2019,1
758044,Hồ Chí Minh,17h - 21h,3.0,2019,5
758148,Đà Nẵng,14h - 17h,4.0,2019,4
758148,Đà Nẵng,11h - 14h,4.0,2019,3
758148,Đà Nẵng,17h - 21h,4.0,2019,5
758148,Đà Nẵng,0h - 9h,10.0,2019,1
758148,Đà Nẵng,9h - 11h,4.0,2019,2
758160,Hồ Chí Minh,0h - 9h,2.0,2019,1
758160,Hồ Chí Minh,11h - 14h,3.0,2019,3
758160,Hồ Chí Minh,17h - 21h,3.0,2019,5
758164,Đà Nẵng,0h - 9h,30.0,2019,1
758243,Cần Thơ,0h - 9h,20.0,2019,1
758243,Cần Thơ,17h - 21h,10.0,2019,5
758332,Hà Nội,0h - 9h,1.0,2019,1
758332,Hà Nội,17h - 21h,1.0,2019,5
758332,Hà Nội,21h+,1.0,2019,6
758332,Hà Nội,11h - 14h,1.0,2019,3
758407,Cần Thơ,9h - 11h,10.0,2019,2
758407,Cần Thơ,0h - 9h,20.0,2019,1
758482,Đà Nẵng,17h - 21h,8.0,2019,5
758618,Hà Nội,9h - 11h,4.0,2019,2
758618,Hà Nội,14h - 17h,2.0,2019,4
758701,Đà Nẵng,0h - 9h,10.0,2019,1
758732,Cần Thơ,9h - 11h,4.0,2019,2
758732,Cần Thơ,0h - 9h,26.0,2019,1
758734,Hà Nội,17h - 21h,2.0,2019,5
758753,Hà Nội,17h - 21h,2.0,2019,5
758753,Hà Nội,14h - 17h,4.0,2019,4
758827,Hồ Chí Minh,11h - 14h,10.0,2019,3
758827,Hồ Chí Minh,17h - 21h,10.0,2019,5
758827,Hồ Chí Minh,9h - 11h,10.0,2019,2
758827,Hồ Chí Minh,0h - 9h,10.0,2019,1
758905,Hà Nội,9h - 11h,2.0,2019,2
758905,Hà Nội,17h - 21h,3.0,2019,5
758905,Hà Nội,14h - 17h,1.0,2019,4
759238,Hà Nội,9h - 11h,3.0,2019,2
759238,Hà Nội,17h - 21h,4.0,2019,5
759284,Hà Nội,17h - 21h,2.0,2019,5
759284,Hà Nội,9h - 11h,6.0,2019,2
759284,Hà Nội,21h+,2.0,2019,6
759300,Hải Phòng,0h - 9h,15.0,2019,1
759414,Hải Phòng,0h - 9h,10.0,2019,1
759443,Hà Nội,14h - 17h,2.0,2019,4
759494,Hà Nội,17h - 21h,4.0,2019,5
759873,Cần Thơ,0h - 9h,15.0,2019,1
759973,Hồ Chí Minh,11h - 14h,5.0,2019,3
759973,Hồ Chí Minh,0h - 9h,5.0,2019,1
760150,Hà Nội,17h - 21h,6.0,2019,5
760248,Cần Thơ,11h - 14h,10.0,2019,3
760248,Cần Thơ,0h - 9h,20.0,2019,1
760937,Cần Thơ,0h - 9h,20.0,2019,1
760937,Cần Thơ,9h - 11h,10.0,2019,2
760969,Cần Thơ,17h - 21h,28.0,2019,5
760977,Cần Thơ,0h - 9h,30.0,2019,1
761044,Hồ Chí Minh,0h - 9h,5.0,2019,1
761044,Hồ Chí Minh,11h - 14h,5.0,2019,3
761149,Cần Thơ,17h - 21h,15.0,2019,5
761149,Cần Thơ,0h - 9h,15.0,2019,1
761182,Cần Thơ,9h - 11h,10.0,2019,2
761182,Cần Thơ,0h - 9h,20.0,2019,1
761354,Cần Thơ,11h - 14h,30.0,2019,3
761750,Cần Thơ,11h - 14h,20.0,2019,3
762012,Cần Thơ,0h - 9h,30.0,2019,1
762255,Hồ Chí Minh,0h - 9h,10.0,2019,1
762852,Cần Thơ,0h - 9h,15.0,2019,1
763355,Hà Nội,9h - 11h,2.0,2019,2
763355,Hà Nội,17h - 21h,5.0,2019,5
763355,Hà Nội,21h+,3.0,2019,6
763500,Cần Thơ,9h - 11h,5.0,2019,2
763500,Cần Thơ,17h - 21h,15.0,2019,5
763500,Cần Thơ,0h - 9h,10.0,2019,1
763558,Đà Nẵng,17h - 21h,4.0,2019,5
763558,Đà Nẵng,9h - 11h,4.0,2019,2
763762,Hà Nội,0h - 9h,2.0,2019,1
763762,Hà Nội,17h - 21h,1.0,2019,5
763845,Cần Thơ,0h - 9h,30.0,2019,1
763845,Cần Thơ,17h - 21h,30.0,2019,5
764111,Cần Thơ,0h - 9h,30.0,2019,1
764154,Hà Nội,11h - 14h,1.0,2019,3
764154,Hà Nội,17h - 21h,1.0,2019,5
764281,Hà Nội,11h - 14h,2.0,2019,3
764281,Hà Nội,17h - 21h,2.0,2019,5
764370,Hà Nội,9h - 11h,3.0,2019,2
764370,Hà Nội,14h - 17h,2.0,2019,4
764539,Cần Thơ,17h - 21h,18.0,2019,5
764539,Cần Thơ,0h - 9h,5.0,2019,1
764577,Hồ Chí Minh,0h - 9h,10.0,2019,1
764577,Hồ Chí Minh,14h - 17h,10.0,2019,4
764580,Cần Thơ,0h - 9h,30.0,2019,1
764618,Hải Phòng,0h - 9h,2.0,2019,1
764618,Hải Phòng,17h - 21h,2.0,2019,5
764618,Hải Phòng,9h - 11h,4.0,2019,2
764623,Hà Nội,17h - 21h,4.0,2019,5
764654,Hà Nội,11h - 14h,1.0,2019,3
764654,Hà Nội,17h - 21h,2.0,2019,5
764663,Hà Nội,17h - 21h,2.0,2019,5
764663,Hà Nội,11h - 14h,2.0,2019,3
764703,Hà Nội,14h - 17h,2.0,2019,4
764703,Hà Nội,21h+,1.0,2019,6
764703,Hà Nội,17h - 21h,4.0,2019,5
764846,Cần Thơ,17h - 21h,30.0,2019,5
764857,Hồ Chí Minh,0h - 9h,10.0,2019,1
764882,Hà Nội,17h - 21h,4.0,2019,5
765076,Hà Nội,17h - 21h,5.0,2019,5
765076,Hà Nội,11h - 14h,5.0,2019,3
765076,Hà Nội,21h+,5.0,2019,6
765184,Cần Thơ,0h - 9h,30.0,2019,1
765249,Cần Thơ,0h - 9h,30.0,2019,1
765249,Cần Thơ,17h - 21h,30.0,2019,5
765342,Hà Nội,11h - 14h,2.0,2019,3
765342,Hà Nội,21h+,1.0,2019,6
765470,Cần Thơ,0h - 9h,10.0,2019,1
765470,Cần Thơ,17h - 21h,10.0,2019,5
765470,Cần Thơ,11h - 14h,10.0,2019,3
765501,Hà Nội,14h - 17h,1.0,2019,4
765501,Hà Nội,17h - 21h,2.0,2019,5
765501,Hà Nội,11h - 14h,1.0,2019,3
765509,Hà Nội,17h - 21h,2.0,2019,5
765509,Hà Nội,11h - 14h,2.0,2019,3
765692,Cần Thơ,0h - 9h,30.0,2019,1
765811,Hà Nội,0h - 9h,1.0,2019,1
765811,Hà Nội,14h - 17h,1.0,2019,4
765811,Hà Nội,21h+,2.0,2019,6
765848,Cần Thơ,0h - 9h,20.0,2019,1
765848,Cần Thơ,0h - 9h,30.0,2019,1
765990,Hà Nội,17h - 21h,4.0,2019,5
765990,Hà Nội,11h - 14h,1.0,2019,3
766003,Hà Nội,9h - 11h,3.0,2019,2
766003,Hà Nội,17h - 21h,5.0,2019,5
766003,Hà Nội,21h+,2.0,2019,6
766003,Hà Nội,11h - 14h,2.0,2019,3
766496,Hà Nội,0h - 9h,1.0,2019,1
766496,Hà Nội,21h+,1.0,2019,6
767264,Hồ Chí Minh,0h - 9h,15.0,2019,1
767540,Cần Thơ,0h - 9h,10.0,2019,1
767644,Đà Nẵng,17h - 21h,4.0,2019,5
767644,Đà Nẵng,0h - 9h,6.0,2019,1
767694,Hà Nội,11h - 14h,1.0,2019,3
767694,Hà Nội,17h - 21h,2.0,2019,5
767775,Hồ Chí Minh,14h - 17h,5.0,2019,4
767775,Hồ Chí Minh,0h - 9h,15.0,2019,1
767805,Hải Phòng,17h - 21h,3.0,2019,5
767805,Hải Phòng,21h+,4.0,2019,6
767805,Hải Phòng,9h - 11h,3.0,2019,2
767878,Hà Nội,14h - 17h,2.0,2019,4
767878,Hà Nội,17h - 21h,1.0,2019,5
767878,Hà Nội,9h - 11h,5.0,2019,2
768033,Đà Nẵng,0h - 9h,30.0,2019,1
768329,Hải Phòng,17h - 21h,1.0,2019,5
768329,Hải Phòng,9h - 11h,4.0,2019,2
768332,Hà Nội,21h+,1.0,2019,6
768332,Hà Nội,17h - 21h,1.0,2019,5
768461,Đà Nẵng,0h - 9h,30.0,2019,1
768521,Hà Nội,11h - 14h,2.0,2019,3
768521,Hà Nội,0h - 9h,5.0,2019,1
768521,Hà Nội,17h - 21h,2.0,2019,5
768521,Hà Nội,21h+,3.0,2019,6
768538,Hà Nội,17h - 21h,4.0,2019,5
768538,Hà Nội,0h - 9h,4.0,2019,1
768577,Hải Phòng,9h - 11h,4.0,2019,2
768725,Hồ Chí Minh,0h - 9h,4.0,2019,1
768874,Cần Thơ,17h - 21h,5.0,2019,5
768874,Cần Thơ,0h - 9h,10.0,2019,1
769062,Hải Phòng,9h - 11h,4.0,2019,2
769065,Hà Nội,17h - 21h,2.0,2019,5
769065,Hà Nội,11h - 14h,1.0,2019,3
769092,Hà Nội,11h - 14h,2.0,2019,3
769092,Hà Nội,0h - 9h,5.0,2019,1
769107,Đà Nẵng,0h - 9h,6.0,2019,1
769107,Đà Nẵng,9h - 11h,6.0,2019,2
769162,Hồ Chí Minh,0h - 9h,10.0,2019,1
769207,Hà Nội,17h - 21h,2.0,2019,5
769207,Hà Nội,11h - 14h,2.0,2019,3
769392,Hải Phòng,9h - 11h,3.0,2019,2
769392,Hải Phòng,17h - 21h,1.0,2019,5
769410,Hà Nội,17h - 21h,2.0,2019,5
769410,Hà Nội,0h - 9h,1.0,2019,1
769476,Hà Nội,14h - 17h,1.0,2019,4
769476,Hà Nội,9h - 11h,2.0,2019,2
769476,Hà Nội,17h - 21h,2.0,2019,5
769484,Hà Nội,11h - 14h,1.0,2019,3
769484,Hà Nội,21h+,1.0,2019,6
769484,Hà Nội,17h - 21h,2.0,2019,5
769578,Hải Phòng,9h - 11h,4.0,2019,2
769812,Hải Phòng,17h - 21h,5.0,2019,5
769866,Hà Nội,9h - 11h,1.0,2019,2
769866,Hà Nội,14h - 17h,1.0,2019,4
769866,Hà Nội,17h - 21h,2.0,2019,5
769934,Cần Thơ,0h - 9h,15.0,2019,1
770076,Hà Nội,11h - 14h,2.0,2019,3
770076,Hà Nội,17h - 21h,3.0,2019,5
770151,Hải Phòng,0h - 9h,8.0,2019,1
770151,Hải Phòng,17h - 21h,7.0,2019,5
770161,Hồ Chí Minh,0h - 9h,2.0,2019,1
770161,Hồ Chí Minh,14h - 17h,2.0,2019,4
770361,Cần Thơ,17h - 21h,30.0,2019,5
770420,Cần Thơ,9h - 11h,30.0,2019,2
770510,Hà Nội,21h+,4.0,2019,6
770510,Hà Nội,17h - 21h,4.0,2019,5
770588,Hà Nội,14h - 17h,2.0,2019,4
770588,Hà Nội,11h - 14h,1.0,2019,3
770602,Đà Nẵng,9h - 11h,4.0,2019,2
770602,Đà Nẵng,0h - 9h,5.0,2019,1
770627,Hải Phòng,17h - 21h,3.0,2019,5
770674,Hải Phòng,0h - 9h,20.0,2019,1
770674,Hải Phòng,17h - 21h,10.0,2019,5
770941,Hải Phòng,0h - 9h,4.0,2019,1
770941,Hải Phòng,17h - 21h,4.0,2019,5
770949,Hà Nội,11h - 14h,2.0,2019,3
770949,Hà Nội,21h+,1.0,2019,6
770949,Hà Nội,9h - 11h,3.0,2019,2
770949,Hà Nội,17h - 21h,4.0,2019,5
770975,Cần Thơ,17h - 21h,7.0,2019,5
771047,Hồ Chí Minh,0h - 9h,2.0,2019,1
771047,Hồ Chí Minh,14h - 17h,2.0,2019,4
771105,Cần Thơ,11h - 14h,5.0,2019,3
771105,Cần Thơ,17h - 21h,6.0,2019,5
771164,Đà Nẵng,9h - 11h,7.0,2019,2
771164,Đà Nẵng,0h - 9h,3.0,2019,1
771327,Cần Thơ,21h+,4.0,2019,6
771368,Hồ Chí Minh,17h - 21h,2.0,2019,5
771368,Hồ Chí Minh,9h - 11h,2.0,2019,2
771940,Hải Phòng,9h - 11h,6.0,2019,2
771940,Hải Phòng,14h - 17h,3.0,2019,4
774936,Hồ Chí Minh,9h - 11h,6.0,2019,2
775425,Hồ Chí Minh,17h - 21h,10.0,2019,5
775425,Hồ Chí Minh,0h - 9h,20.0,2019,1
775864,Hồ Chí Minh,0h - 9h,20.0,2019,1
775864,Hồ Chí Minh,17h - 21h,10.0,2019,5
776783,Đà Nẵng,9h - 11h,9.0,2019,2
776783,Đà Nẵng,17h - 21h,3.0,2019,5
776783,Đà Nẵng,0h - 9h,5.0,2019,1
776783,Đà Nẵng,14h - 17h,8.0,2019,4
776835,Đà Nẵng,9h - 11h,3.0,2019,2
776835,Đà Nẵng,11h - 14h,4.0,2019,3
776835,Đà Nẵng,17h - 21h,3.0,2019,5
777021,Hà Nội,0h - 9h,1.0,2019,1
777021,Hà Nội,21h+,3.0,2019,6
777116,Hà Nội,17h - 21h,1.0,2019,5
777116,Hà Nội,11h - 14h,1.0,2019,3
777319,Hà Nội,11h - 14h,2.0,2019,3
777319,Hà Nội,9h - 11h,3.0,2019,2
777319,Hà Nội,17h - 21h,3.0,2019,5
777687,Hà Nội,21h+,1.0,2019,6
777687,Hà Nội,17h - 21h,2.0,2019,5
777775,Đà Nẵng,9h - 11h,8.0,2019,2
777775,Đà Nẵng,17h - 21h,10.0,2019,5
777775,Đà Nẵng,0h - 9h,10.0,2019,1
777873,Đà Nẵng,9h - 11h,10.0,2019,2
777873,Đà Nẵng,11h - 14h,10.0,2019,3
777873,Đà Nẵng,14h - 17h,7.0,2019,4
777873,Đà Nẵng,0h - 9h,28.0,2019,1
777899,Hà Nội,17h - 21h,5.0,2019,5
777899,Hà Nội,21h+,2.0,2019,6
777899,Hà Nội,14h - 17h,3.0,2019,4
777967,Hà Nội,11h - 14h,2.0,2019,3
777967,Hà Nội,21h+,2.0,2019,6
777967,Hà Nội,9h - 11h,3.0,2019,2
777967,Hà Nội,17h - 21h,3.0,2019,5
778052,Đà Nẵng,17h - 21h,13.0,2019,5
778052,Đà Nẵng,0h - 9h,30.0,2019,1
778056,Đà Nẵng,0h - 9h,4.0,2019,1
778056,Đà Nẵng,9h - 11h,4.0,2019,2
778056,Đà Nẵng,17h - 21h,4.0,2019,5
778066,Đà Nẵng,0h - 9h,20.0,2019,1
778086,Hà Nội,17h - 21h,3.0,2019,5
778086,Hà Nội,14h - 17h,3.0,2019,4
778115,Hà Nội,17h - 21h,1.0,2019,5
778115,Hà Nội,11h - 14h,1.0,2019,3
778115,Hà Nội,21h+,1.0,2019,6
778119,Hà Nội,21h+,2.0,2019,6
778119,Hà Nội,11h - 14h,2.0,2019,3
778119,Hà Nội,17h - 21h,2.0,2019,5
778133,Đà Nẵng,9h - 11h,6.0,2019,2
778133,Đà Nẵng,17h - 21h,6.0,2019,5
778146,Đà Nẵng,17h - 21h,3.0,2019,5
778146,Đà Nẵng,9h - 11h,7.0,2019,2
778297,Hải Phòng,0h - 9h,2.0,2019,1
778297,Hải Phòng,17h - 21h,2.0,2019,5
778485,Hải Phòng,9h - 11h,2.0,2019,2
778491,Hải Phòng,0h - 9h,2.0,2019,1
778557,Hà Nội,0h - 9h,3.0,2019,1
778557,Hà Nội,17h - 21h,4.0,2019,5
778557,Hà Nội,11h - 14h,2.0,2019,3
778557,Hà Nội,21h+,1.0,2019,6
778682,Hải Phòng,0h - 9h,3.0,2019,1
778686,Hải Phòng,9h - 11h,2.0,2019,2
778686,Hải Phòng,0h - 9h,2.0,2019,1
778694,Hải Phòng,21h+,1.0,2019,6
778694,Hải Phòng,17h - 21h,3.0,2019,5
778702,Hải Phòng,9h - 11h,3.0,2019,2
778745,Hà Nội,11h - 14h,3.0,2019,3
778745,Hà Nội,17h - 21h,3.0,2019,5
778745,Hà Nội,21h+,1.0,2019,6
778813,Hải Phòng,9h - 11h,2.0,2019,2
778827,Hải Phòng,9h - 11h,3.0,2019,2
778880,Hải Phòng,9h - 11h,2.0,2019,2
778891,Hải Phòng,0h - 9h,4.0,2019,1
778941,Hồ Chí Minh,17h - 21h,8.0,2019,5
778941,Hồ Chí Minh,0h - 9h,22.0,2019,1
779000,Hà Nội,14h - 17h,2.0,2019,4
779000,Hà Nội,9h - 11h,1.0,2019,2
779000,Hà Nội,17h - 21h,2.0,2019,5
779002,Hà Nội,17h - 21h,2.0,2019,5
779002,Hà Nội,14h - 17h,2.0,2019,4
779039,Hải Phòng,9h - 11h,8.0,2019,2
779092,Hải Phòng,9h - 11h,5.0,2019,2
779188,Hải Phòng,14h - 17h,2.0,2019,4
779226,Hải Phòng,0h - 9h,2.0,2019,1
779226,Hải Phòng,17h - 21h,2.0,2019,5
779488,Đà Nẵng,0h - 9h,8.0,2019,1
779634,Đà Nẵng,0h - 9h,4.0,2019,1
779696,Đà Nẵng,14h - 17h,1.0,2019,4
779696,Đà Nẵng,9h - 11h,1.0,2019,2
779711,Hà Nội,11h - 14h,2.0,2019,3
779711,Hà Nội,0h - 9h,3.0,2019,1
779860,Đà Nẵng,0h - 9h,10.0,2019,1
779860,Đà Nẵng,14h - 17h,4.0,2019,4
779860,Đà Nẵng,17h - 21h,10.0,2019,5
779863,Hà Nội,9h - 11h,4.0,2019,2
779863,Hà Nội,17h - 21h,6.0,2019,5
779883,Đà Nẵng,0h - 9h,3.0,2019,1
779883,Đà Nẵng,9h - 11h,3.0,2019,2
779883,Đà Nẵng,17h - 21h,2.0,2019,5
780024,Đà Nẵng,17h - 21h,15.0,2019,5
780024,Đà Nẵng,0h - 9h,10.0,2019,1
780024,Đà Nẵng,14h - 17h,7.0,2019,4
780027,Hồ Chí Minh,0h - 9h,4.0,2019,1
780133,Đà Nẵng,0h - 9h,4.0,2019,1
780186,Hồ Chí Minh,0h - 9h,4.0,2019,1
780275,Hà Nội,17h - 21h,4.0,2019,5
780275,Hà Nội,9h - 11h,2.0,2019,2
780275,Hà Nội,21h+,2.0,2019,6
780275,Hà Nội,11h - 14h,3.0,2019,3
780356,Hồ Chí Minh,0h - 9h,6.0,2019,1
780377,Hà Nội,17h - 21h,4.0,2019,5
780377,Hà Nội,11h - 14h,3.0,2019,3
780377,Hà Nội,0h - 9h,3.0,2019,1
780422,Hà Nội,14h - 17h,1.0,2019,4
780422,Hà Nội,9h - 11h,2.0,2019,2
780427,Hải Phòng,9h - 11h,4.0,2019,2
780428,Hải Phòng,0h - 9h,8.0,2019,1
780448,Hà Nội,9h - 11h,3.0,2019,2
780448,Hà Nội,17h - 21h,2.0,2019,5
780513,Đà Nẵng,17h - 21h,5.0,2019,5
780513,Đà Nẵng,9h - 11h,10.0,2019,2
780513,Đà Nẵng,11h - 14h,5.0,2019,3
780513,Đà Nẵng,0h - 9h,30.0,2019,1
780531,Đà Nẵng,14h - 17h,2.0,2019,4
780531,Đà Nẵng,9h - 11h,7.0,2019,2
780531,Đà Nẵng,17h - 21h,6.0,2019,5
780545,Hà Nội,21h+,2.0,2019,6
780545,Hà Nội,17h - 21h,4.0,2019,5
780575,Đà Nẵng,17h - 21h,10.0,2019,5
780575,Đà Nẵng,0h - 9h,15.0,2019,1
780577,Hồ Chí Minh,17h - 21h,12.0,2019,5
780577,Hồ Chí Minh,11h - 14h,15.0,2019,3
780604,Hà Nội,17h - 21h,1.0,2019,5
780604,Hà Nội,11h - 14h,3.0,2019,3
780620,Hải Phòng,0h - 9h,2.0,2019,1
780630,Hải Phòng,14h - 17h,2.0,2019,4
780630,Hải Phòng,9h - 11h,6.0,2019,2
780698,Đà Nẵng,9h - 11h,4.0,2019,2
780726,Đà Nẵng,0h - 9h,20.0,2019,1
780763,Hồ Chí Minh,17h - 21h,10.0,2019,5
780763,Hồ Chí Minh,11h - 14h,10.0,2019,3
780788,Đà Nẵng,0h - 9h,4.0,2019,1
780788,Đà Nẵng,17h - 21h,2.0,2019,5
780788,Đà Nẵng,14h - 17h,4.0,2019,4
780830,Hà Nội,17h - 21h,4.0,2019,5
780830,Hà Nội,14h - 17h,2.0,2019,4
780835,Hà Nội,21h+,2.0,2019,6
780835,Hà Nội,17h - 21h,4.0,2019,5
780835,Hà Nội,14h - 17h,2.0,2019,4
781027,Hà Nội,17h - 21h,3.0,2019,5
781027,Hà Nội,11h - 14h,2.0,2019,3
781095,Hà Nội,17h - 21h,4.0,2019,5
781095,Hà Nội,9h - 11h,4.0,2019,2
781110,Hà Nội,14h - 17h,3.0,2019,4
781110,Hà Nội,17h - 21h,5.0,2019,5
781110,Hà Nội,21h+,2.0,2019,6
781111,Hà Nội,21h+,1.0,2019,6
781111,Hà Nội,17h - 21h,3.0,2019,5
781145,Hà Nội,11h - 14h,2.0,2019,3
781145,Hà Nội,17h - 21h,3.0,2019,5
781168,Hồ Chí Minh,11h - 14h,6.0,2019,3
781237,Hà Nội,17h - 21h,4.0,2019,5
781266,Hà Nội,11h - 14h,3.0,2019,3
781266,Hà Nội,14h - 17h,2.0,2019,4
781266,Hà Nội,17h - 21h,3.0,2019,5
781266,Hà Nội,0h - 9h,7.0,2019,1
781296,Hà Nội,17h - 21h,2.0,2019,5
781296,Hà Nội,0h - 9h,2.0,2019,1
781337,Hồ Chí Minh,0h - 9h,8.0,2019,1
781338,Hà Nội,14h - 17h,3.0,2019,4
781338,Hà Nội,9h - 11h,3.0,2019,2
781338,Hà Nội,21h+,2.0,2019,6
781338,Hà Nội,17h - 21h,3.0,2019,5
781344,Hà Nội,17h - 21h,3.0,2019,5
781344,Hà Nội,9h - 11h,1.0,2019,2
781349,Hà Nội,17h - 21h,2.0,2019,5
781349,Hà Nội,14h - 17h,3.0,2019,4
781407,Hồ Chí Minh,0h - 9h,8.0,2019,1
781444,Hải Phòng,9h - 11h,4.0,2019,2
781452,Hải Phòng,11h - 14h,1.0,2019,3
781452,Hải Phòng,14h - 17h,2.0,2019,4
781559,Hồ Chí Minh,0h - 9h,10.0,2019,1
781598,Đà Nẵng,0h - 9h,10.0,2019,1
781673,Hà Nội,17h - 21h,2.0,2019,5
781673,Hà Nội,0h - 9h,1.0,2019,1
781679,Hải Phòng,9h - 11h,4.0,2019,2
781683,Hải Phòng,17h - 21h,3.0,2019,5
781691,Hà Nội,17h - 21h,4.0,2019,5
781716,Hồ Chí Minh,17h - 21h,2.0,2019,5
781716,Hồ Chí Minh,9h - 11h,2.0,2019,2
781720,Hà Nội,11h - 14h,5.0,2019,3
781720,Hà Nội,17h - 21h,7.0,2019,5
781753,Hà Nội,14h - 17h,6.0,2019,4
781761,Hà Nội,0h - 9h,3.0,2019,1
781761,Hà Nội,11h - 14h,1.0,2019,3
781808,Hải Phòng,9h - 11h,2.0,2019,2
781816,Hải Phòng,0h - 9h,4.0,2019,1
781864,Hải Phòng,9h - 11h,2.0,2019,2
781867,Hải Phòng,9h - 11h,3.0,2019,2
781899,Hà Nội,17h - 21h,10.0,2019,5
781899,Hà Nội,0h - 9h,5.0,2019,1
781942,Đà Nẵng,0h - 9h,10.0,2019,1
781969,Hà Nội,11h - 14h,2.0,2019,3
781969,Hà Nội,17h - 21h,3.0,2019,5
782110,Đà Nẵng,17h - 21h,5.0,2019,5
782110,Đà Nẵng,0h - 9h,7.0,2019,1
782122,Đà Nẵng,9h - 11h,4.0,2019,2
782122,Đà Nẵng,17h - 21h,6.0,2019,5
782223,Hà Nội,17h - 21h,1.0,2019,5
782223,Hà Nội,11h - 14h,2.0,2019,3
782267,Hà Nội,0h - 9h,3.0,2019,1
782267,Hà Nội,9h - 11h,4.0,2019,2
782267,Hà Nội,14h - 17h,1.0,2019,4
782281,Hà Nội,17h - 21h,1.0,2019,5
782281,Hà Nội,14h - 17h,3.0,2019,4
782293,Đà Nẵng,17h - 21h,8.0,2019,5
782293,Đà Nẵng,9h - 11h,4.0,2019,2
782322,Hà Nội,9h - 11h,2.0,2019,2
782322,Hà Nội,14h - 17h,1.0,2019,4
782431,Hà Nội,0h - 9h,2.0,2019,1
782431,Hà Nội,11h - 14h,4.0,2019,3
782431,Hà Nội,17h - 21h,4.0,2019,5
782475,Hà Nội,0h - 9h,2.0,2019,1
782475,Hà Nội,11h - 14h,2.0,2019,3
782475,Hà Nội,9h - 11h,2.0,2019,2
782475,Hà Nội,17h - 21h,3.0,2019,5
782486,Hải Phòng,9h - 11h,5.0,2019,2
782497,Hải Phòng,9h - 11h,3.0,2019,2
782633,Hồ Chí Minh,0h - 9h,30.0,2019,1
782797,Đà Nẵng,17h - 21h,10.0,2019,5
782797,Đà Nẵng,0h - 9h,20.0,2019,1
782806,Hải Phòng,0h - 9h,8.0,2019,1
782852,Hồ Chí Minh,17h - 21h,8.0,2019,5
782852,Hồ Chí Minh,0h - 9h,8.0,2019,1
782937,Hải Phòng,17h - 21h,5.0,2019,5
782990,Đà Nẵng,0h - 9h,2.0,2019,1
783007,Đà Nẵng,0h - 9h,20.0,2019,1
783007,Đà Nẵng,14h - 17h,10.0,2019,4
783034,Hồ Chí Minh,14h - 17h,4.0,2019,4
783034,Hồ Chí Minh,9h - 11h,4.0,2019,2
783057,Hà Nội,17h - 21h,3.0,2019,5
783057,Hà Nội,11h - 14h,3.0,2019,3
783057,Hà Nội,0h - 9h,4.0,2019,1
783062,Hà Nội,17h - 21h,3.0,2019,5
783062,Hà Nội,11h - 14h,1.0,2019,3
783066,Hà Nội,17h - 21h,21.0,2019,5
783116,Đà Nẵng,17h - 21h,5.0,2019,5
783116,Đà Nẵng,0h - 9h,20.0,2019,1
783122,Đà Nẵng,0h - 9h,30.0,2019,1
783137,Đà Nẵng,17h - 21h,2.0,2019,5
783137,Đà Nẵng,0h - 9h,2.0,2019,1
783177,Hà Nội,17h - 21h,2.0,2019,5
783177,Hà Nội,21h+,2.0,2019,6
783177,Hà Nội,11h - 14h,1.0,2019,3
783226,Đà Nẵng,0h - 9h,30.0,2019,1
783233,Hà Nội,9h - 11h,3.0,2019,2
783233,Hà Nội,17h - 21h,3.0,2019,5
783281,Hà Nội,0h - 9h,4.0,2019,1
783281,Hà Nội,17h - 21h,4.0,2019,5
783310,Hồ Chí Minh,21h+,4.0,2019,6
783310,Hồ Chí Minh,11h - 14h,3.0,2019,3
783310,Hồ Chí Minh,0h - 9h,2.0,2019,1
783322,Hà Nội,17h - 21h,1.0,2019,5
783322,Hà Nội,9h - 11h,2.0,2019,2
783335,Hải Phòng,9h - 11h,3.0,2019,2
783344,Hà Nội,17h - 21h,4.0,2019,5
783344,Hà Nội,9h - 11h,4.0,2019,2
783358,Hải Phòng,0h - 9h,12.0,2019,1
783368,Hồ Chí Minh,17h - 21h,5.0,2019,5
783368,Hồ Chí Minh,11h - 14h,5.0,2019,3
783382,Hà Nội,14h - 17h,1.0,2019,4
783382,Hà Nội,17h - 21h,2.0,2019,5
783412,Hà Nội,17h - 21h,1.0,2019,5
783412,Hà Nội,9h - 11h,1.0,2019,2
783412,Hà Nội,11h - 14h,1.0,2019,3
783439,Hồ Chí Minh,0h - 9h,5.0,2019,1
783442,Hà Nội,17h - 21h,1.0,2019,5
783442,Hà Nội,14h - 17h,2.0,2019,4
783467,Hồ Chí Minh,14h - 17h,3.0,2019,4
783467,Hồ Chí Minh,17h - 21h,1.0,2019,5
783467,Hồ Chí Minh,9h - 11h,2.0,2019,2
783496,Hồ Chí Minh,17h - 21h,4.0,2019,5
783496,Hồ Chí Minh,0h - 9h,26.0,2019,1
783509,Hà Nội,21h+,1.0,2019,6
783509,Hà Nội,17h - 21h,3.0,2019,5
783544,Hà Nội,11h - 14h,3.0,2019,3
783544,Hà Nội,0h - 9h,3.0,2019,1
783544,Hà Nội,17h - 21h,2.0,2019,5
783591,Cần Thơ,17h - 21h,3.0,2019,5
783614,Hà Nội,14h - 17h,1.0,2019,4
783614,Hà Nội,17h - 21h,2.0,2019,5
783618,Hà Nội,11h - 14h,2.0,2019,3
783618,Hà Nội,21h+,2.0,2019,6
783618,Hà Nội,17h - 21h,1.0,2019,5
783618,Hà Nội,14h - 17h,1.0,2019,4
783665,Hà Nội,17h - 21h,4.0,2019,5
783705,Hồ Chí Minh,0h - 9h,4.0,2019,1
783720,Hồ Chí Minh,17h - 21h,6.0,2019,5
783720,Hồ Chí Minh,0h - 9h,3.0,2019,1
783720,Hồ Chí Minh,9h - 11h,3.0,2019,2
783728,Hà Nội,17h - 21h,6.0,2019,5
783728,Hà Nội,21h+,2.0,2019,6
783762,Hồ Chí Minh,0h - 9h,10.0,2019,1
783867,Hà Nội,9h - 11h,6.0,2019,2
783867,Hà Nội,11h - 14h,4.0,2019,3
783867,Hà Nội,17h - 21h,5.0,2019,5
783881,Cần Thơ,17h - 21h,4.0,2019,5
783881,Cần Thơ,0h - 9h,1.0,2019,1
783948,Hồ Chí Minh,9h - 11h,4.0,2019,2
783948,Hồ Chí Minh,17h - 21h,7.0,2019,5
784021,Hà Nội,17h - 21h,5.0,2019,5
784035,Hà Nội,9h - 11h,3.0,2019,2
784035,Hà Nội,11h - 14h,1.0,2019,3
784047,Hồ Chí Minh,0h - 9h,1.0,2019,1
784047,Hồ Chí Minh,14h - 17h,2.0,2019,4
784047,Hồ Chí Minh,17h - 21h,2.0,2019,5
784055,Hồ Chí Minh,0h - 9h,30.0,2019,1
784079,Đà Nẵng,14h - 17h,8.0,2019,4
784156,Hà Nội,17h - 21h,4.0,2019,5
784156,Hà Nội,0h - 9h,2.0,2019,1
784172,Hà Nội,9h - 11h,2.0,2019,2
784172,Hà Nội,17h - 21h,4.0,2019,5
784316,Hà Nội,9h - 11h,1.0,2019,2
784316,Hà Nội,17h - 21h,2.0,2019,5
784325,Đà Nẵng,9h - 11h,5.0,2019,2
784325,Đà Nẵng,0h - 9h,25.0,2019,1
784329,Hồ Chí Minh,21h+,1.0,2019,6
784329,Hồ Chí Minh,0h - 9h,8.0,2019,1
784329,Hồ Chí Minh,9h - 11h,4.0,2019,2
784329,Hồ Chí Minh,11h - 14h,7.0,2019,3
784332,Hà Nội,9h - 11h,4.0,2019,2
784366,Hà Nội,17h - 21h,1.0,2019,5
784366,Hà Nội,9h - 11h,3.0,2019,2
784403,Hà Nội,14h - 17h,2.0,2019,4
784403,Hà Nội,9h - 11h,2.0,2019,2
784423,Hồ Chí Minh,11h - 14h,1.0,2019,3
784423,Hồ Chí Minh,17h - 21h,5.0,2019,5
784423,Hồ Chí Minh,0h - 9h,7.0,2019,1
784423,Hồ Chí Minh,9h - 11h,1.0,2019,2
784430,Hồ Chí Minh,0h - 9h,30.0,2019,1
784445,Hà Nội,17h - 21h,4.0,2019,5
784503,Hà Nội,9h - 11h,4.0,2019,2
784503,Hà Nội,17h - 21h,8.0,2019,5
784503,Hà Nội,21h+,4.0,2019,6
784511,Cần Thơ,0h - 9h,10.0,2019,1
784511,Cần Thơ,21h+,2.0,2019,6
784935,Hồ Chí Minh,17h - 21h,6.0,2019,5
784935,Hồ Chí Minh,0h - 9h,6.0,2019,1
784954,Hà Nội,0h - 9h,3.0,2019,1
785317,Hải Phòng,17h - 21h,4.0,2019,5
785351,Hà Nội,17h - 21h,5.0,2019,5
785351,Hà Nội,9h - 11h,5.0,2019,2
785470,Cần Thơ,0h - 9h,2.0,2019,1
785479,Hà Nội,9h - 11h,3.0,2019,2
785479,Hà Nội,17h - 21h,3.0,2019,5
785479,Hà Nội,11h - 14h,2.0,2019,3
785671,Hà Nội,17h - 21h,2.0,2019,5
785671,Hà Nội,14h - 17h,3.0,2019,4
785671,Hà Nội,9h - 11h,1.0,2019,2
785740,Hà Nội,14h - 17h,1.0,2019,4
785740,Hà Nội,17h - 21h,1.0,2019,5
785740,Hà Nội,9h - 11h,3.0,2019,2
785881,Hồ Chí Minh,0h - 9h,2.0,2019,1
785881,Hồ Chí Minh,17h - 21h,2.0,2019,5
786004,Hà Nội,9h - 11h,2.0,2019,2
786004,Hà Nội,17h - 21h,4.0,2019,5
786019,Hồ Chí Minh,0h - 9h,3.0,2019,1
786019,Hồ Chí Minh,17h - 21h,5.0,2019,5
786028,Hà Nội,11h - 14h,5.0,2019,3
786173,Hà Nội,11h - 14h,2.0,2019,3
786173,Hà Nội,9h - 11h,3.0,2019,2
786188,Hà Nội,11h - 14h,2.0,2019,3
786188,Hà Nội,17h - 21h,4.0,2019,5
786237,Hải Phòng,9h - 11h,4.0,2019,2
786259,Hải Phòng,17h - 21h,10.0,2019,5
786307,Hà Nội,17h - 21h,2.0,2019,5
786307,Hà Nội,9h - 11h,1.0,2019,2
786341,Đà Nẵng,0h - 9h,12.0,2019,1
786373,Hà Nội,9h - 11h,2.0,2019,2
786373,Hà Nội,17h - 21h,3.0,2019,5
786374,Hà Nội,21h+,4.0,2019,6
786374,Hà Nội,17h - 21h,4.0,2019,5
786408,Hà Nội,0h - 9h,2.0,2019,1
786408,Hà Nội,14h - 17h,1.0,2019,4
786408,Hà Nội,17h - 21h,2.0,2019,5
786472,Hà Nội,17h - 21h,5.0,2019,5
786472,Hà Nội,9h - 11h,2.0,2019,2
786472,Hà Nội,21h+,1.0,2019,6
786479,Hà Nội,17h - 21h,5.0,2019,5
786479,Hà Nội,21h+,2.0,2019,6
786479,Hà Nội,14h - 17h,3.0,2019,4
786547,Hồ Chí Minh,0h - 9h,4.0,2019,1
786547,Hồ Chí Minh,14h - 17h,2.0,2019,4
786553,Hải Phòng,17h - 21h,4.0,2019,5
786563,Hà Nội,0h - 9h,1.0,2019,1
786563,Hà Nội,17h - 21h,1.0,2019,5
786613,Hà Nội,14h - 17h,2.0,2019,4
786613,Hà Nội,17h - 21h,2.0,2019,5
786623,Đà Nẵng,17h - 21h,7.0,2019,5
786623,Đà Nẵng,0h - 9h,28.0,2019,1
786667,Hồ Chí Minh,0h - 9h,7.0,2019,1
786667,Hồ Chí Minh,17h - 21h,9.0,2019,5
786733,Hà Nội,17h - 21h,4.0,2019,5
786804,Hà Nội,11h - 14h,2.0,2019,3
786804,Hà Nội,17h - 21h,3.0,2019,5
786833,Hải Phòng,0h - 9h,1.0,2019,1
786833,Hải Phòng,17h - 21h,2.0,2019,5
786843,Hải Phòng,0h - 9h,3.0,2019,1
786848,Hải Phòng,9h - 11h,3.0,2019,2
786870,Hà Nội,9h - 11h,3.0,2019,2
786870,Hà Nội,14h - 17h,4.0,2019,4
786912,Hà Nội,17h - 21h,3.0,2019,5
786922,Hà Nội,17h - 21h,2.0,2019,5
786922,Hà Nội,14h - 17h,2.0,2019,4
786936,Hà Nội,14h - 17h,2.0,2019,4
786936,Hà Nội,17h - 21h,4.0,2019,5
786952,Hà Nội,17h - 21h,4.0,2019,5
786990,Hà Nội,14h - 17h,2.0,2019,4
786990,Hà Nội,9h - 11h,1.0,2019,2
786990,Hà Nội,17h - 21h,2.0,2019,5
787038,Hà Nội,9h - 11h,3.0,2019,2
787038,Hà Nội,14h - 17h,2.0,2019,4
787127,Hà Nội,17h - 21h,3.0,2019,5
787127,Hà Nội,14h - 17h,2.0,2019,4
787135,Hà Nội,21h+,1.0,2019,6
787135,Hà Nội,14h - 17h,2.0,2019,4
787135,Hà Nội,17h - 21h,3.0,2019,5
787164,Hải Phòng,17h - 21h,4.0,2019,5
787218,Hà Nội,0h - 9h,2.0,2019,1
787218,Hà Nội,9h - 11h,3.0,2019,2
787289,Hà Nội,21h+,2.0,2019,6
787289,Hà Nội,17h - 21h,4.0,2019,5
787289,Hà Nội,11h - 14h,2.0,2019,3
787315,Hà Nội,9h - 11h,2.0,2019,2
787315,Hà Nội,21h+,3.0,2019,6
787315,Hà Nội,17h - 21h,5.0,2019,5
787493,Cần Thơ,0h - 9h,15.0,2019,1
787564,Hà Nội,17h - 21h,4.0,2019,5
787704,Cần Thơ,0h - 9h,8.0,2019,1
787704,Cần Thơ,21h+,2.0,2019,6
787815,Hà Nội,9h - 11h,2.0,2019,2
787815,Hà Nội,17h - 21h,3.0,2019,5
787815,Hà Nội,21h+,2.0,2019,6
787887,Hà Nội,14h - 17h,2.0,2019,4
787887,Hà Nội,17h - 21h,3.0,2019,5
787910,Hà Nội,14h - 17h,2.0,2019,4
787910,Hà Nội,9h - 11h,4.0,2019,2
787910,Hà Nội,17h - 21h,2.0,2019,5
787949,Cần Thơ,11h - 14h,10.0,2019,3
787962,Hồ Chí Minh,17h - 21h,2.0,2019,5
787962,Hồ Chí Minh,9h - 11h,2.0,2019,2
787962,Hồ Chí Minh,0h - 9h,2.0,2019,1
788019,Hà Nội,17h - 21h,9.0,2019,5
788487,Hà Nội,17h - 21h,2.0,2019,5
788487,Hà Nội,9h - 11h,3.0,2019,2
788493,Hải Phòng,0h - 9h,15.0,2019,1
788556,Hồ Chí Minh,0h - 9h,16.0,2019,1
788564,Hồ Chí Minh,0h - 9h,14.0,2019,1
788645,Hà Nội,17h - 21h,2.0,2019,5
788645,Hà Nội,14h - 17h,2.0,2019,4
788645,Hà Nội,9h - 11h,1.0,2019,2
788783,Hồ Chí Minh,14h - 17h,4.0,2019,4
788783,Hồ Chí Minh,0h - 9h,4.0,2019,1
788783,Hồ Chí Minh,17h - 21h,4.0,2019,5
788783,Hồ Chí Minh,9h - 11h,3.0,2019,2
788908,Hà Nội,0h - 9h,3.0,2019,1
788908,Hà Nội,17h - 21h,1.0,2019,5
788908,Hà Nội,14h - 17h,2.0,2019,4
788918,Hà Nội,17h - 21h,2.0,2019,5
788918,Hà Nội,11h - 14h,2.0,2019,3
788931,Hà Nội,14h - 17h,2.0,2019,4
788931,Hà Nội,11h - 14h,2.0,2019,3
788931,Hà Nội,17h - 21h,2.0,2019,5
788990,Hồ Chí Minh,0h - 9h,4.0,2019,1
788995,Hồ Chí Minh,17h - 21h,4.0,2019,5
788995,Hồ Chí Minh,0h - 9h,4.0,2019,1
789080,Hải Phòng,0h - 9h,4.0,2019,1
789086,Hải Phòng,0h - 9h,2.0,2019,1
789153,Hồ Chí Minh,14h - 17h,11.0,2019,4
789153,Hồ Chí Minh,0h - 9h,10.0,2019,1
789161,Đà Nẵng,0h - 9h,30.0,2019,1
789235,Hồ Chí Minh,17h - 21h,2.0,2019,5
789235,Hồ Chí Minh,9h - 11h,2.0,2019,2
789235,Hồ Chí Minh,0h - 9h,2.0,2019,1
789255,Hồ Chí Minh,9h - 11h,2.0,2019,2
789255,Hồ Chí Minh,17h - 21h,3.0,2019,5
789261,Hà Nội,14h - 17h,1.0,2019,4
789261,Hà Nội,17h - 21h,2.0,2019,5
789278,Hải Phòng,11h - 14h,2.0,2019,3
789283,Hải Phòng,0h - 9h,2.0,2019,1
789295,Hà Nội,9h - 11h,4.0,2019,2
789371,Đà Nẵng,0h - 9h,10.0,2019,1
789380,Hà Nội,17h - 21h,2.0,2019,5
789380,Hà Nội,11h - 14h,2.0,2019,3
789386,Hà Nội,14h - 17h,1.0,2019,4
789386,Hà Nội,11h - 14h,1.0,2019,3
789386,Hà Nội,17h - 21h,1.0,2019,5
789398,Hồ Chí Minh,17h - 21h,8.0,2019,5
789398,Hồ Chí Minh,9h - 11h,10.0,2019,2
789440,Hà Nội,14h - 17h,2.0,2019,4
789440,Hà Nội,17h - 21h,3.0,2019,5
789441,Hà Nội,17h - 21h,2.0,2019,5
789441,Hà Nội,11h - 14h,2.0,2019,3
789449,Hải Phòng,17h - 21h,14.0,2019,5
789508,Hải Phòng,0h - 9h,2.0,2019,1
789521,Hải Phòng,11h - 14h,2.0,2019,3
789521,Hải Phòng,14h - 17h,1.0,2019,4
789521,Hải Phòng,9h - 11h,2.0,2019,2
789521,Hải Phòng,17h - 21h,1.0,2019,5
789523,Hồ Chí Minh,0h - 9h,12.0,2019,1
789529,Hồ Chí Minh,0h - 9h,8.0,2019,1
789566,Hà Nội,17h - 21h,2.0,2019,5
789566,Hà Nội,11h - 14h,2.0,2019,3
789566,Hà Nội,9h - 11h,1.0,2019,2
789578,Hà Nội,17h - 21h,3.0,2019,5
789606,Hồ Chí Minh,21h+,2.0,2019,6
789606,Hồ Chí Minh,17h - 21h,2.0,2019,5
789623,Hà Nội,17h - 21h,4.0,2019,5
789625,Hà Nội,14h - 17h,2.0,2019,4
789625,Hà Nội,21h+,2.0,2019,6
789625,Hà Nội,17h - 21h,4.0,2019,5
789631,Hà Nội,14h - 17h,3.0,2019,4
789631,Hà Nội,11h - 14h,2.0,2019,3
789631,Hà Nội,17h - 21h,3.0,2019,5
789636,Đà Nẵng,0h - 9h,20.0,2019,1
789636,Đà Nẵng,14h - 17h,10.0,2019,4
789709,Hà Nội,11h - 14h,2.0,2019,3
789709,Hà Nội,17h - 21h,2.0,2019,5
789709,Hà Nội,0h - 9h,2.0,2019,1
789711,Hà Nội,9h - 11h,3.0,2019,2
789711,Hà Nội,17h - 21h,3.0,2019,5
789711,Hà Nội,11h - 14h,3.0,2019,3
789725,Hải Phòng,0h - 9h,4.0,2019,1
789742,Hà Nội,11h - 14h,2.0,2019,3
789742,Hà Nội,17h - 21h,2.0,2019,5
789761,Hà Nội,17h - 21h,2.0,2019,5
789761,Hà Nội,14h - 17h,2.0,2019,4
789761,Hà Nội,21h+,2.0,2019,6
789765,Hà Nội,9h - 11h,3.0,2019,2
789765,Hà Nội,17h - 21h,4.0,2019,5
789765,Hà Nội,14h - 17h,3.0,2019,4
789774,Hải Phòng,0h - 9h,5.0,2019,1
789781,Đà Nẵng,14h - 17h,7.0,2019,4
789781,Đà Nẵng,0h - 9h,8.0,2019,1
789789,Hà Nội,17h - 21h,4.0,2019,5
789789,Hà Nội,0h - 9h,3.0,2019,1
789789,Hà Nội,21h+,3.0,2019,6
789806,Đà Nẵng,0h - 9h,7.0,2019,1
789849,Hải Phòng,9h - 11h,2.0,2019,2
789857,Hà Nội,14h - 17h,1.0,2019,4
789857,Hà Nội,11h - 14h,1.0,2019,3
789857,Hà Nội,17h - 21h,1.0,2019,5
789917,Hà Nội,17h - 21h,4.0,2019,5
789917,Hà Nội,21h+,2.0,2019,6
789917,Hà Nội,14h - 17h,2.0,2019,4
789941,Hà Nội,9h - 11h,5.0,2019,2
789943,Hải Phòng,0h - 9h,2.0,2019,1
789960,Hải Phòng,11h - 14h,1.0,2019,3
789960,Hải Phòng,9h - 11h,1.0,2019,2
789996,Hải Phòng,9h - 11h,2.0,2019,2
789999,Hà Nội,17h - 21h,2.0,2019,5
789999,Hà Nội,11h - 14h,2.0,2019,3
790008,Hà Nội,11h - 14h,1.0,2019,3
790008,Hà Nội,9h - 11h,2.0,2019,2
790010,Hải Phòng,9h - 11h,4.0,2019,2
790053,Hải Phòng,9h - 11h,3.0,2019,2
790075,Hà Nội,17h - 21h,3.0,2019,5
790075,Hà Nội,14h - 17h,2.0,2019,4
790088,Hà Nội,17h - 21h,4.0,2019,5
790088,Hà Nội,14h - 17h,1.0,2019,4
790155,Hải Phòng,0h - 9h,15.0,2019,1
790187,Hà Nội,9h - 11h,4.0,2019,2
790217,Hải Phòng,14h - 17h,10.0,2019,4
790220,Hải Phòng,14h - 17h,2.0,2019,4
790234,Hà Nội,0h - 9h,3.0,2019,1
790234,Hà Nội,11h - 14h,4.0,2019,3
790234,Hà Nội,17h - 21h,3.0,2019,5
790237,Hồ Chí Minh,11h - 14h,15.0,2019,3
790237,Hồ Chí Minh,0h - 9h,15.0,2019,1
790252,Hải Phòng,17h - 21h,4.0,2019,5
790252,Hải Phòng,0h - 9h,4.0,2019,1
790261,Hải Phòng,17h - 21h,2.0,2019,5
790261,Hải Phòng,0h - 9h,1.0,2019,1
790263,Hồ Chí Minh,0h - 9h,15.0,2019,1
790326,Hà Nội,17h - 21h,2.0,2019,5
790326,Hà Nội,14h - 17h,2.0,2019,4
790334,Hồ Chí Minh,0h - 9h,8.0,2019,1
790334,Hồ Chí Minh,11h - 14h,5.0,2019,3
790334,Hồ Chí Minh,17h - 21h,7.0,2019,5
790336,Hà Nội,14h - 17h,2.0,2019,4
790336,Hà Nội,21h+,2.0,2019,6
790336,Hà Nội,17h - 21h,4.0,2019,5
790347,Hà Nội,11h - 14h,1.0,2019,3
790347,Hà Nội,21h+,2.0,2019,6
790347,Hà Nội,14h - 17h,1.0,2019,4
790347,Hà Nội,17h - 21h,2.0,2019,5
790366,Hà Nội,17h - 21h,6.0,2019,5
790366,Hà Nội,21h+,4.0,2019,6
790378,Cần Thơ,0h - 9h,4.0,2019,1
790423,Hải Phòng,17h - 21h,5.0,2019,5
790423,Hải Phòng,9h - 11h,5.0,2019,2
790460,Hải Phòng,17h - 21h,3.0,2019,5
790494,Hà Nội,11h - 14h,5.0,2019,3
790494,Hà Nội,9h - 11h,5.0,2019,2
790515,Hồ Chí Minh,14h - 17h,4.0,2019,4
790515,Hồ Chí Minh,9h - 11h,3.0,2019,2
790515,Hồ Chí Minh,0h - 9h,3.0,2019,1
790548,Hồ Chí Minh,17h - 21h,10.0,2019,5
790548,Hồ Chí Minh,11h - 14h,10.0,2019,3
790548,Hồ Chí Minh,0h - 9h,10.0,2019,1
790595,Hồ Chí Minh,0h - 9h,10.0,2019,1
790619,Hà Nội,17h - 21h,3.0,2019,5
790619,Hà Nội,11h - 14h,2.0,2019,3
790624,Hà Nội,14h - 17h,4.0,2019,4
790676,Hà Nội,21h+,4.0,2019,6
790676,Hà Nội,17h - 21h,4.0,2019,5
790732,Hồ Chí Minh,0h - 9h,7.0,2019,1
790806,Cần Thơ,17h - 21h,5.0,2019,5
790806,Cần Thơ,0h - 9h,25.0,2019,1
790830,Hồ Chí Minh,9h - 11h,10.0,2019,2
790855,Hồ Chí Minh,0h - 9h,8.0,2019,1
790859,Hồ Chí Minh,0h - 9h,22.0,2019,1
790867,Hải Phòng,0h - 9h,3.0,2019,1
790873,Hải Phòng,11h - 14h,2.0,2019,3
790873,Hải Phòng,17h - 21h,13.0,2019,5
790898,Hà Nội,17h - 21h,6.0,2019,5
790898,Hà Nội,11h - 14h,3.0,2019,3
790904,Hà Nội,17h - 21h,3.0,2019,5
790904,Hà Nội,21h+,1.0,2019,6
790945,Hồ Chí Minh,9h - 11h,10.0,2019,2
790945,Hồ Chí Minh,11h - 14h,10.0,2019,3
790958,Hà Nội,21h+,1.0,2019,6
790958,Hà Nội,17h - 21h,1.0,2019,5
790968,Hải Phòng,17h - 21h,8.0,2019,5
790971,Hải Phòng,9h - 11h,5.0,2019,2
790990,Hồ Chí Minh,0h - 9h,6.0,2019,1
790990,Hồ Chí Minh,14h - 17h,2.0,2019,4
790990,Hồ Chí Minh,11h - 14h,3.0,2019,3
791013,Hà Nội,17h - 21h,3.0,2019,5
791541,Cần Thơ,17h - 21h,4.0,2019,5
791541,Cần Thơ,0h - 9h,10.0,2019,1
791581,Hải Phòng,21h+,1.0,2019,6
791581,Hải Phòng,17h - 21h,3.0,2019,5
791582,Hải Phòng,17h - 21h,4.0,2019,5
791618,Hải Phòng,9h - 11h,4.0,2019,2
791665,Hà Nội,17h - 21h,4.0,2019,5
791668,Hà Nội,14h - 17h,3.0,2019,4
791725,Hà Nội,14h - 17h,2.0,2019,4
791725,Hà Nội,17h - 21h,1.0,2019,5
791725,Hà Nội,11h - 14h,1.0,2019,3
791730,Hà Nội,17h - 21h,2.0,2019,5
791730,Hà Nội,11h - 14h,3.0,2019,3
791737,Hà Nội,17h - 21h,1.0,2019,5
791737,Hà Nội,11h - 14h,1.0,2019,3
791737,Hà Nội,9h - 11h,1.0,2019,2
791751,Hồ Chí Minh,0h - 9h,30.0,2019,1
791761,Hồ Chí Minh,0h - 9h,30.0,2019,1
791779,Hà Nội,17h - 21h,2.0,2019,5
791779,Hà Nội,14h - 17h,2.0,2019,4
791788,Hà Nội,21h+,2.0,2019,6
791788,Hà Nội,14h - 17h,1.0,2019,4
791788,Hà Nội,17h - 21h,3.0,2019,5
791868,Hồ Chí Minh,14h - 17h,10.0,2019,4
791868,Hồ Chí Minh,0h - 9h,10.0,2019,1
791915,Hồ Chí Minh,0h - 9h,7.0,2019,1
791915,Hồ Chí Minh,17h - 21h,3.0,2019,5
791957,Cần Thơ,21h+,5.0,2019,6
791957,Cần Thơ,0h - 9h,25.0,2019,1
791962,Hà Nội,9h - 11h,4.0,2019,2
791962,Hà Nội,17h - 21h,4.0,2019,5
792011,Hải Phòng,9h - 11h,4.0,2019,2
792019,Hà Nội,14h - 17h,2.0,2019,4
792019,Hà Nội,17h - 21h,4.0,2019,5
792019,Hà Nội,21h+,2.0,2019,6
792021,Hải Phòng,0h - 9h,8.0,2019,1
792023,Hà Nội,21h+,2.0,2019,6
792023,Hà Nội,17h - 21h,3.0,2019,5
792058,Hà Nội,14h - 17h,1.0,2019,4
792058,Hà Nội,17h - 21h,2.0,2019,5
792060,Hà Nội,11h - 14h,2.0,2019,3
792060,Hà Nội,17h - 21h,2.0,2019,5
792066,Hồ Chí Minh,0h - 9h,30.0,2019,1
792069,Hà Nội,17h - 21h,1.0,2019,5
792069,Hà Nội,9h - 11h,1.0,2019,2
792069,Hà Nội,14h - 17h,2.0,2019,4
792074,Hồ Chí Minh,0h - 9h,30.0,2019,1
792139,Hà Nội,17h - 21h,5.0,2019,5
792139,Hà Nội,9h - 11h,2.0,2019,2
792146,Hà Nội,14h - 17h,3.0,2019,4
792148,Hải Phòng,9h - 11h,8.0,2019,2
792150,Hồ Chí Minh,17h - 21h,4.0,2019,5
792150,Hồ Chí Minh,0h - 9h,4.0,2019,1
792152,Hồ Chí Minh,14h - 17h,15.0,2019,4
792152,Hồ Chí Minh,9h - 11h,15.0,2019,2
792214,Hải Phòng,0h - 9h,1.0,2019,1
792214,Hải Phòng,17h - 21h,3.0,2019,5
792291,Hà Nội,9h - 11h,3.0,2019,2
792291,Hà Nội,21h+,4.0,2019,6
792291,Hà Nội,17h - 21h,4.0,2019,5
792291,Hà Nội,14h - 17h,4.0,2019,4
792344,Hải Phòng,9h - 11h,2.0,2019,2
792345,Hải Phòng,0h - 9h,2.0,2019,1
792353,Hồ Chí Minh,0h - 9h,8.0,2019,1
792540,Hà Nội,17h - 21h,4.0,2019,5
792540,Hà Nội,11h - 14h,2.0,2019,3
792542,Hồ Chí Minh,0h - 9h,12.0,2019,1
792542,Hồ Chí Minh,17h - 21h,8.0,2019,5
792556,Hồ Chí Minh,0h - 9h,7.0,2019,1
792575,Hà Nội,9h - 11h,3.0,2019,2
792575,Hà Nội,17h - 21h,2.0,2019,5
792580,Đà Nẵng,17h - 21h,20.0,2019,5
792580,Đà Nẵng,0h - 9h,30.0,2019,1
792580,Đà Nẵng,9h - 11h,10.0,2019,2
792588,Hà Nội,17h - 21h,4.0,2019,5
792588,Hà Nội,14h - 17h,6.0,2019,4
792590,Hà Nội,17h - 21h,2.0,2019,5
792593,Hải Phòng,9h - 11h,3.0,2019,2
792598,Hải Phòng,14h - 17h,2.0,2019,4
792613,Hải Phòng,14h - 17h,3.0,2019,4
792613,Hải Phòng,11h - 14h,1.0,2019,3
792621,Hải Phòng,0h - 9h,8.0,2019,1
792648,Hải Phòng,9h - 11h,4.0,2019,2
792654,Hà Nội,11h - 14h,3.0,2019,3
792654,Hà Nội,17h - 21h,1.0,2019,5
792655,Hà Nội,17h - 21h,1.0,2019,5
792655,Hà Nội,14h - 17h,1.0,2019,4
792655,Hà Nội,11h - 14h,3.0,2019,3
792660,Hà Nội,17h - 21h,4.0,2019,5
792660,Hà Nội,11h - 14h,2.0,2019,3
792708,Nha Trang,0h - 9h,5.0,2019,1
792710,Hồ Chí Minh,17h - 21h,3.0,2019,5
792710,Hồ Chí Minh,9h - 11h,1.0,2019,2
792710,Hồ Chí Minh,0h - 9h,3.0,2019,1
792726,Hà Nội,17h - 21h,4.0,2019,5
792734,Hải Phòng,9h - 11h,4.0,2019,2
792736,Hải Phòng,17h - 21h,2.0,2019,5
792743,Nha Trang,0h - 9h,30.0,2019,1
792743,Nha Trang,17h - 21h,30.0,2019,5
792746,Hải Phòng,17h - 21h,2.0,2019,5
792750,Hà Nội,11h - 14h,1.0,2019,3
792750,Hà Nội,17h - 21h,2.0,2019,5
792768,Hà Nội,17h - 21h,2.0,2019,5
792768,Hà Nội,21h+,1.0,2019,6
792768,Hà Nội,9h - 11h,1.0,2019,2
792770,Hà Nội,17h - 21h,1.0,2019,5
792770,Hà Nội,21h+,2.0,2019,6
792772,Hà Nội,17h - 21h,4.0,2019,5
792772,Hà Nội,14h - 17h,2.0,2019,4
792776,Hải Phòng,14h - 17h,2.0,2019,4
792776,Hải Phòng,17h - 21h,3.0,2019,5
792776,Hải Phòng,9h - 11h,3.0,2019,2
792777,Hà Nội,21h+,1.0,2019,6
792777,Hà Nội,17h - 21h,4.0,2019,5
792780,Hà Nội,17h - 21h,2.0,2019,5
792780,Hà Nội,11h - 14h,2.0,2019,3
792784,Hà Nội,14h - 17h,2.0,2019,4
792784,Hà Nội,21h+,1.0,2019,6
792784,Hà Nội,17h - 21h,2.0,2019,5
792789,Hà Nội,17h - 21h,1.0,2019,5
792789,Hà Nội,11h - 14h,1.0,2019,3
792789,Hà Nội,14h - 17h,1.0,2019,4
792790,Hà Nội,14h - 17h,2.0,2019,4
792790,Hà Nội,17h - 21h,2.0,2019,5
792797,Hồ Chí Minh,0h - 9h,8.0,2019,1
792800,Hồ Chí Minh,0h - 9h,4.0,2019,1
792820,Nha Trang,0h - 9h,15.0,2019,1
792834,Đà Nẵng,17h - 21h,6.0,2019,5
792834,Đà Nẵng,9h - 11h,4.0,2019,2
792834,Đà Nẵng,0h - 9h,6.0,2019,1
792844,Hà Nội,17h - 21h,4.0,2019,5
792853,Hải Phòng,17h - 21h,6.0,2019,5
792855,Nha Trang,14h - 17h,30.0,2019,4
792855,Nha Trang,0h - 9h,30.0,2019,1
792860,Hà Nội,14h - 17h,4.0,2019,4
792860,Hà Nội,17h - 21h,4.0,2019,5
792863,Hải Phòng,0h - 9h,3.0,2019,1
792863,Hải Phòng,17h - 21h,4.0,2019,5
792866,Hà Nội,14h - 17h,2.0,2019,4
792866,Hà Nội,21h+,2.0,2019,6
792866,Hà Nội,17h - 21h,4.0,2019,5
792873,Cần Thơ,17h - 21h,13.0,2019,5
792873,Cần Thơ,0h - 9h,17.0,2019,1
792876,Nha Trang,0h - 9h,30.0,2019,1
792876,Nha Trang,17h - 21h,30.0,2019,5
792889,Cần Thơ,21h+,3.0,2019,6
792889,Cần Thơ,0h - 9h,12.0,2019,1
792893,Hải Phòng,0h - 9h,4.0,2019,1
792894,Hải Phòng,0h - 9h,4.0,2019,1
792898,Hải Phòng,9h - 11h,3.0,2019,2
792912,Hà Nội,17h - 21h,2.0,2019,5
792912,Hà Nội,14h - 17h,3.0,2019,4
792914,Hà Nội,14h - 17h,2.0,2019,4
792914,Hà Nội,11h - 14h,1.0,2019,3
792914,Hà Nội,17h - 21h,1.0,2019,5
792916,Hà Nội,11h - 14h,2.0,2019,3
792916,Hà Nội,17h - 21h,2.0,2019,5
792922,Hà Nội,14h - 17h,1.0,2019,4
792922,Hà Nội,17h - 21h,1.0,2019,5
792922,Hà Nội,11h - 14h,4.0,2019,3
792924,Hà Nội,17h - 21h,2.0,2019,5
792924,Hà Nội,14h - 17h,4.0,2019,4
792930,Hà Nội,9h - 11h,1.0,2019,2
792930,Hà Nội,17h - 21h,2.0,2019,5
792940,Nha Trang,17h - 21h,8.0,2019,5
792940,Nha Trang,0h - 9h,22.0,2019,1
792950,Hải Phòng,17h - 21h,1.0,2019,5
792950,Hải Phòng,21h+,3.0,2019,6
792955,Hà Nội,9h - 11h,2.0,2019,2
792955,Hà Nội,17h - 21h,2.0,2019,5
792962,Cần Thơ,0h - 9h,15.0,2019,1
792962,Cần Thơ,17h - 21h,5.0,2019,5
792963,Hà Nội,17h - 21h,3.0,2019,5
792963,Hà Nội,9h - 11h,2.0,2019,2
792976,Hải Phòng,9h - 11h,8.0,2019,2
793005,Hà Nội,17h - 21h,1.0,2019,5
793005,Hà Nội,11h - 14h,2.0,2019,3
793017,Hồ Chí Minh,0h - 9h,30.0,2019,1
793019,Hồ Chí Minh,0h - 9h,4.0,2019,1
793043,Hà Nội,21h+,2.0,2019,6
793043,Hà Nội,9h - 11h,2.0,2019,2
793043,Hà Nội,14h - 17h,2.0,2019,4
793043,Hà Nội,17h - 21h,4.0,2019,5
793056,Cần Thơ,17h - 21h,10.0,2019,5
793056,Cần Thơ,11h - 14h,10.0,2019,3
793067,Hải Phòng,17h - 21h,2.0,2019,5
793076,Hồ Chí Minh,17h - 21h,8.0,2019,5
793084,Cần Thơ,17h - 21h,20.0,2019,5
793084,Cần Thơ,0h - 9h,10.0,2019,1
793113,Hải Phòng,17h - 21h,2.0,2019,5
793118,Hải Phòng,17h - 21h,5.0,2019,5
793129,Hà Nội,17h - 21h,4.0,2019,5
793129,Hà Nội,21h+,1.0,2019,6
793132,Hải Phòng,17h - 21h,2.0,2019,5
793136,Hà Nội,17h - 21h,3.0,2019,5
793136,Hà Nội,21h+,1.0,2019,6
793176,Hải Phòng,0h - 9h,7.0,2019,1
793176,Hải Phòng,9h - 11h,10.0,2019,2
793176,Hải Phòng,14h - 17h,5.0,2019,4
793176,Hải Phòng,17h - 21h,13.0,2019,5
793209,Hà Nội,0h - 9h,4.0,2019,1
793209,Hà Nội,14h - 17h,2.0,2019,4
793220,Cần Thơ,0h - 9h,30.0,2019,1
793360,Cần Thơ,0h - 9h,30.0,2019,1
793388,Hà Nội,17h - 21h,4.0,2019,5
793394,Hà Nội,14h - 17h,2.0,2019,4
793394,Hà Nội,9h - 11h,1.0,2019,2
793424,Hồ Chí Minh,17h - 21h,3.0,2019,5
793424,Hồ Chí Minh,11h - 14h,1.0,2019,3
793456,Hải Phòng,9h - 11h,5.0,2019,2
793458,Hải Phòng,0h - 9h,5.0,2019,1
793458,Hải Phòng,17h - 21h,5.0,2019,5
793461,Hà Nội,17h - 21h,3.0,2019,5
793461,Hà Nội,14h - 17h,1.0,2019,4
793464,Nha Trang,0h - 9h,30.0,2019,1
793475,Hải Phòng,0h - 9h,30.0,2019,1
793475,Hải Phòng,11h - 14h,30.0,2019,3
793475,Hải Phòng,17h - 21h,30.0,2019,5
793485,Nha Trang,0h - 9h,30.0,2019,1
793489,Cần Thơ,17h - 21h,10.0,2019,5
793489,Cần Thơ,0h - 9h,30.0,2019,1
793545,Hà Nội,17h - 21h,2.0,2019,5
793545,Hà Nội,11h - 14h,2.0,2019,3
793568,Hồ Chí Minh,0h - 9h,3.0,2019,1
793568,Hồ Chí Minh,17h - 21h,2.0,2019,5
793569,Hải Phòng,17h - 21h,8.0,2019,5
793569,Hải Phòng,0h - 9h,4.0,2019,1
793579,Hồ Chí Minh,11h - 14h,6.0,2019,3
793585,Hải Phòng,9h - 11h,5.0,2019,2
793902,Hồ Chí Minh,0h - 9h,10.0,2019,1
793939,Hồ Chí Minh,0h - 9h,30.0,2019,1
793942,Hồ Chí Minh,0h - 9h,4.0,2019,1
793942,Hồ Chí Minh,9h - 11h,4.0,2019,2
794003,Nha Trang,0h - 9h,30.0,2019,1
794003,Nha Trang,17h - 21h,30.0,2019,5
794115,Hồ Chí Minh,0h - 9h,10.0,2019,1
794157,Hồ Chí Minh,17h - 21h,2.0,2019,5
794157,Hồ Chí Minh,11h - 14h,4.0,2019,3
794157,Hồ Chí Minh,0h - 9h,6.0,2019,1
794171,Hà Nội,14h - 17h,2.0,2019,4
794171,Hà Nội,17h - 21h,2.0,2019,5
794175,Hà Nội,11h - 14h,2.0,2019,3
794175,Hà Nội,14h - 17h,2.0,2019,4
794175,Hà Nội,17h - 21h,1.0,2019,5
794177,Hà Nội,17h - 21h,2.0,2019,5
794177,Hà Nội,11h - 14h,1.0,2019,3
794179,Hà Nội,14h - 17h,1.0,2019,4
794179,Hà Nội,17h - 21h,2.0,2019,5
794181,Nha Trang,11h - 14h,15.0,2019,3
794181,Nha Trang,17h - 21h,10.0,2019,5
794181,Nha Trang,0h - 9h,25.0,2019,1
794181,Nha Trang,21h+,10.0,2019,6
794229,Hồ Chí Minh,9h - 11h,4.0,2019,2
794258,Hồ Chí Minh,17h - 21h,6.0,2019,5
794258,Hồ Chí Minh,9h - 11h,8.0,2019,2
794347,Hà Nội,11h - 14h,2.0,2019,3
794347,Hà Nội,17h - 21h,2.0,2019,5
794385,Hồ Chí Minh,17h - 21h,4.0,2019,5
794385,Hồ Chí Minh,9h - 11h,2.0,2019,2
794392,Hồ Chí Minh,17h - 21h,4.0,2019,5
794505,Hà Nội,14h - 17h,3.0,2019,4
794511,Hà Nội,0h - 9h,4.0,2019,1
794521,Hà Nội,17h - 21h,6.0,2019,5
794533,Nha Trang,9h - 11h,10.0,2019,2
794533,Nha Trang,17h - 21h,20.0,2019,5
794560,Hà Nội,21h+,1.0,2019,6
794560,Hà Nội,17h - 21h,1.0,2019,5
794587,Hồ Chí Minh,0h - 9h,10.0,2019,1
794587,Hồ Chí Minh,11h - 14h,10.0,2019,3
794595,Hà Nội,17h - 21h,1.0,2019,5
794595,Hà Nội,14h - 17h,2.0,2019,4
794599,Hà Nội,11h - 14h,2.0,2019,3
794599,Hà Nội,17h - 21h,2.0,2019,5
794606,Hà Nội,17h - 21h,2.0,2019,5
794606,Hà Nội,14h - 17h,1.0,2019,4
794635,Hồ Chí Minh,17h - 21h,2.0,2019,5
794703,Hồ Chí Minh,17h - 21h,5.0,2019,5
794703,Hồ Chí Minh,0h - 9h,15.0,2019,1
794718,Hà Nội,11h - 14h,11.0,2019,3
794735,Hồ Chí Minh,17h - 21h,2.0,2019,5
794735,Hồ Chí Minh,14h - 17h,1.0,2019,4
794735,Hồ Chí Minh,0h - 9h,3.0,2019,1
794784,Hà Nội,14h - 17h,1.0,2019,4
794784,Hà Nội,9h - 11h,4.0,2019,2
794784,Hà Nội,17h - 21h,4.0,2019,5
794818,Hà Nội,11h - 14h,6.0,2019,3
794824,Hà Nội,0h - 9h,7.0,2019,1
794828,Hồ Chí Minh,9h - 11h,5.0,2019,2
794828,Hồ Chí Minh,17h - 21h,5.0,2019,5
794862,Hà Nội,9h - 11h,3.0,2019,2
794862,Hà Nội,14h - 17h,3.0,2019,4
794998,Cần Thơ,14h - 17h,10.0,2019,4
794998,Cần Thơ,0h - 9h,10.0,2019,1
795043,Hà Nội,14h - 17h,2.0,2019,4
795043,Hà Nội,0h - 9h,5.0,2019,1
795043,Hà Nội,21h+,3.0,2019,6
795086,Nha Trang,11h - 14h,20.0,2019,3
795086,Nha Trang,0h - 9h,30.0,2019,1
795086,Nha Trang,14h - 17h,10.0,2019,4
795102,Nha Trang,0h - 9h,6.0,2019,1
795104,Hồ Chí Minh,0h - 9h,2.0,2019,1
795104,Hồ Chí Minh,17h - 21h,2.0,2019,5
795105,Hà Nội,17h - 21h,2.0,2019,5
795105,Hà Nội,14h - 17h,2.0,2019,4
795108,Hà Nội,14h - 17h,3.0,2019,4
795146,Cần Thơ,17h - 21h,20.0,2019,5
795146,Cần Thơ,0h - 9h,20.0,2019,1
795151,Hồ Chí Minh,17h - 21h,15.0,2019,5
795151,Hồ Chí Minh,9h - 11h,10.0,2019,2
795179,Đà Nẵng,0h - 9h,12.0,2019,1
795193,Hà Nội,17h - 21h,4.0,2019,5
795193,Hà Nội,9h - 11h,4.0,2019,2
795214,Hồ Chí Minh,17h - 21h,4.0,2019,5
795214,Hồ Chí Minh,11h - 14h,1.0,2019,3
795222,Nha Trang,0h - 9h,4.0,2019,1
795222,Nha Trang,17h - 21h,30.0,2019,5
795227,Đà Nẵng,9h - 11h,2.0,2019,2
795227,Đà Nẵng,17h - 21h,1.0,2019,5
795230,Nha Trang,14h - 17h,5.0,2019,4
795230,Nha Trang,0h - 9h,10.0,2019,1
795238,Hà Nội,14h - 17h,4.0,2019,4
795238,Hà Nội,17h - 21h,4.0,2019,5
795238,Hà Nội,0h - 9h,4.0,2019,1
795258,Hải Phòng,17h - 21h,1.0,2019,5
795258,Hải Phòng,9h - 11h,3.0,2019,2
795282,Hà Nội,14h - 17h,4.0,2019,4
795292,Đà Nẵng,0h - 9h,8.0,2019,1
795315,Nha Trang,17h - 21h,2.0,2019,5
795315,Nha Trang,0h - 9h,28.0,2019,1
795337,Hà Nội,17h - 21h,4.0,2019,5
795339,Cần Thơ,17h - 21h,30.0,2019,5
795340,Đà Nẵng,9h - 11h,2.0,2019,2
795340,Đà Nẵng,0h - 9h,8.0,2019,1
795342,Hà Nội,17h - 21h,3.0,2019,5
795365,Hà Nội,0h - 9h,2.0,2019,1
795365,Hà Nội,17h - 21h,2.0,2019,5
795367,Nha Trang,11h - 14h,20.0,2019,3
795367,Nha Trang,0h - 9h,30.0,2019,1
795367,Nha Trang,14h - 17h,10.0,2019,4
795370,Hồ Chí Minh,17h - 21h,5.0,2019,5
795370,Hồ Chí Minh,11h - 14h,10.0,2019,3
795376,Hà Nội,9h - 11h,3.0,2019,2
795403,Nha Trang,11h - 14h,5.0,2019,3
795403,Nha Trang,0h - 9h,30.0,2019,1
795472,Hà Nội,0h - 9h,4.0,2019,1
795472,Hà Nội,17h - 21h,4.0,2019,5
795482,Hà Nội,11h - 14h,4.0,2019,3
795482,Hà Nội,0h - 9h,4.0,2019,1
795508,Cần Thơ,0h - 9h,15.0,2019,1
795508,Cần Thơ,17h - 21h,15.0,2019,5
795509,Hải Phòng,9h - 11h,2.0,2019,2
795511,Hải Phòng,17h - 21h,10.0,2019,5
795522,Cần Thơ,11h - 14h,2.0,2019,3
795522,Cần Thơ,17h - 21h,8.0,2019,5
795553,Hà Nội,0h - 9h,1.0,2019,1
795553,Hà Nội,17h - 21h,2.0,2019,5
795553,Hà Nội,11h - 14h,1.0,2019,3
795580,Hà Nội,14h - 17h,2.0,2019,4
795580,Hà Nội,17h - 21h,3.0,2019,5
795580,Hà Nội,9h - 11h,3.0,2019,2
795580,Hà Nội,21h+,1.0,2019,6
795589,Nha Trang,0h - 9h,25.0,2019,1
795609,Nha Trang,17h - 21h,4.0,2019,5
795613,Nha Trang,0h - 9h,30.0,2019,1
795613,Nha Trang,11h - 14h,30.0,2019,3
795683,Cần Thơ,0h - 9h,10.0,2019,1
795683,Cần Thơ,17h - 21h,20.0,2019,5
795707,Hải Phòng,9h - 11h,4.0,2019,2
795722,Cần Thơ,17h - 21h,8.0,2019,5
795734,Hà Nội,11h - 14h,3.0,2019,3
795734,Hà Nội,17h - 21h,5.0,2019,5
795745,Hà Nội,9h - 11h,3.0,2019,2
795745,Hà Nội,17h - 21h,2.0,2019,5
795752,Hà Nội,21h+,2.0,2019,6
795752,Hà Nội,11h - 14h,2.0,2019,3
795752,Hà Nội,17h - 21h,4.0,2019,5
795796,Hải Phòng,21h+,2.0,2019,6
795921,Hà Nội,17h - 21h,4.0,2019,5
795957,Đà Nẵng,0h - 9h,10.0,2019,1
795957,Đà Nẵng,14h - 17h,10.0,2019,4
795958,Hà Nội,11h - 14h,3.0,2019,3
795958,Hà Nội,17h - 21h,4.0,2019,5
795958,Hà Nội,0h - 9h,3.0,2019,1
795996,Nha Trang,0h - 9h,20.0,2019,1
795996,Nha Trang,17h - 21h,10.0,2019,5
796081,Đà Nẵng,17h - 21h,10.0,2019,5
796113,Hải Phòng,17h - 21h,5.0,2019,5
796181,Hà Nội,17h - 21h,2.0,2019,5
796181,Hà Nội,14h - 17h,1.0,2019,4
796204,Đà Nẵng,0h - 9h,5.0,2019,1
796204,Đà Nẵng,17h - 21h,5.0,2019,5
796221,Hồ Chí Minh,0h - 9h,30.0,2019,1
796259,Hà Nội,17h - 21h,4.0,2019,5
796259,Hà Nội,0h - 9h,4.0,2019,1
796259,Hà Nội,11h - 14h,4.0,2019,3
796284,Hồ Chí Minh,0h - 9h,8.0,2019,1
796357,Hồ Chí Minh,11h - 14h,4.0,2019,3
796357,Hồ Chí Minh,17h - 21h,4.0,2019,5
796405,Hà Nội,14h - 17h,1.0,2019,4
796405,Hà Nội,17h - 21h,3.0,2019,5
796412,Hà Nội,17h - 21h,5.0,2019,5
796685,Hồ Chí Minh,0h - 9h,20.0,2019,1
796685,Hồ Chí Minh,17h - 21h,5.0,2019,5
796840,Hồ Chí Minh,0h - 9h,8.0,2019,1
796909,Hà Nội,11h - 14h,2.0,2019,3
796909,Hà Nội,17h - 21h,1.0,2019,5
796909,Hà Nội,14h - 17h,1.0,2019,4
796914,Hà Nội,21h+,1.0,2019,6
796914,Hà Nội,11h - 14h,2.0,2019,3
796914,Hà Nội,14h - 17h,2.0,2019,4
796921,Hà Nội,17h - 21h,4.0,2019,5
796921,Hà Nội,21h+,2.0,2019,6
796924,Hà Nội,17h - 21h,2.0,2019,5
796924,Hà Nội,11h - 14h,1.0,2019,3
796944,Hà Nội,14h - 17h,2.0,2019,4
796944,Hà Nội,17h - 21h,2.0,2019,5
797043,Nha Trang,0h - 9h,15.0,2019,1
797043,Nha Trang,17h - 21h,15.0,2019,5
797192,Hà Nội,11h - 14h,5.0,2019,3
797231,Hà Nội,17h - 21h,3.0,2019,5
797231,Hà Nội,11h - 14h,2.0,2019,3
797233,Hà Nội,14h - 17h,2.0,2019,4
797233,Hà Nội,17h - 21h,2.0,2019,5
797241,Hà Nội,14h - 17h,4.0,2019,4
797255,Đà Nẵng,0h - 9h,30.0,2019,1
797269,Hà Nội,17h - 21h,5.0,2019,5
797269,Hà Nội,11h - 14h,3.0,2019,3
797269,Hà Nội,0h - 9h,4.0,2019,1
797274,Nha Trang,14h - 17h,5.0,2019,4
797274,Nha Trang,0h - 9h,10.0,2019,1
797282,Hồ Chí Minh,0h - 9h,5.0,2019,1
797336,Hồ Chí Minh,17h - 21h,18.0,2019,5
797336,Hồ Chí Minh,11h - 14h,10.0,2019,3
797336,Hồ Chí Minh,0h - 9h,10.0,2019,1
797348,Hà Nội,17h - 21h,5.0,2019,5
797386,Đà Nẵng,0h - 9h,30.0,2019,1
797467,Hà Nội,14h - 17h,2.0,2019,4
797467,Hà Nội,17h - 21h,2.0,2019,5
797476,Đà Nẵng,17h - 21h,3.0,2019,5
797476,Đà Nẵng,9h - 11h,7.0,2019,2
797512,Hà Nội,9h - 11h,2.0,2019,2
797512,Hà Nội,14h - 17h,3.0,2019,4
797512,Hà Nội,17h - 21h,2.0,2019,5
797515,Hà Nội,17h - 21h,2.0,2019,5
797515,Hà Nội,21h+,2.0,2019,6
797515,Hà Nội,11h - 14h,4.0,2019,3
797551,Hồ Chí Minh,9h - 11h,2.0,2019,2
797551,Hồ Chí Minh,17h - 21h,2.0,2019,5
797611,Đà Nẵng,17h - 21h,1.0,2019,5
797611,Đà Nẵng,0h - 9h,29.0,2019,1
797671,Hà Nội,9h - 11h,5.0,2019,2
797750,Hồ Chí Minh,11h - 14h,2.0,2019,3
797750,Hồ Chí Minh,17h - 21h,2.0,2019,5
797759,Hồ Chí Minh,0h - 9h,3.0,2019,1
797759,Hồ Chí Minh,11h - 14h,4.0,2019,3
797797,Đà Nẵng,0h - 9h,6.0,2019,1
797797,Đà Nẵng,17h - 21h,4.0,2019,5
797839,Hà Nội,9h - 11h,3.0,2019,2
797875,Hà Nội,17h - 21h,7.0,2019,5
797877,Nha Trang,0h - 9h,7.0,2019,1
797889,Hồ Chí Minh,14h - 17h,2.0,2019,4
797889,Hồ Chí Minh,9h - 11h,1.0,2019,2
797892,Hồ Chí Minh,17h - 21h,4.0,2019,5
797892,Hồ Chí Minh,0h - 9h,26.0,2019,1
797893,Hà Nội,11h - 14h,2.0,2019,3
797893,Hà Nội,14h - 17h,1.0,2019,4
797893,Hà Nội,17h - 21h,1.0,2019,5
797912,Hà Nội,11h - 14h,2.0,2019,3
797912,Hà Nội,17h - 21h,4.0,2019,5
797914,Hồ Chí Minh,17h - 21h,7.0,2019,5
797914,Hồ Chí Minh,9h - 11h,8.0,2019,2
797914,Hồ Chí Minh,14h - 17h,15.0,2019,4
797916,Đà Nẵng,0h - 9h,3.0,2019,1
797924,Hồ Chí Minh,0h - 9h,6.0,2019,1
797933,Hà Nội,11h - 14h,3.0,2019,3
797933,Hà Nội,21h+,2.0,2019,6
797953,Hà Nội,17h - 21h,3.0,2019,5
798003,Hà Nội,0h - 9h,4.0,2019,1
798003,Hà Nội,17h - 21h,4.0,2019,5
798035,Hải Phòng,17h - 21h,2.0,2019,5
798035,Hải Phòng,9h - 11h,2.0,2019,2
798042,Nha Trang,11h - 14h,5.0,2019,3
798046,Hà Nội,17h - 21h,2.0,2019,5
798046,Hà Nội,9h - 11h,4.0,2019,2
798058,Hồ Chí Minh,0h - 9h,3.0,2019,1
798058,Hồ Chí Minh,17h - 21h,2.0,2019,5
798064,Nha Trang,0h - 9h,8.0,2019,1
798064,Nha Trang,14h - 17h,5.0,2019,4
798071,Đà Nẵng,0h - 9h,30.0,2019,1
798079,Hà Nội,9h - 11h,5.0,2019,2
798099,Hồ Chí Minh,11h - 14h,12.0,2019,3
798114,Hà Nội,11h - 14h,1.0,2019,3
798114,Hà Nội,21h+,1.0,2019,6
798114,Hà Nội,17h - 21h,1.0,2019,5
798117,Hà Nội,17h - 21h,2.0,2019,5
798117,Hà Nội,11h - 14h,1.0,2019,3
798146,Hải Phòng,21h+,4.0,2019,6
798146,Hải Phòng,17h - 21h,4.0,2019,5
798150,Nha Trang,0h - 9h,27.0,2019,1
798171,Nha Trang,11h - 14h,30.0,2019,3
798171,Nha Trang,0h - 9h,30.0,2019,1
798186,Hà Nội,0h - 9h,3.0,2019,1
798187,Hồ Chí Minh,9h - 11h,2.0,2019,2
798187,Hồ Chí Minh,17h - 21h,4.0,2019,5
798210,Hà Nội,9h - 11h,1.0,2019,2
798210,Hà Nội,17h - 21h,3.0,2019,5
798232,Hải Phòng,9h - 11h,2.0,2019,2
798232,Hải Phòng,0h - 9h,2.0,2019,1
798232,Hải Phòng,21h+,2.0,2019,6
798232,Hải Phòng,17h - 21h,2.0,2019,5
798232,Hải Phòng,11h - 14h,2.0,2019,3
798237,Nha Trang,17h - 21h,5.0,2019,5
798237,Nha Trang,11h - 14h,5.0,2019,3
798237,Nha Trang,0h - 9h,30.0,2019,1
798285,Hà Nội,17h - 21h,4.0,2019,5
798287,Hải Phòng,9h - 11h,4.0,2019,2
798336,Nha Trang,0h - 9h,5.0,2019,1
798521,Đà Nẵng,0h - 9h,30.0,2019,1
798521,Đà Nẵng,14h - 17h,30.0,2019,4
798535,Hà Nội,14h - 17h,3.0,2019,4
798556,Đà Nẵng,0h - 9h,30.0,2019,1
798590,Đà Nẵng,0h - 9h,4.0,2019,1
798590,Đà Nẵng,14h - 17h,4.0,2019,4
798603,Nha Trang,17h - 21h,26.0,2019,5
798603,Nha Trang,0h - 9h,30.0,2019,1
798637,Nha Trang,0h - 9h,30.0,2019,1
798637,Nha Trang,14h - 17h,25.0,2019,4
798774,Hà Nội,17h - 21h,5.0,2019,5
798775,Nha Trang,17h - 21h,5.0,2019,5
798775,Nha Trang,0h - 9h,10.0,2019,1
798786,Nha Trang,17h - 21h,3.0,2019,5
798803,Đà Nẵng,17h - 21h,2.0,2019,5
798803,Đà Nẵng,0h - 9h,3.0,2019,1
798803,Đà Nẵng,9h - 11h,3.0,2019,2
798832,Nha Trang,14h - 17h,12.0,2019,4
798834,Đà Nẵng,9h - 11h,8.0,2019,2
798841,Hồ Chí Minh,14h - 17h,1.0,2019,4
798841,Hồ Chí Minh,9h - 11h,1.0,2019,2
798841,Hồ Chí Minh,17h - 21h,2.0,2019,5
798895,Đà Nẵng,0h - 9h,8.0,2019,1
798903,Hà Nội,17h - 21h,6.0,2019,5
798916,Đà Nẵng,0h - 9h,20.0,2019,1
798916,Đà Nẵng,17h - 21h,10.0,2019,5
798920,Hà Nội,14h - 17h,3.0,2019,4
798927,Hồ Chí Minh,0h - 9h,30.0,2019,1
798981,Hải Phòng,9h - 11h,4.0,2019,2
799018,Hồ Chí Minh,11h - 14h,1.0,2019,3
799018,Hồ Chí Minh,0h - 9h,1.0,2019,1
799018,Hồ Chí Minh,17h - 21h,3.0,2019,5
799034,Hà Nội,9h - 11h,2.0,2019,2
799034,Hà Nội,14h - 17h,2.0,2019,4
799079,Cần Thơ,0h - 9h,5.0,2019,1
799079,Cần Thơ,14h - 17h,10.0,2019,4
799079,Cần Thơ,17h - 21h,5.0,2019,5
799079,Cần Thơ,9h - 11h,10.0,2019,2
799418,Hà Nội,11h - 14h,2.0,2019,3
799418,Hà Nội,17h - 21h,2.0,2019,5
799488,Hồ Chí Minh,0h - 9h,30.0,2019,1
799509,Nha Trang,17h - 21h,5.0,2019,5
799509,Nha Trang,0h - 9h,5.0,2019,1
799521,Hà Nội,11h - 14h,1.0,2019,3
799521,Hà Nội,17h - 21h,3.0,2019,5
799521,Hà Nội,21h+,1.0,2019,6
799561,Hải Phòng,0h - 9h,4.0,2019,1
799568,Hồ Chí Minh,17h - 21h,4.0,2019,5
799568,Hồ Chí Minh,0h - 9h,2.0,2019,1
799578,Hồ Chí Minh,0h - 9h,8.0,2019,1
799587,Nha Trang,9h - 11h,15.0,2019,2
799587,Nha Trang,14h - 17h,15.0,2019,4
799596,Đà Nẵng,0h - 9h,20.0,2019,1
799614,Hà Nội,14h - 17h,1.0,2019,4
799614,Hà Nội,9h - 11h,4.0,2019,2
799630,Hà Nội,17h - 21h,3.0,2019,5
799633,Hồ Chí Minh,17h - 21h,12.0,2019,5
799636,Hồ Chí Minh,0h - 9h,12.0,2019,1
799734,Hà Nội,0h - 9h,2.0,2019,1
799734,Hà Nội,21h+,2.0,2019,6
799734,Hà Nội,17h - 21h,2.0,2019,5
799734,Hà Nội,11h - 14h,2.0,2019,3
799840,Hồ Chí Minh,14h - 17h,15.0,2019,4
799843,Hồ Chí Minh,17h - 21h,8.0,2019,5
799843,Hồ Chí Minh,0h - 9h,4.0,2019,1
799860,Hồ Chí Minh,0h - 9h,12.0,2019,1
799869,Hà Nội,17h - 21h,3.0,2019,5
799898,Hồ Chí Minh,0h - 9h,2.0,2019,1
799898,Hồ Chí Minh,14h - 17h,1.0,2019,4
799900,Hải Phòng,0h - 9h,10.0,2019,1
799930,Đà Nẵng,14h - 17h,5.0,2019,4
799930,Đà Nẵng,0h - 9h,15.0,2019,1
799930,Đà Nẵng,11h - 14h,5.0,2019,3
799930,Đà Nẵng,9h - 11h,5.0,2019,2
799930,Đà Nẵng,17h - 21h,5.0,2019,5
799949,Hải Phòng,0h - 9h,4.0,2019,1
799951,Đà Nẵng,17h - 21h,2.0,2019,5
799951,Đà Nẵng,9h - 11h,4.0,2019,2
799951,Đà Nẵng,0h - 9h,10.0,2019,1
799972,Hà Nội,17h - 21h,2.0,2019,5
799972,Hà Nội,0h - 9h,2.0,2019,1
799972,Hà Nội,14h - 17h,1.0,2019,4
799979,Hà Nội,11h - 14h,4.0,2019,3
799979,Hà Nội,17h - 21h,2.0,2019,5
799979,Hà Nội,14h - 17h,4.0,2019,4
800056,Hà Nội,17h - 21h,2.0,2019,5
800056,Hà Nội,14h - 17h,1.0,2019,4
800056,Hà Nội,11h - 14h,1.0,2019,3
800061,Hải Phòng,0h - 9h,2.0,2019,1
800061,Hải Phòng,17h - 21h,2.0,2019,5
800069,Đà Nẵng,14h - 17h,4.0,2019,4
800091,Hà Nội,14h - 17h,5.0,2019,4
800095,Hà Nội,17h - 21h,4.0,2019,5
800111,Hà Nội,11h - 14h,3.0,2019,3
800111,Hà Nội,0h - 9h,3.0,2019,1
800111,Hà Nội,17h - 21h,2.0,2019,5
800113,Hà Nội,14h - 17h,4.0,2019,4
800134,Đà Nẵng,0h - 9h,2.0,2019,1
800181,Hà Nội,21h+,2.0,2019,6
800181,Hà Nội,11h - 14h,3.0,2019,3
800181,Hà Nội,9h - 11h,3.0,2019,2
800181,Hà Nội,17h - 21h,2.0,2019,5
800182,Đà Nẵng,0h - 9h,4.0,2019,1
800183,Đà Nẵng,0h - 9h,30.0,2019,1
800189,Nha Trang,0h - 9h,24.0,2019,1
800208,Đà Nẵng,9h - 11h,6.0,2019,2
800208,Đà Nẵng,0h - 9h,9.0,2019,1
800216,Hà Nội,9h - 11h,2.0,2019,2
800216,Hà Nội,17h - 21h,2.0,2019,5
800220,Hà Nội,17h - 21h,2.0,2019,5
800220,Hà Nội,11h - 14h,2.0,2019,3
800247,Hồ Chí Minh,17h - 21h,3.0,2019,5
800247,Hồ Chí Minh,11h - 14h,3.0,2019,3
800247,Hồ Chí Minh,9h - 11h,4.0,2019,2
800267,Đà Nẵng,17h - 21h,10.0,2019,5
800283,Cần Thơ,0h - 9h,4.0,2019,1
800283,Cần Thơ,14h - 17h,1.0,2019,4
800347,Nha Trang,0h - 9h,19.0,2019,1
800347,Nha Trang,11h - 14h,21.0,2019,3
800394,Nha Trang,14h - 17h,30.0,2019,4
800394,Nha Trang,17h - 21h,4.0,2019,5
800405,Nha Trang,0h - 9h,30.0,2019,1
800405,Nha Trang,14h - 17h,28.0,2019,4
800429,Đà Nẵng,0h - 9h,8.0,2019,1
800438,Đà Nẵng,0h - 9h,4.0,2019,1
800445,Hồ Chí Minh,11h - 14h,2.0,2019,3
800445,Hồ Chí Minh,17h - 21h,3.0,2019,5
800445,Hồ Chí Minh,14h - 17h,3.0,2019,4
800446,Đà Nẵng,0h - 9h,10.0,2019,1
800462,Hải Phòng,9h - 11h,2.0,2019,2
800472,Hà Nội,11h - 14h,2.0,2019,3
800472,Hà Nội,17h - 21h,3.0,2019,5
800492,Đà Nẵng,9h - 11h,3.0,2019,2
800492,Đà Nẵng,0h - 9h,5.0,2019,1
800492,Đà Nẵng,21h+,2.0,2019,6
800503,Đà Nẵng,17h - 21h,3.0,2019,5
800503,Đà Nẵng,9h - 11h,4.0,2019,2
800503,Đà Nẵng,0h - 9h,3.0,2019,1
800507,Nha Trang,0h - 9h,20.0,2019,1
800507,Nha Trang,14h - 17h,10.0,2019,4
800524,Nha Trang,17h - 21h,8.0,2019,5
800565,Hải Phòng,9h - 11h,4.0,2019,2
800571,Cần Thơ,0h - 9h,3.0,2019,1
800571,Cần Thơ,17h - 21h,1.0,2019,5
800580,Cần Thơ,0h - 9h,4.0,2019,1
800589,Hồ Chí Minh,17h - 21h,5.0,2019,5
800589,Hồ Chí Minh,14h - 17h,4.0,2019,4
800589,Hồ Chí Minh,9h - 11h,3.0,2019,2
800622,Hà Nội,17h - 21h,4.0,2019,5
800627,Hải Phòng,17h - 21h,1.0,2019,5
800627,Hải Phòng,9h - 11h,3.0,2019,2
800627,Hải Phòng,14h - 17h,1.0,2019,4
800630,Hồ Chí Minh,11h - 14h,6.0,2019,3
800635,Hải Phòng,0h - 9h,4.0,2019,1
800664,Hà Nội,0h - 9h,4.0,2019,1
800664,Hà Nội,17h - 21h,4.0,2019,5
800664,Hà Nội,21h+,2.0,2019,6
800668,Đà Nẵng,0h - 9h,8.0,2019,1
800671,Hà Nội,17h - 21h,3.0,2019,5
800671,Hà Nội,0h - 9h,4.0,2019,1
800671,Hà Nội,14h - 17h,1.0,2019,4
800673,Hà Nội,0h - 9h,2.0,2019,1
800673,Hà Nội,17h - 21h,4.0,2019,5
800673,Hà Nội,9h - 11h,2.0,2019,2
800681,Nha Trang,0h - 9h,30.0,2019,1
800681,Nha Trang,14h - 17h,5.0,2019,4
800687,Hà Nội,17h - 21h,7.0,2019,5
800687,Hà Nội,9h - 11h,3.0,2019,2
800712,Hà Nội,14h - 17h,4.0,2019,4
800712,Hà Nội,9h - 11h,3.0,2019,2
800712,Hà Nội,17h - 21h,5.0,2019,5
800715,Hà Nội,17h - 21h,3.0,2019,5
800715,Hà Nội,14h - 17h,3.0,2019,4
800715,Hà Nội,0h - 9h,2.0,2019,1
800768,Hà Nội,17h - 21h,6.0,2019,5
800816,Hồ Chí Minh,11h - 14h,6.0,2019,3
800816,Hồ Chí Minh,17h - 21h,9.0,2019,5
800826,Đà Nẵng,0h - 9h,4.0,2019,1
800853,Hà Nội,17h - 21h,3.0,2019,5
800853,Hà Nội,11h - 14h,3.0,2019,3
800856,Hà Nội,0h - 9h,1.0,2019,1
800856,Hà Nội,9h - 11h,2.0,2019,2
800856,Hà Nội,14h - 17h,1.0,2019,4
800856,Hà Nội,17h - 21h,2.0,2019,5
800858,Hà Nội,17h - 21h,2.0,2019,5
800858,Hà Nội,0h - 9h,3.0,2019,1
800864,Hà Nội,17h - 21h,4.0,2019,5
800864,Hà Nội,0h - 9h,2.0,2019,1
800865,Hà Nội,17h - 21h,4.0,2019,5
800865,Hà Nội,0h - 9h,2.0,2019,1
800887,Hà Nội,21h+,4.0,2019,6
800887,Hà Nội,0h - 9h,5.0,2019,1
800887,Hà Nội,17h - 21h,6.0,2019,5
800890,Hà Nội,9h - 11h,4.0,2019,2
800890,Hà Nội,17h - 21h,2.0,2019,5
800930,Hải Phòng,0h - 9h,20.0,2019,1
800989,Đà Nẵng,0h - 9h,12.0,2019,1
801030,Đà Nẵng,0h - 9h,8.0,2019,1
801036,Nha Trang,0h - 9h,25.0,2019,1
801049,Hải Phòng,0h - 9h,5.0,2019,1
801049,Hải Phòng,17h - 21h,10.0,2019,5
801055,Hải Phòng,17h - 21h,15.0,2019,5
801071,Hà Nội,11h - 14h,7.0,2019,3
801072,Đà Nẵng,0h - 9h,30.0,2019,1
801083,Hà Nội,0h - 9h,3.0,2019,1
801087,Hà Nội,11h - 14h,2.0,2019,3
801087,Hà Nội,17h - 21h,2.0,2019,5
801100,Hà Nội,17h - 21h,2.0,2019,5
801100,Hà Nội,11h - 14h,2.0,2019,3
801102,Hà Nội,11h - 14h,2.0,2019,3
801102,Hà Nội,14h - 17h,2.0,2019,4
801102,Hà Nội,17h - 21h,2.0,2019,5
801199,Đà Nẵng,14h - 17h,10.0,2019,4
801199,Đà Nẵng,0h - 9h,15.0,2019,1
801230,Hà Nội,9h - 11h,4.0,2019,2
801234,Đà Nẵng,0h - 9h,4.0,2019,1
801249,Hồ Chí Minh,0h - 9h,8.0,2019,1
801249,Hồ Chí Minh,11h - 14h,8.0,2019,3
801249,Hồ Chí Minh,17h - 21h,8.0,2019,5
801263,Hà Nội,17h - 21h,4.0,2019,5
801277,Hà Nội,17h - 21h,4.0,2019,5
801288,Nha Trang,17h - 21h,2.0,2019,5
801288,Nha Trang,0h - 9h,2.0,2019,1
801291,Hà Nội,21h+,2.0,2019,6
801291,Hà Nội,0h - 9h,2.0,2019,1
801291,Hà Nội,14h - 17h,2.0,2019,4
801291,Hà Nội,17h - 21h,3.0,2019,5
801444,Nha Trang,17h - 21h,5.0,2019,5
801444,Nha Trang,0h - 9h,7.0,2019,1
801444,Nha Trang,11h - 14h,3.0,2019,3
801476,Đà Nẵng,0h - 9h,8.0,2019,1
801544,Hồ Chí Minh,0h - 9h,10.0,2019,1
801544,Hồ Chí Minh,17h - 21h,6.0,2019,5
801571,Hà Nội,14h - 17h,1.0,2019,4
801571,Hà Nội,17h - 21h,2.0,2019,5
801598,Hà Nội,11h - 14h,1.0,2019,3
801598,Hà Nội,0h - 9h,2.0,2019,1
801598,Hà Nội,14h - 17h,3.0,2019,4
801598,Hà Nội,17h - 21h,2.0,2019,5
801598,Hà Nội,9h - 11h,1.0,2019,2
801651,Hà Nội,17h - 21h,4.0,2019,5
802026,Đà Nẵng,0h - 9h,12.0,2019,1
802039,Hồ Chí Minh,0h - 9h,6.0,2019,1
802121,Nha Trang,17h - 21h,4.0,2019,5
802145,Hà Nội,9h - 11h,2.0,2019,2
802145,Hà Nội,11h - 14h,1.0,2019,3
802145,Hà Nội,14h - 17h,3.0,2019,4
802177,Đà Nẵng,0h - 9h,30.0,2019,1
802231,Nha Trang,17h - 21h,6.0,2019,5
802232,Hà Nội,11h - 14h,1.0,2019,3
802232,Hà Nội,17h - 21h,2.0,2019,5
802273,Cần Thơ,17h - 21h,2.0,2019,5
802276,Cần Thơ,14h - 17h,2.0,2019,4
802314,Đà Nẵng,0h - 9h,3.0,2019,1
802401,Đà Nẵng,0h - 9h,30.0,2019,1
802412,Hà Nội,9h - 11h,2.0,2019,2
802412,Hà Nội,14h - 17h,2.0,2019,4
802444,Nha Trang,0h - 9h,3.0,2019,1
802466,Nha Trang,9h - 11h,6.0,2019,2
802470,Đà Nẵng,9h - 11h,1.0,2019,2
802503,Cần Thơ,17h - 21h,2.0,2019,5
802503,Cần Thơ,0h - 9h,2.0,2019,1
802506,Hà Nội,11h - 14h,1.0,2019,3
802506,Hà Nội,17h - 21h,3.0,2019,5
802537,Hà Nội,17h - 21h,5.0,2019,5
802537,Hà Nội,11h - 14h,3.0,2019,3
802550,Đà Nẵng,0h - 9h,7.0,2019,1
802582,Hà Nội,17h - 21h,4.0,2019,5
802582,Hà Nội,11h - 14h,4.0,2019,3
802582,Hà Nội,0h - 9h,4.0,2019,1
802645,Đà Nẵng,0h - 9h,1.0,2019,1
802645,Đà Nẵng,14h - 17h,1.0,2019,4
802650,Đà Nẵng,0h - 9h,30.0,2019,1
802653,Cần Thơ,17h - 21h,10.0,2019,5
802653,Cần Thơ,0h - 9h,20.0,2019,1
802658,Hà Nội,14h - 17h,3.0,2019,4
802658,Hà Nội,11h - 14h,2.0,2019,3
802702,Hà Nội,17h - 21h,5.0,2019,5
802709,Hà Nội,21h+,1.0,2019,6
802709,Hà Nội,11h - 14h,1.0,2019,3
802709,Hà Nội,17h - 21h,2.0,2019,5
802721,Hà Nội,11h - 14h,5.0,2019,3
802735,Hồ Chí Minh,9h - 11h,3.0,2019,2
802735,Hồ Chí Minh,14h - 17h,2.0,2019,4
802735,Hồ Chí Minh,17h - 21h,3.0,2019,5
802746,Đà Nẵng,0h - 9h,4.0,2019,1
802746,Đà Nẵng,9h - 11h,4.0,2019,2
802746,Đà Nẵng,14h - 17h,4.0,2019,4
802746,Đà Nẵng,17h - 21h,4.0,2019,5
802771,Cần Thơ,17h - 21h,10.0,2019,5
802771,Cần Thơ,0h - 9h,20.0,2019,1
802787,Hà Nội,21h+,3.0,2019,6
802787,Hà Nội,17h - 21h,8.0,2019,5
802800,Hà Nội,14h - 17h,1.0,2019,4
802800,Hà Nội,17h - 21h,2.0,2019,5
802805,Hồ Chí Minh,0h - 9h,15.0,2019,1
802821,Đà Nẵng,0h - 9h,8.0,2019,1
802841,Hải Phòng,0h - 9h,5.0,2019,1
802850,Cần Thơ,0h - 9h,10.0,2019,1
802850,Cần Thơ,17h - 21h,20.0,2019,5
802861,Hồ Chí Minh,17h - 21h,8.0,2019,5
802861,Hồ Chí Minh,9h - 11h,8.0,2019,2
802889,Hà Nội,17h - 21h,4.0,2019,5
802896,Hải Phòng,9h - 11h,2.0,2019,2
802905,Đà Nẵng,0h - 9h,5.0,2019,1
802915,Đà Nẵng,17h - 21h,5.0,2019,5
802915,Đà Nẵng,0h - 9h,20.0,2019,1
802915,Đà Nẵng,14h - 17h,5.0,2019,4
802966,Nha Trang,0h - 9h,18.0,2019,1
802971,Nha Trang,17h - 21h,4.0,2019,5
802988,Hồ Chí Minh,0h - 9h,5.0,2019,1
802988,Hồ Chí Minh,14h - 17h,5.0,2019,4
802990,Hồ Chí Minh,0h - 9h,12.0,2019,1
802997,Đà Nẵng,0h - 9h,30.0,2019,1
803006,Hồ Chí Minh,0h - 9h,2.0,2019,1
803006,Hồ Chí Minh,14h - 17h,1.0,2019,4
803092,Hà Nội,9h - 11h,2.0,2019,2
803092,Hà Nội,17h - 21h,4.0,2019,5
803092,Hà Nội,21h+,2.0,2019,6
803096,Hà Nội,17h - 21h,3.0,2019,5
803096,Hà Nội,14h - 17h,3.0,2019,4
803101,Hà Nội,21h+,1.0,2019,6
803101,Hà Nội,9h - 11h,2.0,2019,2
803101,Hà Nội,14h - 17h,3.0,2019,4
803101,Hà Nội,17h - 21h,4.0,2019,5
803102,Hà Nội,17h - 21h,4.0,2019,5
803102,Hà Nội,0h - 9h,4.0,2019,1
803106,Hà Nội,17h - 21h,2.0,2019,5
803106,Hà Nội,14h - 17h,2.0,2019,4
803107,Cần Thơ,0h - 9h,10.0,2019,1
803107,Cần Thơ,17h - 21h,20.0,2019,5
803108,Nha Trang,0h - 9h,2.0,2019,1
803152,Nha Trang,0h - 9h,4.0,2019,1
803165,Hà Nội,0h - 9h,4.0,2019,1
803165,Hà Nội,17h - 21h,1.0,2019,5
803165,Hà Nội,11h - 14h,1.0,2019,3
803167,Nha Trang,0h - 9h,24.0,2019,1
803182,Cần Thơ,0h - 9h,4.0,2019,1
803191,Hà Nội,11h - 14h,2.0,2019,3
803191,Hà Nội,17h - 21h,2.0,2019,5
803193,Nha Trang,0h - 9h,2.0,2019,1
803193,Nha Trang,17h - 21h,2.0,2019,5
803195,Hồ Chí Minh,17h - 21h,5.0,2019,5
803195,Hồ Chí Minh,0h - 9h,4.0,2019,1
803195,Hồ Chí Minh,11h - 14h,3.0,2019,3
803198,Cần Thơ,17h - 21h,8.0,2019,5
803206,Hà Nội,11h - 14h,1.0,2019,3
803206,Hà Nội,17h - 21h,2.0,2019,5
803216,Hà Nội,17h - 21h,3.0,2019,5
803224,Đà Nẵng,0h - 9h,30.0,2019,1
803224,Đà Nẵng,17h - 21h,25.0,2019,5
803229,Đà Nẵng,17h - 21h,10.0,2019,5
803229,Đà Nẵng,0h - 9h,10.0,2019,1
803263,Hà Nội,17h - 21h,3.0,2019,5
803263,Hà Nội,21h+,1.0,2019,6
803267,Hà Nội,21h+,2.0,2019,6
803267,Hà Nội,17h - 21h,4.0,2019,5
803274,Hà Nội,17h - 21h,3.0,2019,5
803274,Hà Nội,9h - 11h,5.0,2019,2
803276,Cần Thơ,0h - 9h,7.0,2019,1
803281,Nha Trang,0h - 9h,4.0,2019,1
803288,Nha Trang,11h - 14h,11.0,2019,3
803288,Nha Trang,0h - 9h,20.0,2019,1
803303,Hồ Chí Minh,9h - 11h,2.0,2019,2
803303,Hồ Chí Minh,17h - 21h,2.0,2019,5
803308,Hồ Chí Minh,0h - 9h,4.0,2019,1
803314,Nha Trang,17h - 21h,11.0,2019,5
803314,Nha Trang,0h - 9h,18.0,2019,1
803322,Đà Nẵng,17h - 21h,5.0,2019,5
803322,Đà Nẵng,9h - 11h,5.0,2019,2
803322,Đà Nẵng,0h - 9h,30.0,2019,1
803322,Đà Nẵng,11h - 14h,5.0,2019,3
803322,Đà Nẵng,14h - 17h,5.0,2019,4
803368,Hồ Chí Minh,9h - 11h,15.0,2019,2
803413,Hà Nội,17h - 21h,3.0,2019,5
803413,Hà Nội,11h - 14h,1.0,2019,3
803453,Nha Trang,11h - 14h,8.0,2019,3
803453,Nha Trang,17h - 21h,4.0,2019,5
803459,Cần Thơ,17h - 21h,10.0,2019,5
803459,Cần Thơ,0h - 9h,20.0,2019,1
803473,Đà Nẵng,0h - 9h,3.0,2019,1
803478,Cần Thơ,0h - 9h,8.0,2019,1
803504,Hà Nội,0h - 9h,4.0,2019,1
803504,Hà Nội,9h - 11h,3.0,2019,2
803504,Hà Nội,11h - 14h,4.0,2019,3
803504,Hà Nội,14h - 17h,3.0,2019,4
803504,Hà Nội,17h - 21h,2.0,2019,5
803560,Hồ Chí Minh,17h - 21h,4.0,2019,5
803560,Hồ Chí Minh,14h - 17h,4.0,2019,4
803560,Hồ Chí Minh,11h - 14h,4.0,2019,3
803624,Hà Nội,17h - 21h,4.0,2019,5
803624,Hà Nội,9h - 11h,2.0,2019,2
803628,Hà Nội,17h - 21h,4.0,2019,5
803628,Hà Nội,14h - 17h,4.0,2019,4
803638,Hà Nội,17h - 21h,2.0,2019,5
803638,Hà Nội,14h - 17h,2.0,2019,4
803687,Đà Nẵng,14h - 17h,2.0,2019,4
803687,Đà Nẵng,9h - 11h,4.0,2019,2
803691,Đà Nẵng,0h - 9h,10.0,2019,1
803696,Nha Trang,17h - 21h,30.0,2019,5
803701,Hà Nội,14h - 17h,4.0,2019,4
803720,Cần Thơ,9h - 11h,8.0,2019,2
803727,Cần Thơ,0h - 9h,8.0,2019,1
803758,Hồ Chí Minh,9h - 11h,5.0,2019,2
803758,Hồ Chí Minh,14h - 17h,5.0,2019,4
803793,Hà Nội,11h - 14h,1.0,2019,3
803793,Hà Nội,0h - 9h,1.0,2019,1
803793,Hà Nội,21h+,2.0,2019,6
803803,Hồ Chí Minh,9h - 11h,20.0,2019,2
803803,Hồ Chí Minh,0h - 9h,20.0,2019,1
803803,Hồ Chí Minh,14h - 17h,20.0,2019,4
803825,Hải Phòng,9h - 11h,2.0,2019,2
803825,Hải Phòng,17h - 21h,1.0,2019,5
803841,Cần Thơ,17h - 21h,3.0,2019,5
803841,Cần Thơ,0h - 9h,12.0,2019,1
803882,Cần Thơ,0h - 9h,2.0,2019,1
803896,Nha Trang,0h - 9h,3.0,2019,1
803896,Nha Trang,14h - 17h,2.0,2019,4
803901,Nha Trang,0h - 9h,30.0,2019,1
803901,Nha Trang,17h - 21h,30.0,2019,5
803915,Hà Nội,0h - 9h,4.0,2019,1
803915,Hà Nội,17h - 21h,4.0,2019,5
803915,Hà Nội,21h+,2.0,2019,6
803948,Hải Phòng,9h - 11h,5.0,2019,2
803976,Hà Nội,17h - 21h,2.0,2019,5
803980,Nha Trang,0h - 9h,2.0,2019,1
803980,Nha Trang,17h - 21h,1.0,2019,5
803990,Hồ Chí Minh,17h - 21h,4.0,2019,5
804004,Nha Trang,14h - 17h,10.0,2019,4
804004,Nha Trang,0h - 9h,20.0,2019,1
804010,Cần Thơ,0h - 9h,6.0,2019,1
804010,Cần Thơ,17h - 21h,4.0,2019,5
804016,Đà Nẵng,0h - 9h,30.0,2019,1
804023,Cần Thơ,17h - 21h,20.0,2019,5
804023,Cần Thơ,0h - 9h,10.0,2019,1
804046,Cần Thơ,0h - 9h,30.0,2019,1
804081,Hồ Chí Minh,0h - 9h,12.0,2019,1
804081,Hồ Chí Minh,14h - 17h,10.0,2019,4
804081,Hồ Chí Minh,11h - 14h,8.0,2019,3
804121,Hồ Chí Minh,0h - 9h,10.0,2019,1
804121,Hồ Chí Minh,11h - 14h,20.0,2019,3
804161,Hồ Chí Minh,0h - 9h,2.0,2019,1
804161,Hồ Chí Minh,14h - 17h,2.0,2019,4
804174,Hà Nội,11h - 14h,3.0,2019,3
804174,Hà Nội,0h - 9h,1.0,2019,1
804174,Hà Nội,14h - 17h,2.0,2019,4
804294,Cần Thơ,0h - 9h,30.0,2019,1
804497,Nha Trang,11h - 14h,6.0,2019,3
804497,Nha Trang,17h - 21h,7.0,2019,5
804497,Nha Trang,0h - 9h,4.0,2019,1
804538,Hà Nội,17h - 21h,5.0,2019,5
804579,Hồ Chí Minh,0h - 9h,15.0,2019,1
804597,Nha Trang,0h - 9h,30.0,2019,1
804601,Nha Trang,0h - 9h,30.0,2019,1
804601,Nha Trang,14h - 17h,30.0,2019,4
804653,Hồ Chí Minh,0h - 9h,30.0,2019,1
804690,Hồ Chí Minh,17h - 21h,4.0,2019,5
804690,Hồ Chí Minh,9h - 11h,4.0,2019,2
804704,Nha Trang,0h - 9h,2.0,2019,1
804704,Nha Trang,17h - 21h,4.0,2019,5
804711,Nha Trang,17h - 21h,3.0,2019,5
804711,Nha Trang,0h - 9h,1.0,2019,1
804737,Hồ Chí Minh,17h - 21h,12.0,2019,5
804737,Hồ Chí Minh,9h - 11h,12.0,2019,2
804798,Hải Phòng,0h - 9h,5.0,2019,1
804919,Nha Trang,0h - 9h,15.0,2019,1
804919,Nha Trang,17h - 21h,10.0,2019,5
804975,Hải Phòng,0h - 9h,15.0,2019,1
804975,Hải Phòng,17h - 21h,6.0,2019,5
804975,Hải Phòng,11h - 14h,6.0,2019,3
804986,Đà Nẵng,9h - 11h,4.0,2019,2
805028,Đà Nẵng,17h - 21h,4.0,2019,5
805039,Hà Nội,17h - 21h,4.0,2019,5
805042,Hải Phòng,0h - 9h,8.0,2019,1
805052,Hải Phòng,0h - 9h,4.0,2019,1
805096,Hồ Chí Minh,17h - 21h,8.0,2019,5
805096,Hồ Chí Minh,11h - 14h,4.0,2019,3
805098,Nha Trang,0h - 9h,15.0,2019,1
805098,Nha Trang,14h - 17h,10.0,2019,4
805126,Hồ Chí Minh,17h - 21h,4.0,2019,5
805127,Cần Thơ,17h - 21h,6.0,2019,5
805127,Cần Thơ,0h - 9h,6.0,2019,1
805132,Hải Phòng,17h - 21h,5.0,2019,5
805168,Hồ Chí Minh,0h - 9h,30.0,2019,1
805223,Nha Trang,0h - 9h,10.0,2019,1
805223,Nha Trang,17h - 21h,10.0,2019,5
805224,Hải Phòng,14h - 17h,2.0,2019,4
805234,Hà Nội,9h - 11h,4.0,2019,2
805281,Hà Nội,11h - 14h,2.0,2019,3
805281,Hà Nội,17h - 21h,1.0,2019,5
805344,Hồ Chí Minh,9h - 11h,2.0,2019,2
805344,Hồ Chí Minh,14h - 17h,2.0,2019,4
805355,Đà Nẵng,9h - 11h,4.0,2019,2
805390,Cần Thơ,0h - 9h,30.0,2019,1
805402,Hải Phòng,0h - 9h,10.0,2019,1
805402,Hải Phòng,9h - 11h,5.0,2019,2
805412,Hà Nội,14h - 17h,2.0,2019,4
805412,Hà Nội,17h - 21h,3.0,2019,5
805479,Hà Nội,21h+,1.0,2019,6
805479,Hà Nội,17h - 21h,4.0,2019,5
805508,Hồ Chí Minh,0h - 9h,4.0,2019,1
805528,Hà Nội,0h - 9h,3.0,2019,1
805528,Hà Nội,17h - 21h,4.0,2019,5
805528,Hà Nội,11h - 14h,3.0,2019,3
805538,Cần Thơ,17h - 21h,15.0,2019,5
805538,Cần Thơ,0h - 9h,15.0,2019,1
805548,Hồ Chí Minh,9h - 11h,2.0,2019,2
805548,Hồ Chí Minh,17h - 21h,3.0,2019,5
805553,Hồ Chí Minh,9h - 11h,2.0,2019,2
805553,Hồ Chí Minh,17h - 21h,2.0,2019,5
805554,Nha Trang,11h - 14h,30.0,2019,3
805588,Nha Trang,17h - 21h,13.0,2019,5
805614,Cần Thơ,0h - 9h,4.0,2019,1
805622,Hà Nội,17h - 21h,2.0,2019,5
805622,Hà Nội,0h - 9h,1.0,2019,1
805622,Hà Nội,14h - 17h,3.0,2019,4
805632,Hà Nội,11h - 14h,2.0,2019,3
805632,Hà Nội,9h - 11h,1.0,2019,2
805632,Hà Nội,17h - 21h,1.0,2019,5
805632,Hà Nội,0h - 9h,3.0,2019,1
805632,Hà Nội,14h - 17h,2.0,2019,4
805639,Hà Nội,17h - 21h,2.0,2019,5
805639,Hà Nội,0h - 9h,3.0,2019,1
805639,Hà Nội,14h - 17h,2.0,2019,4
805639,Hà Nội,9h - 11h,2.0,2019,2
805639,Hà Nội,11h - 14h,3.0,2019,3
805687,Hà Nội,14h - 17h,3.0,2019,4
805687,Hà Nội,0h - 9h,3.0,2019,1
805687,Hà Nội,21h+,3.0,2019,6
805687,Hà Nội,17h - 21h,3.0,2019,5
805699,Đà Nẵng,9h - 11h,8.0,2019,2
805710,Hồ Chí Minh,11h - 14h,4.0,2019,3
805710,Hồ Chí Minh,14h - 17h,4.0,2019,4
805715,Nha Trang,0h - 9h,20.0,2019,1
805715,Nha Trang,14h - 17h,12.0,2019,4
805716,Đà Nẵng,17h - 21h,10.0,2019,5
805716,Đà Nẵng,0h - 9h,18.0,2019,1
805732,Nha Trang,11h - 14h,7.0,2019,3
805733,Hồ Chí Minh,0h - 9h,30.0,2019,1
805740,Cần Thơ,0h - 9h,30.0,2019,1
805746,Hà Nội,9h - 11h,1.0,2019,2
805746,Hà Nội,17h - 21h,2.0,2019,5
805746,Hà Nội,14h - 17h,2.0,2019,4
805756,Nha Trang,0h - 9h,30.0,2019,1
805756,Nha Trang,17h - 21h,13.0,2019,5
805764,Hà Nội,14h - 17h,1.0,2019,4
805764,Hà Nội,17h - 21h,3.0,2019,5
805816,Nha Trang,0h - 9h,30.0,2019,1
805820,Hải Phòng,14h - 17h,2.0,2019,4
805831,Đà Nẵng,0h - 9h,25.0,2019,1
805873,Hồ Chí Minh,17h - 21h,3.0,2019,5
805873,Hồ Chí Minh,0h - 9h,7.0,2019,1
805883,Hồ Chí Minh,11h - 14h,2.0,2019,3
805883,Hồ Chí Minh,14h - 17h,2.0,2019,4
805885,Hà Nội,17h - 21h,1.0,2019,5
805885,Hà Nội,11h - 14h,1.0,2019,3
805885,Hà Nội,9h - 11h,2.0,2019,2
805904,Hà Nội,11h - 14h,1.0,2019,3
805904,Hà Nội,21h+,2.0,2019,6
805910,Nha Trang,11h - 14h,8.0,2019,3
805917,Nha Trang,0h - 9h,30.0,2019,1
805917,Nha Trang,14h - 17h,30.0,2019,4
805936,Đà Nẵng,14h - 17h,30.0,2019,4
805936,Đà Nẵng,0h - 9h,30.0,2019,1
805960,Hà Nội,11h - 14h,2.0,2019,3
805960,Hà Nội,17h - 21h,2.0,2019,5
805960,Hà Nội,0h - 9h,4.0,2019,1
805964,Đà Nẵng,11h - 14h,10.0,2019,3
805964,Đà Nẵng,0h - 9h,30.0,2019,1
805964,Đà Nẵng,17h - 21h,10.0,2019,5
805967,Hà Nội,17h - 21h,3.0,2019,5
805967,Hà Nội,9h - 11h,3.0,2019,2
805967,Hà Nội,14h - 17h,3.0,2019,4
805967,Hà Nội,0h - 9h,5.0,2019,1
805980,Hà Nội,17h - 21h,2.0,2019,5
805980,Hà Nội,11h - 14h,1.0,2019,3
805993,Hải Phòng,9h - 11h,8.0,2019,2
805993,Hải Phòng,17h - 21h,7.0,2019,5
806002,Hải Phòng,17h - 21h,5.0,2019,5
806029,Hà Nội,9h - 11h,2.0,2019,2
806029,Hà Nội,17h - 21h,4.0,2019,5
806038,Cần Thơ,9h - 11h,5.0,2019,2
806038,Cần Thơ,17h - 21h,5.0,2019,5
806049,Hải Phòng,0h - 9h,3.0,2019,1
806049,Hải Phòng,14h - 17h,2.0,2019,4
806053,Hồ Chí Minh,17h - 21h,4.0,2019,5
806053,Hồ Chí Minh,14h - 17h,4.0,2019,4
806053,Hồ Chí Minh,9h - 11h,4.0,2019,2
806057,Hà Nội,17h - 21h,5.0,2019,5
806057,Hà Nội,14h - 17h,5.0,2019,4
806057,Hà Nội,9h - 11h,5.0,2019,2
806057,Hà Nội,11h - 14h,5.0,2019,3
806060,Hồ Chí Minh,9h - 11h,2.0,2019,2
806060,Hồ Chí Minh,14h - 17h,4.0,2019,4
806079,Hà Nội,11h - 14h,3.0,2019,3
806079,Hà Nội,9h - 11h,3.0,2019,2
806079,Hà Nội,17h - 21h,4.0,2019,5
806090,Hải Phòng,9h - 11h,2.0,2019,2
806101,Hà Nội,17h - 21h,1.0,2019,5
806101,Hà Nội,11h - 14h,1.0,2019,3
806103,Hà Nội,17h - 21h,3.0,2019,5
806108,Nha Trang,17h - 21h,3.0,2019,5
806119,Hà Nội,17h - 21h,1.0,2019,5
806119,Hà Nội,21h+,1.0,2019,6
806122,Hải Phòng,14h - 17h,4.0,2019,4
806130,Nha Trang,11h - 14h,6.0,2019,3
806130,Nha Trang,0h - 9h,14.0,2019,1
806136,Hà Nội,17h - 21h,3.0,2019,5
806136,Hà Nội,9h - 11h,1.0,2019,2
806136,Hà Nội,21h+,1.0,2019,6
806143,Hà Nội,17h - 21h,2.0,2019,5
806143,Hà Nội,0h - 9h,1.0,2019,1
806173,Đà Nẵng,0h - 9h,4.0,2019,1
806179,Hà Nội,14h - 17h,2.0,2019,4
806179,Hà Nội,9h - 11h,2.0,2019,2
806179,Hà Nội,17h - 21h,3.0,2019,5
806213,Cần Thơ,0h - 9h,20.0,2019,1
806213,Cần Thơ,17h - 21h,30.0,2019,5
806213,Cần Thơ,9h - 11h,30.0,2019,2
806213,Cần Thơ,14h - 17h,20.0,2019,4
806218,Hà Nội,17h - 21h,1.0,2019,5
806218,Hà Nội,14h - 17h,2.0,2019,4
806218,Hà Nội,11h - 14h,1.0,2019,3
806233,Hồ Chí Minh,17h - 21h,6.0,2019,5
806233,Hồ Chí Minh,11h - 14h,4.0,2019,3
806233,Hồ Chí Minh,14h - 17h,4.0,2019,4
806256,Cần Thơ,0h - 9h,4.0,2019,1
806257,Hải Phòng,0h - 9h,1.0,2019,1
806257,Hải Phòng,9h - 11h,1.0,2019,2
806271,Hải Phòng,14h - 17h,4.0,2019,4
806276,Cần Thơ,0h - 9h,30.0,2019,1
806288,Hồ Chí Minh,17h - 21h,4.0,2019,5
806300,Nha Trang,17h - 21h,3.0,2019,5
806300,Nha Trang,0h - 9h,5.0,2019,1
806324,Nha Trang,0h - 9h,5.0,2019,1
806327,Hải Phòng,0h - 9h,6.0,2019,1
806337,Hà Nội,17h - 21h,3.0,2019,5
806339,Hà Nội,0h - 9h,2.0,2019,1
806339,Hà Nội,17h - 21h,1.0,2019,5
806339,Hà Nội,11h - 14h,3.0,2019,3
806342,Nha Trang,0h - 9h,4.0,2019,1
806343,Hà Nội,0h - 9h,3.0,2019,1
806343,Hà Nội,14h - 17h,1.0,2019,4
806343,Hà Nội,9h - 11h,2.0,2019,2
806357,Cần Thơ,14h - 17h,5.0,2019,4
806367,Hải Phòng,21h+,2.0,2019,6
806367,Hải Phòng,0h - 9h,3.0,2019,1
806375,Hà Nội,14h - 17h,4.0,2019,4
806375,Hà Nội,17h - 21h,4.0,2019,5
806378,Cần Thơ,11h - 14h,15.0,2019,3
806378,Cần Thơ,0h - 9h,15.0,2019,1
806382,Hải Phòng,17h - 21h,4.0,2019,5
806416,Cần Thơ,0h - 9h,12.0,2019,1
806459,Hà Nội,17h - 21h,1.0,2019,5
806459,Hà Nội,14h - 17h,1.0,2019,4
806463,Hà Nội,17h - 21h,4.0,2019,5
806463,Hà Nội,21h+,1.0,2019,6
806463,Hà Nội,14h - 17h,2.0,2019,4
806466,Hải Phòng,0h - 9h,4.0,2019,1
806470,Hà Nội,17h - 21h,1.0,2019,5
806470,Hà Nội,11h - 14h,1.0,2019,3
806474,Đà Nẵng,0h - 9h,30.0,2019,1
806476,Cần Thơ,17h - 21h,10.0,2019,5
806515,Cần Thơ,17h - 21h,5.0,2019,5
806517,Hà Nội,17h - 21h,2.0,2019,5
806517,Hà Nội,21h+,1.0,2019,6
806537,Hà Nội,11h - 14h,2.0,2019,3
806537,Hà Nội,17h - 21h,2.0,2019,5
806548,Hải Phòng,17h - 21h,3.0,2019,5
806548,Hải Phòng,0h - 9h,2.0,2019,1
806625,Hải Phòng,9h - 11h,8.0,2019,2
806625,Hải Phòng,14h - 17h,8.0,2019,4
806641,Hà Nội,17h - 21h,3.0,2019,5
806641,Hà Nội,14h - 17h,2.0,2019,4
806641,Hà Nội,9h - 11h,2.0,2019,2
806643,Hồ Chí Minh,14h - 17h,2.0,2019,4
806643,Hồ Chí Minh,0h - 9h,4.0,2019,1
806670,Hải Phòng,21h+,1.0,2019,6
806670,Hải Phòng,9h - 11h,3.0,2019,2
806679,Cần Thơ,17h - 21h,4.0,2019,5
806679,Cần Thơ,11h - 14h,1.0,2019,3
806693,Nha Trang,17h - 21h,6.0,2019,5
806713,Hồ Chí Minh,11h - 14h,7.0,2019,3
806713,Hồ Chí Minh,17h - 21h,6.0,2019,5
806713,Hồ Chí Minh,0h - 9h,7.0,2019,1
806779,Nha Trang,0h - 9h,3.0,2019,1
806785,Nha Trang,17h - 21h,10.0,2019,5
806785,Nha Trang,9h - 11h,10.0,2019,2
806793,Hồ Chí Minh,0h - 9h,4.0,2019,1
806793,Hồ Chí Minh,17h - 21h,1.0,2019,5
806793,Hồ Chí Minh,11h - 14h,3.0,2019,3
806858,Hải Phòng,17h - 21h,2.0,2019,5
806858,Hải Phòng,9h - 11h,2.0,2019,2
806861,Hải Phòng,14h - 17h,2.0,2019,4
806861,Hải Phòng,17h - 21h,2.0,2019,5
806868,Hà Nội,17h - 21h,4.0,2019,5
806868,Hà Nội,9h - 11h,4.0,2019,2
806891,Hồ Chí Minh,0h - 9h,3.0,2019,1
806891,Hồ Chí Minh,14h - 17h,2.0,2019,4
806903,Đà Nẵng,0h - 9h,30.0,2019,1
806981,Hải Phòng,9h - 11h,4.0,2019,2
807190,Nha Trang,14h - 17h,3.0,2019,4
807190,Nha Trang,17h - 21h,3.0,2019,5
807235,Nha Trang,0h - 9h,20.0,2019,1
807235,Nha Trang,17h - 21h,10.0,2019,5
807277,Nha Trang,0h - 9h,25.0,2019,1
807277,Nha Trang,14h - 17h,5.0,2019,4
807302,Nha Trang,0h - 9h,10.0,2019,1
807302,Nha Trang,17h - 21h,9.0,2019,5
807302,Nha Trang,14h - 17h,2.0,2019,4
807343,Hồ Chí Minh,0h - 9h,20.0,2019,1
807356,Nha Trang,17h - 21h,4.0,2019,5
807356,Nha Trang,0h - 9h,1.0,2019,1
807358,Hà Nội,11h - 14h,1.0,2019,3
807358,Hà Nội,17h - 21h,3.0,2019,5
807378,Hà Nội,9h - 11h,3.0,2019,2
807378,Hà Nội,17h - 21h,4.0,2019,5
807378,Hà Nội,14h - 17h,3.0,2019,4
807383,Nha Trang,0h - 9h,10.0,2019,1
807477,Hà Nội,0h - 9h,2.0,2019,1
807477,Hà Nội,11h - 14h,2.0,2019,3
807477,Hà Nội,17h - 21h,2.0,2019,5
807477,Hà Nội,14h - 17h,2.0,2019,4
807508,Nha Trang,14h - 17h,15.0,2019,4
807508,Nha Trang,0h - 9h,15.0,2019,1
807528,Nha Trang,14h - 17h,10.0,2019,4
807528,Nha Trang,9h - 11h,10.0,2019,2
807528,Nha Trang,17h - 21h,15.0,2019,5
807602,Hải Phòng,0h - 9h,4.0,2019,1
807605,Nha Trang,17h - 21h,6.0,2019,5
807605,Nha Trang,0h - 9h,30.0,2019,1
807610,Hải Phòng,0h - 9h,4.0,2019,1
807611,Hà Nội,9h - 11h,3.0,2019,2
807611,Hà Nội,17h - 21h,3.0,2019,5
807611,Hà Nội,11h - 14h,4.0,2019,3
807618,Cần Thơ,0h - 9h,30.0,2019,1
807644,Nha Trang,14h - 17h,5.0,2019,4
807644,Nha Trang,0h - 9h,30.0,2019,1
807655,Đà Nẵng,0h - 9h,30.0,2019,1
807655,Đà Nẵng,9h - 11h,20.0,2019,2
807655,Đà Nẵng,14h - 17h,5.0,2019,4
807657,Nha Trang,14h - 17h,30.0,2019,4
807657,Nha Trang,0h - 9h,30.0,2019,1
807662,Hồ Chí Minh,0h - 9h,10.0,2019,1
807670,Hồ Chí Minh,0h - 9h,4.0,2019,1
807670,Hồ Chí Minh,9h - 11h,4.0,2019,2
807670,Hồ Chí Minh,14h - 17h,4.0,2019,4
807673,Hồ Chí Minh,9h - 11h,4.0,2019,2
807673,Hồ Chí Minh,17h - 21h,4.0,2019,5
807674,Cần Thơ,17h - 21h,6.0,2019,5
807684,Cần Thơ,0h - 9h,30.0,2019,1
807693,Hà Nội,14h - 17h,4.0,2019,4
807693,Hà Nội,17h - 21h,3.0,2019,5
807693,Hà Nội,0h - 9h,3.0,2019,1
807723,Hồ Chí Minh,0h - 9h,4.0,2019,1
807731,Hồ Chí Minh,9h - 11h,15.0,2019,2
807731,Hồ Chí Minh,17h - 21h,15.0,2019,5
807757,Hải Phòng,0h - 9h,2.0,2019,1
807765,Hải Phòng,17h - 21h,3.0,2019,5
807769,Hải Phòng,17h - 21h,1.0,2019,5
807769,Hải Phòng,14h - 17h,3.0,2019,4
807769,Hải Phòng,21h+,1.0,2019,6
807771,Hồ Chí Minh,11h - 14h,10.0,2019,3
807782,Cần Thơ,0h - 9h,30.0,2019,1
807818,Nha Trang,11h - 14h,8.0,2019,3
807822,Hải Phòng,17h - 21h,2.0,2019,5
807823,Hồ Chí Minh,14h - 17h,8.0,2019,4
807823,Hồ Chí Minh,0h - 9h,10.0,2019,1
807832,Nha Trang,14h - 17h,13.0,2019,4
807832,Nha Trang,0h - 9h,30.0,2019,1
807875,Hồ Chí Minh,0h - 9h,6.0,2019,1
807897,Cần Thơ,11h - 14h,5.0,2019,3
807924,Cần Thơ,14h - 17h,10.0,2019,4
807926,Hồ Chí Minh,0h - 9h,8.0,2019,1
807941,Hồ Chí Minh,11h - 14h,15.0,2019,3
807987,Nha Trang,17h - 21h,4.0,2019,5
807987,Nha Trang,11h - 14h,10.0,2019,3
808010,Hà Nội,0h - 9h,4.0,2019,1
808010,Hà Nội,11h - 14h,1.0,2019,3
808010,Hà Nội,17h - 21h,1.0,2019,5
808025,Hải Phòng,21h+,1.0,2019,6
808025,Hải Phòng,17h - 21h,1.0,2019,5
808033,Hải Phòng,17h - 21h,1.0,2019,5
808033,Hải Phòng,21h+,1.0,2019,6
808070,Hồ Chí Minh,17h - 21h,10.0,2019,5
808070,Hồ Chí Minh,0h - 9h,20.0,2019,1
808071,Cần Thơ,17h - 21h,8.0,2019,5
808085,Đà Nẵng,0h - 9h,30.0,2019,1
808085,Đà Nẵng,17h - 21h,30.0,2019,5
808085,Đà Nẵng,11h - 14h,30.0,2019,3
808104,Hải Phòng,21h+,15.0,2019,6
808107,Cần Thơ,17h - 21h,6.0,2019,5
808122,Nha Trang,0h - 9h,10.0,2019,1
808122,Nha Trang,17h - 21h,4.0,2019,5
808122,Nha Trang,21h+,1.0,2019,6
808131,Hà Nội,11h - 14h,1.0,2019,3
808131,Hà Nội,17h - 21h,2.0,2019,5
808131,Hà Nội,14h - 17h,2.0,2019,4
808131,Hà Nội,21h+,2.0,2019,6
808168,Hải Phòng,0h - 9h,1.0,2019,1
808168,Hải Phòng,21h+,1.0,2019,6
808202,Nha Trang,21h+,5.0,2019,6
808202,Nha Trang,17h - 21h,10.0,2019,5
808202,Nha Trang,11h - 14h,5.0,2019,3
808202,Nha Trang,0h - 9h,10.0,2019,1
808215,Hải Phòng,0h - 9h,4.0,2019,1
808216,Hà Nội,17h - 21h,2.0,2019,5
808216,Hà Nội,21h+,2.0,2019,6
808216,Hà Nội,0h - 9h,1.0,2019,1
808223,Hồ Chí Minh,0h - 9h,8.0,2019,1
808227,Đà Nẵng,0h - 9h,30.0,2019,1
808242,Hồ Chí Minh,9h - 11h,4.0,2019,2
808242,Hồ Chí Minh,17h - 21h,4.0,2019,5
808310,Hà Nội,17h - 21h,5.0,2019,5
808310,Hà Nội,9h - 11h,5.0,2019,2
808347,Hải Phòng,0h - 9h,2.0,2019,1
808347,Hải Phòng,17h - 21h,2.0,2019,5
808350,Nha Trang,0h - 9h,3.0,2019,1
808353,Hải Phòng,0h - 9h,2.0,2019,1
808370,Hải Phòng,9h - 11h,2.0,2019,2
808372,Nha Trang,0h - 9h,30.0,2019,1
808373,Cần Thơ,0h - 9h,30.0,2019,1
808380,Hải Phòng,21h+,2.0,2019,6
808380,Hải Phòng,17h - 21h,2.0,2019,5
808416,Hồ Chí Minh,0h - 9h,12.0,2019,1
808444,Nha Trang,0h - 9h,28.0,2019,1
808444,Nha Trang,17h - 21h,2.0,2019,5
808445,Nha Trang,0h - 9h,6.0,2019,1
808477,Hồ Chí Minh,0h - 9h,2.0,2019,1
808477,Hồ Chí Minh,17h - 21h,2.0,2019,5
808486,Đà Nẵng,0h - 9h,10.0,2019,1
808486,Đà Nẵng,14h - 17h,6.0,2019,4
808494,Hà Nội,21h+,1.0,2019,6
808494,Hà Nội,17h - 21h,2.0,2019,5
808495,Hải Phòng,14h - 17h,2.0,2019,4
808506,Hải Phòng,0h - 9h,2.0,2019,1
808506,Hải Phòng,9h - 11h,2.0,2019,2
808506,Hải Phòng,21h+,2.0,2019,6
808506,Hải Phòng,17h - 21h,2.0,2019,5
808523,Cần Thơ,0h - 9h,30.0,2019,1
808537,Nha Trang,9h - 11h,8.0,2019,2
808541,Hải Phòng,17h - 21h,3.0,2019,5
808553,Cần Thơ,0h - 9h,12.0,2019,1
808553,Cần Thơ,14h - 17h,18.0,2019,4
808580,Cần Thơ,17h - 21h,5.0,2019,5
808580,Cần Thơ,0h - 9h,15.0,2019,1
808612,Hải Phòng,0h - 9h,4.0,2019,1
808625,Hồ Chí Minh,0h - 9h,3.0,2019,1
808625,Hồ Chí Minh,14h - 17h,3.0,2019,4
808625,Hồ Chí Minh,9h - 11h,4.0,2019,2
808659,Hà Nội,11h - 14h,4.0,2019,3
808659,Hà Nội,14h - 17h,2.0,2019,4
808659,Hà Nội,17h - 21h,2.0,2019,5
808659,Hà Nội,0h - 9h,4.0,2019,1
808665,Hà Nội,21h+,1.0,2019,6
808665,Hà Nội,17h - 21h,2.0,2019,5
808682,Hải Phòng,17h - 21h,3.0,2019,5
808693,Cần Thơ,14h - 17h,6.0,2019,4
808693,Cần Thơ,0h - 9h,6.0,2019,1
808699,Cần Thơ,0h - 9h,30.0,2019,1
808699,Cần Thơ,11h - 14h,30.0,2019,3
808724,Nha Trang,14h - 17h,4.0,2019,4
808724,Nha Trang,0h - 9h,20.0,2019,1
808724,Nha Trang,21h+,4.0,2019,6
808724,Nha Trang,17h - 21h,10.0,2019,5
808724,Nha Trang,9h - 11h,4.0,2019,2
808733,Hải Phòng,21h+,2.0,2019,6
808733,Hải Phòng,17h - 21h,2.0,2019,5
808749,Hà Nội,17h - 21h,1.0,2019,5
808749,Hà Nội,11h - 14h,1.0,2019,3
808749,Hà Nội,21h+,1.0,2019,6
808768,Hồ Chí Minh,14h - 17h,5.0,2019,4
808768,Hồ Chí Minh,0h - 9h,2.0,2019,1
808769,Hà Nội,17h - 21h,2.0,2019,5
808769,Hà Nội,14h - 17h,2.0,2019,4
808769,Hà Nội,9h - 11h,2.0,2019,2
808777,Hà Nội,9h - 11h,3.0,2019,2
808777,Hà Nội,14h - 17h,2.0,2019,4
808794,Hà Nội,14h - 17h,4.0,2019,4
808794,Hà Nội,21h+,1.0,2019,6
808794,Hà Nội,9h - 11h,2.0,2019,2
808794,Hà Nội,17h - 21h,3.0,2019,5
808795,Hà Nội,21h+,2.0,2019,6
808795,Hà Nội,0h - 9h,4.0,2019,1
808795,Hà Nội,17h - 21h,2.0,2019,5
808795,Hà Nội,14h - 17h,2.0,2019,4
808795,Hà Nội,11h - 14h,4.0,2019,3
808797,Cần Thơ,17h - 21h,4.0,2019,5
808825,Hải Phòng,9h - 11h,4.0,2019,2
808835,Hồ Chí Minh,17h - 21h,2.0,2019,5
808835,Hồ Chí Minh,9h - 11h,3.0,2019,2
808835,Hồ Chí Minh,11h - 14h,3.0,2019,3
808878,Cần Thơ,0h - 9h,4.0,2019,1
808962,Hồ Chí Minh,17h - 21h,3.0,2019,5
808962,Hồ Chí Minh,11h - 14h,2.0,2019,3
808964,Hà Nội,14h - 17h,4.0,2019,4
808966,Hồ Chí Minh,9h - 11h,3.0,2019,2
808966,Hồ Chí Minh,17h - 21h,8.0,2019,5
808979,Cần Thơ,0h - 9h,2.0,2019,1
809004,Cần Thơ,14h - 17h,4.0,2019,4
809004,Cần Thơ,17h - 21h,4.0,2019,5
809032,Hải Phòng,0h - 9h,3.0,2019,1
809036,Cần Thơ,17h - 21h,12.0,2019,5
809045,Cần Thơ,0h - 9h,5.0,2019,1
809045,Cần Thơ,11h - 14h,5.0,2019,3
809045,Cần Thơ,17h - 21h,5.0,2019,5
809144,Hải Phòng,9h - 11h,8.0,2019,2
809168,Hà Nội,9h - 11h,4.0,2019,2
809168,Hà Nội,17h - 21h,3.0,2019,5
809169,Hà Nội,17h - 21h,5.0,2019,5
809326,Hồ Chí Minh,0h - 9h,8.0,2019,1
809338,Nha Trang,17h - 21h,8.0,2019,5
809338,Nha Trang,21h+,4.0,2019,6
809338,Nha Trang,0h - 9h,15.0,2019,1
809338,Nha Trang,11h - 14h,3.0,2019,3
809356,Nha Trang,0h - 9h,20.0,2019,1
809365,Đà Nẵng,11h - 14h,3.0,2019,3
809365,Đà Nẵng,9h - 11h,3.0,2019,2
809365,Đà Nẵng,14h - 17h,4.0,2019,4
809389,Nha Trang,17h - 21h,8.0,2019,5
809389,Nha Trang,0h - 9h,18.0,2019,1
809391,Hà Nội,17h - 21h,2.0,2019,5
809391,Hà Nội,11h - 14h,2.0,2019,3
809406,Hà Nội,17h - 21h,3.0,2019,5
809406,Hà Nội,9h - 11h,2.0,2019,2
809409,Hà Nội,14h - 17h,2.0,2019,4
809409,Hà Nội,17h - 21h,4.0,2019,5
809409,Hà Nội,21h+,2.0,2019,6
809422,Đà Nẵng,9h - 11h,4.0,2019,2
809429,Nha Trang,0h - 9h,30.0,2019,1
809444,Hồ Chí Minh,17h - 21h,5.0,2019,5
809444,Hồ Chí Minh,0h - 9h,25.0,2019,1
809468,Hải Phòng,17h - 21h,7.0,2019,5
809468,Hải Phòng,0h - 9h,3.0,2019,1
809471,Hải Phòng,0h - 9h,6.0,2019,1
809481,Nha Trang,14h - 17h,10.0,2019,4
809481,Nha Trang,0h - 9h,10.0,2019,1
809483,Nha Trang,0h - 9h,15.0,2019,1
809483,Nha Trang,14h - 17h,15.0,2019,4
809507,Nha Trang,0h - 9h,20.0,2019,1
809507,Nha Trang,14h - 17h,10.0,2019,4
809591,Nha Trang,0h - 9h,28.0,2019,1
809591,Nha Trang,11h - 14h,2.0,2019,3
809600,Nha Trang,0h - 9h,28.0,2019,1
809610,Hồ Chí Minh,17h - 21h,4.0,2019,5
809611,Hà Nội,14h - 17h,3.0,2019,4
809611,Hà Nội,17h - 21h,3.0,2019,5
809611,Hà Nội,9h - 11h,2.0,2019,2
809640,Hải Phòng,0h - 9h,3.0,2019,1
809640,Hải Phòng,17h - 21h,7.0,2019,5
809642,Hải Phòng,0h - 9h,5.0,2019,1
809642,Hải Phòng,14h - 17h,5.0,2019,4
809642,Hải Phòng,17h - 21h,5.0,2019,5
809679,Nha Trang,0h - 9h,30.0,2019,1
809679,Nha Trang,14h - 17h,30.0,2019,4
809723,Hải Phòng,9h - 11h,4.0,2019,2
809737,Hồ Chí Minh,17h - 21h,5.0,2019,5
809737,Hồ Chí Minh,0h - 9h,25.0,2019,1
809748,Cần Thơ,17h - 21h,30.0,2019,5
809755,Hà Nội,17h - 21h,4.0,2019,5
809758,Hà Nội,11h - 14h,2.0,2019,3
809819,Hà Nội,21h+,2.0,2019,6
809819,Hà Nội,17h - 21h,4.0,2019,5
809819,Hà Nội,14h - 17h,4.0,2019,4
809844,Đà Nẵng,0h - 9h,30.0,2019,1
809865,Hải Phòng,0h - 9h,1.0,2019,1
809865,Hải Phòng,9h - 11h,2.0,2019,2
809884,Hà Nội,17h - 21h,2.0,2019,5
809884,Hà Nội,11h - 14h,3.0,2019,3
809894,Nha Trang,17h - 21h,20.0,2019,5
809894,Nha Trang,0h - 9h,30.0,2019,1
809912,Hà Nội,14h - 17h,4.0,2019,4
809912,Hà Nội,9h - 11h,2.0,2019,2
809912,Hà Nội,17h - 21h,4.0,2019,5
809928,Hà Nội,14h - 17h,4.0,2019,4
809928,Hà Nội,9h - 11h,4.0,2019,2
809930,Đà Nẵng,0h - 9h,15.0,2019,1
809930,Đà Nẵng,14h - 17h,5.0,2019,4
809946,Hà Nội,14h - 17h,4.0,2019,4
809946,Hà Nội,17h - 21h,4.0,2019,5
809947,Đà Nẵng,0h - 9h,8.0,2019,1
809949,Hà Nội,17h - 21h,4.0,2019,5
809949,Hà Nội,14h - 17h,2.0,2019,4
809953,Hà Nội,14h - 17h,2.0,2019,4
809953,Hà Nội,21h+,3.0,2019,6
809953,Hà Nội,17h - 21h,3.0,2019,5
809956,Hà Nội,17h - 21h,2.0,2019,5
809956,Hà Nội,9h - 11h,1.0,2019,2
809956,Hà Nội,21h+,2.0,2019,6
809957,Hà Nội,17h - 21h,2.0,2019,5
809957,Hà Nội,21h+,2.0,2019,6
809963,Hà Nội,17h - 21h,4.0,2019,5
809963,Hà Nội,21h+,2.0,2019,6
809963,Hà Nội,14h - 17h,3.0,2019,4
809963,Hà Nội,9h - 11h,3.0,2019,2
810002,Hà Nội,9h - 11h,1.0,2019,2
810002,Hà Nội,0h - 9h,4.0,2019,1
810013,Đà Nẵng,17h - 21h,3.0,2019,5
810013,Đà Nẵng,0h - 9h,7.0,2019,1
810014,Đà Nẵng,17h - 21h,4.0,2019,5
810030,Hồ Chí Minh,17h - 21h,2.0,2019,5
810030,Hồ Chí Minh,0h - 9h,1.0,2019,1
810030,Hồ Chí Minh,14h - 17h,2.0,2019,4
810052,Hải Phòng,9h - 11h,2.0,2019,2
810088,Hà Nội,9h - 11h,4.0,2019,2
810090,Đà Nẵng,0h - 9h,8.0,2019,1
810090,Đà Nẵng,9h - 11h,8.0,2019,2
810097,Hồ Chí Minh,17h - 21h,4.0,2019,5
810097,Hồ Chí Minh,14h - 17h,2.0,2019,4
810107,Hà Nội,11h - 14h,2.0,2019,3
810107,Hà Nội,21h+,2.0,2019,6
810107,Hà Nội,17h - 21h,4.0,2019,5
810114,Hà Nội,17h - 21h,3.0,2019,5
810114,Hà Nội,14h - 17h,2.0,2019,4
810124,Cần Thơ,17h - 21h,10.0,2019,5
810124,Cần Thơ,0h - 9h,20.0,2019,1
810143,Đà Nẵng,9h - 11h,4.0,2019,2
810168,Nha Trang,17h - 21h,30.0,2019,5
810168,Nha Trang,9h - 11h,30.0,2019,2
810173,Hà Nội,17h - 21h,5.0,2019,5
810173,Hà Nội,9h - 11h,3.0,2019,2
810173,Hà Nội,21h+,2.0,2019,6
810175,Hà Nội,14h - 17h,3.0,2019,4
810175,Hà Nội,17h - 21h,3.0,2019,5
810178,Hà Nội,17h - 21h,3.0,2019,5
810178,Hà Nội,21h+,1.0,2019,6
810194,Cần Thơ,0h - 9h,2.0,2019,1
810194,Cần Thơ,17h - 21h,2.0,2019,5
810214,Hà Nội,17h - 21h,3.0,2019,5
810241,Hà Nội,9h - 11h,3.0,2019,2
810241,Hà Nội,14h - 17h,2.0,2019,4
810241,Hà Nội,21h+,1.0,2019,6
810241,Hà Nội,17h - 21h,3.0,2019,5
810245,Nha Trang,0h - 9h,30.0,2019,1
810245,Nha Trang,11h - 14h,10.0,2019,3
810245,Nha Trang,17h - 21h,20.0,2019,5
810265,Đà Nẵng,9h - 11h,4.0,2019,2
810265,Đà Nẵng,17h - 21h,4.0,2019,5
810295,Hà Nội,17h - 21h,3.0,2019,5
810295,Hà Nội,14h - 17h,3.0,2019,4
810298,Hà Nội,21h+,1.0,2019,6
810298,Hà Nội,17h - 21h,4.0,2019,5
810300,Đà Nẵng,9h - 11h,6.0,2019,2
810300,Đà Nẵng,17h - 21h,6.0,2019,5
810301,Hà Nội,14h - 17h,3.0,2019,4
810301,Hà Nội,17h - 21h,3.0,2019,5
810313,Hà Nội,14h - 17h,4.0,2019,4
810313,Hà Nội,17h - 21h,3.0,2019,5
810375,Hải Phòng,0h - 9h,4.0,2019,1
810394,Cần Thơ,17h - 21h,1.0,2019,5
810394,Cần Thơ,0h - 9h,1.0,2019,1
810394,Cần Thơ,11h - 14h,1.0,2019,3
810403,Hà Nội,17h - 21h,3.0,2019,5
810403,Hà Nội,0h - 9h,2.0,2019,1
810425,Hải Phòng,0h - 9h,2.0,2019,1
810445,Hà Nội,17h - 21h,5.0,2019,5
810445,Hà Nội,0h - 9h,3.0,2019,1
810447,Hà Nội,11h - 14h,1.0,2019,3
810447,Hà Nội,17h - 21h,2.0,2019,5
810452,Hà Nội,11h - 14h,5.0,2019,3
810452,Hà Nội,17h - 21h,5.0,2019,5
810552,Hải Phòng,9h - 11h,2.0,2019,2
810552,Hải Phòng,17h - 21h,2.0,2019,5
810587,Hà Nội,0h - 9h,4.0,2019,1
810587,Hà Nội,11h - 14h,2.0,2019,3
810587,Hà Nội,17h - 21h,4.0,2019,5
810596,Đà Nẵng,0h - 9h,4.0,2019,1
810596,Đà Nẵng,17h - 21h,6.0,2019,5
810614,Hà Nội,0h - 9h,2.0,2019,1
810614,Hà Nội,11h - 14h,4.0,2019,3
810614,Hà Nội,14h - 17h,4.0,2019,4
810614,Hà Nội,17h - 21h,2.0,2019,5
810675,Nha Trang,0h - 9h,4.0,2019,1
810678,Nha Trang,0h - 9h,15.0,2019,1
810683,Hải Phòng,21h+,4.0,2019,6
810683,Hải Phòng,14h - 17h,4.0,2019,4
810710,Hồ Chí Minh,11h - 14h,7.0,2019,3
810710,Hồ Chí Minh,0h - 9h,9.0,2019,1
810710,Hồ Chí Minh,14h - 17h,7.0,2019,4
810710,Hồ Chí Minh,9h - 11h,5.0,2019,2
810724,Hà Nội,21h+,1.0,2019,6
810724,Hà Nội,17h - 21h,4.0,2019,5
810727,Hà Nội,17h - 21h,2.0,2019,5
810727,Hà Nội,14h - 17h,2.0,2019,4
810728,Hồ Chí Minh,14h - 17h,3.0,2019,4
810728,Hồ Chí Minh,11h - 14h,3.0,2019,3
810732,Hà Nội,9h - 11h,3.0,2019,2
810732,Hà Nội,17h - 21h,5.0,2019,5
810738,Hà Nội,17h - 21h,4.0,2019,5
810738,Hà Nội,11h - 14h,4.0,2019,3
810738,Hà Nội,21h+,2.0,2019,6
810743,Hà Nội,17h - 21h,2.0,2019,5
810780,Đà Nẵng,0h - 9h,30.0,2019,1
810784,Hà Nội,9h - 11h,2.0,2019,2
810784,Hà Nội,17h - 21h,3.0,2019,5
810784,Hà Nội,14h - 17h,2.0,2019,4
810784,Hà Nội,21h+,1.0,2019,6
810786,Cần Thơ,14h - 17h,10.0,2019,4
810790,Hà Nội,9h - 11h,4.0,2019,2
810790,Hà Nội,17h - 21h,6.0,2019,5
810823,Hồ Chí Minh,9h - 11h,3.0,2019,2
810823,Hồ Chí Minh,14h - 17h,3.0,2019,4
810830,Đà Nẵng,0h - 9h,30.0,2019,1
810830,Đà Nẵng,14h - 17h,15.0,2019,4
810853,Hà Nội,9h - 11h,3.0,2019,2
810853,Hà Nội,17h - 21h,4.0,2019,5
810883,Hải Phòng,14h - 17h,7.0,2019,4
810883,Hải Phòng,9h - 11h,7.0,2019,2
810893,Hồ Chí Minh,17h - 21h,3.0,2019,5
810893,Hồ Chí Minh,9h - 11h,2.0,2019,2
811179,Cần Thơ,11h - 14h,30.0,2019,3
811209,Nha Trang,17h - 21h,3.0,2019,5
811209,Nha Trang,11h - 14h,5.0,2019,3
811213,Nha Trang,9h - 11h,30.0,2019,2
811213,Nha Trang,17h - 21h,30.0,2019,5
811237,Cần Thơ,0h - 9h,4.0,2019,1
811278,Hà Nội,9h - 11h,3.0,2019,2
811278,Hà Nội,14h - 17h,4.0,2019,4
811278,Hà Nội,11h - 14h,3.0,2019,3
811287,Cần Thơ,0h - 9h,8.0,2019,1
811287,Cần Thơ,17h - 21h,8.0,2019,5
811288,Nha Trang,0h - 9h,20.0,2019,1
811288,Nha Trang,14h - 17h,10.0,2019,4
811288,Nha Trang,17h - 21h,10.0,2019,5
811299,Đà Nẵng,0h - 9h,2.0,2019,1
811299,Đà Nẵng,9h - 11h,2.0,2019,2
811318,Hà Nội,9h - 11h,2.0,2019,2
811318,Hà Nội,11h - 14h,2.0,2019,3
811318,Hà Nội,17h - 21h,4.0,2019,5
811380,Hà Nội,11h - 14h,2.0,2019,3
811380,Hà Nội,9h - 11h,3.0,2019,2
811380,Hà Nội,14h - 17h,3.0,2019,4
811381,Đà Nẵng,0h - 9h,4.0,2019,1
811382,Nha Trang,0h - 9h,10.0,2019,1
811382,Nha Trang,17h - 21h,6.0,2019,5
811382,Nha Trang,11h - 14h,4.0,2019,3
811416,Nha Trang,0h - 9h,20.0,2019,1
811416,Nha Trang,17h - 21h,10.0,2019,5
811420,Hà Nội,17h - 21h,4.0,2019,5
811420,Hà Nội,9h - 11h,3.0,2019,2
811439,Hà Nội,17h - 21h,3.0,2019,5
811447,Cần Thơ,0h - 9h,5.0,2019,1
811471,Nha Trang,17h - 21h,10.0,2019,5
811471,Nha Trang,14h - 17h,10.0,2019,4
811471,Nha Trang,0h - 9h,10.0,2019,1
811496,Cần Thơ,0h - 9h,7.0,2019,1
811496,Cần Thơ,17h - 21h,6.0,2019,5
811496,Cần Thơ,11h - 14h,7.0,2019,3
811511,Hà Nội,14h - 17h,1.0,2019,4
811511,Hà Nội,0h - 9h,3.0,2019,1
811511,Hà Nội,17h - 21h,2.0,2019,5
811522,Nha Trang,0h - 9h,10.0,2019,1
811522,Nha Trang,17h - 21h,15.0,2019,5
811560,Cần Thơ,17h - 21h,1.0,2019,5
811560,Cần Thơ,14h - 17h,1.0,2019,4
811560,Cần Thơ,0h - 9h,1.0,2019,1
811571,Nha Trang,14h - 17h,10.0,2019,4
811571,Nha Trang,0h - 9h,20.0,2019,1
811577,Hà Nội,17h - 21h,3.0,2019,5
811577,Hà Nội,11h - 14h,4.0,2019,3
811583,Hà Nội,9h - 11h,3.0,2019,2
811583,Hà Nội,14h - 17h,4.0,2019,4
811583,Hà Nội,0h - 9h,3.0,2019,1
811598,Nha Trang,0h - 9h,12.0,2019,1
811652,Cần Thơ,11h - 14h,6.0,2019,3
811652,Cần Thơ,0h - 9h,6.0,2019,1
811683,Hà Nội,9h - 11h,4.0,2019,2
811683,Hà Nội,14h - 17h,2.0,2019,4
811683,Hà Nội,21h+,2.0,2019,6
811712,Hà Nội,14h - 17h,3.0,2019,4
811712,Hà Nội,21h+,2.0,2019,6
811712,Hà Nội,17h - 21h,3.0,2019,5
811745,Hồ Chí Minh,17h - 21h,5.0,2019,5
811747,Hồ Chí Minh,0h - 9h,5.0,2019,1
811761,Cần Thơ,0h - 9h,1.0,2019,1
811761,Cần Thơ,17h - 21h,1.0,2019,5
811778,Cần Thơ,0h - 9h,4.0,2019,1
811784,Cần Thơ,11h - 14h,5.0,2019,3
811784,Cần Thơ,0h - 9h,10.0,2019,1
811784,Cần Thơ,21h+,5.0,2019,6
811784,Cần Thơ,17h - 21h,10.0,2019,5
811789,Nha Trang,17h - 21h,10.0,2019,5
811789,Nha Trang,0h - 9h,30.0,2019,1
811797,Nha Trang,0h - 9h,15.0,2019,1
811815,Nha Trang,11h - 14h,5.0,2019,3
811815,Nha Trang,17h - 21h,4.0,2019,5
811815,Nha Trang,0h - 9h,30.0,2019,1
811821,Nha Trang,17h - 21h,10.0,2019,5
811821,Nha Trang,0h - 9h,10.0,2019,1
811821,Nha Trang,11h - 14h,10.0,2019,3
811860,Cần Thơ,0h - 9h,4.0,2019,1
811879,Hồ Chí Minh,9h - 11h,2.0,2019,2
811879,Hồ Chí Minh,17h - 21h,2.0,2019,5
811880,Hà Nội,9h - 11h,1.0,2019,2
811880,Hà Nội,17h - 21h,4.0,2019,5
811880,Hà Nội,14h - 17h,2.0,2019,4
811887,Hồ Chí Minh,17h - 21h,4.0,2019,5
811887,Hồ Chí Minh,9h - 11h,4.0,2019,2
811906,Nha Trang,14h - 17h,8.0,2019,4
811906,Nha Trang,0h - 9h,10.0,2019,1
811925,Nha Trang,9h - 11h,10.0,2019,2
811950,Nha Trang,17h - 21h,20.0,2019,5
811950,Nha Trang,0h - 9h,30.0,2019,1
812015,Cần Thơ,0h - 9h,15.0,2019,1
812015,Cần Thơ,17h - 21h,15.0,2019,5
812038,Hà Nội,17h - 21h,5.0,2019,5
812042,Hồ Chí Minh,11h - 14h,4.0,2019,3
812050,Hồ Chí Minh,9h - 11h,5.0,2019,2
812057,Hà Nội,14h - 17h,1.0,2019,4
812057,Hà Nội,17h - 21h,2.0,2019,5
812057,Hà Nội,9h - 11h,3.0,2019,2
812081,Hà Nội,17h - 21h,5.0,2019,5
812081,Hà Nội,0h - 9h,3.0,2019,1
812098,Hồ Chí Minh,17h - 21h,5.0,2019,5
812103,Cần Thơ,0h - 9h,5.0,2019,1
812103,Cần Thơ,17h - 21h,10.0,2019,5
812119,Nha Trang,11h - 14h,10.0,2019,3
812119,Nha Trang,0h - 9h,20.0,2019,1
812119,Nha Trang,17h - 21h,30.0,2019,5
812162,Hồ Chí Minh,17h - 21h,5.0,2019,5
812174,Hồ Chí Minh,0h - 9h,30.0,2019,1
812179,Cần Thơ,0h - 9h,30.0,2019,1
812179,Cần Thơ,11h - 14h,30.0,2019,3
812183,Hồ Chí Minh,17h - 21h,4.0,2019,5
812189,Hà Nội,14h - 17h,2.0,2019,4
812189,Hà Nội,17h - 21h,4.0,2019,5
812228,Đà Nẵng,9h - 11h,4.0,2019,2
812235,Đà Nẵng,17h - 21h,2.0,2019,5
812235,Đà Nẵng,0h - 9h,4.0,2019,1
812244,Đà Nẵng,0h - 9h,15.0,2019,1
812251,Cần Thơ,0h - 9h,4.0,2019,1
812257,Hồ Chí Minh,0h - 9h,16.0,2019,1
812283,Cần Thơ,0h - 9h,30.0,2019,1
812286,Hà Nội,17h - 21h,3.0,2019,5
812286,Hà Nội,14h - 17h,1.0,2019,4
812286,Hà Nội,21h+,3.0,2019,6
812286,Hà Nội,9h - 11h,2.0,2019,2
812291,Hồ Chí Minh,11h - 14h,12.0,2019,3
812292,Hồ Chí Minh,17h - 21h,4.0,2019,5
812292,Hồ Chí Minh,9h - 11h,5.0,2019,2
812351,Hà Nội,17h - 21h,3.0,2019,5
812351,Hà Nội,11h - 14h,2.0,2019,3
812354,Hà Nội,17h - 21h,3.0,2019,5
812367,Đà Nẵng,9h - 11h,4.0,2019,2
812379,Cần Thơ,0h - 9h,4.0,2019,1
812388,Hồ Chí Minh,11h - 14h,10.0,2019,3
812391,Hồ Chí Minh,11h - 14h,3.0,2019,3
812401,Cần Thơ,0h - 9h,14.0,2019,1
812401,Cần Thơ,21h+,16.0,2019,6
812412,Đà Nẵng,0h - 9h,10.0,2019,1
812421,Nha Trang,17h - 21h,5.0,2019,5
812472,Hồ Chí Minh,9h - 11h,10.0,2019,2
812472,Hồ Chí Minh,0h - 9h,10.0,2019,1
812473,Cần Thơ,0h - 9h,1.0,2019,1
812473,Cần Thơ,17h - 21h,1.0,2019,5
812473,Cần Thơ,11h - 14h,1.0,2019,3
812529,Nha Trang,0h - 9h,30.0,2019,1
812533,Nha Trang,0h - 9h,30.0,2019,1
812533,Nha Trang,11h - 14h,10.0,2019,3
812546,Hồ Chí Minh,9h - 11h,20.0,2019,2
812546,Hồ Chí Minh,17h - 21h,10.0,2019,5
812635,Hà Nội,17h - 21h,3.0,2019,5
812635,Hà Nội,14h - 17h,1.0,2019,4
812638,Hồ Chí Minh,0h - 9h,20.0,2019,1
812675,Hà Nội,14h - 17h,2.0,2019,4
812675,Hà Nội,9h - 11h,2.0,2019,2
812697,Nha Trang,17h - 21h,4.0,2019,5
812697,Nha Trang,11h - 14h,6.0,2019,3
812745,Nha Trang,17h - 21h,15.0,2019,5
812745,Nha Trang,0h - 9h,15.0,2019,1
812749,Đà Nẵng,0h - 9h,4.0,2019,1
812774,Hà Nội,17h - 21h,3.0,2019,5
812778,Hà Nội,14h - 17h,2.0,2019,4
812778,Hà Nội,17h - 21h,4.0,2019,5
812779,Hà Nội,9h - 11h,9.0,2019,2
812779,Hà Nội,14h - 17h,9.0,2019,4
812784,Hà Nội,14h - 17h,6.0,2019,4
812784,Hà Nội,17h - 21h,6.0,2019,5
812786,Hồ Chí Minh,11h - 14h,2.0,2019,3
812786,Hồ Chí Minh,17h - 21h,2.0,2019,5
812792,Cần Thơ,17h - 21h,15.0,2019,5
812802,Nha Trang,11h - 14h,20.0,2019,3
812802,Nha Trang,0h - 9h,15.0,2019,1
812814,Hải Phòng,0h - 9h,6.0,2019,1
812818,Hải Phòng,0h - 9h,5.0,2019,1
812847,Đà Nẵng,0h - 9h,4.0,2019,1
812882,Hà Nội,9h - 11h,2.0,2019,2
812882,Hà Nội,17h - 21h,3.0,2019,5
812886,Hồ Chí Minh,14h - 17h,4.0,2019,4
812886,Hồ Chí Minh,9h - 11h,4.0,2019,2
812923,Hà Nội,0h - 9h,4.0,2019,1
812924,Đà Nẵng,17h - 21h,5.0,2019,5
812924,Đà Nẵng,14h - 17h,10.0,2019,4
812924,Đà Nẵng,0h - 9h,15.0,2019,1
812927,Hồ Chí Minh,0h - 9h,4.0,2019,1
813125,Nha Trang,0h - 9h,6.0,2019,1
813135,Nha Trang,17h - 21h,15.0,2019,5
813135,Nha Trang,14h - 17h,15.0,2019,4
813135,Nha Trang,0h - 9h,30.0,2019,1
813146,Hà Nội,17h - 21h,3.0,2019,5
813146,Hà Nội,21h+,2.0,2019,6
813152,Hà Nội,21h+,2.0,2019,6
813152,Hà Nội,17h - 21h,4.0,2019,5
813155,Hà Nội,14h - 17h,2.0,2019,4
813155,Hà Nội,17h - 21h,3.0,2019,5
813203,Nha Trang,0h - 9h,20.0,2019,1
813203,Nha Trang,14h - 17h,10.0,2019,4
813209,Hà Nội,11h - 14h,1.0,2019,3
813209,Hà Nội,17h - 21h,2.0,2019,5
813222,Hồ Chí Minh,0h - 9h,10.0,2019,1
813247,Đà Nẵng,0h - 9h,20.0,2019,1
813247,Đà Nẵng,17h - 21h,10.0,2019,5
813278,Hà Nội,17h - 21h,2.0,2019,5
813278,Hà Nội,9h - 11h,2.0,2019,2
813281,Hà Nội,17h - 21h,6.0,2019,5
813281,Hà Nội,21h+,2.0,2019,6
813286,Hà Nội,17h - 21h,4.0,2019,5
813320,Hải Phòng,17h - 21h,2.0,2019,5
813320,Hải Phòng,21h+,2.0,2019,6
813388,Nha Trang,0h - 9h,20.0,2019,1
813465,Hồ Chí Minh,17h - 21h,8.0,2019,5
813465,Hồ Chí Minh,9h - 11h,7.0,2019,2
813467,Hà Nội,17h - 21h,4.0,2019,5
813467,Hà Nội,11h - 14h,4.0,2019,3
813467,Hà Nội,0h - 9h,4.0,2019,1
813483,Nha Trang,0h - 9h,8.0,2019,1
813483,Nha Trang,17h - 21h,4.0,2019,5
813483,Nha Trang,9h - 11h,3.0,2019,2
813493,Hồ Chí Minh,14h - 17h,2.0,2019,4
813493,Hồ Chí Minh,11h - 14h,2.0,2019,3
813495,Nha Trang,11h - 14h,4.0,2019,3
813495,Nha Trang,0h - 9h,3.0,2019,1
813495,Nha Trang,17h - 21h,3.0,2019,5
813534,Hà Nội,9h - 11h,3.0,2019,2
813534,Hà Nội,21h+,1.0,2019,6
813534,Hà Nội,14h - 17h,3.0,2019,4
813534,Hà Nội,17h - 21h,3.0,2019,5
813595,Nha Trang,17h - 21h,4.0,2019,5
813595,Nha Trang,9h - 11h,4.0,2019,2
813600,Hà Nội,17h - 21h,6.0,2019,5
813600,Hà Nội,21h+,2.0,2019,6
813606,Nha Trang,14h - 17h,6.0,2019,4
813606,Nha Trang,0h - 9h,4.0,2019,1
813608,Hà Nội,21h+,1.0,2019,6
813608,Hà Nội,17h - 21h,5.0,2019,5
813616,Nha Trang,0h - 9h,22.0,2019,1
813617,Hà Nội,17h - 21h,4.0,2019,5
813645,Hà Nội,9h - 11h,5.0,2019,2
813645,Hà Nội,14h - 17h,4.0,2019,4
813654,Hà Nội,17h - 21h,3.0,2019,5
813654,Hà Nội,11h - 14h,3.0,2019,3
813663,Hà Nội,17h - 21h,2.0,2019,5
813675,Hà Nội,14h - 17h,2.0,2019,4
813675,Hà Nội,17h - 21h,4.0,2019,5
813684,Hồ Chí Minh,0h - 9h,4.0,2019,1
813684,Hồ Chí Minh,14h - 17h,4.0,2019,4
813765,Hồ Chí Minh,14h - 17h,12.0,2019,4
813765,Hồ Chí Minh,9h - 11h,10.0,2019,2
813765,Hồ Chí Minh,0h - 9h,8.0,2019,1
813788,Hà Nội,17h - 21h,4.0,2019,5
813797,Nha Trang,17h - 21h,20.0,2019,5
813840,Nha Trang,11h - 14h,17.0,2019,3
813840,Nha Trang,0h - 9h,30.0,2019,1
813841,Nha Trang,0h - 9h,30.0,2019,1
813857,Đà Nẵng,9h - 11h,10.0,2019,2
813857,Đà Nẵng,17h - 21h,20.0,2019,5
813857,Đà Nẵng,14h - 17h,20.0,2019,4
813860,Nha Trang,14h - 17h,6.0,2019,4
813860,Nha Trang,11h - 14h,6.0,2019,3
813860,Nha Trang,17h - 21h,8.0,2019,5
813875,Hà Nội,14h - 17h,10.0,2019,4
813918,Hà Nội,21h+,2.0,2019,6
813918,Hà Nội,17h - 21h,4.0,2019,5
813923,Hà Nội,14h - 17h,8.0,2019,4
813930,Hà Nội,17h - 21h,3.0,2019,5
813930,Hà Nội,21h+,2.0,2019,6
813931,Nha Trang,0h - 9h,30.0,2019,1
813936,Nha Trang,17h - 21h,19.0,2019,5
813936,Nha Trang,11h - 14h,10.0,2019,3
813936,Nha Trang,0h - 9h,30.0,2019,1
813940,Hà Nội,11h - 14h,2.0,2019,3
813940,Hà Nội,17h - 21h,4.0,2019,5
813946,Nha Trang,0h - 9h,30.0,2019,1
813948,Hồ Chí Minh,0h - 9h,10.0,2019,1
813948,Hồ Chí Minh,17h - 21h,5.0,2019,5
813948,Hồ Chí Minh,11h - 14h,10.0,2019,3
813950,Hà Nội,21h+,4.0,2019,6
813950,Hà Nội,17h - 21h,4.0,2019,5
813950,Hà Nội,11h - 14h,2.0,2019,3
813952,Nha Trang,17h - 21h,10.0,2019,5
813952,Nha Trang,14h - 17h,10.0,2019,4
813973,Hà Nội,11h - 14h,1.0,2019,3
813973,Hà Nội,17h - 21h,1.0,2019,5
813994,Nha Trang,17h - 21h,4.0,2019,5
814000,Cần Thơ,14h - 17h,5.0,2019,4
814000,Cần Thơ,9h - 11h,5.0,2019,2
814000,Cần Thơ,11h - 14h,5.0,2019,3
814000,Cần Thơ,0h - 9h,10.0,2019,1
814000,Cần Thơ,17h - 21h,5.0,2019,5
814005,Hà Nội,9h - 11h,4.0,2019,2
814010,Hà Nội,17h - 21h,3.0,2019,5
814010,Hà Nội,21h+,1.0,2019,6
814011,Hà Nội,17h - 21h,6.0,2019,5
814014,Hà Nội,21h+,2.0,2019,6
814014,Hà Nội,17h - 21h,4.0,2019,5
814016,Cần Thơ,9h - 11h,5.0,2019,2
814016,Cần Thơ,14h - 17h,5.0,2019,4
814041,Hà Nội,17h - 21h,4.0,2019,5
814042,Nha Trang,0h - 9h,20.0,2019,1
814042,Nha Trang,14h - 17h,10.0,2019,4
814045,Nha Trang,0h - 9h,6.0,2019,1
814045,Nha Trang,9h - 11h,5.0,2019,2
814045,Nha Trang,14h - 17h,4.0,2019,4
814045,Nha Trang,17h - 21h,5.0,2019,5
814047,Hà Nội,9h - 11h,2.0,2019,2
814047,Hà Nội,17h - 21h,1.0,2019,5
814047,Hà Nội,14h - 17h,1.0,2019,4
814055,Hải Phòng,17h - 21h,2.0,2019,5
814055,Hải Phòng,21h+,2.0,2019,6
814071,Hà Nội,17h - 21h,3.0,2019,5
814071,Hà Nội,14h - 17h,3.0,2019,4
814071,Hà Nội,9h - 11h,3.0,2019,2
814096,Đà Nẵng,17h - 21h,5.0,2019,5
814096,Đà Nẵng,0h - 9h,25.0,2019,1
814106,Hồ Chí Minh,9h - 11h,2.0,2019,2
814106,Hồ Chí Minh,14h - 17h,2.0,2019,4
814118,Cần Thơ,0h - 9h,4.0,2019,1
814121,Hà Nội,17h - 21h,2.0,2019,5
814121,Hà Nội,9h - 11h,1.0,2019,2
814156,Hà Nội,9h - 11h,3.0,2019,2
814156,Hà Nội,14h - 17h,2.0,2019,4
814156,Hà Nội,17h - 21h,2.0,2019,5
814183,Cần Thơ,14h - 17h,4.0,2019,4
814183,Cần Thơ,17h - 21h,2.0,2019,5
814183,Cần Thơ,21h+,2.0,2019,6
814276,Hà Nội,11h - 14h,2.0,2019,3
814276,Hà Nội,17h - 21h,3.0,2019,5
814318,Nha Trang,17h - 21h,6.0,2019,5
814318,Nha Trang,9h - 11h,6.0,2019,2
814318,Nha Trang,14h - 17h,5.0,2019,4
814329,Nha Trang,0h - 9h,25.0,2019,1
814351,Cần Thơ,0h - 9h,10.0,2019,1
814351,Cần Thơ,14h - 17h,5.0,2019,4
814392,Cần Thơ,14h - 17h,2.0,2019,4
814392,Cần Thơ,17h - 21h,3.0,2019,5
814442,Hà Nội,14h - 17h,3.0,2019,4
814442,Hà Nội,9h - 11h,5.0,2019,2
814453,Hải Phòng,17h - 21h,12.0,2019,5
814453,Hải Phòng,14h - 17h,8.0,2019,4
814468,Hà Nội,9h - 11h,2.0,2019,2
814486,Hà Nội,17h - 21h,2.0,2019,5
814486,Hà Nội,14h - 17h,2.0,2019,4
814492,Hồ Chí Minh,0h - 9h,2.0,2019,1
814492,Hồ Chí Minh,14h - 17h,2.0,2019,4
814497,Hồ Chí Minh,17h - 21h,5.0,2019,5
814497,Hồ Chí Minh,11h - 14h,2.0,2019,3
814497,Hồ Chí Minh,0h - 9h,3.0,2019,1
814534,Cần Thơ,17h - 21h,15.0,2019,5
814534,Cần Thơ,14h - 17h,15.0,2019,4
814560,Hải Phòng,0h - 9h,4.0,2019,1
814585,Hà Nội,17h - 21h,6.0,2019,5
814630,Hồ Chí Minh,17h - 21h,5.0,2019,5
814630,Hồ Chí Minh,0h - 9h,8.0,2019,1
814630,Hồ Chí Minh,11h - 14h,7.0,2019,3
814640,Nha Trang,17h - 21h,6.0,2019,5
814640,Nha Trang,0h - 9h,4.0,2019,1
814651,Hà Nội,17h - 21h,2.0,2019,5
814651,Hà Nội,9h - 11h,3.0,2019,2
814673,Hải Phòng,14h - 17h,4.0,2019,4
814680,Cần Thơ,9h - 11h,2.0,2019,2
814686,Hà Nội,21h+,4.0,2019,6
814686,Hà Nội,14h - 17h,2.0,2019,4
814686,Hà Nội,17h - 21h,4.0,2019,5
814686,Hà Nội,11h - 14h,2.0,2019,3
814695,Cần Thơ,17h - 21h,3.0,2019,5
814695,Cần Thơ,21h+,2.0,2019,6
814713,Hải Phòng,17h - 21h,2.0,2019,5
814738,Hà Nội,9h - 11h,3.0,2019,2
814741,Cần Thơ,14h - 17h,6.0,2019,4
814741,Cần Thơ,0h - 9h,9.0,2019,1
814750,Nha Trang,11h - 14h,4.0,2019,3
814750,Nha Trang,0h - 9h,2.0,2019,1
814781,Hà Nội,14h - 17h,1.0,2019,4
814781,Hà Nội,11h - 14h,2.0,2019,3
814781,Hà Nội,17h - 21h,1.0,2019,5
814825,Hồ Chí Minh,14h - 17h,8.0,2019,4
814825,Hồ Chí Minh,0h - 9h,7.0,2019,1
814827,Hà Nội,17h - 21h,4.0,2019,5
814827,Hà Nội,21h+,4.0,2019,6
814832,Hồ Chí Minh,17h - 21h,8.0,2019,5
814832,Hồ Chí Minh,9h - 11h,5.0,2019,2
814893,Hải Phòng,17h - 21h,3.0,2019,5
814909,Hải Phòng,0h - 9h,1.0,2019,1
814909,Hải Phòng,14h - 17h,3.0,2019,4
814913,Hồ Chí Minh,14h - 17h,2.0,2019,4
814913,Hồ Chí Minh,11h - 14h,2.0,2019,3
814927,Cần Thơ,0h - 9h,10.0,2019,1
814945,Cần Thơ,0h - 9h,30.0,2019,1
814952,Cần Thơ,0h - 9h,30.0,2019,1
814990,Cần Thơ,14h - 17h,2.0,2019,4
814990,Cần Thơ,17h - 21h,1.0,2019,5
815053,Hồ Chí Minh,0h - 9h,2.0,2019,1
815053,Hồ Chí Minh,17h - 21h,6.0,2019,5
815056,Đà Nẵng,0h - 9h,8.0,2019,1
815068,Hà Nội,14h - 17h,2.0,2019,4
815099,Hồ Chí Minh,11h - 14h,10.0,2019,3
815099,Hồ Chí Minh,17h - 21h,10.0,2019,5
815142,Cần Thơ,17h - 21h,14.0,2019,5
815142,Cần Thơ,0h - 9h,16.0,2019,1
815191,Hà Nội,17h - 21h,2.0,2019,5
815191,Hà Nội,11h - 14h,2.0,2019,3
815354,Cần Thơ,0h - 9h,6.0,2019,1
815354,Cần Thơ,14h - 17h,1.0,2019,4
815354,Cần Thơ,17h - 21h,1.0,2019,5
815381,Cần Thơ,0h - 9h,26.0,2019,1
815381,Cần Thơ,17h - 21h,4.0,2019,5
815388,Cần Thơ,11h - 14h,18.0,2019,3
815388,Cần Thơ,0h - 9h,12.0,2019,1
815392,Cần Thơ,17h - 21h,30.0,2019,5
815438,Hà Nội,17h - 21h,4.0,2019,5
815447,Cần Thơ,0h - 9h,7.0,2019,1
815453,Hà Nội,17h - 21h,6.0,2019,5
815453,Hà Nội,21h+,2.0,2019,6
815455,Hà Nội,9h - 11h,2.0,2019,2
815455,Hà Nội,17h - 21h,4.0,2019,5
815457,Hồ Chí Minh,14h - 17h,10.0,2019,4
815457,Hồ Chí Minh,0h - 9h,10.0,2019,1
815550,Cần Thơ,0h - 9h,18.0,2019,1
815550,Cần Thơ,17h - 21h,22.0,2019,5
815596,Đà Nẵng,17h - 21h,5.0,2019,5
815596,Đà Nẵng,0h - 9h,15.0,2019,1
815603,Nha Trang,14h - 17h,4.0,2019,4
815603,Nha Trang,0h - 9h,3.0,2019,1
815603,Nha Trang,17h - 21h,3.0,2019,5
815623,Đà Nẵng,0h - 9h,30.0,2019,1
815623,Đà Nẵng,17h - 21h,7.0,2019,5
815634,Hồ Chí Minh,0h - 9h,3.0,2019,1
815634,Hồ Chí Minh,17h - 21h,3.0,2019,5
815634,Hồ Chí Minh,11h - 14h,2.0,2019,3
815637,Hồ Chí Minh,0h - 9h,20.0,2019,1
815639,Hà Nội,17h - 21h,1.0,2019,5
815639,Hà Nội,9h - 11h,4.0,2019,2
815641,Hà Nội,17h - 21h,4.0,2019,5
815653,Hà Nội,17h - 21h,5.0,2019,5
815654,Hà Nội,17h - 21h,2.0,2019,5
815658,Hà Nội,17h - 21h,5.0,2019,5
815670,Hà Nội,17h - 21h,3.0,2019,5
815670,Hà Nội,21h+,2.0,2019,6
815670,Hà Nội,11h - 14h,3.0,2019,3
815682,Hồ Chí Minh,17h - 21h,6.0,2019,5
815682,Hồ Chí Minh,0h - 9h,26.0,2019,1
815685,Nha Trang,9h - 11h,30.0,2019,2
815685,Nha Trang,17h - 21h,30.0,2019,5
815689,Hồ Chí Minh,17h - 21h,30.0,2019,5
815689,Hồ Chí Minh,0h - 9h,30.0,2019,1
815689,Hồ Chí Minh,11h - 14h,30.0,2019,3
815706,Cần Thơ,17h - 21h,12.0,2019,5
815706,Cần Thơ,0h - 9h,18.0,2019,1
815711,Hồ Chí Minh,17h - 21h,6.0,2019,5
815711,Hồ Chí Minh,9h - 11h,3.0,2019,2
815715,Cần Thơ,0h - 9h,30.0,2019,1
815715,Cần Thơ,17h - 21h,30.0,2019,5
815730,Hà Nội,17h - 21h,3.0,2019,5
815746,Đà Nẵng,0h - 9h,8.0,2019,1
815755,Nha Trang,0h - 9h,20.0,2019,1
815755,Nha Trang,11h - 14h,10.0,2019,3
815767,Nha Trang,0h - 9h,19.0,2019,1
815803,Hà Nội,17h - 21h,1.0,2019,5
815803,Hà Nội,11h - 14h,2.0,2019,3
815814,Hồ Chí Minh,0h - 9h,30.0,2019,1
815824,Hà Nội,11h - 14h,3.0,2019,3
815824,Hà Nội,17h - 21h,1.0,2019,5
815842,Cần Thơ,0h - 9h,30.0,2019,1
815849,Cần Thơ,0h - 9h,24.0,2019,1
815849,Cần Thơ,17h - 21h,6.0,2019,5
815854,Đà Nẵng,17h - 21h,2.0,2019,5
815854,Đà Nẵng,9h - 11h,8.0,2019,2
815899,Hà Nội,17h - 21h,6.0,2019,5
815920,Nha Trang,0h - 9h,4.0,2019,1
815929,Nha Trang,0h - 9h,2.0,2019,1
815929,Nha Trang,17h - 21h,4.0,2019,5
815960,Đà Nẵng,9h - 11h,10.0,2019,2
815960,Đà Nẵng,17h - 21h,3.0,2019,5
815960,Đà Nẵng,0h - 9h,3.0,2019,1
815970,Cần Thơ,0h - 9h,16.0,2019,1
815970,Cần Thơ,14h - 17h,14.0,2019,4
815990,Cần Thơ,0h - 9h,5.0,2019,1
815990,Cần Thơ,17h - 21h,5.0,2019,5
815992,Hồ Chí Minh,17h - 21h,30.0,2019,5
815992,Hồ Chí Minh,0h - 9h,20.0,2019,1
815992,Hồ Chí Minh,11h - 14h,20.0,2019,3
815994,Cần Thơ,0h - 9h,30.0,2019,1
815994,Cần Thơ,17h - 21h,20.0,2019,5
816003,Cần Thơ,9h - 11h,5.0,2019,2
816003,Cần Thơ,17h - 21h,5.0,2019,5
816006,Hồ Chí Minh,0h - 9h,20.0,2019,1
816006,Hồ Chí Minh,17h - 21h,30.0,2019,5
816007,Nha Trang,14h - 17h,2.0,2019,4
816007,Nha Trang,0h - 9h,30.0,2019,1
816007,Nha Trang,17h - 21h,28.0,2019,5
816008,Hà Nội,17h - 21h,3.0,2019,5
816052,Hà Nội,17h - 21h,2.0,2019,5
816052,Hà Nội,14h - 17h,2.0,2019,4
816052,Hà Nội,0h - 9h,3.0,2019,1
816054,Nha Trang,0h - 9h,8.0,2019,1
816075,Nha Trang,0h - 9h,30.0,2019,1
816080,Cần Thơ,17h - 21h,4.0,2019,5
816080,Cần Thơ,0h - 9h,26.0,2019,1
816083,Hà Nội,21h+,1.0,2019,6
816083,Hà Nội,17h - 21h,4.0,2019,5
816085,Hà Nội,17h - 21h,4.0,2019,5
816087,Cần Thơ,11h - 14h,5.0,2019,3
816087,Cần Thơ,0h - 9h,25.0,2019,1
816088,Hồ Chí Minh,9h - 11h,30.0,2019,2
816088,Hồ Chí Minh,14h - 17h,30.0,2019,4
816088,Hồ Chí Minh,17h - 21h,20.0,2019,5
816089,Nha Trang,0h - 9h,20.0,2019,1
816091,Hà Nội,17h - 21h,5.0,2019,5
816092,Hà Nội,17h - 21h,5.0,2019,5
816092,Hà Nội,21h+,3.0,2019,6
816095,Hồ Chí Minh,9h - 11h,6.0,2019,2
816095,Hồ Chí Minh,17h - 21h,11.0,2019,5
816095,Hồ Chí Minh,14h - 17h,7.0,2019,4
816095,Hồ Chí Minh,0h - 9h,6.0,2019,1
816107,Hà Nội,17h - 21h,3.0,2019,5
816112,Hà Nội,17h - 21h,2.0,2019,5
816112,Hà Nội,14h - 17h,1.0,2019,4
816115,Nha Trang,17h - 21h,5.0,2019,5
816115,Nha Trang,14h - 17h,5.0,2019,4
816116,Đà Nẵng,9h - 11h,6.0,2019,2
816135,Hà Nội,14h - 17h,5.0,2019,4
816135,Hà Nội,9h - 11h,5.0,2019,2
816148,Hà Nội,17h - 21h,3.0,2019,5
816148,Hà Nội,14h - 17h,2.0,2019,4
816151,Đà Nẵng,0h - 9h,25.0,2019,1
816151,Đà Nẵng,17h - 21h,5.0,2019,5
816157,Hà Nội,17h - 21h,2.0,2019,5
816165,Hải Phòng,0h - 9h,3.0,2019,1
816183,Cần Thơ,0h - 9h,15.0,2019,1
816183,Cần Thơ,17h - 21h,15.0,2019,5
816184,Cần Thơ,0h - 9h,30.0,2019,1
816185,Hồ Chí Minh,11h - 14h,12.0,2019,3
816196,Hà Nội,14h - 17h,3.0,2019,4
816196,Hà Nội,17h - 21h,3.0,2019,5
816197,Cần Thơ,17h - 21h,2.0,2019,5
816197,Cần Thơ,0h - 9h,4.0,2019,1
816230,Hà Nội,17h - 21h,7.0,2019,5
816239,Hà Nội,14h - 17h,2.0,2019,4
816239,Hà Nội,9h - 11h,1.0,2019,2
816241,Nha Trang,17h - 21h,12.0,2019,5
816241,Nha Trang,9h - 11h,8.0,2019,2
816244,Nha Trang,0h - 9h,22.0,2019,1
816248,Hà Nội,9h - 11h,3.0,2019,2
816248,Hà Nội,17h - 21h,3.0,2019,5
816251,Hà Nội,21h+,2.0,2019,6
816251,Hà Nội,17h - 21h,6.0,2019,5
816252,Nha Trang,0h - 9h,4.0,2019,1
816254,Hà Nội,21h+,3.0,2019,6
816254,Hà Nội,17h - 21h,5.0,2019,5
816264,Đà Nẵng,0h - 9h,4.0,2019,1
816264,Đà Nẵng,9h - 11h,4.0,2019,2
816276,Hà Nội,21h+,2.0,2019,6
816276,Hà Nội,17h - 21h,4.0,2019,5
816276,Hà Nội,0h - 9h,3.0,2019,1
816284,Cần Thơ,0h - 9h,10.0,2019,1
816284,Cần Thơ,14h - 17h,10.0,2019,4
816284,Cần Thơ,17h - 21h,10.0,2019,5
816317,Hà Nội,9h - 11h,4.0,2019,2
816323,Cần Thơ,17h - 21h,30.0,2019,5
816324,Hải Phòng,9h - 11h,2.0,2019,2
816329,Cần Thơ,0h - 9h,30.0,2019,1
816350,Nha Trang,11h - 14h,10.0,2019,3
816350,Nha Trang,17h - 21h,5.0,2019,5
816350,Nha Trang,0h - 9h,10.0,2019,1
816356,Nha Trang,0h - 9h,4.0,2019,1
816356,Nha Trang,17h - 21h,2.0,2019,5
816362,Hà Nội,14h - 17h,1.0,2019,4
816362,Hà Nội,11h - 14h,2.0,2019,3
816367,Nha Trang,0h - 9h,26.0,2019,1
816367,Nha Trang,17h - 21h,5.0,2019,5
816390,Cần Thơ,0h - 9h,4.0,2019,1
816392,Cần Thơ,0h - 9h,4.0,2019,1
816444,Hà Nội,9h - 11h,3.0,2019,2
816444,Hà Nội,17h - 21h,3.0,2019,5
816450,Cần Thơ,17h - 21h,10.0,2019,5
816450,Cần Thơ,11h - 14h,20.0,2019,3
816452,Hồ Chí Minh,14h - 17h,4.0,2019,4
816452,Hồ Chí Minh,9h - 11h,3.0,2019,2
816455,Cần Thơ,0h - 9h,30.0,2019,1
816459,Hà Nội,17h - 21h,4.0,2019,5
816477,Hà Nội,0h - 9h,4.0,2019,1
816494,Đà Nẵng,0h - 9h,3.0,2019,1
816494,Đà Nẵng,17h - 21h,3.0,2019,5
816505,Cần Thơ,0h - 9h,2.0,2019,1
816512,Cần Thơ,17h - 21h,3.0,2019,5
816512,Cần Thơ,21h+,2.0,2019,6
816555,Hà Nội,0h - 9h,1.0,2019,1
816555,Hà Nội,17h - 21h,2.0,2019,5
816561,Hà Nội,17h - 21h,2.0,2019,5
816565,Hà Nội,14h - 17h,3.0,2019,4
816565,Hà Nội,17h - 21h,2.0,2019,5
816565,Hà Nội,9h - 11h,3.0,2019,2
816567,Đà Nẵng,0h - 9h,5.0,2019,1
816581,Cần Thơ,21h+,30.0,2019,6
816592,Hồ Chí Minh,14h - 17h,4.0,2019,4
816592,Hồ Chí Minh,9h - 11h,3.0,2019,2
816602,Đà Nẵng,17h - 21h,5.0,2019,5
816602,Đà Nẵng,0h - 9h,15.0,2019,1
816602,Đà Nẵng,9h - 11h,10.0,2019,2
816609,Cần Thơ,21h+,3.0,2019,6
816609,Cần Thơ,0h - 9h,1.0,2019,1
816609,Cần Thơ,17h - 21h,3.0,2019,5
816627,Cần Thơ,14h - 17h,4.0,2019,4
816627,Cần Thơ,11h - 14h,2.0,2019,3
816627,Cần Thơ,17h - 21h,4.0,2019,5
816649,Hà Nội,17h - 21h,4.0,2019,5
816649,Hà Nội,14h - 17h,3.0,2019,4
816649,Hà Nội,9h - 11h,2.0,2019,2
816649,Hà Nội,21h+,1.0,2019,6
816708,Hồ Chí Minh,17h - 21h,2.0,2019,5
816708,Hồ Chí Minh,0h - 9h,2.0,2019,1
816711,Cần Thơ,17h - 21h,3.0,2019,5
816711,Cần Thơ,21h+,2.0,2019,6
816713,Hải Phòng,0h - 9h,3.0,2019,1
816723,Đà Nẵng,0h - 9h,10.0,2019,1
816730,Nha Trang,0h - 9h,30.0,2019,1
816730,Nha Trang,14h - 17h,20.0,2019,4
816754,Hồ Chí Minh,14h - 17h,2.0,2019,4
816754,Hồ Chí Minh,0h - 9h,3.0,2019,1
816754,Hồ Chí Minh,11h - 14h,3.0,2019,3
816824,Hồ Chí Minh,9h - 11h,4.0,2019,2
816824,Hồ Chí Minh,17h - 21h,3.0,2019,5
816844,Đà Nẵng,0h - 9h,10.0,2019,1
816870,Nha Trang,0h - 9h,2.0,2019,1
816873,Hải Phòng,9h - 11h,5.0,2019,2
816873,Hải Phòng,17h - 21h,6.0,2019,5
816880,Hà Nội,14h - 17h,3.0,2019,4
816880,Hà Nội,17h - 21h,4.0,2019,5
816880,Hà Nội,21h+,3.0,2019,6
816882,Cần Thơ,17h - 21h,3.0,2019,5
816882,Cần Thơ,14h - 17h,3.0,2019,4
816901,Cần Thơ,17h - 21h,3.0,2019,5
816901,Cần Thơ,21h+,2.0,2019,6
816906,Nha Trang,17h - 21h,20.0,2019,5
816906,Nha Trang,0h - 9h,20.0,2019,1
816906,Nha Trang,14h - 17h,20.0,2019,4
816928,Đà Nẵng,9h - 11h,10.0,2019,2
816928,Đà Nẵng,14h - 17h,10.0,2019,4
816929,Đà Nẵng,0h - 9h,30.0,2019,1
816932,Hải Phòng,17h - 21h,8.0,2019,5
816940,Hà Nội,17h - 21h,5.0,2019,5
816940,Hà Nội,21h+,4.0,2019,6
816940,Hà Nội,14h - 17h,4.0,2019,4
816940,Hà Nội,11h - 14h,3.0,2019,3
816970,Hà Nội,17h - 21h,2.0,2019,5
816972,Hồ Chí Minh,0h - 9h,4.0,2019,1
816972,Hồ Chí Minh,17h - 21h,2.0,2019,5
816997,Hải Phòng,14h - 17h,2.0,2019,4
817010,Hải Phòng,9h - 11h,4.0,2019,2
817023,Hà Nội,17h - 21h,2.0,2019,5
817023,Hà Nội,11h - 14h,1.0,2019,3
817031,Đà Nẵng,0h - 9h,30.0,2019,1
817042,Đà Nẵng,0h - 9h,30.0,2019,1
817057,Đà Nẵng,0h - 9h,30.0,2019,1
817059,Hồ Chí Minh,17h - 21h,3.0,2019,5
817059,Hồ Chí Minh,14h - 17h,2.0,2019,4
817086,Hồ Chí Minh,9h - 11h,2.0,2019,2
817086,Hồ Chí Minh,0h - 9h,4.0,2019,1
817086,Hồ Chí Minh,11h - 14h,2.0,2019,3
817116,Hải Phòng,0h - 9h,2.0,2019,1
817121,Hải Phòng,0h - 9h,1.0,2019,1
817121,Hải Phòng,17h - 21h,3.0,2019,5
817190,Đà Nẵng,0h - 9h,30.0,2019,1
817282,Đà Nẵng,0h - 9h,30.0,2019,1
817282,Đà Nẵng,17h - 21h,10.0,2019,5
817317,Đà Nẵng,17h - 21h,8.0,2019,5
817426,Đà Nẵng,0h - 9h,30.0,2019,1
817454,Hà Nội,17h - 21h,3.0,2019,5
817462,Hà Nội,17h - 21h,4.0,2019,5
817470,Hà Nội,21h+,3.0,2019,6
817470,Hà Nội,17h - 21h,5.0,2019,5
817471,Hà Nội,21h+,1.0,2019,6
817471,Hà Nội,11h - 14h,2.0,2019,3
817471,Hà Nội,17h - 21h,2.0,2019,5
817474,Hà Nội,17h - 21h,5.0,2019,5
817476,Hà Nội,17h - 21h,3.0,2019,5
817476,Hà Nội,9h - 11h,3.0,2019,2
817486,Hồ Chí Minh,0h - 9h,4.0,2019,1
817486,Hồ Chí Minh,11h - 14h,4.0,2019,3
817503,Đà Nẵng,0h - 9h,4.0,2019,1
817521,Cần Thơ,11h - 14h,1.0,2019,3
817521,Cần Thơ,14h - 17h,1.0,2019,4
817521,Cần Thơ,17h - 21h,1.0,2019,5
817521,Cần Thơ,0h - 9h,1.0,2019,1
817548,Nha Trang,17h - 21h,20.0,2019,5
817548,Nha Trang,0h - 9h,10.0,2019,1
817550,Đà Nẵng,0h - 9h,30.0,2019,1
817559,Hà Nội,9h - 11h,4.0,2019,2
817559,Hà Nội,14h - 17h,1.0,2019,4
817562,Cần Thơ,11h - 14h,30.0,2019,3
817568,Hà Nội,17h - 21h,2.0,2019,5
817588,Đà Nẵng,0h - 9h,30.0,2019,1
817607,Hồ Chí Minh,9h - 11h,2.0,2019,2
817607,Hồ Chí Minh,14h - 17h,2.0,2019,4
817624,Nha Trang,11h - 14h,15.0,2019,3
817624,Nha Trang,17h - 21h,5.0,2019,5
817624,Nha Trang,0h - 9h,10.0,2019,1
817646,Hà Nội,17h - 21h,4.0,2019,5
817681,Hà Nội,14h - 17h,1.0,2019,4
817681,Hà Nội,11h - 14h,2.0,2019,3
817690,Hà Nội,11h - 14h,5.0,2019,3
817699,Cần Thơ,11h - 14h,1.0,2019,3
817699,Cần Thơ,17h - 21h,1.0,2019,5
817699,Cần Thơ,0h - 9h,1.0,2019,1
817723,Nha Trang,0h - 9h,6.0,2019,1
817723,Nha Trang,11h - 14h,4.0,2019,3
817723,Nha Trang,17h - 21h,10.0,2019,5
817746,Đà Nẵng,0h - 9h,20.0,2019,1
817746,Đà Nẵng,14h - 17h,10.0,2019,4
817758,Đà Nẵng,17h - 21h,5.0,2019,5
817770,Đà Nẵng,0h - 9h,10.0,2019,1
817778,Hồ Chí Minh,17h - 21h,3.0,2019,5
817778,Hồ Chí Minh,9h - 11h,4.0,2019,2
817780,Hồ Chí Minh,17h - 21h,8.0,2019,5
817780,Hồ Chí Minh,0h - 9h,7.0,2019,1
817786,Cần Thơ,17h - 21h,5.0,2019,5
817786,Cần Thơ,0h - 9h,30.0,2019,1
817786,Cần Thơ,21h+,5.0,2019,6
817801,Hồ Chí Minh,0h - 9h,30.0,2019,1
817801,Hồ Chí Minh,17h - 21h,30.0,2019,5
817815,Hà Nội,21h+,2.0,2019,6
817815,Hà Nội,17h - 21h,2.0,2019,5
817824,Nha Trang,0h - 9h,5.0,2019,1
817824,Nha Trang,17h - 21h,3.0,2019,5
817825,Hồ Chí Minh,9h - 11h,2.0,2019,2
817825,Hồ Chí Minh,0h - 9h,2.0,2019,1
817825,Hồ Chí Minh,14h - 17h,2.0,2019,4
817847,Đà Nẵng,11h - 14h,10.0,2019,3
817847,Đà Nẵng,0h - 9h,10.0,2019,1
817882,Hải Phòng,17h - 21h,4.0,2019,5
817885,Hải Phòng,17h - 21h,4.0,2019,5
817899,Hà Nội,17h - 21h,2.0,2019,5
817899,Hà Nội,11h - 14h,4.0,2019,3
817899,Hà Nội,0h - 9h,4.0,2019,1
817909,Đà Nẵng,0h - 9h,4.0,2019,1
817911,Hà Nội,14h - 17h,2.0,2019,4
817911,Hà Nội,9h - 11h,2.0,2019,2
817911,Hà Nội,21h+,1.0,2019,6
817911,Hà Nội,17h - 21h,3.0,2019,5
817919,Cần Thơ,17h - 21h,3.0,2019,5
817919,Cần Thơ,21h+,2.0,2019,6
817922,Cần Thơ,17h - 21h,10.0,2019,5
817922,Cần Thơ,0h - 9h,20.0,2019,1
817924,Cần Thơ,14h - 17h,1.0,2019,4
817924,Cần Thơ,17h - 21h,1.0,2019,5
817924,Cần Thơ,11h - 14h,1.0,2019,3
817924,Cần Thơ,0h - 9h,1.0,2019,1
817926,Hồ Chí Minh,17h - 21h,2.0,2019,5
817926,Hồ Chí Minh,0h - 9h,4.0,2019,1
817970,Hồ Chí Minh,17h - 21h,9.0,2019,5
817970,Hồ Chí Minh,9h - 11h,5.0,2019,2
817970,Hồ Chí Minh,0h - 9h,6.0,2019,1
817989,Cần Thơ,21h+,3.0,2019,6
817989,Cần Thơ,17h - 21h,2.0,2019,5
817989,Cần Thơ,14h - 17h,2.0,2019,4
817993,Hà Nội,17h - 21h,4.0,2019,5
817993,Hà Nội,9h - 11h,4.0,2019,2
817993,Hà Nội,0h - 9h,4.0,2019,1
817996,Hà Nội,17h - 21h,4.0,2019,5
817996,Hà Nội,21h+,2.0,2019,6
818005,Đà Nẵng,0h - 9h,10.0,2019,1
818009,Hà Nội,14h - 17h,3.0,2019,4
818009,Hà Nội,17h - 21h,3.0,2019,5
818013,Hà Nội,9h - 11h,4.0,2019,2
818013,Hà Nội,17h - 21h,4.0,2019,5
818013,Hà Nội,21h+,2.0,2019,6
818018,Đà Nẵng,0h - 9h,30.0,2019,1
818023,Cần Thơ,9h - 11h,1.0,2019,2
818023,Cần Thơ,14h - 17h,1.0,2019,4
818023,Cần Thơ,17h - 21h,1.0,2019,5
818027,Hồ Chí Minh,17h - 21h,6.0,2019,5
818028,Hà Nội,17h - 21h,4.0,2019,5
818028,Hà Nội,14h - 17h,3.0,2019,4
818028,Hà Nội,0h - 9h,3.0,2019,1
818028,Hà Nội,9h - 11h,2.0,2019,2
818029,Cần Thơ,0h - 9h,12.0,2019,1
818029,Cần Thơ,17h - 21h,18.0,2019,5
818035,Cần Thơ,0h - 9h,30.0,2019,1
818037,Hồ Chí Minh,17h - 21h,5.0,2019,5
818037,Hồ Chí Minh,11h - 14h,3.0,2019,3
818037,Hồ Chí Minh,0h - 9h,2.0,2019,1
818047,Đà Nẵng,9h - 11h,6.0,2019,2
818047,Đà Nẵng,17h - 21h,4.0,2019,5
818047,Đà Nẵng,14h - 17h,2.0,2019,4
818062,Cần Thơ,21h+,2.0,2019,6
818062,Cần Thơ,14h - 17h,1.0,2019,4
818062,Cần Thơ,17h - 21h,2.0,2019,5
818075,Hải Phòng,0h - 9h,4.0,2019,1
818075,Hải Phòng,14h - 17h,4.0,2019,4
818107,Cần Thơ,0h - 9h,2.0,2019,1
818112,Đà Nẵng,0h - 9h,8.0,2019,1
818116,Hà Nội,17h - 21h,7.0,2019,5
818118,Hồ Chí Minh,11h - 14h,30.0,2019,3
818131,Hải Phòng,0h - 9h,4.0,2019,1
818136,Hà Nội,17h - 21h,3.0,2019,5
818136,Hà Nội,0h - 9h,2.0,2019,1
818139,Hà Nội,17h - 21h,2.0,2019,5
818139,Hà Nội,21h+,2.0,2019,6
818142,Hà Nội,17h - 21h,3.0,2019,5
818142,Hà Nội,14h - 17h,3.0,2019,4
818144,Hà Nội,17h - 21h,2.0,2019,5
818144,Hà Nội,14h - 17h,2.0,2019,4
818149,Đà Nẵng,17h - 21h,8.0,2019,5
818161,Đà Nẵng,0h - 9h,30.0,2019,1
818172,Cần Thơ,17h - 21h,6.0,2019,5
818172,Cần Thơ,0h - 9h,20.0,2019,1
818173,Đà Nẵng,0h - 9h,8.0,2019,1
818174,Hồ Chí Minh,9h - 11h,3.0,2019,2
818174,Hồ Chí Minh,0h - 9h,4.0,2019,1
818174,Hồ Chí Minh,11h - 14h,3.0,2019,3
818178,Hà Nội,0h - 9h,2.0,2019,1
818178,Hà Nội,17h - 21h,8.0,2019,5
818185,Hà Nội,17h - 21h,4.0,2019,5
818185,Hà Nội,0h - 9h,4.0,2019,1
818186,Hồ Chí Minh,17h - 21h,4.0,2019,5
818186,Hồ Chí Minh,11h - 14h,4.0,2019,3
818195,Hồ Chí Minh,9h - 11h,4.0,2019,2
818195,Hồ Chí Minh,17h - 21h,4.0,2019,5
818197,Nha Trang,9h - 11h,5.0,2019,2
818197,Nha Trang,17h - 21h,5.0,2019,5
818208,Hà Nội,11h - 14h,1.0,2019,3
818208,Hà Nội,17h - 21h,2.0,2019,5
818208,Hà Nội,0h - 9h,1.0,2019,1
818238,Hà Nội,9h - 11h,4.0,2019,2
818238,Hà Nội,17h - 21h,4.0,2019,5
818248,Đà Nẵng,0h - 9h,10.0,2019,1
818248,Đà Nẵng,11h - 14h,10.0,2019,3
818268,Hà Nội,21h+,2.0,2019,6
818268,Hà Nội,17h - 21h,4.0,2019,5
818269,Hà Nội,14h - 17h,2.0,2019,4
818269,Hà Nội,17h - 21h,2.0,2019,5
818269,Hà Nội,11h - 14h,4.0,2019,3
818272,Hà Nội,17h - 21h,4.0,2019,5
818279,Hà Nội,17h - 21h,4.0,2019,5
818284,Cần Thơ,14h - 17h,4.0,2019,4
818302,Cần Thơ,0h - 9h,20.0,2019,1
818302,Cần Thơ,17h - 21h,16.0,2019,5
818302,Cần Thơ,21h+,6.0,2019,6
818307,Hà Nội,17h - 21h,3.0,2019,5
818320,Hồ Chí Minh,17h - 21h,5.0,2019,5
818325,Đà Nẵng,0h - 9h,15.0,2019,1
818327,Hồ Chí Minh,14h - 17h,6.0,2019,4
818327,Hồ Chí Minh,9h - 11h,6.0,2019,2
818335,Đà Nẵng,0h - 9h,30.0,2019,1
818344,Đà Nẵng,0h - 9h,8.0,2019,1
818355,Hà Nội,17h - 21h,3.0,2019,5
818355,Hà Nội,14h - 17h,2.0,2019,4
818355,Hà Nội,9h - 11h,4.0,2019,2
818359,Đà Nẵng,9h - 11h,2.0,2019,2
818359,Đà Nẵng,14h - 17h,5.0,2019,4
818359,Đà Nẵng,17h - 21h,5.0,2019,5
818368,Hà Nội,14h - 17h,1.0,2019,4
818368,Hà Nội,9h - 11h,2.0,2019,2
818368,Hà Nội,17h - 21h,3.0,2019,5
818412,Đà Nẵng,17h - 21h,5.0,2019,5
818412,Đà Nẵng,9h - 11h,10.0,2019,2
818412,Đà Nẵng,0h - 9h,30.0,2019,1
818412,Đà Nẵng,14h - 17h,10.0,2019,4
818453,Hà Nội,17h - 21h,3.0,2019,5
818461,Hà Nội,21h+,1.0,2019,6
818461,Hà Nội,14h - 17h,2.0,2019,4
818461,Hà Nội,17h - 21h,4.0,2019,5
818464,Hà Nội,17h - 21h,4.0,2019,5
818466,Hà Nội,17h - 21h,3.0,2019,5
818466,Hà Nội,9h - 11h,3.0,2019,2
818467,Đà Nẵng,17h - 21h,4.0,2019,5
818468,Hà Nội,14h - 17h,2.0,2019,4
818468,Hà Nội,9h - 11h,1.0,2019,2
818547,Đà Nẵng,0h - 9h,15.0,2019,1
818574,Hà Nội,17h - 21h,2.0,2019,5
818578,Hà Nội,14h - 17h,1.0,2019,4
818578,Hà Nội,17h - 21h,3.0,2019,5
818581,Đà Nẵng,9h - 11h,4.0,2019,2
818581,Đà Nẵng,0h - 9h,4.0,2019,1
818587,Hà Nội,14h - 17h,2.0,2019,4
818587,Hà Nội,17h - 21h,1.0,2019,5
818672,Nha Trang,0h - 9h,4.0,2019,1
818672,Nha Trang,9h - 11h,3.0,2019,2
818672,Nha Trang,17h - 21h,3.0,2019,5
818677,Hồ Chí Minh,0h - 9h,30.0,2019,1
818733,Hà Nội,17h - 21h,4.0,2019,5
818735,Hà Nội,14h - 17h,3.0,2019,4
818739,Hà Nội,9h - 11h,3.0,2019,2
818739,Hà Nội,14h - 17h,2.0,2019,4
818763,Cần Thơ,0h - 9h,4.0,2019,1
818764,Cần Thơ,0h - 9h,2.0,2019,1
818764,Cần Thơ,14h - 17h,2.0,2019,4
818769,Hồ Chí Minh,17h - 21h,5.0,2019,5
818769,Hồ Chí Minh,0h - 9h,10.0,2019,1
818774,Hải Phòng,17h - 21h,10.0,2019,5
818777,Hà Nội,11h - 14h,1.0,2019,3
818777,Hà Nội,0h - 9h,1.0,2019,1
818777,Hà Nội,17h - 21h,3.0,2019,5
818791,Cần Thơ,21h+,15.0,2019,6
818791,Cần Thơ,0h - 9h,30.0,2019,1
818791,Cần Thơ,17h - 21h,15.0,2019,5
818802,Đà Nẵng,0h - 9h,8.0,2019,1
818808,Hồ Chí Minh,14h - 17h,15.0,2019,4
818808,Hồ Chí Minh,0h - 9h,15.0,2019,1
818811,Hải Phòng,0h - 9h,4.0,2019,1
818828,Hồ Chí Minh,0h - 9h,3.0,2019,1
818828,Hồ Chí Minh,11h - 14h,2.0,2019,3
818828,Hồ Chí Minh,17h - 21h,3.0,2019,5
818857,Hải Phòng,17h - 21h,4.0,2019,5
818889,Hải Phòng,0h - 9h,8.0,2019,1
818905,Đà Nẵng,0h - 9h,30.0,2019,1
818915,Hải Phòng,14h - 17h,14.0,2019,4
819121,Cần Thơ,21h+,15.0,2019,6
819121,Cần Thơ,0h - 9h,30.0,2019,1
819209,Hồ Chí Minh,14h - 17h,10.0,2019,4
819209,Hồ Chí Minh,0h - 9h,10.0,2019,1
819268,Hà Nội,17h - 21h,4.0,2019,5
819347,Hồ Chí Minh,14h - 17h,10.0,2019,4
819347,Hồ Chí Minh,0h - 9h,10.0,2019,1
819379,Hà Nội,14h - 17h,1.0,2019,4
819379,Hà Nội,17h - 21h,1.0,2019,5
819384,Hà Nội,17h - 21h,4.0,2019,5
819385,Hà Nội,17h - 21h,1.0,2019,5
819385,Hà Nội,11h - 14h,1.0,2019,3
819408,Hà Nội,17h - 21h,4.0,2019,5
819429,Hà Nội,0h - 9h,4.0,2019,1
819429,Hà Nội,11h - 14h,4.0,2019,3
819429,Hà Nội,17h - 21h,2.0,2019,5
819429,Hà Nội,21h+,2.0,2019,6
819469,Hồ Chí Minh,0h - 9h,10.0,2019,1
819535,Cần Thơ,17h - 21h,10.0,2019,5
819535,Cần Thơ,0h - 9h,25.0,2019,1
819555,Hà Nội,11h - 14h,1.0,2019,3
819555,Hà Nội,17h - 21h,2.0,2019,5
819558,Hà Nội,17h - 21h,3.0,2019,5
819558,Hà Nội,21h+,2.0,2019,6
819569,Hà Nội,11h - 14h,3.0,2019,3
819642,Hà Nội,17h - 21h,6.0,2019,5
819659,Cần Thơ,0h - 9h,25.0,2019,1
819663,Cần Thơ,0h - 9h,30.0,2019,1
819706,Hồ Chí Minh,0h - 9h,12.0,2019,1
819710,Cần Thơ,17h - 21h,30.0,2019,5
819735,Hồ Chí Minh,0h - 9h,20.0,2019,1
819759,Hà Nội,17h - 21h,2.0,2019,5
819761,Hà Nội,17h - 21h,2.0,2019,5
819761,Hà Nội,14h - 17h,2.0,2019,4
819761,Hà Nội,0h - 9h,3.0,2019,1
819811,Cần Thơ,0h - 9h,30.0,2019,1
819843,Đà Nẵng,0h - 9h,30.0,2019,1
819850,Hà Nội,11h - 14h,4.0,2019,3
819850,Hà Nội,17h - 21h,2.0,2019,5
819872,Hồ Chí Minh,14h - 17h,2.0,2019,4
819872,Hồ Chí Minh,0h - 9h,2.0,2019,1
819873,Hồ Chí Minh,14h - 17h,15.0,2019,4
819873,Hồ Chí Minh,0h - 9h,10.0,2019,1
819896,Hà Nội,21h+,4.0,2019,6
819896,Hà Nội,17h - 21h,4.0,2019,5
819896,Hà Nội,14h - 17h,4.0,2019,4
819897,Hồ Chí Minh,17h - 21h,8.0,2019,5
819897,Hồ Chí Minh,11h - 14h,4.0,2019,3
819914,Hà Nội,17h - 21h,2.0,2019,5
819919,Hà Nội,17h - 21h,3.0,2019,5
819927,Hà Nội,17h - 21h,4.0,2019,5
819927,Hà Nội,14h - 17h,2.0,2019,4
819927,Hà Nội,21h+,2.0,2019,6
819927,Hà Nội,9h - 11h,4.0,2019,2
819934,Hải Phòng,21h+,9.0,2019,6
819944,Đà Nẵng,0h - 9h,2.0,2019,1
819953,Hồ Chí Minh,0h - 9h,5.0,2019,1
819966,Hà Nội,14h - 17h,4.0,2019,4
819966,Hà Nội,21h+,2.0,2019,6
819966,Hà Nội,17h - 21h,2.0,2019,5
819966,Hà Nội,11h - 14h,4.0,2019,3
819984,Hà Nội,17h - 21h,4.0,2019,5
819998,Hà Nội,14h - 17h,1.0,2019,4
819998,Hà Nội,17h - 21h,2.0,2019,5
819998,Hà Nội,9h - 11h,3.0,2019,2
820014,Hồ Chí Minh,17h - 21h,6.0,2019,5
820014,Hồ Chí Minh,11h - 14h,6.0,2019,3
820016,Hải Phòng,17h - 21h,2.0,2019,5
820016,Hải Phòng,0h - 9h,2.0,2019,1
820028,Cần Thơ,0h - 9h,30.0,2019,1
820028,Cần Thơ,21h+,20.0,2019,6
820039,Hà Nội,9h - 11h,3.0,2019,2
820040,Hà Nội,17h - 21h,2.0,2019,5
820040,Hà Nội,11h - 14h,1.0,2019,3
820045,Hồ Chí Minh,17h - 21h,2.0,2019,5
820045,Hồ Chí Minh,14h - 17h,2.0,2019,4
820047,Hà Nội,17h - 21h,2.0,2019,5
820047,Hà Nội,0h - 9h,2.0,2019,1
820066,Đà Nẵng,0h - 9h,8.0,2019,1
820073,Hà Nội,17h - 21h,1.0,2019,5
820073,Hà Nội,11h - 14h,1.0,2019,3
820079,Hà Nội,17h - 21h,3.0,2019,5
820081,Hà Nội,17h - 21h,4.0,2019,5
820094,Hà Nội,14h - 17h,2.0,2019,4
820094,Hà Nội,17h - 21h,2.0,2019,5
820094,Hà Nội,9h - 11h,3.0,2019,2
820104,Nha Trang,0h - 9h,4.0,2019,1
820110,Hải Phòng,0h - 9h,5.0,2019,1
820118,Hồ Chí Minh,14h - 17h,8.0,2019,4
820118,Hồ Chí Minh,0h - 9h,8.0,2019,1
820123,Cần Thơ,0h - 9h,30.0,2019,1
820134,Hồ Chí Minh,0h - 9h,15.0,2019,1
820142,Hồ Chí Minh,11h - 14h,10.0,2019,3
820142,Hồ Chí Minh,0h - 9h,10.0,2019,1
820146,Nha Trang,0h - 9h,30.0,2019,1
820149,Nha Trang,0h - 9h,6.0,2019,1
820149,Nha Trang,14h - 17h,4.0,2019,4
820150,Đà Nẵng,14h - 17h,2.0,2019,4
820152,Hải Phòng,17h - 21h,2.0,2019,5
820152,Hải Phòng,21h+,6.0,2019,6
820155,Nha Trang,17h - 21h,6.0,2019,5
820155,Nha Trang,11h - 14h,4.0,2019,3
820222,Hồ Chí Minh,14h - 17h,4.0,2019,4
820222,Hồ Chí Minh,17h - 21h,4.0,2019,5
820222,Hồ Chí Minh,9h - 11h,4.0,2019,2
820227,Hà Nội,17h - 21h,2.0,2019,5
820227,Hà Nội,11h - 14h,3.0,2019,3
820255,Hà Nội,17h - 21h,1.0,2019,5
820255,Hà Nội,11h - 14h,1.0,2019,3
820257,Hà Nội,17h - 21h,4.0,2019,5
820280,Nha Trang,9h - 11h,8.0,2019,2
820298,Nha Trang,9h - 11h,30.0,2019,2
820298,Nha Trang,11h - 14h,30.0,2019,3
820338,Nha Trang,0h - 9h,30.0,2019,1
820338,Nha Trang,17h - 21h,30.0,2019,5
820345,Hồ Chí Minh,11h - 14h,8.0,2019,3
820345,Hồ Chí Minh,17h - 21h,12.0,2019,5
820349,Hà Nội,14h - 17h,4.0,2019,4
820349,Hà Nội,17h - 21h,3.0,2019,5
820349,Hà Nội,21h+,1.0,2019,6
820349,Hà Nội,9h - 11h,2.0,2019,2
820395,Hồ Chí Minh,0h - 9h,4.0,2019,1
820399,Hải Phòng,9h - 11h,15.0,2019,2
820405,Hà Nội,21h+,1.0,2019,6
820405,Hà Nội,17h - 21h,4.0,2019,5
820405,Hà Nội,14h - 17h,3.0,2019,4
820437,Hồ Chí Minh,14h - 17h,2.0,2019,4
820437,Hồ Chí Minh,9h - 11h,2.0,2019,2
820578,Hồ Chí Minh,0h - 9h,19.0,2019,1
820578,Hồ Chí Minh,17h - 21h,9.0,2019,5
820593,Hồ Chí Minh,17h - 21h,4.0,2019,5
820600,Hải Phòng,0h - 9h,3.0,2019,1
820652,Nha Trang,17h - 21h,10.0,2019,5
821042,Đà Nẵng,17h - 21h,5.0,2019,5
821042,Đà Nẵng,9h - 11h,5.0,2019,2
821087,Hồ Chí Minh,0h - 9h,12.0,2019,1
821094,Hồ Chí Minh,0h - 9h,4.0,2019,1
821225,Hồ Chí Minh,17h - 21h,6.0,2019,5
821225,Hồ Chí Minh,9h - 11h,6.0,2019,2
821393,Hồ Chí Minh,17h - 21h,16.0,2019,5
821402,Hồ Chí Minh,0h - 9h,10.0,2019,1
821409,Hồ Chí Minh,11h - 14h,6.0,2019,3
821433,Hồ Chí Minh,17h - 21h,8.0,2019,5
821433,Hồ Chí Minh,11h - 14h,8.0,2019,3
821441,Hồ Chí Minh,17h - 21h,4.0,2019,5
821607,Hồ Chí Minh,0h - 9h,5.0,2019,1
821607,Hồ Chí Minh,17h - 21h,10.0,2019,5
821645,Hải Phòng,21h+,4.0,2019,6
821645,Hải Phòng,17h - 21h,4.0,2019,5
821690,Hồ Chí Minh,0h - 9h,5.0,2019,1
821716,Cần Thơ,9h - 11h,2.0,2019,2
821716,Cần Thơ,0h - 9h,2.0,2019,1
821717,Đà Nẵng,14h - 17h,10.0,2019,4
821717,Đà Nẵng,0h - 9h,30.0,2019,1
821745,Hà Nội,17h - 21h,3.0,2019,5
821745,Hà Nội,14h - 17h,1.0,2019,4
821747,Hà Nội,14h - 17h,4.0,2019,4
821748,Hà Nội,9h - 11h,4.0,2019,2
821795,Đà Nẵng,0h - 9h,5.0,2019,1
821795,Đà Nẵng,14h - 17h,5.0,2019,4
821808,Hà Nội,17h - 21h,2.0,2019,5
821837,Cần Thơ,17h - 21h,4.0,2019,5
821837,Cần Thơ,0h - 9h,4.0,2019,1
821839,Hồ Chí Minh,0h - 9h,10.0,2019,1
821882,Hà Nội,17h - 21h,5.0,2019,5
821884,Đà Nẵng,11h - 14h,2.0,2019,3
821884,Đà Nẵng,0h - 9h,6.0,2019,1
821891,Hà Nội,9h - 11h,3.0,2019,2
821891,Hà Nội,14h - 17h,5.0,2019,4
821899,Hà Nội,9h - 11h,4.0,2019,2
821925,Hà Nội,21h+,3.0,2019,6
821925,Hà Nội,17h - 21h,3.0,2019,5
822009,Nha Trang,17h - 21h,4.0,2019,5
822078,Đà Nẵng,9h - 11h,4.0,2019,2
822078,Đà Nẵng,17h - 21h,2.0,2019,5
822078,Đà Nẵng,14h - 17h,4.0,2019,4
822155,Hà Nội,17h - 21h,3.0,2019,5
822155,Hà Nội,0h - 9h,2.0,2019,1
822200,Nha Trang,0h - 9h,3.0,2019,1
822366,Hà Nội,14h - 17h,4.0,2019,4
822367,Hà Nội,9h - 11h,2.0,2019,2
822368,Hà Nội,17h - 21h,3.0,2019,5
822520,Hà Nội,11h - 14h,4.0,2019,3
822520,Hà Nội,0h - 9h,4.0,2019,1
822520,Hà Nội,17h - 21h,4.0,2019,5
822603,Hà Nội,17h - 21h,2.0,2019,5
822603,Hà Nội,11h - 14h,1.0,2019,3
822683,Hải Phòng,21h+,4.0,2019,6
822950,Hà Nội,17h - 21h,6.0,2019,5
822980,Hà Nội,11h - 14h,8.0,2019,3
822988,Nha Trang,17h - 21h,3.0,2019,5
822988,Nha Trang,0h - 9h,4.0,2019,1
823071,Đà Nẵng,9h - 11h,4.0,2019,2
823097,Nha Trang,0h - 9h,30.0,2019,1
823105,Hồ Chí Minh,0h - 9h,4.0,2019,1
823105,Hồ Chí Minh,17h - 21h,4.0,2019,5
823129,Hồ Chí Minh,0h - 9h,10.0,2019,1
823161,Hồ Chí Minh,0h - 9h,2.0,2019,1
823161,Hồ Chí Minh,21h+,4.0,2019,6
823161,Hồ Chí Minh,17h - 21h,4.0,2019,5
823168,Hồ Chí Minh,17h - 21h,4.0,2019,5
823168,Hồ Chí Minh,21h+,4.0,2019,6
823200,Hồ Chí Minh,14h - 17h,10.0,2019,4
823200,Hồ Chí Minh,0h - 9h,10.0,2019,1
823213,Đà Nẵng,0h - 9h,20.0,2019,1
823213,Đà Nẵng,14h - 17h,5.0,2019,4
823213,Đà Nẵng,11h - 14h,5.0,2019,3
823231,Cần Thơ,11h - 14h,1.0,2019,3
823231,Cần Thơ,14h - 17h,2.0,2019,4
823248,Hồ Chí Minh,0h - 9h,3.0,2019,1
823248,Hồ Chí Minh,17h - 21h,5.0,2019,5
823327,Hải Phòng,0h - 9h,4.0,2019,1
823332,Hồ Chí Minh,0h - 9h,15.0,2019,1
823341,Hà Nội,14h - 17h,5.0,2019,4
823374,Đà Nẵng,11h - 14h,4.0,2019,3
823374,Đà Nẵng,14h - 17h,2.0,2019,4
823374,Đà Nẵng,0h - 9h,4.0,2019,1
823418,Hồ Chí Minh,0h - 9h,3.0,2019,1
823420,Hồ Chí Minh,17h - 21h,12.0,2019,5
823425,Hà Nội,14h - 17h,2.0,2019,4
823425,Hà Nội,17h - 21h,4.0,2019,5
823425,Hà Nội,9h - 11h,2.0,2019,2
823434,Hồ Chí Minh,0h - 9h,30.0,2019,1
823517,Hồ Chí Minh,17h - 21h,5.0,2019,5
823517,Hồ Chí Minh,0h - 9h,10.0,2019,1
823525,Hà Nội,14h - 17h,4.0,2019,4
823525,Hà Nội,17h - 21h,3.0,2019,5
823525,Hà Nội,21h+,2.0,2019,6
823525,Hà Nội,9h - 11h,3.0,2019,2
823540,Hải Phòng,9h - 11h,30.0,2019,2
823650,Hồ Chí Minh,17h - 21h,4.0,2019,5
823663,Hà Nội,14h - 17h,1.0,2019,4
823663,Hà Nội,17h - 21h,3.0,2019,5
823665,Hà Nội,17h - 21h,2.0,2019,5
823665,Hà Nội,11h - 14h,2.0,2019,3
823684,Hồ Chí Minh,0h - 9h,10.0,2019,1
823700,Hồ Chí Minh,0h - 9h,8.0,2019,1
823711,Hà Nội,17h - 21h,8.0,2019,5
823713,Hồ Chí Minh,17h - 21h,4.0,2019,5
823716,Hồ Chí Minh,0h - 9h,30.0,2019,1
823783,Hồ Chí Minh,0h - 9h,15.0,2019,1
823827,Hà Nội,17h - 21h,2.0,2019,5
823879,Cần Thơ,14h - 17h,2.0,2019,4
823879,Cần Thơ,0h - 9h,1.0,2019,1
823879,Cần Thơ,11h - 14h,2.0,2019,3
823896,Hồ Chí Minh,0h - 9h,15.0,2019,1
823896,Hồ Chí Minh,11h - 14h,5.0,2019,3
823899,Cần Thơ,14h - 17h,4.0,2019,4
823913,Hải Phòng,21h+,10.0,2019,6
823913,Hải Phòng,9h - 11h,15.0,2019,2
823958,Cần Thơ,14h - 17h,2.0,2019,4
823958,Cần Thơ,17h - 21h,2.0,2019,5
823964,Hà Nội,17h - 21h,3.0,2019,5
823964,Hà Nội,21h+,2.0,2019,6
823993,Hải Phòng,17h - 21h,4.0,2019,5
824024,Hà Nội,17h - 21h,4.0,2019,5
824024,Hà Nội,9h - 11h,4.0,2019,2
824024,Hà Nội,21h+,2.0,2019,6
824031,Hồ Chí Minh,0h - 9h,4.0,2019,1
824049,Đà Nẵng,9h - 11h,4.0,2019,2
824050,Cần Thơ,0h - 9h,5.0,2019,1
824050,Cần Thơ,17h - 21h,5.0,2019,5
824101,Cần Thơ,17h - 21h,2.0,2019,5
824101,Cần Thơ,11h - 14h,1.0,2019,3
824101,Cần Thơ,0h - 9h,2.0,2019,1
824105,Hà Nội,14h - 17h,6.0,2019,4
824165,Hồ Chí Minh,0h - 9h,4.0,2019,1
824171,Hà Nội,11h - 14h,5.0,2019,3
824171,Hà Nội,9h - 11h,5.0,2019,2
824203,Hồ Chí Minh,17h - 21h,4.0,2019,5
824203,Hồ Chí Minh,11h - 14h,4.0,2019,3
824205,Đà Nẵng,9h - 11h,3.0,2019,2
824205,Đà Nẵng,14h - 17h,3.0,2019,4
824205,Đà Nẵng,17h - 21h,4.0,2019,5
824207,Nha Trang,0h - 9h,30.0,2019,1
824229,Hà Nội,17h - 21h,4.0,2019,5
824229,Hà Nội,14h - 17h,4.0,2019,4
824257,Hà Nội,17h - 21h,5.0,2019,5
824278,Hồ Chí Minh,17h - 21h,4.0,2019,5
824278,Hồ Chí Minh,21h+,4.0,2019,6
824283,Cần Thơ,11h - 14h,2.0,2019,3
824283,Cần Thơ,17h - 21h,3.0,2019,5
824297,Cần Thơ,17h - 21h,2.0,2019,5
824297,Cần Thơ,14h - 17h,2.0,2019,4
824305,Hồ Chí Minh,11h - 14h,4.0,2019,3
824305,Hồ Chí Minh,14h - 17h,4.0,2019,4
824307,Nha Trang,0h - 9h,30.0,2019,1
824525,Hồ Chí Minh,0h - 9h,8.0,2019,1
824529,Hồ Chí Minh,0h - 9h,8.0,2019,1
824554,Hải Phòng,9h - 11h,4.0,2019,2
824556,Hà Nội,9h - 11h,3.0,2019,2
824556,Hà Nội,0h - 9h,2.0,2019,1
824556,Hà Nội,14h - 17h,2.0,2019,4
824557,Hà Nội,17h - 21h,2.0,2019,5
824557,Hà Nội,14h - 17h,3.0,2019,4
824575,Đà Nẵng,0h - 9h,30.0,2019,1
824576,Hà Nội,11h - 14h,4.0,2019,3
824578,Hà Nội,9h - 11h,6.0,2019,2
824591,Hồ Chí Minh,0h - 9h,8.0,2019,1
824591,Hồ Chí Minh,17h - 21h,4.0,2019,5
824598,Hà Nội,17h - 21h,3.0,2019,5
824631,Hà Nội,14h - 17h,10.0,2019,4
824676,Hồ Chí Minh,17h - 21h,3.0,2019,5
824676,Hồ Chí Minh,0h - 9h,5.0,2019,1
824703,Hồ Chí Minh,17h - 21h,6.0,2019,5
824703,Hồ Chí Minh,0h - 9h,10.0,2019,1
824703,Hồ Chí Minh,9h - 11h,9.0,2019,2
824714,Hồ Chí Minh,14h - 17h,2.0,2019,4
824714,Hồ Chí Minh,0h - 9h,2.0,2019,1
824734,Hà Nội,17h - 21h,6.0,2019,5
824734,Hà Nội,9h - 11h,6.0,2019,2
824737,Hà Nội,17h - 21h,5.0,2019,5
824749,Hồ Chí Minh,14h - 17h,3.0,2019,4
824749,Hồ Chí Minh,11h - 14h,2.0,2019,3
824749,Hồ Chí Minh,17h - 21h,3.0,2019,5
824763,Hồ Chí Minh,0h - 9h,8.0,2019,1
824770,Hồ Chí Minh,0h - 9h,30.0,2019,1
824772,Hồ Chí Minh,0h - 9h,20.0,2019,1
824772,Hồ Chí Minh,11h - 14h,10.0,2019,3
824800,Hồ Chí Minh,14h - 17h,2.0,2019,4
824800,Hồ Chí Minh,17h - 21h,2.0,2019,5
824802,Hồ Chí Minh,0h - 9h,30.0,2019,1
824831,Cần Thơ,14h - 17h,2.0,2019,4
824843,Hồ Chí Minh,17h - 21h,5.0,2019,5
824843,Hồ Chí Minh,0h - 9h,25.0,2019,1
824846,Hải Phòng,9h - 11h,2.0,2019,2
824912,Hồ Chí Minh,11h - 14h,10.0,2019,3
824912,Hồ Chí Minh,0h - 9h,10.0,2019,1
824937,Hải Phòng,9h - 11h,1.0,2019,2
824937,Hải Phòng,14h - 17h,1.0,2019,4
824941,Đà Nẵng,17h - 21h,4.0,2019,5
824941,Đà Nẵng,0h - 9h,6.0,2019,1
824946,Hải Phòng,9h - 11h,1.0,2019,2
824946,Hải Phòng,0h - 9h,1.0,2019,1
824948,Hồ Chí Minh,0h - 9h,30.0,2019,1
824951,Hồ Chí Minh,0h - 9h,30.0,2019,1
824953,Hồ Chí Minh,14h - 17h,2.0,2019,4
824953,Hồ Chí Minh,0h - 9h,3.0,2019,1
824953,Hồ Chí Minh,11h - 14h,3.0,2019,3
824963,Cần Thơ,0h - 9h,4.0,2019,1
824975,Đà Nẵng,0h - 9h,2.0,2019,1
825020,Hà Nội,14h - 17h,6.0,2019,4
825025,Hà Nội,17h - 21h,7.0,2019,5
825054,Đà Nẵng,0h - 9h,30.0,2019,1
825060,Cần Thơ,11h - 14h,3.0,2019,3
825060,Cần Thơ,17h - 21h,4.0,2019,5
825060,Cần Thơ,14h - 17h,4.0,2019,4
825073,Đà Nẵng,0h - 9h,30.0,2019,1
825074,Hồ Chí Minh,9h - 11h,4.0,2019,2
825074,Hồ Chí Minh,17h - 21h,3.0,2019,5
825074,Hồ Chí Minh,14h - 17h,3.0,2019,4
825099,Hồ Chí Minh,21h+,2.0,2019,6
825099,Hồ Chí Minh,17h - 21h,4.0,2019,5
825105,Hồ Chí Minh,0h - 9h,10.0,2019,1
825108,Đà Nẵng,0h - 9h,8.0,2019,1
825113,Hồ Chí Minh,0h - 9h,7.0,2019,1
825113,Hồ Chí Minh,14h - 17h,5.0,2019,4
825121,Hồ Chí Minh,0h - 9h,30.0,2019,1
825130,Cần Thơ,14h - 17h,2.0,2019,4
825130,Cần Thơ,17h - 21h,2.0,2019,5
825141,Đà Nẵng,0h - 9h,8.0,2019,1
825143,Hải Phòng,9h - 11h,4.0,2019,2
825144,Hải Phòng,0h - 9h,4.0,2019,1
825159,Đà Nẵng,0h - 9h,25.0,2019,1
825180,Hà Nội,14h - 17h,5.0,2019,4
825188,Hà Nội,17h - 21h,2.0,2019,5
825188,Hà Nội,11h - 14h,1.0,2019,3
825200,Hà Nội,17h - 21h,5.0,2019,5
825219,Cần Thơ,9h - 11h,5.0,2019,2
825219,Cần Thơ,14h - 17h,5.0,2019,4
825226,Đà Nẵng,0h - 9h,30.0,2019,1
825227,Hải Phòng,0h - 9h,4.0,2019,1
825228,Hải Phòng,14h - 17h,4.0,2019,4
825244,Hà Nội,17h - 21h,7.0,2019,5
825244,Hà Nội,11h - 14h,3.0,2019,3
825254,Hồ Chí Minh,0h - 9h,12.0,2019,1
825267,Hải Phòng,9h - 11h,2.0,2019,2
825287,Hà Nội,17h - 21h,7.0,2019,5
825292,Cần Thơ,14h - 17h,2.0,2019,4
825293,Đà Nẵng,0h - 9h,4.0,2019,1
825293,Đà Nẵng,17h - 21h,8.0,2019,5
825294,Cần Thơ,9h - 11h,2.0,2019,2
825313,Hà Nội,21h+,1.0,2019,6
825313,Hà Nội,14h - 17h,4.0,2019,4
825313,Hà Nội,9h - 11h,2.0,2019,2
825313,Hà Nội,17h - 21h,3.0,2019,5
825315,Đà Nẵng,0h - 9h,30.0,2019,1
825334,Hải Phòng,0h - 9h,8.0,2019,1
825342,Hải Phòng,0h - 9h,2.0,2019,1
825370,Đà Nẵng,0h - 9h,30.0,2019,1
825383,Hồ Chí Minh,0h - 9h,6.0,2019,1
825383,Hồ Chí Minh,17h - 21h,10.0,2019,5
825448,Hải Phòng,0h - 9h,4.0,2019,1
825454,Hải Phòng,17h - 21h,10.0,2019,5
825469,Hà Nội,17h - 21h,6.0,2019,5
825470,Hải Phòng,0h - 9h,4.0,2019,1
825500,Cần Thơ,17h - 21h,6.0,2019,5
825500,Cần Thơ,0h - 9h,4.0,2019,1
825512,Đà Nẵng,17h - 21h,4.0,2019,5
825512,Đà Nẵng,9h - 11h,8.0,2019,2
825517,Hồ Chí Minh,0h - 9h,3.0,2019,1
825517,Hồ Chí Minh,14h - 17h,2.0,2019,4
825517,Hồ Chí Minh,9h - 11h,3.0,2019,2
825541,Đà Nẵng,14h - 17h,2.0,2019,4
825561,Hồ Chí Minh,14h - 17h,2.0,2019,4
825561,Hồ Chí Minh,0h - 9h,6.0,2019,1
825588,Hà Nội,17h - 21h,3.0,2019,5
825588,Hà Nội,11h - 14h,3.0,2019,3
825589,Hà Nội,11h - 14h,3.0,2019,3
825589,Hà Nội,17h - 21h,3.0,2019,5
825649,Cần Thơ,0h - 9h,3.0,2019,1
825649,Cần Thơ,17h - 21h,2.0,2019,5
825654,Hà Nội,17h - 21h,1.0,2019,5
825654,Hà Nội,14h - 17h,3.0,2019,4
825665,Đà Nẵng,14h - 17h,3.0,2019,4
825665,Đà Nẵng,9h - 11h,6.0,2019,2
825704,Hồ Chí Minh,21h+,2.0,2019,6
825704,Hồ Chí Minh,17h - 21h,4.0,2019,5
825706,Hồ Chí Minh,0h - 9h,10.0,2019,1
825713,Đà Nẵng,0h - 9h,8.0,2019,1
825717,Đà Nẵng,0h - 9h,8.0,2019,1
825746,Hồ Chí Minh,14h - 17h,10.0,2019,4
825747,Hồ Chí Minh,17h - 21h,8.0,2019,5
826066,Hồ Chí Minh,0h - 9h,8.0,2019,1
826092,Hải Phòng,0h - 9h,6.0,2019,1
826128,Hải Phòng,9h - 11h,3.0,2019,2
826128,Hải Phòng,0h - 9h,2.0,2019,1
826132,Hồ Chí Minh,11h - 14h,8.0,2019,3
826132,Hồ Chí Minh,17h - 21h,10.0,2019,5
826132,Hồ Chí Minh,0h - 9h,12.0,2019,1
826154,Hà Nội,17h - 21h,4.0,2019,5
826173,Cần Thơ,9h - 11h,3.0,2019,2
826173,Cần Thơ,14h - 17h,2.0,2019,4
826175,Hà Nội,11h - 14h,4.0,2019,3
826180,Hồ Chí Minh,0h - 9h,20.0,2019,1
826181,Hồ Chí Minh,11h - 14h,4.0,2019,3
826181,Hồ Chí Minh,17h - 21h,4.0,2019,5
826181,Hồ Chí Minh,14h - 17h,4.0,2019,4
826193,Hà Nội,11h - 14h,5.0,2019,3
826209,Hải Phòng,0h - 9h,3.0,2019,1
826209,Hải Phòng,21h+,3.0,2019,6
826209,Hải Phòng,17h - 21h,4.0,2019,5
826239,Đà Nẵng,0h - 9h,10.0,2019,1
826262,Hồ Chí Minh,14h - 17h,2.0,2019,4
826262,Hồ Chí Minh,0h - 9h,2.0,2019,1
826274,Hà Nội,9h - 11h,5.0,2019,2
826276,Cần Thơ,17h - 21h,4.0,2019,5
826276,Cần Thơ,0h - 9h,6.0,2019,1
826278,Đà Nẵng,0h - 9h,30.0,2019,1
826278,Đà Nẵng,14h - 17h,30.0,2019,4
826282,Hồ Chí Minh,17h - 21h,8.0,2019,5
826290,Hà Nội,17h - 21h,4.0,2019,5
826290,Hà Nội,9h - 11h,2.0,2019,2
826290,Hà Nội,0h - 9h,2.0,2019,1
826293,Hồ Chí Minh,0h - 9h,20.0,2019,1
826302,Hà Nội,9h - 11h,3.0,2019,2
826302,Hà Nội,17h - 21h,2.0,2019,5
826302,Hà Nội,14h - 17h,3.0,2019,4
826306,Hải Phòng,0h - 9h,30.0,2019,1
826317,Hồ Chí Minh,17h - 21h,4.0,2019,5
826317,Hồ Chí Minh,11h - 14h,2.0,2019,3
826317,Hồ Chí Minh,14h - 17h,2.0,2019,4
826317,Hồ Chí Minh,9h - 11h,2.0,2019,2
826324,Hồ Chí Minh,9h - 11h,10.0,2019,2
826326,Hà Nội,17h - 21h,4.0,2019,5
826337,Hà Nội,17h - 21h,2.0,2019,5
826350,Đà Nẵng,0h - 9h,8.0,2019,1
826361,Hồ Chí Minh,0h - 9h,10.0,2019,1
826368,Hà Nội,11h - 14h,3.0,2019,3
826368,Hà Nội,17h - 21h,5.0,2019,5
826369,Hồ Chí Minh,11h - 14h,10.0,2019,3
826370,Hà Nội,14h - 17h,2.0,2019,4
826370,Hà Nội,17h - 21h,2.0,2019,5
826386,Hồ Chí Minh,14h - 17h,4.0,2019,4
826386,Hồ Chí Minh,17h - 21h,4.0,2019,5
826397,Hồ Chí Minh,17h - 21h,10.0,2019,5
826414,Hà Nội,17h - 21h,2.0,2019,5
826415,Hồ Chí Minh,0h - 9h,15.0,2019,1
826418,Hồ Chí Minh,0h - 9h,30.0,2019,1
826421,Hải Phòng,17h - 21h,4.0,2019,5
826437,Hà Nội,11h - 14h,1.0,2019,3
826437,Hà Nội,17h - 21h,3.0,2019,5
826445,Hải Phòng,21h+,2.0,2019,6
826445,Hải Phòng,17h - 21h,1.0,2019,5
826449,Hồ Chí Minh,14h - 17h,6.0,2019,4
826449,Hồ Chí Minh,17h - 21h,6.0,2019,5
826449,Hồ Chí Minh,0h - 9h,8.0,2019,1
826458,Hồ Chí Minh,17h - 21h,2.0,2019,5
826458,Hồ Chí Minh,9h - 11h,2.0,2019,2
826468,Hồ Chí Minh,17h - 21h,3.0,2019,5
826481,Đà Nẵng,9h - 11h,6.0,2019,2
826486,Hải Phòng,0h - 9h,4.0,2019,1
826486,Hải Phòng,21h+,2.0,2019,6
826487,Hồ Chí Minh,9h - 11h,30.0,2019,2
826490,Hồ Chí Minh,0h - 9h,12.0,2019,1
826495,Hải Phòng,11h - 14h,5.0,2019,3
826495,Hải Phòng,0h - 9h,5.0,2019,1
826495,Hải Phòng,17h - 21h,6.0,2019,5
826500,Cần Thơ,0h - 9h,2.0,2019,1
826500,Cần Thơ,9h - 11h,2.0,2019,2
826501,Đà Nẵng,14h - 17h,2.0,2019,4
826501,Đà Nẵng,0h - 9h,28.0,2019,1
826510,Hồ Chí Minh,0h - 9h,8.0,2019,1
826535,Hồ Chí Minh,17h - 21h,3.0,2019,5
826535,Hồ Chí Minh,11h - 14h,1.0,2019,3
826535,Hồ Chí Minh,9h - 11h,1.0,2019,2
826535,Hồ Chí Minh,14h - 17h,1.0,2019,4
826535,Hồ Chí Minh,0h - 9h,7.0,2019,1
826553,Hồ Chí Minh,14h - 17h,4.0,2019,4
826553,Hồ Chí Minh,0h - 9h,4.0,2019,1
826584,Hồ Chí Minh,0h - 9h,4.0,2019,1
826591,Cần Thơ,17h - 21h,4.0,2019,5
826593,Hồ Chí Minh,0h - 9h,5.0,2019,1
826600,Đà Nẵng,14h - 17h,3.0,2019,4
826601,Đà Nẵng,9h - 11h,6.0,2019,2
826606,Hải Phòng,0h - 9h,4.0,2019,1
826607,Hồ Chí Minh,0h - 9h,12.0,2019,1
826610,Hồ Chí Minh,0h - 9h,12.0,2019,1
826614,Hồ Chí Minh,17h - 21h,4.0,2019,5
826615,Hồ Chí Minh,17h - 21h,4.0,2019,5
826615,Hồ Chí Minh,0h - 9h,10.0,2019,1
826617,Hải Phòng,9h - 11h,4.0,2019,2
826619,Hà Nội,14h - 17h,5.0,2019,4
826623,Hải Phòng,17h - 21h,2.0,2019,5
826623,Hải Phòng,21h+,2.0,2019,6
826628,Hồ Chí Minh,9h - 11h,10.0,2019,2
826630,Hải Phòng,0h - 9h,5.0,2019,1
826670,Hà Nội,0h - 9h,5.0,2019,1
826670,Hà Nội,17h - 21h,2.0,2019,5
826670,Hà Nội,11h - 14h,3.0,2019,3
826688,Hải Phòng,0h - 9h,3.0,2019,1
826689,Hồ Chí Minh,11h - 14h,15.0,2019,3
826689,Hồ Chí Minh,9h - 11h,10.0,2019,2
826689,Hồ Chí Minh,17h - 21h,5.0,2019,5
826690,Hải Phòng,17h - 21h,10.0,2019,5
826690,Hải Phòng,14h - 17h,8.0,2019,4
826698,Hải Phòng,21h+,6.0,2019,6
826702,Hà Nội,14h - 17h,4.0,2019,4
826702,Hà Nội,17h - 21h,1.0,2019,5
826703,Hà Nội,17h - 21h,2.0,2019,5
826703,Hà Nội,11h - 14h,2.0,2019,3
826703,Hà Nội,9h - 11h,3.0,2019,2
826705,Hà Nội,17h - 21h,2.0,2019,5
826705,Hà Nội,0h - 9h,8.0,2019,1
826705,Hà Nội,11h - 14h,5.0,2019,3
826709,Hà Nội,17h - 21h,13.0,2019,5
826709,Hà Nội,0h - 9h,7.0,2019,1
826709,Hà Nội,9h - 11h,10.0,2019,2
826710,Hồ Chí Minh,0h - 9h,8.0,2019,1
826710,Hồ Chí Minh,17h - 21h,6.0,2019,5
826710,Hồ Chí Minh,11h - 14h,6.0,2019,3
826711,Hồ Chí Minh,17h - 21h,6.0,2019,5
826715,Hà Nội,17h - 21h,4.0,2019,5
826715,Hà Nội,11h - 14h,2.0,2019,3
826738,Hải Phòng,17h - 21h,3.0,2019,5
826747,Hải Phòng,21h+,1.0,2019,6
826747,Hải Phòng,0h - 9h,3.0,2019,1
826750,Hà Nội,17h - 21h,3.0,2019,5
826750,Hà Nội,0h - 9h,7.0,2019,1
826750,Hà Nội,14h - 17h,7.0,2019,4
826750,Hà Nội,11h - 14h,3.0,2019,3
826942,Hồ Chí Minh,0h - 9h,30.0,2019,1
826969,Hồ Chí Minh,0h - 9h,4.0,2019,1
826974,Hồ Chí Minh,0h - 9h,12.0,2019,1
826991,Hà Nội,17h - 21h,3.0,2019,5
826991,Hà Nội,9h - 11h,1.0,2019,2
827008,Hồ Chí Minh,11h - 14h,10.0,2019,3
827058,Hồ Chí Minh,21h+,2.0,2019,6
827058,Hồ Chí Minh,17h - 21h,2.0,2019,5
827061,Đà Nẵng,0h - 9h,6.0,2019,1
827061,Đà Nẵng,17h - 21h,6.0,2019,5
827077,Hồ Chí Minh,0h - 9h,4.0,2019,1
827086,Hồ Chí Minh,17h - 21h,5.0,2019,5
827086,Hồ Chí Minh,14h - 17h,3.0,2019,4
827088,Hải Phòng,0h - 9h,5.0,2019,1
827088,Hải Phòng,21h+,3.0,2019,6
827153,Hồ Chí Minh,11h - 14h,8.0,2019,3
827201,Hồ Chí Minh,9h - 11h,5.0,2019,2
827228,Hải Phòng,0h - 9h,2.0,2019,1
827228,Hải Phòng,21h+,3.0,2019,6
827245,Hồ Chí Minh,11h - 14h,8.0,2019,3
827262,Hải Phòng,9h - 11h,4.0,2019,2
827304,Hồ Chí Minh,9h - 11h,4.0,2019,2
827323,Hồ Chí Minh,17h - 21h,3.0,2019,5
827338,Hải Phòng,0h - 9h,4.0,2019,1
827410,Hồ Chí Minh,0h - 9h,4.0,2019,1
827428,Hải Phòng,14h - 17h,4.0,2019,4
827428,Hải Phòng,17h - 21h,3.0,2019,5
827430,Hồ Chí Minh,11h - 14h,10.0,2019,3
827436,Hải Phòng,21h+,10.0,2019,6
827468,Hồ Chí Minh,17h - 21h,2.0,2019,5
827491,Hải Phòng,14h - 17h,4.0,2019,4
827495,Hải Phòng,0h - 9h,3.0,2019,1
827516,Hải Phòng,0h - 9h,6.0,2019,1
827562,Hải Phòng,0h - 9h,20.0,2019,1
827579,Đà Nẵng,17h - 21h,3.0,2019,5
827586,Hà Nội,9h - 11h,1.0,2019,2
827586,Hà Nội,17h - 21h,2.0,2019,5
827587,Hà Nội,11h - 14h,3.0,2019,3
827617,Hà Nội,14h - 17h,2.0,2019,4
827617,Hà Nội,17h - 21h,5.0,2019,5
827640,Hải Phòng,17h - 21h,5.0,2019,5
827640,Hải Phòng,9h - 11h,2.0,2019,2
827641,Hà Nội,9h - 11h,2.0,2019,2
827641,Hà Nội,17h - 21h,2.0,2019,5
827641,Hà Nội,0h - 9h,4.0,2019,1
827650,Hải Phòng,11h - 14h,4.0,2019,3
827663,Hải Phòng,0h - 9h,5.0,2019,1
827711,Hà Nội,0h - 9h,2.0,2019,1
827711,Hà Nội,17h - 21h,4.0,2019,5
827732,Hà Nội,21h+,1.0,2019,6
827732,Hà Nội,17h - 21h,4.0,2019,5
827732,Hà Nội,9h - 11h,2.0,2019,2
827732,Hà Nội,14h - 17h,3.0,2019,4
827739,Hải Phòng,9h - 11h,2.0,2019,2
827757,Hồ Chí Minh,14h - 17h,2.0,2019,4
827757,Hồ Chí Minh,11h - 14h,2.0,2019,3
827763,Hải Phòng,0h - 9h,10.0,2019,1
827763,Hải Phòng,11h - 14h,30.0,2019,3
827777,Hà Nội,17h - 21h,2.0,2019,5
827777,Hà Nội,11h - 14h,3.0,2019,3
827785,Hồ Chí Minh,17h - 21h,4.0,2019,5
827808,Hải Phòng,9h - 11h,4.0,2019,2
827813,Hồ Chí Minh,14h - 17h,5.0,2019,4
827813,Hồ Chí Minh,0h - 9h,5.0,2019,1
827845,Đà Nẵng,9h - 11h,10.0,2019,2
827845,Đà Nẵng,14h - 17h,5.0,2019,4
827845,Đà Nẵng,17h - 21h,5.0,2019,5
827846,Cần Thơ,9h - 11h,15.0,2019,2
827846,Cần Thơ,14h - 17h,15.0,2019,4
827863,Hải Phòng,21h+,8.0,2019,6
827863,Hải Phòng,0h - 9h,22.0,2019,1
827894,Hồ Chí Minh,21h+,10.0,2019,6
827894,Hồ Chí Minh,0h - 9h,25.0,2019,1
827894,Hồ Chí Minh,11h - 14h,20.0,2019,3
827895,Hồ Chí Minh,17h - 21h,25.0,2019,5
827895,Hồ Chí Minh,0h - 9h,20.0,2019,1
827895,Hồ Chí Minh,11h - 14h,30.0,2019,3
827896,Hồ Chí Minh,11h - 14h,10.0,2019,3
827896,Hồ Chí Minh,0h - 9h,5.0,2019,1
827900,Hải Phòng,21h+,8.0,2019,6
827900,Hải Phòng,9h - 11h,7.0,2019,2
827901,Hồ Chí Minh,17h - 21h,8.0,2019,5
827902,Cần Thơ,0h - 9h,15.0,2019,1
827902,Cần Thơ,17h - 21h,15.0,2019,5
827906,Đà Nẵng,9h - 11h,6.0,2019,2
827906,Đà Nẵng,14h - 17h,3.0,2019,4
827906,Đà Nẵng,17h - 21h,3.0,2019,5
827918,Hồ Chí Minh,0h - 9h,3.0,2019,1
827918,Hồ Chí Minh,9h - 11h,2.0,2019,2
827918,Hồ Chí Minh,11h - 14h,1.0,2019,3
827918,Hồ Chí Minh,17h - 21h,1.0,2019,5
827924,Cần Thơ,17h - 21h,10.0,2019,5
827936,Hải Phòng,17h - 21h,4.0,2019,5
827963,Hà Nội,11h - 14h,3.0,2019,3
827963,Hà Nội,17h - 21h,5.0,2019,5
827969,Hải Phòng,0h - 9h,25.0,2019,1
827969,Hải Phòng,21h+,5.0,2019,6
828007,Cần Thơ,0h - 9h,25.0,2019,1
828029,Đà Nẵng,9h - 11h,5.0,2019,2
828029,Đà Nẵng,17h - 21h,7.0,2019,5
828032,Hà Nội,17h - 21h,7.0,2019,5
828035,Đà Nẵng,14h - 17h,5.0,2019,4
828035,Đà Nẵng,0h - 9h,25.0,2019,1
828036,Đà Nẵng,0h - 9h,10.0,2019,1
828058,Hải Phòng,21h+,2.0,2019,6
828058,Hải Phòng,0h - 9h,3.0,2019,1
828241,Hà Nội,17h - 21h,3.0,2019,5
828241,Hà Nội,14h - 17h,3.0,2019,4
828243,Hà Nội,17h - 21h,2.0,2019,5
828243,Hà Nội,14h - 17h,2.0,2019,4
828245,Hà Nội,17h - 21h,4.0,2019,5
828245,Hà Nội,9h - 11h,4.0,2019,2
828258,Hà Nội,14h - 17h,1.0,2019,4
828258,Hà Nội,17h - 21h,2.0,2019,5
828262,Hà Nội,17h - 21h,2.0,2019,5
828264,Hà Nội,17h - 21h,2.0,2019,5
828264,Hà Nội,11h - 14h,1.0,2019,3
828268,Hà Nội,14h - 17h,1.0,2019,4
828268,Hà Nội,17h - 21h,2.0,2019,5
828284,Hồ Chí Minh,17h - 21h,3.0,2019,5
828284,Hồ Chí Minh,14h - 17h,3.0,2019,4
828284,Hồ Chí Minh,0h - 9h,2.0,2019,1
828291,Hồ Chí Minh,9h - 11h,2.0,2019,2
828291,Hồ Chí Minh,14h - 17h,2.0,2019,4
828321,Cần Thơ,0h - 9h,3.0,2019,1
828322,Hà Nội,11h - 14h,2.0,2019,3
828322,Hà Nội,17h - 21h,4.0,2019,5
828322,Hà Nội,0h - 9h,2.0,2019,1
828324,Hải Phòng,17h - 21h,5.0,2019,5
828324,Hải Phòng,9h - 11h,10.0,2019,2
828347,Hồ Chí Minh,17h - 21h,8.0,2019,5
828353,Hà Nội,21h+,1.0,2019,6
828353,Hà Nội,17h - 21h,4.0,2019,5
828355,Hà Nội,17h - 21h,3.0,2019,5
828355,Hà Nội,14h - 17h,3.0,2019,4
828365,Hồ Chí Minh,9h - 11h,2.0,2019,2
828365,Hồ Chí Minh,14h - 17h,2.0,2019,4
828394,Hồ Chí Minh,11h - 14h,4.0,2019,3
828394,Hồ Chí Minh,17h - 21h,5.0,2019,5
828409,Hồ Chí Minh,11h - 14h,20.0,2019,3
828416,Hồ Chí Minh,0h - 9h,2.0,2019,1
828416,Hồ Chí Minh,14h - 17h,3.0,2019,4
828475,Hải Phòng,17h - 21h,4.0,2019,5
828475,Hải Phòng,0h - 9h,2.0,2019,1
828479,Hồ Chí Minh,14h - 17h,1.0,2019,4
828479,Hồ Chí Minh,0h - 9h,3.0,2019,1
828489,Hải Phòng,17h - 21h,2.0,2019,5
828495,Hà Nội,21h+,2.0,2019,6
828495,Hà Nội,17h - 21h,2.0,2019,5
828497,Hồ Chí Minh,14h - 17h,2.0,2019,4
828497,Hồ Chí Minh,17h - 21h,6.0,2019,5
828499,Hà Nội,17h - 21h,4.0,2019,5
828499,Hà Nội,9h - 11h,4.0,2019,2
828500,Hà Nội,17h - 21h,4.0,2019,5
828500,Hà Nội,14h - 17h,4.0,2019,4
828506,Hồ Chí Minh,17h - 21h,15.0,2019,5
828507,Hồ Chí Minh,11h - 14h,15.0,2019,3
828507,Hồ Chí Minh,17h - 21h,20.0,2019,5
828507,Hồ Chí Minh,0h - 9h,20.0,2019,1
828511,Hồ Chí Minh,0h - 9h,30.0,2019,1
828516,Hải Phòng,0h - 9h,7.0,2019,1
828516,Hải Phòng,21h+,6.0,2019,6
828520,Cần Thơ,0h - 9h,20.0,2019,1
828520,Cần Thơ,17h - 21h,20.0,2019,5
828531,Hà Nội,11h - 14h,1.0,2019,3
828531,Hà Nội,17h - 21h,2.0,2019,5
828534,Hải Phòng,17h - 21h,4.0,2019,5
828544,Hồ Chí Minh,9h - 11h,2.0,2019,2
828544,Hồ Chí Minh,0h - 9h,5.0,2019,1
828549,Hồ Chí Minh,17h - 21h,3.0,2019,5
828562,Hồ Chí Minh,0h - 9h,15.0,2019,1
828573,Hải Phòng,21h+,2.0,2019,6
828573,Hải Phòng,17h - 21h,1.0,2019,5
828578,Hồ Chí Minh,0h - 9h,12.0,2019,1
828582,Cần Thơ,0h - 9h,15.0,2019,1
828582,Cần Thơ,17h - 21h,20.0,2019,5
828584,Hà Nội,17h - 21h,3.0,2019,5
828584,Hà Nội,9h - 11h,1.0,2019,2
828586,Hồ Chí Minh,17h - 21h,3.0,2019,5
828586,Hồ Chí Minh,0h - 9h,2.0,2019,1
828586,Hồ Chí Minh,14h - 17h,3.0,2019,4
828592,Hải Phòng,0h - 9h,4.0,2019,1
828594,Hồ Chí Minh,17h - 21h,2.0,2019,5
828594,Hồ Chí Minh,11h - 14h,1.0,2019,3
828604,Hồ Chí Minh,11h - 14h,10.0,2019,3
828605,Hồ Chí Minh,11h - 14h,10.0,2019,3
828616,Hải Phòng,0h - 9h,15.0,2019,1
828638,Hồ Chí Minh,0h - 9h,20.0,2019,1
828645,Cần Thơ,0h - 9h,4.0,2019,1
828647,Hải Phòng,0h - 9h,2.0,2019,1
828649,Hồ Chí Minh,14h - 17h,1.0,2019,4
828649,Hồ Chí Minh,11h - 14h,1.0,2019,3
828657,Hà Nội,14h - 17h,5.0,2019,4
828670,Hà Nội,17h - 21h,2.0,2019,5
828670,Hà Nội,11h - 14h,1.0,2019,3
828670,Hà Nội,21h+,1.0,2019,6
828677,Hải Phòng,17h - 21h,4.0,2019,5
828677,Hải Phòng,11h - 14h,30.0,2019,3
828686,Hồ Chí Minh,0h - 9h,10.0,2019,1
828687,Hồ Chí Minh,0h - 9h,12.0,2019,1
828713,Hà Nội,17h - 21h,4.0,2019,5
828713,Hà Nội,21h+,2.0,2019,6
828717,Hà Nội,17h - 21h,4.0,2019,5
828721,Hải Phòng,17h - 21h,5.0,2019,5
828721,Hải Phòng,0h - 9h,10.0,2019,1
828730,Hồ Chí Minh,0h - 9h,4.0,2019,1
828730,Hồ Chí Minh,14h - 17h,4.0,2019,4
828730,Hồ Chí Minh,11h - 14h,4.0,2019,3
828730,Hồ Chí Minh,17h - 21h,4.0,2019,5
828730,Hồ Chí Minh,9h - 11h,4.0,2019,2
828797,Cần Thơ,17h - 21h,8.0,2019,5
828836,Hải Phòng,0h - 9h,3.0,2019,1
828862,Hồ Chí Minh,17h - 21h,10.0,2019,5
828866,Hà Nội,9h - 11h,4.0,2019,2
828866,Hà Nội,17h - 21h,4.0,2019,5
828867,Hồ Chí Minh,17h - 21h,1.0,2019,5
828867,Hồ Chí Minh,11h - 14h,1.0,2019,3
828867,Hồ Chí Minh,0h - 9h,1.0,2019,1
828868,Hà Nội,17h - 21h,4.0,2019,5
828868,Hà Nội,21h+,1.0,2019,6
828878,Hải Phòng,0h - 9h,5.0,2019,1
828892,Hải Phòng,14h - 17h,5.0,2019,4
828892,Hải Phòng,9h - 11h,8.0,2019,2
828902,Hồ Chí Minh,17h - 21h,4.0,2019,5
828910,Hải Phòng,14h - 17h,7.0,2019,4
828910,Hải Phòng,0h - 9h,8.0,2019,1
828924,Hải Phòng,0h - 9h,30.0,2019,1
828940,Đà Nẵng,11h - 14h,4.0,2019,3
828967,Hải Phòng,21h+,6.0,2019,6
828969,Hải Phòng,17h - 21h,4.0,2019,5
829041,Hồ Chí Minh,11h - 14h,2.0,2019,3
829041,Hồ Chí Minh,17h - 21h,3.0,2019,5
829090,Hồ Chí Minh,0h - 9h,1.0,2019,1
829090,Hồ Chí Minh,21h+,1.0,2019,6
829090,Hồ Chí Minh,11h - 14h,2.0,2019,3
829094,Hồ Chí Minh,14h - 17h,1.0,2019,4
829094,Hồ Chí Minh,17h - 21h,2.0,2019,5
829094,Hồ Chí Minh,9h - 11h,2.0,2019,2
829110,Hải Phòng,17h - 21h,2.0,2019,5
829110,Hải Phòng,21h+,2.0,2019,6
829136,Hải Phòng,17h - 21h,7.0,2019,5
829136,Hải Phòng,0h - 9h,5.0,2019,1
829159,Hải Phòng,17h - 21h,3.0,2019,5
829163,Đà Nẵng,0h - 9h,20.0,2019,1
829171,Hà Nội,17h - 21h,5.0,2019,5
829177,Hà Nội,17h - 21h,1.0,2019,5
829177,Hà Nội,14h - 17h,2.0,2019,4
829179,Hà Nội,11h - 14h,3.0,2019,3
829179,Hà Nội,14h - 17h,2.0,2019,4
829208,Hà Nội,9h - 11h,3.0,2019,2
829208,Hà Nội,17h - 21h,3.0,2019,5
829209,Hà Nội,21h+,2.0,2019,6
829209,Hà Nội,17h - 21h,6.0,2019,5
829239,Hải Phòng,0h - 9h,3.0,2019,1
829239,Hải Phòng,17h - 21h,2.0,2019,5
829250,Đà Nẵng,9h - 11h,8.0,2019,2
829260,Hải Phòng,0h - 9h,8.0,2019,1
829260,Hải Phòng,21h+,6.0,2019,6
829288,Hồ Chí Minh,14h - 17h,2.0,2019,4
829288,Hồ Chí Minh,17h - 21h,3.0,2019,5
829293,Hải Phòng,9h - 11h,4.0,2019,2
829315,Đà Nẵng,17h - 21h,8.0,2019,5
829315,Đà Nẵng,0h - 9h,8.0,2019,1
829324,Hà Nội,17h - 21h,4.0,2019,5
829330,Hải Phòng,9h - 11h,3.0,2019,2
829562,Hồ Chí Minh,17h - 21h,4.0,2019,5
829591,Hà Nội,17h - 21h,6.0,2019,5
829596,Hà Nội,17h - 21h,4.0,2019,5
829606,Đà Nẵng,0h - 9h,30.0,2019,1
829612,Hà Nội,17h - 21h,4.0,2019,5
829630,Đà Nẵng,0h - 9h,30.0,2019,1
829633,Hồ Chí Minh,9h - 11h,4.0,2019,2
829633,Hồ Chí Minh,11h - 14h,4.0,2019,3
829706,Hồ Chí Minh,11h - 14h,15.0,2019,3
829707,Hồ Chí Minh,11h - 14h,10.0,2019,3
829717,Hồ Chí Minh,0h - 9h,2.0,2019,1
829717,Hồ Chí Minh,11h - 14h,2.0,2019,3
829717,Hồ Chí Minh,17h - 21h,4.0,2019,5
829804,Hồ Chí Minh,0h - 9h,4.0,2019,1
829804,Hồ Chí Minh,14h - 17h,2.0,2019,4
829822,Hồ Chí Minh,17h - 21h,10.0,2019,5
829822,Hồ Chí Minh,0h - 9h,15.0,2019,1
829843,Hà Nội,14h - 17h,2.0,2019,4
829843,Hà Nội,21h+,2.0,2019,6
829843,Hà Nội,17h - 21h,4.0,2019,5
829870,Hồ Chí Minh,17h - 21h,1.0,2019,5
829870,Hồ Chí Minh,0h - 9h,2.0,2019,1
829870,Hồ Chí Minh,9h - 11h,2.0,2019,2
829872,Hồ Chí Minh,11h - 14h,8.0,2019,3
829874,Hồ Chí Minh,11h - 14h,20.0,2019,3
829955,Hà Nội,0h - 9h,4.0,2019,1
829974,Hà Nội,21h+,2.0,2019,6
829974,Hà Nội,14h - 17h,2.0,2019,4
829974,Hà Nội,17h - 21h,4.0,2019,5
829975,Hà Nội,11h - 14h,2.0,2019,3
829975,Hà Nội,0h - 9h,2.0,2019,1
829976,Hà Nội,0h - 9h,3.0,2019,1
829976,Hà Nội,17h - 21h,3.0,2019,5
829983,Hồ Chí Minh,14h - 17h,4.0,2019,4
829990,Hồ Chí Minh,11h - 14h,4.0,2019,3
829990,Hồ Chí Minh,14h - 17h,4.0,2019,4
830008,Hồ Chí Minh,0h - 9h,20.0,2019,1
830035,Hồ Chí Minh,21h+,6.0,2019,6
830035,Hồ Chí Minh,17h - 21h,5.0,2019,5
830043,Đà Nẵng,0h - 9h,30.0,2019,1
830044,Đà Nẵng,11h - 14h,6.0,2019,3
830044,Đà Nẵng,0h - 9h,6.0,2019,1
830051,Hồ Chí Minh,11h - 14h,30.0,2019,3
830064,Hồ Chí Minh,11h - 14h,10.0,2019,3
830114,Hồ Chí Minh,17h - 21h,3.0,2019,5
830114,Hồ Chí Minh,0h - 9h,4.0,2019,1
830134,Đà Nẵng,0h - 9h,10.0,2019,1
830139,Hồ Chí Minh,0h - 9h,6.0,2019,1
830139,Hồ Chí Minh,11h - 14h,3.0,2019,3
830139,Hồ Chí Minh,17h - 21h,3.0,2019,5
830160,Hồ Chí Minh,0h - 9h,30.0,2019,1
830171,Hồ Chí Minh,17h - 21h,5.0,2019,5
830171,Hồ Chí Minh,0h - 9h,5.0,2019,1
830174,Hồ Chí Minh,17h - 21h,8.0,2019,5
830193,Hà Nội,17h - 21h,4.0,2019,5
830193,Hà Nội,21h+,2.0,2019,6
830229,Hồ Chí Minh,11h - 14h,1.0,2019,3
830229,Hồ Chí Minh,0h - 9h,1.0,2019,1
830229,Hồ Chí Minh,21h+,3.0,2019,6
830232,Hồ Chí Minh,9h - 11h,2.0,2019,2
830232,Hồ Chí Minh,17h - 21h,2.0,2019,5
830232,Hồ Chí Minh,0h - 9h,5.0,2019,1
830247,Hồ Chí Minh,17h - 21h,5.0,2019,5
830247,Hồ Chí Minh,9h - 11h,5.0,2019,2
830247,Hồ Chí Minh,0h - 9h,10.0,2019,1
830270,Hồ Chí Minh,17h - 21h,6.0,2019,5
830270,Hồ Chí Minh,0h - 9h,6.0,2019,1
830273,Hà Nội,17h - 21h,3.0,2019,5
830273,Hà Nội,0h - 9h,2.0,2019,1
830276,Hồ Chí Minh,17h - 21h,3.0,2019,5
830276,Hồ Chí Minh,0h - 9h,4.0,2019,1
830276,Hồ Chí Minh,9h - 11h,2.0,2019,2
830288,Hà Nội,21h+,2.0,2019,6
830288,Hà Nội,17h - 21h,4.0,2019,5
830290,Hà Nội,17h - 21h,2.0,2019,5
830290,Hà Nội,21h+,2.0,2019,6
830291,Hà Nội,17h - 21h,3.0,2019,5
830291,Hà Nội,9h - 11h,3.0,2019,2
830301,Hồ Chí Minh,9h - 11h,4.0,2019,2
830301,Hồ Chí Minh,17h - 21h,4.0,2019,5
830301,Hồ Chí Minh,14h - 17h,4.0,2019,4
830304,Hải Phòng,0h - 9h,4.0,2019,1
830304,Hải Phòng,17h - 21h,5.0,2019,5
830304,Hải Phòng,21h+,4.0,2019,6
830305,Hồ Chí Minh,21h+,2.0,2019,6
830305,Hồ Chí Minh,11h - 14h,2.0,2019,3
830329,Hồ Chí Minh,17h - 21h,8.0,2019,5
830357,Hồ Chí Minh,9h - 11h,2.0,2019,2
830357,Hồ Chí Minh,14h - 17h,3.0,2019,4
830357,Hồ Chí Minh,17h - 21h,2.0,2019,5
830359,Hồ Chí Minh,0h - 9h,30.0,2019,1
830369,Hà Nội,17h - 21h,3.0,2019,5
830369,Hà Nội,9h - 11h,3.0,2019,2
830370,Hà Nội,17h - 21h,4.0,2019,5
830372,Hồ Chí Minh,17h - 21h,10.0,2019,5
830372,Hồ Chí Minh,0h - 9h,20.0,2019,1
830373,Hà Nội,21h+,2.0,2019,6
830373,Hà Nội,17h - 21h,4.0,2019,5
830378,Hồ Chí Minh,17h - 21h,2.0,2019,5
830378,Hồ Chí Minh,11h - 14h,2.0,2019,3
830380,Hồ Chí Minh,14h - 17h,5.0,2019,4
830380,Hồ Chí Minh,0h - 9h,25.0,2019,1
830383,Hồ Chí Minh,0h - 9h,20.0,2019,1
830390,Hải Phòng,17h - 21h,2.0,2019,5
830390,Hải Phòng,0h - 9h,2.0,2019,1
830404,Hà Nội,9h - 11h,3.0,2019,2
830404,Hà Nội,17h - 21h,5.0,2019,5
830441,Hải Phòng,0h - 9h,2.0,2019,1
830496,Hà Nội,17h - 21h,4.0,2019,5
830498,Hà Nội,17h - 21h,4.0,2019,5
830501,Hà Nội,21h+,2.0,2019,6
830501,Hà Nội,17h - 21h,6.0,2019,5
830522,Hà Nội,14h - 17h,3.0,2019,4
830522,Hà Nội,17h - 21h,2.0,2019,5
830531,Hà Nội,9h - 11h,3.0,2019,2
830595,Hà Nội,17h - 21h,4.0,2019,5
830601,Hà Nội,14h - 17h,2.0,2019,4
830601,Hà Nội,17h - 21h,2.0,2019,5
830611,Hà Nội,17h - 21h,4.0,2019,5
830611,Hà Nội,21h+,2.0,2019,6
830679,Hà Nội,14h - 17h,1.0,2019,4
830679,Hà Nội,9h - 11h,2.0,2019,2
830680,Hà Nội,17h - 21h,4.0,2019,5
830680,Hà Nội,9h - 11h,2.0,2019,2
830681,Hà Nội,17h - 21h,2.0,2019,5
830771,Cần Thơ,11h - 14h,30.0,2019,3
830803,Hồ Chí Minh,17h - 21h,2.0,2019,5
830803,Hồ Chí Minh,9h - 11h,1.0,2019,2
830816,Đà Nẵng,17h - 21h,10.0,2019,5
830816,Đà Nẵng,0h - 9h,10.0,2019,1
830876,Hà Nội,0h - 9h,3.0,2019,1
830876,Hà Nội,14h - 17h,4.0,2019,4
830876,Hà Nội,17h - 21h,3.0,2019,5
830887,Cần Thơ,0h - 9h,15.0,2019,1
830921,Hồ Chí Minh,0h - 9h,30.0,2019,1
830927,Hồ Chí Minh,0h - 9h,30.0,2019,1
830971,Hải Phòng,17h - 21h,4.0,2019,5
830994,Cần Thơ,0h - 9h,10.0,2019,1
830995,Hà Nội,17h - 21h,3.0,2019,5
830995,Hà Nội,0h - 9h,4.0,2019,1
830995,Hà Nội,14h - 17h,3.0,2019,4
831002,Hồ Chí Minh,14h - 17h,2.0,2019,4
831002,Hồ Chí Minh,11h - 14h,1.0,2019,3
831002,Hồ Chí Minh,9h - 11h,1.0,2019,2
831002,Hồ Chí Minh,17h - 21h,2.0,2019,5
831007,Hà Nội,9h - 11h,4.0,2019,2
831007,Hà Nội,17h - 21h,6.0,2019,5
831022,Hồ Chí Minh,0h - 9h,30.0,2019,1
831354,Đà Nẵng,17h - 21h,8.0,2019,5
831354,Đà Nẵng,14h - 17h,8.0,2019,4
831354,Đà Nẵng,9h - 11h,9.0,2019,2
831365,Hà Nội,17h - 21h,4.0,2019,5
831368,Hà Nội,17h - 21h,5.0,2019,5
831372,Hà Nội,9h - 11h,4.0,2019,2
831372,Hà Nội,17h - 21h,4.0,2019,5
831374,Hồ Chí Minh,17h - 21h,8.0,2019,5
831375,Hồ Chí Minh,0h - 9h,8.0,2019,1
831421,Hồ Chí Minh,9h - 11h,2.0,2019,2
831421,Hồ Chí Minh,17h - 21h,2.0,2019,5
831421,Hồ Chí Minh,0h - 9h,4.0,2019,1
831550,Hà Nội,14h - 17h,2.0,2019,4
831556,Hà Nội,9h - 11h,3.0,2019,2
831563,Hà Nội,17h - 21h,3.0,2019,5
831587,Hồ Chí Minh,0h - 9h,4.0,2019,1
831587,Hồ Chí Minh,14h - 17h,2.0,2019,4
831587,Hồ Chí Minh,17h - 21h,3.0,2019,5
831616,Hồ Chí Minh,17h - 21h,3.0,2019,5
831619,Hồ Chí Minh,0h - 9h,7.0,2019,1
831668,Đà Nẵng,17h - 21h,5.0,2019,5
831668,Đà Nẵng,0h - 9h,5.0,2019,1
831669,Hồ Chí Minh,11h - 14h,2.0,2019,3
831669,Hồ Chí Minh,14h - 17h,2.0,2019,4
831686,Hà Nội,17h - 21h,4.0,2019,5
831691,Hà Nội,17h - 21h,4.0,2019,5
831707,Hà Nội,9h - 11h,4.0,2019,2
831707,Hà Nội,17h - 21h,4.0,2019,5
831750,Hải Phòng,17h - 21h,2.0,2019,5
831752,Hồ Chí Minh,11h - 14h,6.0,2019,3
831752,Hồ Chí Minh,17h - 21h,6.0,2019,5
831761,Hồ Chí Minh,0h - 9h,30.0,2019,1
831763,Hồ Chí Minh,0h - 9h,6.0,2019,1
831771,Hồ Chí Minh,0h - 9h,15.0,2019,1
831775,Hà Nội,17h - 21h,3.0,2019,5
831775,Hà Nội,9h - 11h,3.0,2019,2
831781,Hà Nội,17h - 21h,4.0,2019,5
831784,Hồ Chí Minh,14h - 17h,2.0,2019,4
831784,Hồ Chí Minh,0h - 9h,2.0,2019,1
831785,Hà Nội,17h - 21h,5.0,2019,5
831832,Hồ Chí Minh,9h - 11h,4.0,2019,2
831840,Hà Nội,11h - 14h,4.0,2019,3
831840,Hà Nội,17h - 21h,4.0,2019,5
831841,Hà Nội,17h - 21h,4.0,2019,5
831844,Hà Nội,17h - 21h,4.0,2019,5
831851,Hồ Chí Minh,0h - 9h,22.0,2019,1
831851,Hồ Chí Minh,17h - 21h,8.0,2019,5
831864,Hồ Chí Minh,17h - 21h,3.0,2019,5
831864,Hồ Chí Minh,11h - 14h,2.0,2019,3
831864,Hồ Chí Minh,14h - 17h,3.0,2019,4
831875,Cần Thơ,14h - 17h,2.0,2019,4
831875,Cần Thơ,17h - 21h,3.0,2019,5
831898,Hồ Chí Minh,17h - 21h,3.0,2019,5
831907,Hồ Chí Minh,0h - 9h,10.0,2019,1
831910,Hồ Chí Minh,17h - 21h,2.0,2019,5
831910,Hồ Chí Minh,0h - 9h,3.0,2019,1
831912,Hồ Chí Minh,17h - 21h,4.0,2019,5
831912,Hồ Chí Minh,21h+,4.0,2019,6
831913,Hồ Chí Minh,0h - 9h,30.0,2019,1
831922,Hồ Chí Minh,0h - 9h,5.0,2019,1
831922,Hồ Chí Minh,17h - 21h,2.0,2019,5
831922,Hồ Chí Minh,11h - 14h,3.0,2019,3
831941,Hồ Chí Minh,0h - 9h,30.0,2019,1
831947,Hồ Chí Minh,0h - 9h,25.0,2019,1
831947,Hồ Chí Minh,9h - 11h,5.0,2019,2
831960,Cần Thơ,0h - 9h,6.0,2019,1
831960,Cần Thơ,17h - 21h,4.0,2019,5
831963,Cần Thơ,14h - 17h,2.0,2019,4
831963,Cần Thơ,11h - 14h,3.0,2019,3
832004,Hồ Chí Minh,0h - 9h,3.0,2019,1
832004,Hồ Chí Minh,17h - 21h,2.0,2019,5
832031,Hồ Chí Minh,17h - 21h,20.0,2019,5
832031,Hồ Chí Minh,0h - 9h,10.0,2019,1
832048,Hồ Chí Minh,0h - 9h,12.0,2019,1
832053,Hồ Chí Minh,17h - 21h,12.0,2019,5
832053,Hồ Chí Minh,21h+,8.0,2019,6
832113,Hải Phòng,17h - 21h,3.0,2019,5
832198,Hồ Chí Minh,0h - 9h,8.0,2019,1
832198,Hồ Chí Minh,17h - 21h,11.0,2019,5
832198,Hồ Chí Minh,14h - 17h,11.0,2019,4
832228,Hà Nội,17h - 21h,4.0,2019,5
832228,Hà Nội,11h - 14h,4.0,2019,3
832228,Hà Nội,0h - 9h,2.0,2019,1
832244,Hồ Chí Minh,9h - 11h,2.0,2019,2
832244,Hồ Chí Minh,0h - 9h,2.0,2019,1
832244,Hồ Chí Minh,17h - 21h,2.0,2019,5
832349,Hồ Chí Minh,17h - 21h,10.0,2019,5
832349,Hồ Chí Minh,0h - 9h,15.0,2019,1
832355,Hồ Chí Minh,14h - 17h,2.0,2019,4
832355,Hồ Chí Minh,17h - 21h,2.0,2019,5
832380,Hồ Chí Minh,0h - 9h,30.0,2019,1
832423,Hồ Chí Minh,11h - 14h,20.0,2019,3
832423,Hồ Chí Minh,0h - 9h,10.0,2019,1
832789,Hà Nội,17h - 21h,4.0,2019,5
832795,Cần Thơ,0h - 9h,10.0,2019,1
832795,Cần Thơ,11h - 14h,20.0,2019,3
832796,Hà Nội,17h - 21h,5.0,2019,5
832802,Hà Nội,21h+,2.0,2019,6
832802,Hà Nội,17h - 21h,3.0,2019,5
832854,Hà Nội,17h - 21h,4.0,2019,5
832856,Hà Nội,17h - 21h,4.0,2019,5
832864,Hà Nội,14h - 17h,2.0,2019,4
832864,Hà Nội,9h - 11h,4.0,2019,2
832871,Hà Nội,14h - 17h,2.0,2019,4
832871,Hà Nội,17h - 21h,1.0,2019,5
832929,Hồ Chí Minh,17h - 21h,4.0,2019,5
832947,Hà Nội,14h - 17h,3.0,2019,4
832947,Hà Nội,17h - 21h,3.0,2019,5
832947,Hà Nội,9h - 11h,2.0,2019,2
832949,Hồ Chí Minh,11h - 14h,3.0,2019,3
832949,Hồ Chí Minh,17h - 21h,3.0,2019,5
833025,Hồ Chí Minh,0h - 9h,10.0,2019,1
833028,Hồ Chí Minh,9h - 11h,4.0,2019,2
833056,Hồ Chí Minh,0h - 9h,5.0,2019,1
833064,Cần Thơ,17h - 21h,5.0,2019,5
833064,Cần Thơ,0h - 9h,10.0,2019,1
833064,Cần Thơ,11h - 14h,5.0,2019,3
833157,Hồ Chí Minh,14h - 17h,9.0,2019,4
833157,Hồ Chí Minh,0h - 9h,9.0,2019,1
833157,Hồ Chí Minh,17h - 21h,12.0,2019,5
833162,Cần Thơ,0h - 9h,5.0,2019,1
833162,Cần Thơ,17h - 21h,7.0,2019,5
833174,Hồ Chí Minh,0h - 9h,30.0,2019,1
833223,Hà Nội,17h - 21h,3.0,2019,5
833223,Hà Nội,14h - 17h,3.0,2019,4
833228,Hà Nội,9h - 11h,2.0,2019,2
833228,Hà Nội,17h - 21h,3.0,2019,5
833234,Hà Nội,17h - 21h,4.0,2019,5
833234,Hà Nội,14h - 17h,4.0,2019,4
833266,Cần Thơ,0h - 9h,2.0,2019,1
833274,Cần Thơ,14h - 17h,2.0,2019,4
833315,Hà Nội,17h - 21h,4.0,2019,5
833319,Hà Nội,17h - 21h,4.0,2019,5
833319,Hà Nội,21h+,2.0,2019,6
833321,Hà Nội,17h - 21h,4.0,2019,5
833324,Hồ Chí Minh,17h - 21h,4.0,2019,5
833324,Hồ Chí Minh,9h - 11h,4.0,2019,2
833328,Hồ Chí Minh,14h - 17h,4.0,2019,4
833332,Hồ Chí Minh,0h - 9h,10.0,2019,1
833332,Hồ Chí Minh,17h - 21h,10.0,2019,5
833332,Hồ Chí Minh,11h - 14h,10.0,2019,3
833354,Cần Thơ,11h - 14h,5.0,2019,3
833354,Cần Thơ,17h - 21h,5.0,2019,5
833354,Cần Thơ,0h - 9h,2.0,2019,1
833355,Cần Thơ,17h - 21h,4.0,2019,5
833355,Cần Thơ,0h - 9h,1.0,2019,1
833371,Hồ Chí Minh,9h - 11h,2.0,2019,2
833371,Hồ Chí Minh,14h - 17h,2.0,2019,4
833401,Hồ Chí Minh,0h - 9h,4.0,2019,1
833403,Hồ Chí Minh,0h - 9h,4.0,2019,1
833418,Cần Thơ,0h - 9h,2.0,2019,1
833419,Cần Thơ,17h - 21h,4.0,2019,5
833419,Cần Thơ,11h - 14h,1.0,2019,3
833429,Hồ Chí Minh,17h - 21h,2.0,2019,5
833429,Hồ Chí Minh,11h - 14h,3.0,2019,3
833429,Hồ Chí Minh,9h - 11h,3.0,2019,2
833439,Hồ Chí Minh,17h - 21h,5.0,2019,5
833439,Hồ Chí Minh,0h - 9h,5.0,2019,1
833440,Hồ Chí Minh,17h - 21h,5.0,2019,5
833454,Hồ Chí Minh,17h - 21h,2.0,2019,5
833454,Hồ Chí Minh,0h - 9h,8.0,2019,1
833455,Hồ Chí Minh,0h - 9h,8.0,2019,1
833455,Hồ Chí Minh,17h - 21h,2.0,2019,5
833463,Hồ Chí Minh,0h - 9h,20.0,2019,1
833469,Hồ Chí Minh,0h - 9h,3.0,2019,1
833473,Hồ Chí Minh,9h - 11h,3.0,2019,2
833473,Hồ Chí Minh,17h - 21h,3.0,2019,5
833476,Hồ Chí Minh,0h - 9h,30.0,2019,1
833521,Hồ Chí Minh,17h - 21h,2.0,2019,5
833521,Hồ Chí Minh,0h - 9h,2.0,2019,1
833571,Hồ Chí Minh,9h - 11h,4.0,2019,2
833581,Hồ Chí Minh,0h - 9h,6.0,2019,1
833597,Hồ Chí Minh,0h - 9h,25.0,2019,1
833622,Hồ Chí Minh,0h - 9h,5.0,2019,1
833631,Hồ Chí Minh,17h - 21h,5.0,2019,5
833631,Hồ Chí Minh,14h - 17h,5.0,2019,4
833705,Hồ Chí Minh,0h - 9h,4.0,2019,1
833714,Hồ Chí Minh,0h - 9h,6.0,2019,1
833714,Hồ Chí Minh,17h - 21h,6.0,2019,5
833859,Hồ Chí Minh,0h - 9h,20.0,2019,1
833859,Hồ Chí Minh,17h - 21h,10.0,2019,5
833862,Hồ Chí Minh,0h - 9h,10.0,2019,1
833862,Hồ Chí Minh,11h - 14h,15.0,2019,3
833869,Hồ Chí Minh,0h - 9h,4.0,2019,1
833873,Hồ Chí Minh,0h - 9h,3.0,2019,1
833873,Hồ Chí Minh,14h - 17h,4.0,2019,4
833873,Hồ Chí Minh,11h - 14h,3.0,2019,3
833906,Hồ Chí Minh,0h - 9h,30.0,2019,1
833906,Hồ Chí Minh,11h - 14h,30.0,2019,3
834043,Hồ Chí Minh,0h - 9h,4.0,2019,1
834106,Hồ Chí Minh,17h - 21h,4.0,2019,5
834106,Hồ Chí Minh,0h - 9h,30.0,2019,1
834317,Hồ Chí Minh,14h - 17h,6.0,2019,4
834317,Hồ Chí Minh,0h - 9h,6.0,2019,1
834366,Cần Thơ,14h - 17h,5.0,2019,4
834366,Cần Thơ,17h - 21h,5.0,2019,5
834430,Hồ Chí Minh,17h - 21h,5.0,2019,5
834430,Hồ Chí Minh,11h - 14h,5.0,2019,3
834432,Hồ Chí Minh,0h - 9h,10.0,2019,1
834478,Hồ Chí Minh,17h - 21h,4.0,2019,5
834478,Hồ Chí Minh,0h - 9h,2.0,2019,1
834545,Hồ Chí Minh,0h - 9h,2.0,2019,1
834545,Hồ Chí Minh,21h+,2.0,2019,6
834545,Hồ Chí Minh,11h - 14h,2.0,2019,3
834563,Hồ Chí Minh,17h - 21h,4.0,2019,5
834569,Hồ Chí Minh,0h - 9h,4.0,2019,1
834569,Hồ Chí Minh,9h - 11h,2.0,2019,2
834581,Hồ Chí Minh,0h - 9h,3.0,2019,1
834581,Hồ Chí Minh,17h - 21h,3.0,2019,5
834618,Cần Thơ,0h - 9h,5.0,2019,1
834618,Cần Thơ,21h+,5.0,2019,6
834618,Cần Thơ,17h - 21h,10.0,2019,5
834620,Cần Thơ,21h+,10.0,2019,6
834620,Cần Thơ,17h - 21h,15.0,2019,5
834625,Hồ Chí Minh,0h - 9h,10.0,2019,1
834625,Hồ Chí Minh,17h - 21h,7.0,2019,5
834625,Hồ Chí Minh,11h - 14h,13.0,2019,3
834628,Cần Thơ,17h - 21h,2.0,2019,5
834669,Đà Nẵng,0h - 9h,10.0,2019,1
834672,Hồ Chí Minh,17h - 21h,4.0,2019,5
834697,Hồ Chí Minh,17h - 21h,3.0,2019,5
834705,Hồ Chí Minh,9h - 11h,12.0,2019,2
834722,Hồ Chí Minh,0h - 9h,6.0,2019,1
834735,Hồ Chí Minh,11h - 14h,2.0,2019,3
834735,Hồ Chí Minh,21h+,3.0,2019,6
834742,Cần Thơ,17h - 21h,10.0,2019,5
834742,Cần Thơ,11h - 14h,10.0,2019,3
834742,Cần Thơ,0h - 9h,10.0,2019,1
834765,Hồ Chí Minh,9h - 11h,16.0,2019,2
834781,Cần Thơ,9h - 11h,3.0,2019,2
834781,Cần Thơ,11h - 14h,2.0,2019,3
834791,Hồ Chí Minh,11h - 14h,2.0,2019,3
834791,Hồ Chí Minh,9h - 11h,2.0,2019,2
834791,Hồ Chí Minh,0h - 9h,2.0,2019,1
834791,Hồ Chí Minh,17h - 21h,2.0,2019,5
834809,Hồ Chí Minh,14h - 17h,2.0,2019,4
834809,Hồ Chí Minh,11h - 14h,2.0,2019,3
834824,Hồ Chí Minh,21h+,1.0,2019,6
834824,Hồ Chí Minh,17h - 21h,3.0,2019,5
834833,Hồ Chí Minh,11h - 14h,6.0,2019,3
834833,Hồ Chí Minh,17h - 21h,6.0,2019,5
834875,Cần Thơ,0h - 9h,4.0,2019,1
834875,Cần Thơ,9h - 11h,2.0,2019,2
834875,Cần Thơ,11h - 14h,4.0,2019,3
834879,Hồ Chí Minh,0h - 9h,4.0,2019,1
834879,Hồ Chí Minh,17h - 21h,1.0,2019,5
834883,Hồ Chí Minh,17h - 21h,4.0,2019,5
834886,Hồ Chí Minh,0h - 9h,30.0,2019,1
834888,Hồ Chí Minh,0h - 9h,12.0,2019,1
834889,Cần Thơ,0h - 9h,20.0,2019,1
834889,Cần Thơ,17h - 21h,10.0,2019,5
834890,Cần Thơ,0h - 9h,10.0,2019,1
834890,Cần Thơ,17h - 21h,5.0,2019,5
834890,Cần Thơ,11h - 14h,5.0,2019,3
834900,Hồ Chí Minh,9h - 11h,2.0,2019,2
834900,Hồ Chí Minh,14h - 17h,2.0,2019,4
834929,Cần Thơ,17h - 21h,6.0,2019,5
834929,Cần Thơ,11h - 14h,2.0,2019,3
834947,Hồ Chí Minh,0h - 9h,10.0,2019,1
835005,Cần Thơ,11h - 14h,4.0,2019,3
835005,Cần Thơ,17h - 21h,3.0,2019,5
835010,Hồ Chí Minh,0h - 9h,15.0,2019,1
835010,Hồ Chí Minh,11h - 14h,15.0,2019,3
835013,Hồ Chí Minh,17h - 21h,2.0,2019,5
835013,Hồ Chí Minh,14h - 17h,2.0,2019,4
835047,Hồ Chí Minh,21h+,6.0,2019,6
835047,Hồ Chí Minh,17h - 21h,6.0,2019,5
835059,Cần Thơ,17h - 21h,4.0,2019,5
835059,Cần Thơ,0h - 9h,1.0,2019,1
835060,Cần Thơ,14h - 17h,3.0,2019,4
835060,Cần Thơ,17h - 21h,2.0,2019,5
835098,Cần Thơ,17h - 21h,1.0,2019,5
835098,Cần Thơ,11h - 14h,2.0,2019,3
835106,Hồ Chí Minh,0h - 9h,5.0,2019,1
835124,Hồ Chí Minh,14h - 17h,2.0,2019,4
835124,Hồ Chí Minh,17h - 21h,2.0,2019,5
835124,Hồ Chí Minh,11h - 14h,2.0,2019,3
835152,Cần Thơ,17h - 21h,4.0,2019,5
835176,Hồ Chí Minh,21h+,3.0,2019,6
835176,Hồ Chí Minh,11h - 14h,1.0,2019,3
835202,Hồ Chí Minh,17h - 21h,4.0,2019,5
835226,Hồ Chí Minh,14h - 17h,2.0,2019,4
835226,Hồ Chí Minh,17h - 21h,2.0,2019,5
835255,Cần Thơ,14h - 17h,10.0,2019,4
835255,Cần Thơ,0h - 9h,5.0,2019,1
835255,Cần Thơ,17h - 21h,15.0,2019,5
835305,Hồ Chí Minh,0h - 9h,4.0,2019,1
835305,Hồ Chí Minh,17h - 21h,4.0,2019,5
835311,Hồ Chí Minh,0h - 9h,25.0,2019,1
835334,Hồ Chí Minh,0h - 9h,6.0,2019,1
835427,Hồ Chí Minh,14h - 17h,1.0,2019,4
835427,Hồ Chí Minh,0h - 9h,3.0,2019,1
835722,Hồ Chí Minh,17h - 21h,4.0,2019,5
835722,Hồ Chí Minh,9h - 11h,4.0,2019,2
835855,Đà Nẵng,0h - 9h,25.0,2019,1
835855,Đà Nẵng,17h - 21h,9.0,2019,5
835884,Hồ Chí Minh,0h - 9h,2.0,2019,1
835884,Hồ Chí Minh,17h - 21h,4.0,2019,5
835886,Hồ Chí Minh,0h - 9h,5.0,2019,1
835886,Hồ Chí Minh,17h - 21h,1.0,2019,5
835914,Đà Nẵng,0h - 9h,25.0,2019,1
835932,Hồ Chí Minh,0h - 9h,8.0,2019,1
835954,Cần Thơ,0h - 9h,5.0,2019,1
835954,Cần Thơ,17h - 21h,5.0,2019,5
835954,Cần Thơ,21h+,5.0,2019,6
835955,Hồ Chí Minh,0h - 9h,30.0,2019,1
836024,Hồ Chí Minh,17h - 21h,4.0,2019,5
836026,Hồ Chí Minh,14h - 17h,6.0,2019,4
836026,Hồ Chí Minh,0h - 9h,14.0,2019,1
836039,Hồ Chí Minh,0h - 9h,30.0,2019,1
836039,Hồ Chí Minh,17h - 21h,30.0,2019,5
836048,Cần Thơ,14h - 17h,2.0,2019,4
836059,Cần Thơ,17h - 21h,4.0,2019,5
836059,Cần Thơ,14h - 17h,4.0,2019,4
836068,Hồ Chí Minh,17h - 21h,3.0,2019,5
836068,Hồ Chí Minh,9h - 11h,5.0,2019,2
836069,Cần Thơ,17h - 21h,5.0,2019,5
836069,Cần Thơ,0h - 9h,10.0,2019,1
836080,Hồ Chí Minh,17h - 21h,5.0,2019,5
836093,Hồ Chí Minh,9h - 11h,4.0,2019,2
836098,Đà Nẵng,0h - 9h,10.0,2019,1
836101,Hồ Chí Minh,17h - 21h,15.0,2019,5
836101,Hồ Chí Minh,11h - 14h,15.0,2019,3
836102,Hồ Chí Minh,17h - 21h,10.0,2019,5
836102,Hồ Chí Minh,11h - 14h,15.0,2019,3
836104,Hồ Chí Minh,0h - 9h,5.0,2019,1
836129,Hồ Chí Minh,0h - 9h,12.0,2019,1
836131,Cần Thơ,17h - 21h,5.0,2019,5
836131,Cần Thơ,11h - 14h,5.0,2019,3
836136,Hồ Chí Minh,17h - 21h,3.0,2019,5
836136,Hồ Chí Minh,9h - 11h,5.0,2019,2
836139,Cần Thơ,17h - 21h,4.0,2019,5
836139,Cần Thơ,11h - 14h,2.0,2019,3
836139,Cần Thơ,14h - 17h,4.0,2019,4
836142,Hồ Chí Minh,9h - 11h,6.0,2019,2
836142,Hồ Chí Minh,17h - 21h,2.0,2019,5
836148,Hồ Chí Minh,9h - 11h,15.0,2019,2
836148,Hồ Chí Minh,0h - 9h,15.0,2019,1
836152,Hồ Chí Minh,0h - 9h,30.0,2019,1
836158,Hồ Chí Minh,0h - 9h,4.0,2019,1
836195,Cần Thơ,14h - 17h,6.0,2019,4
836195,Cần Thơ,17h - 21h,6.0,2019,5
836195,Cần Thơ,9h - 11h,8.0,2019,2
836201,Hồ Chí Minh,0h - 9h,16.0,2019,1
836202,Cần Thơ,0h - 9h,10.0,2019,1
836202,Cần Thơ,14h - 17h,10.0,2019,4
836202,Cần Thơ,11h - 14h,10.0,2019,3
836215,Hồ Chí Minh,0h - 9h,30.0,2019,1
836223,Đà Nẵng,14h - 17h,5.0,2019,4
836223,Đà Nẵng,17h - 21h,10.0,2019,5
836280,Hồ Chí Minh,0h - 9h,10.0,2019,1
836281,Hồ Chí Minh,0h - 9h,10.0,2019,1
836288,Đà Nẵng,0h - 9h,10.0,2019,1
836296,Hồ Chí Minh,0h - 9h,4.0,2019,1
836332,Đà Nẵng,0h - 9h,10.0,2019,1
836332,Đà Nẵng,17h - 21h,10.0,2019,5
836347,Hồ Chí Minh,17h - 21h,5.0,2019,5
836347,Hồ Chí Minh,0h - 9h,25.0,2019,1
836365,Cần Thơ,0h - 9h,10.0,2019,1
836365,Cần Thơ,17h - 21h,15.0,2019,5
836372,Hồ Chí Minh,21h+,10.0,2019,6
836412,Hồ Chí Minh,0h - 9h,4.0,2019,1
836412,Hồ Chí Minh,21h+,4.0,2019,6
836424,Hồ Chí Minh,9h - 11h,16.0,2019,2
836435,Cần Thơ,11h - 14h,1.0,2019,3
836435,Cần Thơ,14h - 17h,1.0,2019,4
836455,Hồ Chí Minh,14h - 17h,10.0,2019,4
836455,Hồ Chí Minh,9h - 11h,20.0,2019,2
836457,Hồ Chí Minh,14h - 17h,1.0,2019,4
836457,Hồ Chí Minh,11h - 14h,4.0,2019,3
836459,Cần Thơ,17h - 21h,3.0,2019,5
836496,Hồ Chí Minh,11h - 14h,6.0,2019,3
836496,Hồ Chí Minh,0h - 9h,6.0,2019,1
836549,Cần Thơ,17h - 21h,5.0,2019,5
836549,Cần Thơ,14h - 17h,5.0,2019,4
836554,Hồ Chí Minh,0h - 9h,8.0,2019,1
836554,Hồ Chí Minh,14h - 17h,8.0,2019,4
836572,Cần Thơ,14h - 17h,2.0,2019,4
836572,Cần Thơ,17h - 21h,3.0,2019,5
836583,Hồ Chí Minh,14h - 17h,1.0,2019,4
836583,Hồ Chí Minh,9h - 11h,3.0,2019,2
836583,Hồ Chí Minh,0h - 9h,2.0,2019,1
836615,Hồ Chí Minh,17h - 21h,4.0,2019,5
836626,Hồ Chí Minh,17h - 21h,2.0,2019,5
836626,Hồ Chí Minh,14h - 17h,2.0,2019,4
836626,Hồ Chí Minh,0h - 9h,2.0,2019,1
836626,Hồ Chí Minh,9h - 11h,2.0,2019,2
836626,Hồ Chí Minh,11h - 14h,2.0,2019,3
836639,Hồ Chí Minh,17h - 21h,4.0,2019,5
836716,Hồ Chí Minh,9h - 11h,10.0,2019,2
836718,Hồ Chí Minh,0h - 9h,10.0,2019,1
836720,Cần Thơ,11h - 14h,14.0,2019,3
836736,Hồ Chí Minh,17h - 21h,10.0,2019,5
836736,Hồ Chí Minh,9h - 11h,10.0,2019,2
836738,Cần Thơ,0h - 9h,4.0,2019,1
837080,Hồ Chí Minh,0h - 9h,18.0,2019,1
837140,Hồ Chí Minh,0h - 9h,10.0,2019,1
837144,Hồ Chí Minh,0h - 9h,10.0,2019,1
837154,Hồ Chí Minh,14h - 17h,3.0,2019,4
837154,Hồ Chí Minh,9h - 11h,2.0,2019,2
837171,Hồ Chí Minh,0h - 9h,10.0,2019,1
837171,Hồ Chí Minh,17h - 21h,20.0,2019,5
837211,Hồ Chí Minh,17h - 21h,7.0,2019,5
837211,Hồ Chí Minh,0h - 9h,3.0,2019,1
837224,Hồ Chí Minh,11h - 14h,2.0,2019,3
837224,Hồ Chí Minh,14h - 17h,4.0,2019,4
837224,Hồ Chí Minh,17h - 21h,3.0,2019,5
837224,Hồ Chí Minh,9h - 11h,3.0,2019,2
837232,Hồ Chí Minh,17h - 21h,3.0,2019,5
837232,Hồ Chí Minh,9h - 11h,3.0,2019,2
837236,Hồ Chí Minh,9h - 11h,4.0,2019,2
837278,Hồ Chí Minh,11h - 14h,4.0,2019,3
837278,Hồ Chí Minh,0h - 9h,4.0,2019,1
837323,Hồ Chí Minh,14h - 17h,4.0,2019,4
837323,Hồ Chí Minh,0h - 9h,8.0,2019,1
837341,Hồ Chí Minh,17h - 21h,4.0,2019,5
837341,Hồ Chí Minh,21h+,4.0,2019,6
837344,Hồ Chí Minh,0h - 9h,10.0,2019,1
837346,Hồ Chí Minh,0h - 9h,7.0,2019,1
837375,Hồ Chí Minh,9h - 11h,2.0,2019,2
837375,Hồ Chí Minh,17h - 21h,2.0,2019,5
837390,Hồ Chí Minh,17h - 21h,3.0,2019,5
837390,Hồ Chí Minh,9h - 11h,1.0,2019,2
837417,Hồ Chí Minh,0h - 9h,4.0,2019,1
837441,Hồ Chí Minh,14h - 17h,2.0,2019,4
837441,Hồ Chí Minh,11h - 14h,2.0,2019,3
837491,Hồ Chí Minh,0h - 9h,6.0,2019,1
837506,Hồ Chí Minh,0h - 9h,10.0,2019,1
837506,Hồ Chí Minh,17h - 21h,10.0,2019,5
837515,Hồ Chí Minh,9h - 11h,3.0,2019,2
837515,Hồ Chí Minh,17h - 21h,4.0,2019,5
837553,Hồ Chí Minh,14h - 17h,2.0,2019,4
837553,Hồ Chí Minh,11h - 14h,2.0,2019,3
837565,Hồ Chí Minh,0h - 9h,15.0,2019,1
837567,Hồ Chí Minh,9h - 11h,12.0,2019,2
837569,Hồ Chí Minh,11h - 14h,2.0,2019,3
837569,Hồ Chí Minh,14h - 17h,2.0,2019,4
837569,Hồ Chí Minh,17h - 21h,2.0,2019,5
837569,Hồ Chí Minh,9h - 11h,2.0,2019,2
837596,Cần Thơ,14h - 17h,2.0,2019,4
837600,Đà Nẵng,17h - 21h,5.0,2019,5
837600,Đà Nẵng,9h - 11h,5.0,2019,2
837606,Hồ Chí Minh,0h - 9h,5.0,2019,1
837620,Hồ Chí Minh,14h - 17h,2.0,2019,4
837620,Hồ Chí Minh,17h - 21h,2.0,2019,5
837644,Cần Thơ,9h - 11h,5.0,2019,2
837644,Cần Thơ,17h - 21h,3.0,2019,5
837644,Cần Thơ,14h - 17h,2.0,2019,4
837652,Hồ Chí Minh,0h - 9h,8.0,2019,1
837652,Hồ Chí Minh,14h - 17h,2.0,2019,4
837658,Hồ Chí Minh,0h - 9h,20.0,2019,1
837658,Hồ Chí Minh,14h - 17h,10.0,2019,4
837661,Hồ Chí Minh,17h - 21h,5.0,2019,5
837715,Hồ Chí Minh,11h - 14h,4.0,2019,3
837715,Hồ Chí Minh,0h - 9h,4.0,2019,1
837730,Đà Nẵng,0h - 9h,30.0,2019,1
837755,Hồ Chí Minh,14h - 17h,2.0,2019,4
837755,Hồ Chí Minh,0h - 9h,4.0,2019,1
837756,Cần Thơ,17h - 21h,10.0,2019,5
837756,Cần Thơ,0h - 9h,10.0,2019,1
837756,Cần Thơ,11h - 14h,10.0,2019,3
837764,Hồ Chí Minh,17h - 21h,2.0,2019,5
837764,Hồ Chí Minh,14h - 17h,2.0,2019,4
837766,Hồ Chí Minh,0h - 9h,15.0,2019,1
837772,Hồ Chí Minh,17h - 21h,8.0,2019,5
837772,Hồ Chí Minh,0h - 9h,2.0,2019,1
837788,Đà Nẵng,0h - 9h,15.0,2019,1
837788,Đà Nẵng,17h - 21h,15.0,2019,5
837803,Hồ Chí Minh,17h - 21h,10.0,2019,5
837831,Đà Nẵng,17h - 21h,8.0,2019,5
837831,Đà Nẵng,0h - 9h,20.0,2019,1
837831,Đà Nẵng,11h - 14h,7.0,2019,3
837854,Hồ Chí Minh,17h - 21h,4.0,2019,5
837854,Hồ Chí Minh,0h - 9h,2.0,2019,1
837884,Hồ Chí Minh,9h - 11h,8.0,2019,2
837884,Hồ Chí Minh,14h - 17h,8.0,2019,4
837898,Cần Thơ,0h - 9h,5.0,2019,1
837898,Cần Thơ,17h - 21h,5.0,2019,5
837898,Cần Thơ,11h - 14h,10.0,2019,3
837954,Hồ Chí Minh,17h - 21h,2.0,2019,5
837954,Hồ Chí Minh,9h - 11h,2.0,2019,2
838008,Hồ Chí Minh,0h - 9h,6.0,2019,1
838054,Cần Thơ,17h - 21h,5.0,2019,5
838114,Hồ Chí Minh,17h - 21h,7.0,2019,5
838114,Hồ Chí Minh,0h - 9h,23.0,2019,1
838115,Hồ Chí Minh,14h - 17h,10.0,2019,4
838115,Hồ Chí Minh,9h - 11h,6.0,2019,2
838121,Hồ Chí Minh,14h - 17h,2.0,2019,4
838121,Hồ Chí Minh,17h - 21h,2.0,2019,5
838141,Hồ Chí Minh,0h - 9h,30.0,2019,1
838170,Hồ Chí Minh,0h - 9h,4.0,2019,1
838170,Hồ Chí Minh,11h - 14h,4.0,2019,3
838196,Hồ Chí Minh,0h - 9h,30.0,2019,1
838196,Hồ Chí Minh,17h - 21h,8.0,2019,5
838196,Hồ Chí Minh,14h - 17h,22.0,2019,4
838213,Hồ Chí Minh,17h - 21h,12.0,2019,5
838219,Cần Thơ,17h - 21h,5.0,2019,5
838219,Cần Thơ,0h - 9h,10.0,2019,1
838254,Hồ Chí Minh,0h - 9h,30.0,2019,1
838277,Hồ Chí Minh,0h - 9h,10.0,2019,1
838300,Hồ Chí Minh,0h - 9h,20.0,2019,1
838300,Hồ Chí Minh,17h - 21h,10.0,2019,5
838345,Hồ Chí Minh,17h - 21h,10.0,2019,5
838508,Hồ Chí Minh,0h - 9h,12.0,2019,1
838508,Hồ Chí Minh,11h - 14h,12.0,2019,3
838630,Hồ Chí Minh,0h - 9h,4.0,2019,1
838658,Hồ Chí Minh,0h - 9h,4.0,2019,1
838671,Hồ Chí Minh,0h - 9h,5.0,2019,1
838703,Hồ Chí Minh,17h - 21h,4.0,2019,5
838703,Hồ Chí Minh,9h - 11h,4.0,2019,2
838742,Hồ Chí Minh,9h - 11h,8.0,2019,2
838788,Hồ Chí Minh,17h - 21h,2.0,2019,5
838788,Hồ Chí Minh,9h - 11h,2.0,2019,2
838803,Cần Thơ,11h - 14h,5.0,2019,3
838803,Cần Thơ,17h - 21h,5.0,2019,5
838803,Cần Thơ,0h - 9h,5.0,2019,1
838856,Hồ Chí Minh,17h - 21h,3.0,2019,5
838856,Hồ Chí Minh,9h - 11h,2.0,2019,2
838856,Hồ Chí Minh,11h - 14h,2.0,2019,3
838901,Hồ Chí Minh,21h+,4.0,2019,6
838901,Hồ Chí Minh,14h - 17h,5.0,2019,4
838901,Hồ Chí Minh,0h - 9h,4.0,2019,1
838945,Hồ Chí Minh,0h - 9h,12.0,2019,1
838958,Hồ Chí Minh,0h - 9h,8.0,2019,1
838961,Hồ Chí Minh,14h - 17h,2.0,2019,4
838961,Hồ Chí Minh,0h - 9h,2.0,2019,1
838961,Hồ Chí Minh,17h - 21h,3.0,2019,5
838961,Hồ Chí Minh,9h - 11h,4.0,2019,2
838961,Hồ Chí Minh,11h - 14h,3.0,2019,3
838962,Cần Thơ,17h - 21h,10.0,2019,5
838962,Cần Thơ,0h - 9h,5.0,2019,1
838962,Cần Thơ,11h - 14h,5.0,2019,3
838964,Đà Nẵng,17h - 21h,6.0,2019,5
838964,Đà Nẵng,11h - 14h,6.0,2019,3
839012,Hồ Chí Minh,9h - 11h,8.0,2019,2
839024,Đà Nẵng,0h - 9h,9.0,2019,1
839086,Đà Nẵng,0h - 9h,8.0,2019,1
839189,Hồ Chí Minh,0h - 9h,30.0,2019,1
839340,Hồ Chí Minh,17h - 21h,4.0,2019,5
839343,Hồ Chí Minh,9h - 11h,1.0,2019,2
839343,Hồ Chí Minh,17h - 21h,2.0,2019,5
839458,Hồ Chí Minh,14h - 17h,1.0,2019,4
839458,Hồ Chí Minh,17h - 21h,2.0,2019,5
839458,Hồ Chí Minh,9h - 11h,2.0,2019,2
839458,Hồ Chí Minh,11h - 14h,3.0,2019,3
839458,Hồ Chí Minh,0h - 9h,2.0,2019,1
839676,Hồ Chí Minh,17h - 21h,8.0,2019,5
839676,Hồ Chí Minh,0h - 9h,10.0,2019,1
839680,Hồ Chí Minh,0h - 9h,4.0,2019,1
839680,Hồ Chí Minh,9h - 11h,4.0,2019,2
839724,Cần Thơ,17h - 21h,3.0,2019,5
839735,Hồ Chí Minh,17h - 21h,5.0,2019,5
839735,Hồ Chí Minh,0h - 9h,25.0,2019,1
839795,Hồ Chí Minh,0h - 9h,4.0,2019,1
839822,Hồ Chí Minh,0h - 9h,4.0,2019,1
839822,Hồ Chí Minh,17h - 21h,2.0,2019,5
839899,Hồ Chí Minh,14h - 17h,5.0,2019,4
839899,Hồ Chí Minh,17h - 21h,5.0,2019,5
839899,Hồ Chí Minh,0h - 9h,20.0,2019,1
839918,Đà Nẵng,0h - 9h,10.0,2019,1
839918,Đà Nẵng,17h - 21h,20.0,2019,5
839992,Hồ Chí Minh,0h - 9h,6.0,2019,1
839992,Hồ Chí Minh,14h - 17h,4.0,2019,4
840009,Hồ Chí Minh,0h - 9h,30.0,2019,1
840032,Hồ Chí Minh,0h - 9h,5.0,2019,1
840036,Cần Thơ,0h - 9h,4.0,2019,1
840036,Cần Thơ,17h - 21h,1.0,2019,5
840038,Cần Thơ,0h - 9h,2.0,2019,1
840038,Cần Thơ,11h - 14h,3.0,2019,3
840045,Hồ Chí Minh,11h - 14h,3.0,2019,3
840045,Hồ Chí Minh,21h+,5.0,2019,6
840057,Hồ Chí Minh,0h - 9h,10.0,2019,1
840057,Hồ Chí Minh,17h - 21h,5.0,2019,5
840174,Cần Thơ,17h - 21h,3.0,2019,5
840174,Cần Thơ,14h - 17h,3.0,2019,4
840174,Cần Thơ,0h - 9h,4.0,2019,1
840178,Hồ Chí Minh,0h - 9h,10.0,2019,1
840188,Cần Thơ,11h - 14h,3.0,2019,3
840188,Cần Thơ,14h - 17h,4.0,2019,4
840188,Cần Thơ,17h - 21h,3.0,2019,5
840190,Hồ Chí Minh,9h - 11h,8.0,2019,2
840190,Hồ Chí Minh,17h - 21h,4.0,2019,5
840198,Hồ Chí Minh,14h - 17h,4.0,2019,4
840198,Hồ Chí Minh,9h - 11h,2.0,2019,2
840199,Hồ Chí Minh,0h - 9h,2.0,2019,1
840199,Hồ Chí Minh,17h - 21h,3.0,2019,5
840242,Cần Thơ,11h - 14h,4.0,2019,3
840242,Cần Thơ,14h - 17h,3.0,2019,4
840243,Cần Thơ,0h - 9h,4.0,2019,1
840243,Cần Thơ,11h - 14h,3.0,2019,3
840294,Hồ Chí Minh,17h - 21h,7.0,2019,5
840294,Hồ Chí Minh,14h - 17h,3.0,2019,4
840294,Hồ Chí Minh,0h - 9h,5.0,2019,1
840378,Cần Thơ,17h - 21h,4.0,2019,5
840378,Cần Thơ,0h - 9h,6.0,2019,1
840384,Cần Thơ,9h - 11h,3.0,2019,2
840384,Cần Thơ,11h - 14h,2.0,2019,3
840384,Cần Thơ,0h - 9h,5.0,2019,1
840436,Hồ Chí Minh,9h - 11h,4.0,2019,2
840436,Hồ Chí Minh,0h - 9h,4.0,2019,1
840487,Hồ Chí Minh,14h - 17h,2.0,2019,4
840487,Hồ Chí Minh,0h - 9h,3.0,2019,1
840506,Cần Thơ,0h - 9h,4.0,2019,1
840507,Cần Thơ,0h - 9h,4.0,2019,1
840534,Hồ Chí Minh,0h - 9h,4.0,2019,1
840662,Hồ Chí Minh,17h - 21h,10.0,2019,5
840662,Hồ Chí Minh,0h - 9h,20.0,2019,1
840681,Hồ Chí Minh,0h - 9h,30.0,2019,1
840768,Hồ Chí Minh,0h - 9h,10.0,2019,1
840768,Hồ Chí Minh,17h - 21h,20.0,2019,5
840953,Hồ Chí Minh,17h - 21h,30.0,2019,5
840965,Hồ Chí Minh,17h - 21h,3.0,2019,5
840965,Hồ Chí Minh,0h - 9h,2.0,2019,1
840965,Hồ Chí Minh,14h - 17h,2.0,2019,4
841135,Hồ Chí Minh,9h - 11h,15.0,2019,2
841135,Hồ Chí Minh,17h - 21h,5.0,2019,5
841157,Hồ Chí Minh,14h - 17h,1.0,2019,4
841157,Hồ Chí Minh,17h - 21h,2.0,2019,5
841231,Hồ Chí Minh,11h - 14h,5.0,2019,3
841231,Hồ Chí Minh,17h - 21h,4.0,2019,5
841277,Hồ Chí Minh,14h - 17h,2.0,2019,4
841292,Đà Nẵng,0h - 9h,10.0,2019,1
841310,Hồ Chí Minh,17h - 21h,8.0,2019,5
841310,Hồ Chí Minh,0h - 9h,15.0,2019,1
841310,Hồ Chí Minh,14h - 17h,7.0,2019,4
841333,Hồ Chí Minh,17h - 21h,2.0,2019,5
841333,Hồ Chí Minh,11h - 14h,2.0,2019,3
841350,Cần Thơ,0h - 9h,4.0,2019,1
841350,Cần Thơ,17h - 21h,1.0,2019,5
841366,Cần Thơ,0h - 9h,10.0,2019,1
841369,Đà Nẵng,0h - 9h,12.0,2019,1
841379,Hồ Chí Minh,0h - 9h,7.0,2019,1
841379,Hồ Chí Minh,17h - 21h,6.0,2019,5
841379,Hồ Chí Minh,14h - 17h,7.0,2019,4
841410,Hồ Chí Minh,0h - 9h,3.0,2019,1
841410,Hồ Chí Minh,9h - 11h,4.0,2019,2
841410,Hồ Chí Minh,17h - 21h,3.0,2019,5
841422,Cần Thơ,21h+,3.0,2019,6
841422,Cần Thơ,14h - 17h,2.0,2019,4
841425,Hồ Chí Minh,17h - 21h,4.0,2019,5
841425,Hồ Chí Minh,11h - 14h,2.0,2019,3
841427,Đà Nẵng,0h - 9h,30.0,2019,1
841431,Cần Thơ,0h - 9h,10.0,2019,1
841431,Cần Thơ,14h - 17h,10.0,2019,4
841468,Cần Thơ,17h - 21h,2.0,2019,5
841468,Cần Thơ,21h+,4.0,2019,6
841508,Cần Thơ,0h - 9h,2.0,2019,1
841528,Hồ Chí Minh,11h - 14h,2.0,2019,3
841528,Hồ Chí Minh,17h - 21h,3.0,2019,5
841528,Hồ Chí Minh,0h - 9h,15.0,2019,1
841544,Hồ Chí Minh,0h - 9h,12.0,2019,1
841567,Hồ Chí Minh,0h - 9h,2.0,2019,1
841567,Hồ Chí Minh,17h - 21h,3.0,2019,5
841591,Cần Thơ,17h - 21h,3.0,2019,5
841591,Cần Thơ,11h - 14h,2.0,2019,3
841591,Cần Thơ,14h - 17h,2.0,2019,4
841591,Cần Thơ,21h+,3.0,2019,6
841602,Cần Thơ,0h - 9h,4.0,2019,1
841612,Hồ Chí Minh,17h - 21h,5.0,2019,5
841650,Cần Thơ,0h - 9h,5.0,2019,1
841661,Hồ Chí Minh,0h - 9h,2.0,2019,1
841661,Hồ Chí Minh,17h - 21h,3.0,2019,5
841669,Hồ Chí Minh,0h - 9h,10.0,2019,1
841674,Cần Thơ,21h+,3.0,2019,6
841674,Cần Thơ,17h - 21h,4.0,2019,5
841674,Cần Thơ,14h - 17h,2.0,2019,4
841674,Cần Thơ,9h - 11h,1.0,2019,2
841675,Hồ Chí Minh,9h - 11h,2.0,2019,2
841675,Hồ Chí Minh,0h - 9h,2.0,2019,1
841680,Hồ Chí Minh,17h - 21h,7.0,2019,5
841682,Hồ Chí Minh,0h - 9h,30.0,2019,1
841682,Hồ Chí Minh,11h - 14h,30.0,2019,3
841702,Cần Thơ,0h - 9h,5.0,2019,1
841702,Cần Thơ,9h - 11h,2.0,2019,2
841721,Hồ Chí Minh,0h - 9h,2.0,2019,1
841721,Hồ Chí Minh,17h - 21h,8.0,2019,5
841727,Hồ Chí Minh,0h - 9h,30.0,2019,1
841738,Hồ Chí Minh,14h - 17h,2.0,2019,4
841820,Hồ Chí Minh,17h - 21h,2.0,2019,5
841856,Hồ Chí Minh,0h - 9h,30.0,2019,1
841856,Hồ Chí Minh,11h - 14h,30.0,2019,3
842068,Hồ Chí Minh,0h - 9h,3.0,2019,1
842068,Hồ Chí Minh,14h - 17h,4.0,2019,4
842138,Hồ Chí Minh,17h - 21h,4.0,2019,5
842154,Hồ Chí Minh,17h - 21h,2.0,2019,5
842154,Hồ Chí Minh,0h - 9h,4.0,2019,1
842192,Hồ Chí Minh,14h - 17h,3.0,2019,4
842192,Hồ Chí Minh,0h - 9h,7.0,2019,1
842192,Hồ Chí Minh,9h - 11h,6.0,2019,2
842244,Cần Thơ,0h - 9h,5.0,2019,1
842244,Cần Thơ,21h+,15.0,2019,6
842262,Hồ Chí Minh,0h - 9h,20.0,2019,1
842262,Hồ Chí Minh,9h - 11h,10.0,2019,2
842309,Cần Thơ,21h+,5.0,2019,6
842309,Cần Thơ,17h - 21h,10.0,2019,5
842309,Cần Thơ,11h - 14h,5.0,2019,3
842309,Cần Thơ,0h - 9h,10.0,2019,1
842327,Hồ Chí Minh,0h - 9h,15.0,2019,1
842327,Hồ Chí Minh,11h - 14h,15.0,2019,3
842332,Cần Thơ,17h - 21h,4.0,2019,5
842332,Cần Thơ,21h+,4.0,2019,6
842384,Hồ Chí Minh,9h - 11h,13.0,2019,2
842384,Hồ Chí Minh,0h - 9h,17.0,2019,1
842395,Cần Thơ,17h - 21h,10.0,2019,5
842395,Cần Thơ,0h - 9h,5.0,2019,1
842396,Cần Thơ,17h - 21h,3.0,2019,5
842396,Cần Thơ,21h+,4.0,2019,6
842434,Cần Thơ,17h - 21h,10.0,2019,5
842434,Cần Thơ,0h - 9h,5.0,2019,1
842453,Hồ Chí Minh,0h - 9h,15.0,2019,1
842464,Hồ Chí Minh,17h - 21h,3.0,2019,5
842469,Hồ Chí Minh,14h - 17h,5.0,2019,4
842540,Cần Thơ,17h - 21h,30.0,2019,5
842573,Cần Thơ,17h - 21h,3.0,2019,5
842632,Hồ Chí Minh,0h - 9h,12.0,2019,1
842632,Hồ Chí Minh,17h - 21h,4.0,2019,5
842632,Hồ Chí Minh,11h - 14h,4.0,2019,3
842752,Hồ Chí Minh,17h - 21h,12.0,2019,5
843068,Hồ Chí Minh,11h - 14h,10.0,2019,3
843068,Hồ Chí Minh,0h - 9h,10.0,2019,1
843111,Cần Thơ,21h+,10.0,2019,6
843111,Cần Thơ,0h - 9h,10.0,2019,1
843111,Cần Thơ,17h - 21h,5.0,2019,5
843111,Cần Thơ,11h - 14h,5.0,2019,3
843130,Cần Thơ,0h - 9h,1.0,2019,1
843130,Cần Thơ,11h - 14h,2.0,2019,3
843130,Cần Thơ,17h - 21h,1.0,2019,5
843136,Cần Thơ,17h - 21h,5.0,2019,5
843167,Hồ Chí Minh,0h - 9h,20.0,2019,1
843188,Hồ Chí Minh,0h - 9h,10.0,2019,1
843191,Cần Thơ,0h - 9h,5.0,2019,1
843191,Cần Thơ,11h - 14h,10.0,2019,3
843191,Cần Thơ,17h - 21h,5.0,2019,5
843196,Cần Thơ,0h - 9h,7.0,2019,1
843196,Cần Thơ,17h - 21h,5.0,2019,5
843223,Cần Thơ,0h - 9h,30.0,2019,1
843236,Cần Thơ,0h - 9h,28.0,2019,1
843236,Cần Thơ,17h - 21h,2.0,2019,5
843322,Cần Thơ,17h - 21h,5.0,2019,5
843322,Cần Thơ,11h - 14h,5.0,2019,3
843322,Cần Thơ,0h - 9h,10.0,2019,1
843322,Cần Thơ,21h+,10.0,2019,6
843373,Cần Thơ,17h - 21h,8.0,2019,5
843374,Cần Thơ,17h - 21h,20.0,2019,5
843391,Cần Thơ,11h - 14h,10.0,2019,3
843391,Cần Thơ,21h+,10.0,2019,6
843451,Cần Thơ,17h - 21h,4.0,2019,5
843451,Cần Thơ,0h - 9h,4.0,2019,1
843510,Hồ Chí Minh,14h - 17h,30.0,2019,4
843510,Hồ Chí Minh,0h - 9h,30.0,2019,1
843510,Hồ Chí Minh,11h - 14h,30.0,2019,3
843564,Hồ Chí Minh,14h - 17h,10.0,2019,4
843564,Hồ Chí Minh,0h - 9h,20.0,2019,1
843671,Cần Thơ,0h - 9h,4.0,2019,1
843673,Cần Thơ,0h - 9h,4.0,2019,1
843673,Cần Thơ,14h - 17h,1.0,2019,4
843713,Hồ Chí Minh,0h - 9h,8.0,2019,1
843729,Cần Thơ,9h - 11h,3.0,2019,2
843729,Cần Thơ,0h - 9h,4.0,2019,1
843779,Hồ Chí Minh,21h+,5.0,2019,6
843811,Cần Thơ,17h - 21h,5.0,2019,5
843811,Cần Thơ,0h - 9h,10.0,2019,1
843811,Cần Thơ,14h - 17h,5.0,2019,4
844413,Hồ Chí Minh,17h - 21h,30.0,2019,5
844413,Hồ Chí Minh,0h - 9h,30.0,2019,1
844413,Hồ Chí Minh,11h - 14h,30.0,2019,3
844441,Hồ Chí Minh,0h - 9h,3.0,2019,1
844441,Hồ Chí Minh,11h - 14h,4.0,2019,3
844457,Cần Thơ,0h - 9h,7.0,2019,1
844457,Cần Thơ,9h - 11h,3.0,2019,2
844462,Cần Thơ,0h - 9h,5.0,2019,1
844514,Cần Thơ,17h - 21h,4.0,2019,5
844514,Cần Thơ,11h - 14h,2.0,2019,3
844514,Cần Thơ,14h - 17h,4.0,2019,4
844519,Cần Thơ,17h - 21h,3.0,2019,5
844519,Cần Thơ,9h - 11h,3.0,2019,2
844519,Cần Thơ,0h - 9h,4.0,2019,1
844571,Cần Thơ,14h - 17h,3.0,2019,4
844571,Cần Thơ,11h - 14h,3.0,2019,3
844571,Cần Thơ,0h - 9h,4.0,2019,1
844585,Hồ Chí Minh,0h - 9h,5.0,2019,1
844585,Hồ Chí Minh,17h - 21h,5.0,2019,5
844588,Hồ Chí Minh,14h - 17h,2.0,2019,4
844588,Hồ Chí Minh,17h - 21h,2.0,2019,5
844617,Cần Thơ,0h - 9h,4.0,2019,1
844629,Hồ Chí Minh,0h - 9h,4.0,2019,1
844629,Hồ Chí Minh,11h - 14h,2.0,2019,3
844644,Cần Thơ,11h - 14h,4.0,2019,3
844644,Cần Thơ,9h - 11h,2.0,2019,2
844644,Cần Thơ,14h - 17h,4.0,2019,4
844659,Hồ Chí Minh,0h - 9h,30.0,2019,1
844661,Hồ Chí Minh,17h - 21h,5.0,2019,5
844661,Hồ Chí Minh,0h - 9h,5.0,2019,1
844669,Hồ Chí Minh,11h - 14h,30.0,2019,3
844669,Hồ Chí Minh,0h - 9h,30.0,2019,1
844723,Hồ Chí Minh,17h - 21h,30.0,2019,5
844723,Hồ Chí Minh,0h - 9h,30.0,2019,1
844773,Cần Thơ,17h - 21h,3.0,2019,5
844773,Cần Thơ,0h - 9h,4.0,2019,1
844773,Cần Thơ,9h - 11h,3.0,2019,2
844796,Hồ Chí Minh,0h - 9h,3.0,2019,1
844796,Hồ Chí Minh,17h - 21h,7.0,2019,5
844831,Hồ Chí Minh,0h - 9h,30.0,2019,1
844831,Hồ Chí Minh,17h - 21h,30.0,2019,5
844981,Hồ Chí Minh,0h - 9h,8.0,2019,1
845142,Hồ Chí Minh,14h - 17h,4.0,2019,4
845166,Hồ Chí Minh,11h - 14h,2.0,2019,3
845166,Hồ Chí Minh,0h - 9h,4.0,2019,1
845166,Hồ Chí Minh,17h - 21h,2.0,2019,5
845427,Hải Phòng,0h - 9h,4.0,2019,1
845497,Hải Phòng,0h - 9h,2.0,2019,1
845497,Hải Phòng,14h - 17h,8.0,2019,4
845572,Hồ Chí Minh,0h - 9h,8.0,2019,1
845581,Hồ Chí Minh,0h - 9h,8.0,2019,1
845842,Hồ Chí Minh,17h - 21h,10.0,2019,5
845847,Hồ Chí Minh,9h - 11h,8.0,2019,2
845854,Cần Thơ,17h - 21h,2.0,2019,5
845854,Cần Thơ,0h - 9h,4.0,2019,1
845854,Cần Thơ,11h - 14h,4.0,2019,3
845858,Cần Thơ,11h - 14h,6.0,2019,3
845858,Cần Thơ,9h - 11h,7.0,2019,2
845858,Cần Thơ,0h - 9h,7.0,2019,1
845871,Hải Phòng,21h+,8.0,2019,6
845881,Hồ Chí Minh,9h - 11h,8.0,2019,2
845916,Hải Phòng,14h - 17h,4.0,2019,4
845924,Hồ Chí Minh,14h - 17h,30.0,2019,4
845967,Hải Phòng,0h - 9h,1.0,2019,1
845967,Hải Phòng,14h - 17h,3.0,2019,4
846055,Hồ Chí Minh,11h - 14h,2.0,2019,3
846055,Hồ Chí Minh,17h - 21h,2.0,2019,5
846057,Hải Phòng,17h - 21h,2.0,2019,5
846057,Hải Phòng,14h - 17h,4.0,2019,4
846088,Hồ Chí Minh,9h - 11h,8.0,2019,2
846103,Hải Phòng,0h - 9h,4.0,2019,1
846330,Hồ Chí Minh,17h - 21h,5.0,2019,5
846330,Hồ Chí Minh,0h - 9h,10.0,2019,1
846332,Hồ Chí Minh,0h - 9h,10.0,2019,1
846332,Hồ Chí Minh,17h - 21h,5.0,2019,5
846666,Hồ Chí Minh,17h - 21h,5.0,2019,5
846666,Hồ Chí Minh,0h - 9h,25.0,2019,1
846838,Nha Trang,9h - 11h,4.0,2019,2
846865,Cần Thơ,14h - 17h,4.0,2019,4
846865,Cần Thơ,17h - 21h,3.0,2019,5
846865,Cần Thơ,9h - 11h,3.0,2019,2
846873,Cần Thơ,11h - 14h,6.0,2019,3
846873,Cần Thơ,14h - 17h,7.0,2019,4
846873,Cần Thơ,17h - 21h,7.0,2019,5
846912,Cần Thơ,17h - 21h,3.0,2019,5
846912,Cần Thơ,11h - 14h,3.0,2019,3
846912,Cần Thơ,0h - 9h,4.0,2019,1
846916,Cần Thơ,11h - 14h,4.0,2019,3
846916,Cần Thơ,9h - 11h,2.0,2019,2
846916,Cần Thơ,14h - 17h,4.0,2019,4
846954,Cần Thơ,17h - 21h,2.0,2019,5
846954,Cần Thơ,0h - 9h,2.0,2019,1
846967,Cần Thơ,14h - 17h,2.0,2019,4
846967,Cần Thơ,9h - 11h,3.0,2019,2
846991,Hồ Chí Minh,0h - 9h,8.0,2019,1
846998,Hồ Chí Minh,17h - 21h,12.0,2019,5
847016,Cần Thơ,14h - 17h,2.0,2019,4
847016,Cần Thơ,17h - 21h,3.0,2019,5
847035,Cần Thơ,9h - 11h,4.0,2019,2
847035,Cần Thơ,14h - 17h,1.0,2019,4
847063,Cần Thơ,14h - 17h,5.0,2019,4
847063,Cần Thơ,0h - 9h,5.0,2019,1
847066,Cần Thơ,9h - 11h,3.0,2019,2
847066,Cần Thơ,17h - 21h,4.0,2019,5
847066,Cần Thơ,14h - 17h,4.0,2019,4
847130,Cần Thơ,0h - 9h,4.0,2019,1
847375,Hồ Chí Minh,17h - 21h,4.0,2019,5
847375,Hồ Chí Minh,0h - 9h,10.0,2019,1
847524,Hồ Chí Minh,11h - 14h,10.0,2019,3
847524,Hồ Chí Minh,0h - 9h,10.0,2019,1
847526,Hồ Chí Minh,0h - 9h,15.0,2019,1
847526,Hồ Chí Minh,17h - 21h,5.0,2019,5
848708,Hồ Chí Minh,0h - 9h,25.0,2019,1
848708,Hồ Chí Minh,17h - 21h,5.0,2019,5
848905,Hồ Chí Minh,0h - 9h,10.0,2019,1
849042,Cần Thơ,17h - 21h,1.0,2019,5
849042,Cần Thơ,9h - 11h,4.0,2019,2
849054,Hồ Chí Minh,0h - 9h,6.0,2019,1
849146,Hồ Chí Minh,0h - 9h,6.0,2019,1
849342,Cần Thơ,0h - 9h,4.0,2019,1
849342,Cần Thơ,9h - 11h,4.0,2019,2
849342,Cần Thơ,11h - 14h,2.0,2019,3
849343,Cần Thơ,14h - 17h,7.0,2019,4
849343,Cần Thơ,17h - 21h,6.0,2019,5
849343,Cần Thơ,0h - 9h,7.0,2019,1
849390,Cần Thơ,17h - 21h,1.0,2019,5
849390,Cần Thơ,9h - 11h,4.0,2019,2
849399,Cần Thơ,17h - 21h,3.0,2019,5
849399,Cần Thơ,14h - 17h,3.0,2019,4
849399,Cần Thơ,0h - 9h,4.0,2019,1
849413,Cần Thơ,0h - 9h,4.0,2019,1
849438,Cần Thơ,0h - 9h,30.0,2019,1
849461,Cần Thơ,0h - 9h,4.0,2019,1
849544,Cần Thơ,0h - 9h,30.0,2019,1
849556,Cần Thơ,17h - 21h,2.0,2019,5
849556,Cần Thơ,0h - 9h,28.0,2019,1
849570,Cần Thơ,9h - 11h,2.0,2019,2
849570,Cần Thơ,0h - 9h,3.0,2019,1
849600,Hồ Chí Minh,21h+,5.0,2019,6
849600,Hồ Chí Minh,17h - 21h,10.0,2019,5
849635,Cần Thơ,0h - 9h,30.0,2019,1
849635,Cần Thơ,17h - 21h,30.0,2019,5
849638,Cần Thơ,0h - 9h,30.0,2019,1
849673,Hồ Chí Minh,9h - 11h,8.0,2019,2
849955,Hồ Chí Minh,14h - 17h,1.0,2019,4
849955,Hồ Chí Minh,0h - 9h,6.0,2019,1
850167,Hồ Chí Minh,21h+,5.0,2019,6
850174,Hồ Chí Minh,0h - 9h,2.0,2019,1
850174,Hồ Chí Minh,17h - 21h,4.0,2019,5
850201,Hồ Chí Minh,0h - 9h,8.0,2019,1
850241,Hồ Chí Minh,9h - 11h,6.0,2019,2
850241,Hồ Chí Minh,17h - 21h,4.0,2019,5
850297,Hồ Chí Minh,0h - 9h,4.0,2019,1
850297,Hồ Chí Minh,17h - 21h,3.0,2019,5
850312,Hồ Chí Minh,0h - 9h,8.0,2019,1
850320,Cần Thơ,0h - 9h,4.0,2019,1
850345,Cần Thơ,0h - 9h,2.0,2019,1
850345,Cần Thơ,9h - 11h,3.0,2019,2
850396,Cần Thơ,9h - 11h,3.0,2019,2
850481,Cần Thơ,17h - 21h,4.0,2019,5
850875,Hồ Chí Minh,0h - 9h,16.0,2019,1
850875,Hồ Chí Minh,17h - 21h,4.0,2019,5
850935,Cần Thơ,0h - 9h,16.0,2019,1
850935,Cần Thơ,17h - 21h,14.0,2019,5
851056,Cần Thơ,0h - 9h,15.0,2019,1
851084,Hồ Chí Minh,0h - 9h,5.0,2019,1
851269,Cần Thơ,0h - 9h,2.0,2019,1
851269,Cần Thơ,14h - 17h,2.0,2019,4
851362,Cần Thơ,0h - 9h,30.0,2019,1
851546,Hồ Chí Minh,0h - 9h,15.0,2019,1
851546,Hồ Chí Minh,17h - 21h,15.0,2019,5
851718,Hồ Chí Minh,21h+,5.0,2019,6
851779,Đà Nẵng,9h - 11h,3.0,2019,2
851779,Đà Nẵng,14h - 17h,5.0,2019,4
851829,Đà Nẵng,0h - 9h,30.0,2019,1
851906,Đà Nẵng,9h - 11h,2.0,2019,2
851906,Đà Nẵng,14h - 17h,3.0,2019,4
851906,Đà Nẵng,0h - 9h,5.0,2019,1
851936,Hồ Chí Minh,0h - 9h,30.0,2019,1
852000,Đà Nẵng,0h - 9h,8.0,2019,1
852035,Đà Nẵng,0h - 9h,10.0,2019,1
852150,Đà Nẵng,9h - 11h,5.0,2019,2
852150,Đà Nẵng,17h - 21h,5.0,2019,5
852150,Đà Nẵng,14h - 17h,2.0,2019,4
852219,Đà Nẵng,17h - 21h,6.0,2019,5
852219,Đà Nẵng,9h - 11h,4.0,2019,2
852287,Hồ Chí Minh,0h - 9h,5.0,2019,1
852327,Hồ Chí Minh,0h - 9h,15.0,2019,1
852373,Hồ Chí Minh,0h - 9h,6.0,2019,1
852460,Hồ Chí Minh,17h - 21h,15.0,2019,5
852477,Hà Nội,17h - 21h,1.0,2019,5
852477,Hà Nội,14h - 17h,1.0,2019,4
852477,Hà Nội,0h - 9h,2.0,2019,1
852572,Đà Nẵng,9h - 11h,5.0,2019,2
852599,Cần Thơ,0h - 9h,12.0,2019,1
852599,Cần Thơ,17h - 21h,8.0,2019,5
852623,Đà Nẵng,0h - 9h,15.0,2019,1
852627,Cần Thơ,17h - 21h,15.0,2019,5
852627,Cần Thơ,0h - 9h,10.0,2019,1
852627,Cần Thơ,11h - 14h,5.0,2019,3
852636,Hồ Chí Minh,0h - 9h,6.0,2019,1
852651,Hồ Chí Minh,0h - 9h,20.0,2019,1
852651,Hồ Chí Minh,11h - 14h,20.0,2019,3
852693,Đà Nẵng,0h - 9h,5.0,2019,1
852693,Đà Nẵng,14h - 17h,3.0,2019,4
852694,Hồ Chí Minh,0h - 9h,15.0,2019,1
852696,Hồ Chí Minh,0h - 9h,6.0,2019,1
852780,Đà Nẵng,0h - 9h,3.0,2019,1
852780,Đà Nẵng,9h - 11h,4.0,2019,2
852780,Đà Nẵng,17h - 21h,4.0,2019,5
852806,Cần Thơ,11h - 14h,6.0,2019,3
852806,Cần Thơ,14h - 17h,1.0,2019,4
852806,Cần Thơ,17h - 21h,3.0,2019,5
852907,Cần Thơ,11h - 14h,6.0,2019,3
852907,Cần Thơ,17h - 21h,4.0,2019,5
852908,Đà Nẵng,0h - 9h,10.0,2019,1
853002,Cần Thơ,0h - 9h,4.0,2019,1
853017,Đà Nẵng,0h - 9h,30.0,2019,1
853481,Hồ Chí Minh,11h - 14h,5.0,2019,3
853481,Hồ Chí Minh,0h - 9h,5.0,2019,1
853481,Hồ Chí Minh,17h - 21h,15.0,2019,5
853555,Đà Nẵng,17h - 21h,6.0,2019,5
853555,Đà Nẵng,0h - 9h,2.0,2019,1
853722,Đà Nẵng,0h - 9h,4.0,2019,1
853765,Hà Nội,17h - 21h,4.0,2019,5
853766,Hà Nội,9h - 11h,2.0,2019,2
853766,Hà Nội,17h - 21h,3.0,2019,5
853808,Hà Nội,17h - 21h,3.0,2019,5
853808,Hà Nội,14h - 17h,3.0,2019,4
853810,Hà Nội,17h - 21h,4.0,2019,5
853862,Hà Nội,17h - 21h,4.0,2019,5
853864,Hà Nội,17h - 21h,6.0,2019,5
854077,Hà Nội,17h - 21h,4.0,2019,5
854077,Hà Nội,21h+,1.0,2019,6
854128,Hồ Chí Minh,9h - 11h,2.0,2019,2
854128,Hồ Chí Minh,14h - 17h,2.0,2019,4
854158,Hà Nội,9h - 11h,3.0,2019,2
854158,Hà Nội,17h - 21h,3.0,2019,5
854383,Đà Nẵng,0h - 9h,10.0,2019,1
854586,Hồ Chí Minh,17h - 21h,4.0,2019,5
854666,Hồ Chí Minh,11h - 14h,12.0,2019,3
854666,Hồ Chí Minh,0h - 9h,10.0,2019,1
854666,Hồ Chí Minh,17h - 21h,10.0,2019,5
854731,Hồ Chí Minh,0h - 9h,12.0,2019,1
854834,Cần Thơ,0h - 9h,30.0,2019,1
854834,Cần Thơ,11h - 14h,10.0,2019,3
854855,Hà Nội,17h - 21h,3.0,2019,5
854855,Hà Nội,9h - 11h,1.0,2019,2
854860,Hồ Chí Minh,0h - 9h,6.0,2019,1
854861,Hà Nội,17h - 21h,4.0,2019,5
854861,Hà Nội,11h - 14h,2.0,2019,3
854861,Hà Nội,21h+,2.0,2019,6
854872,Hà Nội,17h - 21h,1.0,2019,5
854872,Hà Nội,11h - 14h,3.0,2019,3
854872,Hà Nội,0h - 9h,2.0,2019,1
854882,Cần Thơ,0h - 9h,30.0,2019,1
854954,Hồ Chí Minh,0h - 9h,5.0,2019,1
854955,Hồ Chí Minh,0h - 9h,6.0,2019,1
854955,Hồ Chí Minh,9h - 11h,2.0,2019,2
855074,Hồ Chí Minh,0h - 9h,25.0,2019,1
855187,Đà Nẵng,0h - 9h,6.0,2019,1
855187,Đà Nẵng,17h - 21h,6.0,2019,5
855203,Đà Nẵng,0h - 9h,20.0,2019,1
855212,Hồ Chí Minh,17h - 21h,3.0,2019,5
855212,Hồ Chí Minh,14h - 17h,2.0,2019,4
855259,Hồ Chí Minh,0h - 9h,30.0,2019,1
856059,Hồ Chí Minh,0h - 9h,5.0,2019,1
856130,Hồ Chí Minh,0h - 9h,8.0,2019,1
856188,Hồ Chí Minh,11h - 14h,4.0,2019,3
856188,Hồ Chí Minh,0h - 9h,4.0,2019,1
856198,Đà Nẵng,9h - 11h,6.0,2019,2
856198,Đà Nẵng,0h - 9h,10.0,2019,1
856200,Đà Nẵng,9h - 11h,5.0,2019,2
856200,Đà Nẵng,17h - 21h,5.0,2019,5
856609,Hồ Chí Minh,9h - 11h,8.0,2019,2
857053,Hồ Chí Minh,0h - 9h,6.0,2019,1
857243,Đà Nẵng,0h - 9h,30.0,2019,1
857383,Hồ Chí Minh,21h+,5.0,2019,6
857383,Hồ Chí Minh,9h - 11h,3.0,2019,2
857426,Hồ Chí Minh,11h - 14h,4.0,2019,3
857426,Hồ Chí Minh,0h - 9h,6.0,2019,1
857563,Đà Nẵng,0h - 9h,20.0,2019,1
857939,Hải Phòng,0h - 9h,1.0,2019,1
857939,Hải Phòng,17h - 21h,2.0,2019,5
857940,Hải Phòng,0h - 9h,2.0,2019,1
857940,Hải Phòng,14h - 17h,2.0,2019,4
857951,Hải Phòng,9h - 11h,3.0,2019,2
857951,Hải Phòng,0h - 9h,2.0,2019,1
858028,Hải Phòng,0h - 9h,30.0,2019,1
859707,Đà Nẵng,9h - 11h,8.0,2019,2
860675,Đà Nẵng,17h - 21h,4.0,2019,5
860708,Nha Trang,0h - 9h,10.0,2019,1
860742,Nha Trang,0h - 9h,3.0,2019,1
861736,Nha Trang,17h - 21h,8.0,2019,5
862137,Hồ Chí Minh,0h - 9h,30.0,2019,1
862458,Nha Trang,0h - 9h,5.0,2019,1
862458,Nha Trang,17h - 21h,5.0,2019,5
863754,Nha Trang,0h - 9h,10.0,2019,1
863754,Nha Trang,17h - 21h,5.0,2019,5
