id,year,city,brand,trial,p3m,p1m,weekly,daily,visit,ppa,spending,segmentation,answer_index,segment_name,R_score,F_score,M_score,segment_key
344465,2018,Cần Thơ,Highlands Coffee,Yes,Yes,No,No,No,0.0,0.0,0.0,,9,Churn,1.0,0.0,0.0,1.0
344533,2018,Cần Thơ,Highlands Coffee,Yes,Yes,Yes,No,No,2.0,40.0,80.0,Seg.02 - Mass Asp (VND 25K - VND 59K),13,At-risk,2.0,1.0,2.0,2.0
344533,2018,Cần Thơ,Trung Nguyên,Yes,Yes,Yes,No,No,1.0,30.0,30.0,Seg.02 - Mass Asp (VND 25K - VND 59K),15,At-risk,2.0,1.0,1.0,2.0
344534,2018,Cần Thơ,Trung Nguyên,Yes,Yes,Yes,No,No,2.0,25.0,50.0,Seg.02 - Mass Asp (VND 25K - VND 59K),20,At-risk,2.0,1.0,1.0,2.0
344634,2018,Cần Thơ,Highlands Coffee,Yes,Yes,No,No,No,0.0,0.0,0.0,,32,Churn,1.0,0.0,0.0,1.0
344639,2018,Cần Thơ,Highlands Coffee,Yes,Yes,Yes,Yes,No,6.0,50.0,300.0,Seg.02 - Mass Asp (VND 25K - VND 59K),48,Bronze,3.0,3.0,2.0,3.0
345938,2018,Hồ Chí Minh,Trung Nguyên,Yes,Yes,Yes,No,No,2.0,50.0,100.0,Seg.02 - Mass Asp (VND 25K - VND 59K),87,At-risk,2.0,1.0,2.0,2.0
346924,2018,Cần Thơ,Trung Nguyên,Yes,Yes,Yes,No,No,1.0,40.0,40.0,Seg.02 - Mass Asp (VND 25K - VND 59K),127,At-risk,2.0,1.0,2.0,2.0
346924,2018,Cần Thơ,Highlands Coffee,Yes,Yes,No,No,No,0.0,0.0,0.0,,129,Churn,1.0,0.0,0.0,1.0
347591,2018,Cần Thơ,Trung Nguyên,Yes,Yes,No,No,No,0.0,0.0,0.0,,139,Churn,1.0,0.0,0.0,1.0
348309,2018,Cần Thơ,Highlands Coffee,Yes,Yes,No,No,No,0.0,0.0,0.0,,217,Churn,1.0,0.0,0.0,1.0
348322,2018,Cần Thơ,Highlands Coffee,Yes,Yes,No,No,No,0.0,0.0,0.0,,234,Churn,1.0,0.0,0.0,1.0
349532,2018,Hồ Chí Minh,Highlands Coffee,Yes,Yes,No,No,No,0.0,0.0,0.0,,275,Churn,1.0,0.0,0.0,1.0
349532,2018,Hồ Chí Minh,Phúc Long,Yes,Yes,No,No,No,0.0,0.0,0.0,,279,Churn,1.0,0.0,0.0,1.0
349874,2018,Hồ Chí Minh,Highlands Coffee,Yes,Yes,No,No,No,0.0,0.0,0.0,,310,Churn,1.0,0.0,0.0,1.0
349874,2018,Hồ Chí Minh,Trung Nguyên,Yes,Yes,Yes,Yes,Yes,28.0,60.0,1680.0,Seg.03 - Premium (VND 60K - VND 99K),314,Gold,4.0,4.0,3.0,5.0
350148,2018,Hồ Chí Minh,Trung Nguyên,Yes,Yes,Yes,No,No,2.0,50.0,100.0,Seg.02 - Mass Asp (VND 25K - VND 59K),345,At-risk,2.0,1.0,2.0,2.0
350491,2018,Hồ Chí Minh,Trung Nguyên,Yes,Yes,Yes,No,No,1.0,50.0,50.0,Seg.02 - Mass Asp (VND 25K - VND 59K),353,At-risk,2.0,1.0,2.0,2.0
350576,2018,Hồ Chí Minh,Starbucks,Yes,Yes,No,No,No,0.0,0.0,0.0,,362,Churn,1.0,0.0,0.0,1.0
350723,2018,Hồ Chí Minh,Trung Nguyên,Yes,Yes,No,No,No,0.0,0.0,0.0,,368,Churn,1.0,0.0,0.0,1.0
350723,2018,Hồ Chí Minh,The Coffee House,Yes,Yes,Yes,Yes,Yes,17.0,40.0,680.0,Seg.02 - Mass Asp (VND 25K - VND 59K),371,Gold,4.0,4.0,2.0,5.0
350822,2018,Hồ Chí Minh,Trung Nguyên,Yes,Yes,No,No,No,0.0,0.0,0.0,,380,Churn,1.0,0.0,0.0,1.0
351104,2018,Hồ Chí Minh,Phúc Long,Yes,Yes,Yes,Yes,No,4.0,40.0,160.0,Seg.02 - Mass Asp (VND 25K - VND 59K),410,Bronze,3.0,2.0,2.0,3.0
351108,2018,Hồ Chí Minh,Highlands Coffee,Yes,Yes,No,No,No,0.0,0.0,0.0,,443,Churn,1.0,0.0,0.0,1.0
351651,2018,Hồ Chí Minh,Trung Nguyên,Yes,Yes,No,No,No,0.0,0.0,0.0,,525,Churn,1.0,0.0,0.0,1.0
352060,2018,Hồ Chí Minh,Trung Nguyên,Yes,Yes,Yes,Yes,No,4.0,45.0,180.0,Seg.02 - Mass Asp (VND 25K - VND 59K),552,Bronze,3.0,2.0,2.0,3.0
352980,2018,Hồ Chí Minh,Highlands Coffee,Yes,Yes,Yes,Yes,No,7.0,50.0,350.0,Seg.02 - Mass Asp (VND 25K - VND 59K),555,Bronze,3.0,3.0,2.0,3.0
352981,2018,Hồ Chí Minh,Phúc Long,Yes,Yes,Yes,No,No,3.0,40.0,120.0,Seg.02 - Mass Asp (VND 25K - VND 59K),562,At-risk,2.0,1.0,2.0,2.0
352984,2018,Hồ Chí Minh,Highlands Coffee,Yes,Yes,Yes,Yes,No,10.0,50.0,500.0,Seg.02 - Mass Asp (VND 25K - VND 59K),581,Gold,3.0,4.0,2.0,5.0
353396,2018,Hồ Chí Minh,Trung Nguyên,Yes,Yes,Yes,No,No,2.0,50.0,100.0,Seg.02 - Mass Asp (VND 25K - VND 59K),597,At-risk,2.0,1.0,2.0,2.0
353618,2018,Hồ Chí Minh,The Coffee House,Yes,Yes,Yes,Yes,No,5.0,55.0,275.0,Seg.02 - Mass Asp (VND 25K - VND 59K),643,Bronze,3.0,2.0,2.0,3.0
353620,2018,Hồ Chí Minh,The Coffee House,Yes,Yes,Yes,Yes,No,5.0,29.0,145.0,Seg.02 - Mass Asp (VND 25K - VND 59K),663,Bronze,3.0,2.0,1.0,3.0
353621,2018,Hồ Chí Minh,The Coffee House,Yes,Yes,No,No,No,0.0,0.0,0.0,,676,Churn,1.0,0.0,0.0,1.0
353623,2018,Hồ Chí Minh,Highlands Coffee,Yes,Yes,No,No,No,0.0,0.0,0.0,,695,Churn,1.0,0.0,0.0,1.0
353623,2018,Hồ Chí Minh,Phúc Long,Yes,Yes,Yes,Yes,No,6.0,59.0,354.0,Seg.02 - Mass Asp (VND 25K - VND 59K),698,Gold,3.0,3.0,3.0,5.0
355530,2018,Hồ Chí Minh,Phúc Long,Yes,Yes,Yes,Yes,No,6.0,40.0,240.0,Seg.02 - Mass Asp (VND 25K - VND 59K),706,Bronze,3.0,3.0,2.0,3.0
357091,2018,Cần Thơ,Highlands Coffee,Yes,Yes,Yes,No,No,2.0,50.0,100.0,Seg.02 - Mass Asp (VND 25K - VND 59K),723,At-risk,2.0,1.0,2.0,2.0
357258,2018,Hà Nội,Cộng Cà Phê,Yes,Yes,Yes,Yes,No,4.0,50.0,200.0,Seg.02 - Mass Asp (VND 25K - VND 59K),745,Bronze,3.0,2.0,2.0,3.0
357530,2018,Hà Nội,Trung Nguyên,Yes,Yes,Yes,Yes,No,6.0,25.0,150.0,Seg.02 - Mass Asp (VND 25K - VND 59K),753,Bronze,3.0,3.0,1.0,3.0
357867,2018,Hà Nội,Cộng Cà Phê,Yes,Yes,No,No,No,0.0,0.0,0.0,,766,Churn,1.0,0.0,0.0,1.0
358482,2018,Hà Nội,Highlands Coffee,Yes,Yes,No,No,No,0.0,0.0,0.0,,807,Churn,1.0,0.0,0.0,1.0
358484,2018,Hà Nội,Highlands Coffee,Yes,Yes,Yes,No,No,3.0,50.0,150.0,Seg.02 - Mass Asp (VND 25K - VND 59K),826,At-risk,2.0,1.0,2.0,2.0
358633,2018,Hà Nội,Cộng Cà Phê,Yes,Yes,Yes,Yes,No,6.0,50.0,300.0,Seg.02 - Mass Asp (VND 25K - VND 59K),864,Bronze,3.0,3.0,2.0,3.0
358634,2018,Hà Nội,Cộng Cà Phê,Yes,Yes,Yes,No,No,2.0,45.0,90.0,Seg.02 - Mass Asp (VND 25K - VND 59K),867,At-risk,2.0,1.0,2.0,2.0
358634,2018,Hà Nội,Highlands Coffee,Yes,Yes,Yes,Yes,No,8.0,50.0,400.0,Seg.02 - Mass Asp (VND 25K - VND 59K),874,Gold,3.0,4.0,2.0,5.0
359399,2018,Hà Nội,Highlands Coffee,Yes,Yes,Yes,No,No,2.0,45.0,90.0,Seg.02 - Mass Asp (VND 25K - VND 59K),941,At-risk,2.0,1.0,2.0,2.0
359399,2018,Hà Nội,Cộng Cà Phê,Yes,Yes,Yes,No,No,1.0,35.0,35.0,Seg.02 - Mass Asp (VND 25K - VND 59K),945,At-risk,2.0,1.0,1.0,2.0
359632,2018,Hà Nội,Highlands Coffee,Yes,Yes,Yes,Yes,No,8.0,60.0,480.0,Seg.03 - Premium (VND 60K - VND 99K),977,Gold,3.0,4.0,3.0,5.0
359632,2018,Hà Nội,Cộng Cà Phê,Yes,Yes,No,No,No,0.0,0.0,0.0,,980,Churn,1.0,0.0,0.0,1.0
359683,2018,Đà Nẵng,Highlands Coffee,Yes,Yes,Yes,No,No,1.0,50.0,50.0,Seg.02 - Mass Asp (VND 25K - VND 59K),987,At-risk,2.0,1.0,2.0,2.0
359683,2018,Đà Nẵng,Trung Nguyên,Yes,Yes,Yes,No,No,3.0,50.0,150.0,Seg.02 - Mass Asp (VND 25K - VND 59K),988,At-risk,2.0,1.0,2.0,2.0
359683,2018,Đà Nẵng,Cộng Cà Phê,Yes,Yes,No,No,No,0.0,0.0,0.0,,989,Churn,1.0,0.0,0.0,1.0
359874,2018,Hà Nội,Highlands Coffee,Yes,Yes,Yes,Yes,No,6.0,50.0,300.0,Seg.02 - Mass Asp (VND 25K - VND 59K),1004,Bronze,3.0,3.0,2.0,3.0
359875,2018,Hà Nội,Highlands Coffee,Yes,Yes,Yes,No,No,1.0,50.0,50.0,Seg.02 - Mass Asp (VND 25K - VND 59K),1008,At-risk,2.0,1.0,2.0,2.0
359875,2018,Hà Nội,Cộng Cà Phê,Yes,Yes,Yes,No,No,3.0,40.0,120.0,Seg.02 - Mass Asp (VND 25K - VND 59K),1009,At-risk,2.0,1.0,2.0,2.0
359876,2018,Hà Nội,Cộng Cà Phê,Yes,Yes,Yes,No,No,2.0,30.0,60.0,Seg.02 - Mass Asp (VND 25K - VND 59K),1012,At-risk,2.0,1.0,1.0,2.0
359883,2018,Hà Nội,Highlands Coffee,Yes,Yes,No,No,No,0.0,0.0,0.0,,1021,Churn,1.0,0.0,0.0,1.0
359884,2018,Hà Nội,The Coffee House,Yes,Yes,Yes,No,No,3.0,60.0,180.0,Seg.03 - Premium (VND 60K - VND 99K),1035,Silver,2.0,1.0,3.0,4.0
359885,2018,Hà Nội,Trung Nguyên,Yes,Yes,Yes,Yes,No,8.0,80.0,640.0,Seg.03 - Premium (VND 60K - VND 99K),1044,Gold,3.0,4.0,3.0,5.0
359941,2018,Hà Nội,Highlands Coffee,Yes,Yes,Yes,Yes,No,7.0,55.0,385.0,Seg.02 - Mass Asp (VND 25K - VND 59K),1053,Bronze,3.0,3.0,2.0,3.0
359941,2018,Hà Nội,The Coffee House,Yes,Yes,No,No,No,0.0,0.0,0.0,,1054,Churn,1.0,0.0,0.0,1.0
359941,2018,Hà Nội,Cộng Cà Phê,Yes,Yes,Yes,No,No,2.0,40.0,80.0,Seg.02 - Mass Asp (VND 25K - VND 59K),1056,At-risk,2.0,1.0,2.0,2.0
359945,2018,Hà Nội,Highlands Coffee,Yes,Yes,Yes,No,No,2.0,50.0,100.0,Seg.02 - Mass Asp (VND 25K - VND 59K),1061,At-risk,2.0,1.0,2.0,2.0
359946,2018,Hà Nội,Highlands Coffee,Yes,Yes,Yes,No,No,3.0,60.0,180.0,Seg.03 - Premium (VND 60K - VND 99K),1068,Silver,2.0,1.0,3.0,4.0
359946,2018,Hà Nội,Cộng Cà Phê,Yes,Yes,No,No,No,0.0,0.0,0.0,,1069,Churn,1.0,0.0,0.0,1.0
359983,2018,Hà Nội,Cộng Cà Phê,Yes,Yes,No,No,No,0.0,0.0,0.0,,1079,Churn,1.0,0.0,0.0,1.0
359983,2018,Hà Nội,Starbucks,Yes,Yes,No,No,No,0.0,0.0,0.0,,1083,Churn,1.0,0.0,0.0,1.0
359983,2018,Hà Nội,Highlands Coffee,Yes,Yes,Yes,Yes,No,12.0,49.0,588.0,Seg.02 - Mass Asp (VND 25K - VND 59K),1085,Gold,3.0,4.0,2.0,5.0
359984,2018,Hà Nội,Starbucks,Yes,Yes,No,No,No,0.0,0.0,0.0,,1089,Churn,1.0,0.0,0.0,1.0
359984,2018,Hà Nội,Highlands Coffee,Yes,Yes,Yes,Yes,Yes,16.0,29.0,464.0,Seg.02 - Mass Asp (VND 25K - VND 59K),1090,Gold,4.0,4.0,1.0,5.0
359985,2018,Hà Nội,Trung Nguyên,Yes,Yes,No,No,No,0.0,0.0,0.0,,1092,Churn,1.0,0.0,0.0,1.0
359985,2018,Hà Nội,Highlands Coffee,Yes,Yes,No,No,No,0.0,0.0,0.0,,1094,Churn,1.0,0.0,0.0,1.0
359985,2018,Hà Nội,Cộng Cà Phê,Yes,Yes,Yes,Yes,No,5.0,35.0,175.0,Seg.02 - Mass Asp (VND 25K - VND 59K),1095,Bronze,3.0,2.0,1.0,3.0
359985,2018,Hà Nội,The Coffee House,Yes,Yes,No,No,No,0.0,0.0,0.0,,1096,Churn,1.0,0.0,0.0,1.0
360089,2018,Đà Nẵng,Highlands Coffee,Yes,Yes,Yes,Yes,No,4.0,65.0,260.0,Seg.03 - Premium (VND 60K - VND 99K),1107,Silver,3.0,2.0,3.0,4.0
360220,2018,Hà Nội,Cộng Cà Phê,Yes,Yes,No,No,No,0.0,0.0,0.0,,1120,Churn,1.0,0.0,0.0,1.0
360220,2018,Hà Nội,Highlands Coffee,Yes,Yes,Yes,Yes,No,6.0,55.0,330.0,Seg.02 - Mass Asp (VND 25K - VND 59K),1121,Bronze,3.0,3.0,2.0,3.0
360220,2018,Hà Nội,Trung Nguyên,Yes,Yes,Yes,No,No,2.0,30.0,60.0,Seg.02 - Mass Asp (VND 25K - VND 59K),1124,At-risk,2.0,1.0,1.0,2.0
360443,2018,Hà Nội,Cộng Cà Phê,Yes,Yes,Yes,Yes,No,5.0,60.0,300.0,Seg.03 - Premium (VND 60K - VND 99K),1139,Silver,3.0,2.0,3.0,4.0
360443,2018,Hà Nội,Highlands Coffee,Yes,Yes,No,No,No,0.0,0.0,0.0,,1148,Churn,1.0,0.0,0.0,1.0
360511,2018,Hà Nội,The Coffee House,Yes,Yes,Yes,No,No,3.0,60.0,180.0,Seg.03 - Premium (VND 60K - VND 99K),1153,Silver,2.0,1.0,3.0,4.0
360512,2018,Hà Nội,Highlands Coffee,Yes,Yes,Yes,Yes,No,10.0,60.0,600.0,Seg.03 - Premium (VND 60K - VND 99K),1156,Gold,3.0,4.0,3.0,5.0
360512,2018,Hà Nội,Cộng Cà Phê,Yes,Yes,No,No,No,0.0,0.0,0.0,,1157,Churn,1.0,0.0,0.0,1.0
360513,2018,Hà Nội,Highlands Coffee,Yes,Yes,Yes,No,No,3.0,35.0,105.0,Seg.02 - Mass Asp (VND 25K - VND 59K),1161,At-risk,2.0,1.0,1.0,2.0
360517,2018,Hà Nội,Highlands Coffee,Yes,Yes,Yes,No,No,1.0,55.0,55.0,Seg.02 - Mass Asp (VND 25K - VND 59K),1167,At-risk,2.0,1.0,2.0,2.0
360518,2018,Hà Nội,The Coffee House,Yes,Yes,Yes,No,No,3.0,30.0,90.0,Seg.02 - Mass Asp (VND 25K - VND 59K),1174,At-risk,2.0,1.0,1.0,2.0
360525,2018,Hà Nội,Highlands Coffee,Yes,Yes,Yes,No,No,3.0,49.0,147.0,Seg.02 - Mass Asp (VND 25K - VND 59K),1180,At-risk,2.0,1.0,2.0,2.0
360526,2018,Hà Nội,Highlands Coffee,Yes,Yes,Yes,Yes,No,7.0,50.0,350.0,Seg.02 - Mass Asp (VND 25K - VND 59K),1189,Bronze,3.0,3.0,2.0,3.0
361473,2018,Hà Nội,Trung Nguyên,Yes,Yes,Yes,No,No,3.0,25.0,75.0,Seg.02 - Mass Asp (VND 25K - VND 59K),1261,At-risk,2.0,1.0,1.0,2.0
361515,2018,Hà Nội,Highlands Coffee,Yes,Yes,Yes,No,No,2.0,50.0,100.0,Seg.02 - Mass Asp (VND 25K - VND 59K),1275,At-risk,2.0,1.0,2.0,2.0
361768,2018,Hà Nội,Highlands Coffee,Yes,Yes,Yes,Yes,No,5.0,60.0,300.0,Seg.03 - Premium (VND 60K - VND 99K),1297,Silver,3.0,2.0,3.0,4.0
361768,2018,Hà Nội,The Coffee House,Yes,Yes,No,No,No,0.0,0.0,0.0,,1300,Churn,1.0,0.0,0.0,1.0
361768,2018,Hà Nội,Cộng Cà Phê,Yes,Yes,Yes,No,No,2.0,50.0,100.0,Seg.02 - Mass Asp (VND 25K - VND 59K),1301,At-risk,2.0,1.0,2.0,2.0
361811,2018,Hà Nội,Trung Nguyên,Yes,Yes,No,No,No,0.0,0.0,0.0,,1311,Churn,1.0,0.0,0.0,1.0
361811,2018,Hà Nội,Cộng Cà Phê,Yes,Yes,No,No,No,0.0,0.0,0.0,,1314,Churn,1.0,0.0,0.0,1.0
362165,2018,Hà Nội,Trung Nguyên,Yes,Yes,Yes,No,No,3.0,55.0,165.0,Seg.02 - Mass Asp (VND 25K - VND 59K),1327,At-risk,2.0,1.0,2.0,2.0
362165,2018,Hà Nội,Highlands Coffee,Yes,Yes,Yes,Yes,No,9.0,39.0,351.0,Seg.02 - Mass Asp (VND 25K - VND 59K),1329,Gold,3.0,4.0,2.0,5.0
362216,2018,Hà Nội,Trung Nguyên,Yes,Yes,Yes,No,No,3.0,25.0,75.0,Seg.02 - Mass Asp (VND 25K - VND 59K),1334,At-risk,2.0,1.0,1.0,2.0
362216,2018,Hà Nội,Highlands Coffee,Yes,Yes,No,No,No,0.0,0.0,0.0,,1338,Churn,1.0,0.0,0.0,1.0
362412,2018,Hà Nội,Starbucks,Yes,Yes,Yes,No,No,1.0,60.0,60.0,Seg.03 - Premium (VND 60K - VND 99K),1349,Silver,2.0,1.0,3.0,4.0
362412,2018,Hà Nội,Cộng Cà Phê,Yes,Yes,Yes,No,No,1.0,45.0,45.0,Seg.02 - Mass Asp (VND 25K - VND 59K),1352,At-risk,2.0,1.0,2.0,2.0
362412,2018,Hà Nội,Trung Nguyên,Yes,Yes,Yes,No,No,2.0,50.0,100.0,Seg.02 - Mass Asp (VND 25K - VND 59K),1354,At-risk,2.0,1.0,2.0,2.0
362412,2018,Hà Nội,Highlands Coffee,Yes,Yes,Yes,Yes,Yes,20.0,70.0,1400.0,Seg.03 - Premium (VND 60K - VND 99K),1355,Gold,4.0,4.0,3.0,5.0
362676,2018,Hà Nội,Highlands Coffee,Yes,Yes,Yes,No,No,2.0,39.0,78.0,Seg.02 - Mass Asp (VND 25K - VND 59K),1366,At-risk,2.0,1.0,2.0,2.0
362829,2018,Hà Nội,Highlands Coffee,Yes,Yes,No,No,No,0.0,0.0,0.0,,1375,Churn,1.0,0.0,0.0,1.0
362978,2018,Cần Thơ,Trung Nguyên,Yes,Yes,Yes,Yes,No,5.0,25.0,125.0,Seg.02 - Mass Asp (VND 25K - VND 59K),1383,Bronze,3.0,2.0,1.0,3.0
363114,2018,Hà Nội,Highlands Coffee,Yes,Yes,Yes,Yes,No,5.0,50.0,250.0,Seg.02 - Mass Asp (VND 25K - VND 59K),1389,Bronze,3.0,2.0,2.0,3.0
363114,2018,Hà Nội,Cộng Cà Phê,Yes,Yes,No,No,No,0.0,0.0,0.0,,1393,Churn,1.0,0.0,0.0,1.0
363115,2018,Hà Nội,Cộng Cà Phê,Yes,Yes,Yes,No,No,3.0,40.0,120.0,Seg.02 - Mass Asp (VND 25K - VND 59K),1399,At-risk,2.0,1.0,2.0,2.0
363117,2018,Hà Nội,Cộng Cà Phê,Yes,Yes,Yes,No,No,2.0,40.0,80.0,Seg.02 - Mass Asp (VND 25K - VND 59K),1417,At-risk,2.0,1.0,2.0,2.0
363813,2018,Hà Nội,Trung Nguyên,Yes,Yes,Yes,No,No,3.0,25.0,75.0,Seg.02 - Mass Asp (VND 25K - VND 59K),1446,At-risk,2.0,1.0,1.0,2.0
363813,2018,Hà Nội,Starbucks,Yes,Yes,No,No,No,0.0,0.0,0.0,,1447,Churn,1.0,0.0,0.0,1.0
363813,2018,Hà Nội,Highlands Coffee,Yes,Yes,Yes,Yes,No,7.0,40.0,280.0,Seg.02 - Mass Asp (VND 25K - VND 59K),1449,Bronze,3.0,3.0,2.0,3.0
364345,2018,Hà Nội,Trung Nguyên,Yes,Yes,Yes,Yes,No,5.0,25.0,125.0,Seg.02 - Mass Asp (VND 25K - VND 59K),1465,Bronze,3.0,2.0,1.0,3.0
364345,2018,Hà Nội,Highlands Coffee,Yes,Yes,Yes,No,No,2.0,39.0,78.0,Seg.02 - Mass Asp (VND 25K - VND 59K),1469,At-risk,2.0,1.0,2.0,2.0
364345,2018,Hà Nội,Cộng Cà Phê,Yes,Yes,Yes,No,No,2.0,30.0,60.0,Seg.02 - Mass Asp (VND 25K - VND 59K),1470,At-risk,2.0,1.0,1.0,2.0
364511,2018,Hà Nội,Cộng Cà Phê,Yes,Yes,No,No,No,0.0,0.0,0.0,,1471,Churn,1.0,0.0,0.0,1.0
364511,2018,Hà Nội,Highlands Coffee,Yes,Yes,Yes,No,No,3.0,60.0,180.0,Seg.03 - Premium (VND 60K - VND 99K),1474,Silver,2.0,1.0,3.0,4.0
364513,2018,Hà Nội,Highlands Coffee,Yes,Yes,Yes,Yes,No,4.0,40.0,160.0,Seg.02 - Mass Asp (VND 25K - VND 59K),1485,Bronze,3.0,2.0,2.0,3.0
364514,2018,Hà Nội,Highlands Coffee,Yes,Yes,Yes,No,No,1.0,60.0,60.0,Seg.03 - Premium (VND 60K - VND 99K),1487,Silver,2.0,1.0,3.0,4.0
364677,2018,Hà Nội,Highlands Coffee,Yes,Yes,Yes,No,No,2.0,49.0,98.0,Seg.02 - Mass Asp (VND 25K - VND 59K),1494,At-risk,2.0,1.0,2.0,2.0
364678,2018,Hà Nội,Cộng Cà Phê,Yes,Yes,No,No,No,0.0,0.0,0.0,,1503,Churn,1.0,0.0,0.0,1.0
364680,2018,Hà Nội,Highlands Coffee,Yes,Yes,Yes,No,No,3.0,39.0,117.0,Seg.02 - Mass Asp (VND 25K - VND 59K),1512,At-risk,2.0,1.0,2.0,2.0
365657,2018,Hà Nội,Starbucks,Yes,Yes,No,No,No,0.0,0.0,0.0,,1542,Churn,1.0,0.0,0.0,1.0
365657,2018,Hà Nội,The Coffee House,Yes,Yes,Yes,No,No,1.0,80.0,80.0,Seg.03 - Premium (VND 60K - VND 99K),1543,Silver,2.0,1.0,3.0,4.0
365657,2018,Hà Nội,Highlands Coffee,Yes,Yes,Yes,Yes,No,4.0,100.0,400.0,Seg.04 - Super Premium (VND 100K+),1545,Silver,3.0,2.0,4.0,4.0
365681,2018,Hồ Chí Minh,Highlands Coffee,Yes,Yes,No,No,No,0.0,0.0,0.0,,1554,Churn,1.0,0.0,0.0,1.0
365682,2018,Hồ Chí Minh,Starbucks,Yes,Yes,Yes,No,No,2.0,80.0,160.0,Seg.03 - Premium (VND 60K - VND 99K),1562,Silver,2.0,1.0,3.0,4.0
365682,2018,Hồ Chí Minh,The Coffee House,Yes,Yes,Yes,No,No,1.0,60.0,60.0,Seg.03 - Premium (VND 60K - VND 99K),1565,Silver,2.0,1.0,3.0,4.0
365717,2018,Đà Nẵng,Highlands Coffee,Yes,Yes,No,No,No,0.0,0.0,0.0,,1574,Churn,1.0,0.0,0.0,1.0
365736,2018,Cần Thơ,Highlands Coffee,Yes,Yes,No,No,No,0.0,0.0,0.0,,1588,Churn,1.0,0.0,0.0,1.0
366071,2018,Hà Nội,Highlands Coffee,Yes,Yes,Yes,No,No,2.0,80.0,160.0,Seg.03 - Premium (VND 60K - VND 99K),1660,Silver,2.0,1.0,3.0,4.0
366071,2018,Hà Nội,Cộng Cà Phê,Yes,Yes,No,No,No,0.0,0.0,0.0,,1661,Churn,1.0,0.0,0.0,1.0
366071,2018,Hà Nội,The Coffee House,Yes,Yes,Yes,No,No,2.0,65.0,130.0,Seg.03 - Premium (VND 60K - VND 99K),1664,Silver,2.0,1.0,3.0,4.0
366071,2018,Hà Nội,Starbucks,Yes,Yes,No,No,No,0.0,0.0,0.0,,1665,Churn,1.0,0.0,0.0,1.0
366212,2018,Cần Thơ,Trung Nguyên,Yes,Yes,No,No,No,0.0,0.0,0.0,,1666,Churn,1.0,0.0,0.0,1.0
366360,2018,Đà Nẵng,Highlands Coffee,Yes,Yes,No,No,No,0.0,0.0,0.0,,1675,Churn,1.0,0.0,0.0,1.0
366360,2018,Đà Nẵng,The Coffee House,Yes,Yes,Yes,Yes,No,4.0,40.0,160.0,Seg.02 - Mass Asp (VND 25K - VND 59K),1682,Bronze,3.0,2.0,2.0,3.0
366483,2018,Đà Nẵng,Highlands Coffee,Yes,Yes,Yes,Yes,Yes,28.0,39.0,1092.0,Seg.02 - Mass Asp (VND 25K - VND 59K),1736,Gold,4.0,4.0,2.0,5.0
366767,2018,Đà Nẵng,Phúc Long,Yes,Yes,Yes,No,No,3.0,110.0,330.0,Seg.04 - Super Premium (VND 100K+),1775,Silver,2.0,1.0,4.0,4.0
366767,2018,Đà Nẵng,Highlands Coffee,Yes,Yes,Yes,Yes,No,9.0,30.0,270.0,Seg.02 - Mass Asp (VND 25K - VND 59K),1777,Gold,3.0,4.0,1.0,5.0
366884,2018,Hồ Chí Minh,Phúc Long,Yes,Yes,No,No,No,0.0,0.0,0.0,,1809,Churn,1.0,0.0,0.0,1.0
366889,2018,Hồ Chí Minh,Highlands Coffee,Yes,Yes,Yes,Yes,No,4.0,80.0,320.0,Seg.03 - Premium (VND 60K - VND 99K),1817,Silver,3.0,2.0,3.0,4.0
366889,2018,Hồ Chí Minh,The Coffee House,Yes,Yes,No,No,No,0.0,0.0,0.0,,1819,Churn,1.0,0.0,0.0,1.0
367178,2018,Hải Phòng,Highlands Coffee,Yes,Yes,Yes,No,No,2.0,40.0,80.0,Seg.02 - Mass Asp (VND 25K - VND 59K),1869,At-risk,2.0,1.0,2.0,2.0
367179,2018,Hải Phòng,Highlands Coffee,Yes,Yes,Yes,No,No,2.0,50.0,100.0,Seg.02 - Mass Asp (VND 25K - VND 59K),1872,At-risk,2.0,1.0,2.0,2.0
367182,2018,Hải Phòng,Highlands Coffee,Yes,Yes,Yes,No,No,2.0,40.0,80.0,Seg.02 - Mass Asp (VND 25K - VND 59K),1879,At-risk,2.0,1.0,2.0,2.0
367187,2018,Đà Nẵng,Trung Nguyên,Yes,Yes,Yes,No,No,1.0,25.0,25.0,Seg.02 - Mass Asp (VND 25K - VND 59K),1881,At-risk,2.0,1.0,1.0,2.0
367324,2018,Đà Nẵng,Highlands Coffee,Yes,Yes,Yes,No,No,1.0,50.0,50.0,Seg.02 - Mass Asp (VND 25K - VND 59K),1901,At-risk,2.0,1.0,2.0,2.0
367348,2018,Hà Nội,Highlands Coffee,Yes,Yes,No,No,No,0.0,0.0,0.0,,1911,Churn,1.0,0.0,0.0,1.0
367348,2018,Hà Nội,Cộng Cà Phê,Yes,Yes,Yes,No,No,3.0,45.0,135.0,Seg.02 - Mass Asp (VND 25K - VND 59K),1913,At-risk,2.0,1.0,2.0,2.0
367354,2018,Hồ Chí Minh,Trung Nguyên,Yes,Yes,No,No,No,0.0,0.0,0.0,,1921,Churn,1.0,0.0,0.0,1.0
367357,2018,Hồ Chí Minh,The Coffee House,Yes,Yes,No,No,No,0.0,0.0,0.0,,1935,Churn,1.0,0.0,0.0,1.0
367357,2018,Hồ Chí Minh,Highlands Coffee,Yes,Yes,No,No,No,0.0,0.0,0.0,,1936,Churn,1.0,0.0,0.0,1.0
367359,2018,Hồ Chí Minh,Highlands Coffee,Yes,Yes,No,No,No,0.0,0.0,0.0,,1944,Churn,1.0,0.0,0.0,1.0
367363,2018,Hồ Chí Minh,Trung Nguyên,Yes,Yes,No,No,No,0.0,0.0,0.0,,1959,Churn,1.0,0.0,0.0,1.0
367363,2018,Hồ Chí Minh,Highlands Coffee,Yes,Yes,Yes,No,No,1.0,50.0,50.0,Seg.02 - Mass Asp (VND 25K - VND 59K),1961,At-risk,2.0,1.0,2.0,2.0
367363,2018,Hồ Chí Minh,The Coffee House,Yes,Yes,No,No,No,0.0,0.0,0.0,,1963,Churn,1.0,0.0,0.0,1.0
367742,2018,Đà Nẵng,Highlands Coffee,Yes,Yes,Yes,Yes,No,10.0,49.0,490.0,Seg.02 - Mass Asp (VND 25K - VND 59K),1997,Gold,3.0,4.0,2.0,5.0
367797,2018,Hà Nội,The Coffee House,Yes,Yes,Yes,No,No,3.0,40.0,120.0,Seg.02 - Mass Asp (VND 25K - VND 59K),2015,At-risk,2.0,1.0,2.0,2.0
367797,2018,Hà Nội,Highlands Coffee,Yes,Yes,Yes,Yes,No,4.0,50.0,200.0,Seg.02 - Mass Asp (VND 25K - VND 59K),2016,Bronze,3.0,2.0,2.0,3.0
367797,2018,Hà Nội,Cộng Cà Phê,Yes,Yes,Yes,No,No,3.0,40.0,120.0,Seg.02 - Mass Asp (VND 25K - VND 59K),2018,At-risk,2.0,1.0,2.0,2.0
367856,2018,Hồ Chí Minh,Trung Nguyên,Yes,Yes,No,No,No,0.0,0.0,0.0,,2023,Churn,1.0,0.0,0.0,1.0
367858,2018,Hồ Chí Minh,Phúc Long,Yes,Yes,Yes,Yes,No,4.0,50.0,200.0,Seg.02 - Mass Asp (VND 25K - VND 59K),2042,Bronze,3.0,2.0,2.0,3.0
367860,2018,Hồ Chí Minh,The Coffee House,Yes,Yes,Yes,Yes,No,5.0,40.0,200.0,Seg.02 - Mass Asp (VND 25K - VND 59K),2056,Bronze,3.0,2.0,2.0,3.0
367860,2018,Hồ Chí Minh,Cộng Cà Phê,Yes,Yes,Yes,No,No,2.0,55.0,110.0,Seg.02 - Mass Asp (VND 25K - VND 59K),2059,At-risk,2.0,1.0,2.0,2.0
367861,2018,Hồ Chí Minh,The Coffee House,Yes,Yes,Yes,No,No,2.0,50.0,100.0,Seg.02 - Mass Asp (VND 25K - VND 59K),2065,At-risk,2.0,1.0,2.0,2.0
367863,2018,Hồ Chí Minh,The Coffee House,Yes,Yes,No,No,No,0.0,0.0,0.0,,2072,Churn,1.0,0.0,0.0,1.0
367863,2018,Hồ Chí Minh,Highlands Coffee,Yes,Yes,Yes,No,No,1.0,50.0,50.0,Seg.02 - Mass Asp (VND 25K - VND 59K),2074,At-risk,2.0,1.0,2.0,2.0
367864,2018,Hồ Chí Minh,Trung Nguyên,Yes,Yes,No,No,No,0.0,0.0,0.0,,2084,Churn,1.0,0.0,0.0,1.0
367864,2018,Hồ Chí Minh,The Coffee House,Yes,Yes,Yes,No,No,3.0,60.0,180.0,Seg.03 - Premium (VND 60K - VND 99K),2096,Silver,2.0,1.0,3.0,4.0
367997,2018,Đà Nẵng,Trung Nguyên,Yes,Yes,Yes,Yes,No,4.0,25.0,100.0,Seg.02 - Mass Asp (VND 25K - VND 59K),2100,Bronze,3.0,2.0,1.0,3.0
368104,2018,Hải Phòng,Trung Nguyên,Yes,Yes,Yes,No,No,2.0,25.0,50.0,Seg.02 - Mass Asp (VND 25K - VND 59K),2101,At-risk,2.0,1.0,1.0,2.0
368127,2018,Cần Thơ,Trung Nguyên,Yes,Yes,No,No,No,0.0,0.0,0.0,,2112,Churn,1.0,0.0,0.0,1.0
368200,2018,Hà Nội,Highlands Coffee,Yes,Yes,Yes,No,No,3.0,49.0,147.0,Seg.02 - Mass Asp (VND 25K - VND 59K),2131,At-risk,2.0,1.0,2.0,2.0
368241,2018,Hà Nội,Cộng Cà Phê,Yes,Yes,Yes,Yes,No,4.0,35.0,140.0,Seg.02 - Mass Asp (VND 25K - VND 59K),2143,Bronze,3.0,2.0,1.0,3.0
368241,2018,Hà Nội,Highlands Coffee,Yes,Yes,Yes,Yes,No,6.0,78.0,468.0,Seg.03 - Premium (VND 60K - VND 99K),2146,Gold,3.0,3.0,3.0,5.0
368244,2018,Hà Nội,Highlands Coffee,Yes,Yes,Yes,No,No,2.0,49.0,98.0,Seg.02 - Mass Asp (VND 25K - VND 59K),2151,At-risk,2.0,1.0,2.0,2.0
368244,2018,Hà Nội,Cộng Cà Phê,Yes,Yes,Yes,Yes,No,4.0,35.0,140.0,Seg.02 - Mass Asp (VND 25K - VND 59K),2152,Bronze,3.0,2.0,1.0,3.0
368245,2018,Hà Nội,Cộng Cà Phê,Yes,Yes,No,No,No,0.0,0.0,0.0,,2160,Churn,1.0,0.0,0.0,1.0
368245,2018,Hà Nội,Highlands Coffee,Yes,Yes,No,No,No,0.0,0.0,0.0,,2163,Churn,1.0,0.0,0.0,1.0
368246,2018,Hà Nội,Highlands Coffee,Yes,Yes,Yes,Yes,No,5.0,65.0,325.0,Seg.03 - Premium (VND 60K - VND 99K),2174,Silver,3.0,2.0,3.0,4.0
368246,2018,Hà Nội,Cộng Cà Phê,Yes,Yes,Yes,No,No,2.0,35.0,70.0,Seg.02 - Mass Asp (VND 25K - VND 59K),2175,At-risk,2.0,1.0,1.0,2.0
368247,2018,Hà Nội,Highlands Coffee,Yes,Yes,Yes,No,No,2.0,49.0,98.0,Seg.02 - Mass Asp (VND 25K - VND 59K),2179,At-risk,2.0,1.0,2.0,2.0
368247,2018,Hà Nội,Cộng Cà Phê,Yes,Yes,Yes,Yes,No,4.0,35.0,140.0,Seg.02 - Mass Asp (VND 25K - VND 59K),2181,Bronze,3.0,2.0,1.0,3.0
368248,2018,Hà Nội,Highlands Coffee,Yes,Yes,Yes,Yes,No,4.0,49.0,196.0,Seg.02 - Mass Asp (VND 25K - VND 59K),2186,Bronze,3.0,2.0,2.0,3.0
368248,2018,Hà Nội,Starbucks,Yes,Yes,Yes,Yes,No,6.0,75.0,450.0,Seg.03 - Premium (VND 60K - VND 99K),2187,Gold,3.0,3.0,3.0,5.0
368249,2018,Hà Nội,Cộng Cà Phê,Yes,Yes,No,No,No,0.0,0.0,0.0,,2190,Churn,1.0,0.0,0.0,1.0
368249,2018,Hà Nội,Highlands Coffee,Yes,Yes,No,No,No,0.0,0.0,0.0,,2191,Churn,1.0,0.0,0.0,1.0
368350,2018,Hồ Chí Minh,Highlands Coffee,Yes,Yes,Yes,No,No,3.0,29.0,87.0,Seg.02 - Mass Asp (VND 25K - VND 59K),2215,At-risk,2.0,1.0,1.0,2.0
368351,2018,Hồ Chí Minh,Highlands Coffee,Yes,Yes,Yes,Yes,No,10.0,39.0,390.0,Seg.02 - Mass Asp (VND 25K - VND 59K),2220,Gold,3.0,4.0,2.0,5.0
368351,2018,Hồ Chí Minh,Trung Nguyên,Yes,Yes,No,No,No,0.0,0.0,0.0,,2226,Churn,1.0,0.0,0.0,1.0
368354,2018,Hồ Chí Minh,Trung Nguyên,Yes,Yes,No,No,No,0.0,0.0,0.0,,2244,Churn,1.0,0.0,0.0,1.0
368355,2018,Hồ Chí Minh,Highlands Coffee,Yes,Yes,Yes,Yes,No,4.0,39.0,156.0,Seg.02 - Mass Asp (VND 25K - VND 59K),2255,Bronze,3.0,2.0,2.0,3.0
368356,2018,Hồ Chí Minh,Highlands Coffee,Yes,Yes,Yes,Yes,No,10.0,39.0,390.0,Seg.02 - Mass Asp (VND 25K - VND 59K),2262,Gold,3.0,4.0,2.0,5.0
368356,2018,Hồ Chí Minh,Trung Nguyên,Yes,Yes,Yes,No,No,2.0,45.0,90.0,Seg.02 - Mass Asp (VND 25K - VND 59K),2266,At-risk,2.0,1.0,2.0,2.0
368379,2018,Hải Phòng,Highlands Coffee,Yes,Yes,Yes,No,No,3.0,50.0,150.0,Seg.02 - Mass Asp (VND 25K - VND 59K),2278,At-risk,2.0,1.0,2.0,2.0
368380,2018,Hải Phòng,Starbucks,Yes,Yes,Yes,Yes,No,5.0,40.0,200.0,Seg.02 - Mass Asp (VND 25K - VND 59K),2282,Bronze,3.0,2.0,2.0,3.0
368380,2018,Hải Phòng,Highlands Coffee,Yes,Yes,Yes,Yes,No,10.0,50.0,500.0,Seg.02 - Mass Asp (VND 25K - VND 59K),2283,Gold,3.0,4.0,2.0,5.0
368380,2018,Hải Phòng,Trung Nguyên,Yes,Yes,Yes,Yes,No,5.0,40.0,200.0,Seg.02 - Mass Asp (VND 25K - VND 59K),2285,Bronze,3.0,2.0,2.0,3.0
368410,2018,Hồ Chí Minh,Highlands Coffee,Yes,Yes,Yes,No,No,1.0,49.0,49.0,Seg.02 - Mass Asp (VND 25K - VND 59K),2294,At-risk,2.0,1.0,2.0,2.0
368411,2018,Hải Phòng,Cộng Cà Phê,Yes,Yes,No,No,No,0.0,0.0,0.0,,2298,Churn,1.0,0.0,0.0,1.0
368411,2018,Hải Phòng,Highlands Coffee,Yes,Yes,Yes,No,No,3.0,50.0,150.0,Seg.02 - Mass Asp (VND 25K - VND 59K),2301,At-risk,2.0,1.0,2.0,2.0
368425,2018,Hải Phòng,Highlands Coffee,Yes,Yes,Yes,No,No,1.0,59.0,59.0,Seg.02 - Mass Asp (VND 25K - VND 59K),2330,Silver,2.0,1.0,3.0,4.0
368428,2018,Hải Phòng,Highlands Coffee,Yes,Yes,Yes,Yes,No,5.0,39.0,195.0,Seg.02 - Mass Asp (VND 25K - VND 59K),2339,Bronze,3.0,2.0,2.0,3.0
368429,2018,Hải Phòng,Highlands Coffee,Yes,Yes,No,No,No,0.0,0.0,0.0,,2344,Churn,1.0,0.0,0.0,1.0
368450,2018,Hồ Chí Minh,Trung Nguyên,Yes,Yes,No,No,No,0.0,0.0,0.0,,2373,Churn,1.0,0.0,0.0,1.0
368460,2018,Hồ Chí Minh,Highlands Coffee,Yes,Yes,Yes,No,No,1.0,60.0,60.0,Seg.03 - Premium (VND 60K - VND 99K),2391,Silver,2.0,1.0,3.0,4.0
368460,2018,Hồ Chí Minh,The Coffee House,Yes,Yes,Yes,No,No,2.0,80.0,160.0,Seg.03 - Premium (VND 60K - VND 99K),2398,Silver,2.0,1.0,3.0,4.0
368468,2018,Hà Nội,Highlands Coffee,Yes,Yes,Yes,No,No,1.0,60.0,60.0,Seg.03 - Premium (VND 60K - VND 99K),2407,Silver,2.0,1.0,3.0,4.0
368469,2018,Hà Nội,Cộng Cà Phê,Yes,Yes,No,No,No,0.0,0.0,0.0,,2413,Churn,1.0,0.0,0.0,1.0
368469,2018,Hà Nội,Highlands Coffee,Yes,Yes,Yes,No,No,1.0,80.0,80.0,Seg.03 - Premium (VND 60K - VND 99K),2415,Silver,2.0,1.0,3.0,4.0
368472,2018,Hải Phòng,Highlands Coffee,Yes,Yes,No,No,No,0.0,0.0,0.0,,2421,Churn,1.0,0.0,0.0,1.0
368473,2018,Hải Phòng,Highlands Coffee,Yes,Yes,No,No,No,0.0,0.0,0.0,,2425,Churn,1.0,0.0,0.0,1.0
368481,2018,Hồ Chí Minh,The Coffee House,Yes,Yes,Yes,No,No,1.0,60.0,60.0,Seg.03 - Premium (VND 60K - VND 99K),2433,Silver,2.0,1.0,3.0,4.0
368481,2018,Hồ Chí Minh,Phúc Long,Yes,Yes,Yes,No,No,1.0,60.0,60.0,Seg.03 - Premium (VND 60K - VND 99K),2434,Silver,2.0,1.0,3.0,4.0
368563,2018,Hà Nội,Highlands Coffee,Yes,Yes,Yes,No,No,1.0,65.0,65.0,Seg.03 - Premium (VND 60K - VND 99K),2453,Silver,2.0,1.0,3.0,4.0
368601,2018,Hà Nội,Highlands Coffee,Yes,Yes,No,No,No,0.0,0.0,0.0,,2473,Churn,1.0,0.0,0.0,1.0
368655,2018,Hồ Chí Minh,Highlands Coffee,Yes,Yes,No,No,No,0.0,0.0,0.0,,2516,Churn,1.0,0.0,0.0,1.0
368657,2018,Hồ Chí Minh,Highlands Coffee,Yes,Yes,No,No,No,0.0,0.0,0.0,,2528,Churn,1.0,0.0,0.0,1.0
368660,2018,Hồ Chí Minh,Highlands Coffee,Yes,Yes,No,No,No,0.0,0.0,0.0,,2553,Churn,1.0,0.0,0.0,1.0
368661,2018,Hồ Chí Minh,Highlands Coffee,Yes,Yes,No,No,No,0.0,0.0,0.0,,2564,Churn,1.0,0.0,0.0,1.0
368681,2018,Hồ Chí Minh,Highlands Coffee,Yes,Yes,No,No,No,0.0,0.0,0.0,,2572,Churn,1.0,0.0,0.0,1.0
368681,2018,Hồ Chí Minh,Trung Nguyên,Yes,Yes,Yes,No,No,2.0,100.0,200.0,Seg.04 - Super Premium (VND 100K+),2574,Silver,2.0,1.0,4.0,4.0
368681,2018,Hồ Chí Minh,The Coffee House,Yes,Yes,No,No,No,0.0,0.0,0.0,,2581,Churn,1.0,0.0,0.0,1.0
368849,2018,Hà Nội,The Coffee House,Yes,Yes,Yes,No,No,2.0,40.0,80.0,Seg.02 - Mass Asp (VND 25K - VND 59K),2607,At-risk,2.0,1.0,2.0,2.0
368849,2018,Hà Nội,Cộng Cà Phê,Yes,Yes,Yes,Yes,No,8.0,45.0,360.0,Seg.02 - Mass Asp (VND 25K - VND 59K),2611,Gold,3.0,4.0,2.0,5.0
368960,2018,Đà Nẵng,The Coffee House,Yes,Yes,Yes,No,No,1.0,40.0,40.0,Seg.02 - Mass Asp (VND 25K - VND 59K),2617,At-risk,2.0,1.0,2.0,2.0
369137,2018,Hồ Chí Minh,Phúc Long,Yes,Yes,Yes,No,No,1.0,50.0,50.0,Seg.02 - Mass Asp (VND 25K - VND 59K),2629,At-risk,2.0,1.0,2.0,2.0
369137,2018,Hồ Chí Minh,Highlands Coffee,Yes,Yes,Yes,No,No,1.0,50.0,50.0,Seg.02 - Mass Asp (VND 25K - VND 59K),2630,At-risk,2.0,1.0,2.0,2.0
369137,2018,Hồ Chí Minh,Trung Nguyên,Yes,Yes,No,No,No,0.0,0.0,0.0,,2640,Churn,1.0,0.0,0.0,1.0
369137,2018,Hồ Chí Minh,The Coffee House,Yes,Yes,Yes,No,No,1.0,50.0,50.0,Seg.02 - Mass Asp (VND 25K - VND 59K),2643,At-risk,2.0,1.0,2.0,2.0
369140,2018,Hồ Chí Minh,Highlands Coffee,Yes,Yes,Yes,Yes,No,8.0,100.0,800.0,Seg.04 - Super Premium (VND 100K+),2656,Gold,3.0,4.0,4.0,5.0
369141,2018,Hồ Chí Minh,Highlands Coffee,Yes,Yes,Yes,Yes,No,4.0,30.0,120.0,Seg.02 - Mass Asp (VND 25K - VND 59K),2662,Bronze,3.0,2.0,1.0,3.0
369144,2018,Hồ Chí Minh,Highlands Coffee,Yes,Yes,No,No,No,0.0,0.0,0.0,,2687,Churn,1.0,0.0,0.0,1.0
369156,2018,Hồ Chí Minh,The Coffee House,Yes,Yes,No,No,No,0.0,0.0,0.0,,2697,Churn,1.0,0.0,0.0,1.0
369159,2018,Hồ Chí Minh,Highlands Coffee,Yes,Yes,No,No,No,0.0,0.0,0.0,,2711,Churn,1.0,0.0,0.0,1.0
369161,2018,Hồ Chí Minh,Highlands Coffee,Yes,Yes,Yes,No,No,3.0,49.0,147.0,Seg.02 - Mass Asp (VND 25K - VND 59K),2721,At-risk,2.0,1.0,2.0,2.0
369161,2018,Hồ Chí Minh,Phúc Long,Yes,Yes,Yes,No,No,1.0,55.0,55.0,Seg.02 - Mass Asp (VND 25K - VND 59K),2722,At-risk,2.0,1.0,2.0,2.0
369161,2018,Hồ Chí Minh,The Coffee House,Yes,Yes,Yes,No,No,1.0,40.0,40.0,Seg.02 - Mass Asp (VND 25K - VND 59K),2725,At-risk,2.0,1.0,2.0,2.0
369217,2018,Hải Phòng,Highlands Coffee,Yes,Yes,Yes,Yes,Yes,20.0,30.0,600.0,Seg.02 - Mass Asp (VND 25K - VND 59K),2732,Gold,4.0,4.0,1.0,5.0
369258,2018,Đà Nẵng,Highlands Coffee,Yes,Yes,Yes,No,No,1.0,49.0,49.0,Seg.02 - Mass Asp (VND 25K - VND 59K),2753,At-risk,2.0,1.0,2.0,2.0
369279,2018,Hà Nội,Highlands Coffee,Yes,Yes,Yes,Yes,No,7.0,39.0,273.0,Seg.02 - Mass Asp (VND 25K - VND 59K),2760,Bronze,3.0,3.0,2.0,3.0
369279,2018,Hà Nội,Starbucks,Yes,Yes,Yes,No,No,1.0,150.0,150.0,Seg.04 - Super Premium (VND 100K+),2761,Silver,2.0,1.0,4.0,4.0
369279,2018,Hà Nội,Cộng Cà Phê,Yes,Yes,No,No,No,0.0,0.0,0.0,,2763,Churn,1.0,0.0,0.0,1.0
369281,2018,Hà Nội,Highlands Coffee,Yes,Yes,Yes,No,No,1.0,39.0,39.0,Seg.02 - Mass Asp (VND 25K - VND 59K),2765,At-risk,2.0,1.0,2.0,2.0
369281,2018,Hà Nội,Cộng Cà Phê,Yes,Yes,Yes,Yes,No,5.0,58.0,290.0,Seg.02 - Mass Asp (VND 25K - VND 59K),2769,Silver,3.0,2.0,3.0,4.0
369281,2018,Hà Nội,The Coffee House,Yes,Yes,Yes,No,No,2.0,55.0,110.0,Seg.02 - Mass Asp (VND 25K - VND 59K),2772,At-risk,2.0,1.0,2.0,2.0
369376,2018,Hải Phòng,Highlands Coffee,Yes,Yes,No,No,No,0.0,0.0,0.0,,2773,Churn,1.0,0.0,0.0,1.0
369377,2018,Hải Phòng,Trung Nguyên,Yes,Yes,No,No,No,0.0,0.0,0.0,,2777,Churn,1.0,0.0,0.0,1.0
369434,2018,Hồ Chí Minh,The Coffee House,Yes,Yes,Yes,No,No,3.0,40.0,120.0,Seg.02 - Mass Asp (VND 25K - VND 59K),2790,At-risk,2.0,1.0,2.0,2.0
369435,2018,Hồ Chí Minh,Trung Nguyên,Yes,Yes,Yes,No,No,2.0,50.0,100.0,Seg.02 - Mass Asp (VND 25K - VND 59K),2803,At-risk,2.0,1.0,2.0,2.0
369436,2018,Hồ Chí Minh,Starbucks,Yes,Yes,No,No,No,0.0,0.0,0.0,,2809,Churn,1.0,0.0,0.0,1.0
369514,2018,Hồ Chí Minh,Trung Nguyên,Yes,Yes,No,No,No,0.0,0.0,0.0,,2848,Churn,1.0,0.0,0.0,1.0
369533,2018,Hà Nội,Cộng Cà Phê,Yes,Yes,Yes,Yes,No,6.0,50.0,300.0,Seg.02 - Mass Asp (VND 25K - VND 59K),2853,Bronze,3.0,3.0,2.0,3.0
369533,2018,Hà Nội,Highlands Coffee,Yes,Yes,Yes,No,No,3.0,60.0,180.0,Seg.03 - Premium (VND 60K - VND 99K),2856,Silver,2.0,1.0,3.0,4.0
369545,2018,Đà Nẵng,Highlands Coffee,Yes,Yes,No,No,No,0.0,0.0,0.0,,2865,Churn,1.0,0.0,0.0,1.0
369545,2018,Đà Nẵng,The Coffee House,Yes,Yes,Yes,No,No,1.0,39.0,39.0,Seg.02 - Mass Asp (VND 25K - VND 59K),2868,At-risk,2.0,1.0,2.0,2.0
369581,2018,Đà Nẵng,The Coffee House,Yes,Yes,Yes,Yes,No,7.0,50.0,350.0,Seg.02 - Mass Asp (VND 25K - VND 59K),2871,Bronze,3.0,3.0,2.0,3.0
369611,2018,Đà Nẵng,Starbucks,Yes,Yes,Yes,No,No,1.0,50.0,50.0,Seg.02 - Mass Asp (VND 25K - VND 59K),2891,At-risk,2.0,1.0,2.0,2.0
369611,2018,Đà Nẵng,The Coffee House,Yes,Yes,Yes,No,No,1.0,50.0,50.0,Seg.02 - Mass Asp (VND 25K - VND 59K),2893,At-risk,2.0,1.0,2.0,2.0
369611,2018,Đà Nẵng,Highlands Coffee,Yes,Yes,Yes,Yes,No,4.0,50.0,200.0,Seg.02 - Mass Asp (VND 25K - VND 59K),2894,Bronze,3.0,2.0,2.0,3.0
369685,2018,Hà Nội,Highlands Coffee,Yes,Yes,No,No,No,0.0,0.0,0.0,,2897,Churn,1.0,0.0,0.0,1.0
369685,2018,Hà Nội,Cộng Cà Phê,Yes,Yes,Yes,Yes,No,10.0,50.0,500.0,Seg.02 - Mass Asp (VND 25K - VND 59K),2903,Gold,3.0,4.0,2.0,5.0
369709,2018,Đà Nẵng,Trung Nguyên,Yes,Yes,No,No,No,0.0,0.0,0.0,,2905,Churn,1.0,0.0,0.0,1.0
369709,2018,Đà Nẵng,Phúc Long,Yes,Yes,No,No,No,0.0,0.0,0.0,,2910,Churn,1.0,0.0,0.0,1.0
369766,2018,Đà Nẵng,Highlands Coffee,Yes,Yes,Yes,No,No,2.0,50.0,100.0,Seg.02 - Mass Asp (VND 25K - VND 59K),2916,At-risk,2.0,1.0,2.0,2.0
369847,2018,Hà Nội,Cộng Cà Phê,Yes,Yes,Yes,Yes,No,7.0,50.0,350.0,Seg.02 - Mass Asp (VND 25K - VND 59K),2931,Bronze,3.0,3.0,2.0,3.0
369847,2018,Hà Nội,Highlands Coffee,Yes,Yes,No,No,No,0.0,0.0,0.0,,2932,Churn,1.0,0.0,0.0,1.0
369862,2018,Hải Phòng,Highlands Coffee,Yes,Yes,Yes,No,No,3.0,70.0,210.0,Seg.03 - Premium (VND 60K - VND 99K),2934,Silver,2.0,1.0,3.0,4.0
370069,2018,Hà Nội,Cộng Cà Phê,Yes,Yes,Yes,Yes,No,8.0,50.0,400.0,Seg.02 - Mass Asp (VND 25K - VND 59K),2937,Gold,3.0,4.0,2.0,5.0
370069,2018,Hà Nội,The Coffee House,Yes,Yes,No,No,No,0.0,0.0,0.0,,2942,Churn,1.0,0.0,0.0,1.0
370069,2018,Hà Nội,Highlands Coffee,Yes,Yes,Yes,No,No,3.0,65.0,195.0,Seg.03 - Premium (VND 60K - VND 99K),2943,Silver,2.0,1.0,3.0,4.0
370111,2018,Đà Nẵng,Trung Nguyên,Yes,Yes,Yes,No,No,2.0,25.0,50.0,Seg.02 - Mass Asp (VND 25K - VND 59K),2950,At-risk,2.0,1.0,1.0,2.0
370147,2018,Hải Phòng,Highlands Coffee,Yes,Yes,Yes,No,No,1.0,60.0,60.0,Seg.03 - Premium (VND 60K - VND 99K),2954,Silver,2.0,1.0,3.0,4.0
370345,2018,Hà Nội,Highlands Coffee,Yes,Yes,No,No,No,0.0,0.0,0.0,,2963,Churn,1.0,0.0,0.0,1.0
370345,2018,Hà Nội,Cộng Cà Phê,Yes,Yes,No,No,No,0.0,0.0,0.0,,2967,Churn,1.0,0.0,0.0,1.0
370346,2018,Hà Nội,Highlands Coffee,Yes,Yes,No,No,No,0.0,0.0,0.0,,2972,Churn,1.0,0.0,0.0,1.0
370346,2018,Hà Nội,Trung Nguyên,Yes,Yes,No,No,No,0.0,0.0,0.0,,2973,Churn,1.0,0.0,0.0,1.0
370457,2018,Hồ Chí Minh,The Coffee House,Yes,Yes,Yes,Yes,No,4.0,50.0,200.0,Seg.02 - Mass Asp (VND 25K - VND 59K),2982,Bronze,3.0,2.0,2.0,3.0
370457,2018,Hồ Chí Minh,Highlands Coffee,Yes,Yes,No,No,No,0.0,0.0,0.0,,2990,Churn,1.0,0.0,0.0,1.0
370458,2018,Hồ Chí Minh,Trung Nguyên,Yes,Yes,Yes,No,No,1.0,50.0,50.0,Seg.02 - Mass Asp (VND 25K - VND 59K),3000,At-risk,2.0,1.0,2.0,2.0
370790,2018,Hồ Chí Minh,Trung Nguyên,Yes,Yes,No,No,No,0.0,0.0,0.0,,3016,Churn,1.0,0.0,0.0,1.0
370790,2018,Hồ Chí Minh,Highlands Coffee,Yes,Yes,Yes,Yes,No,4.0,39.0,156.0,Seg.02 - Mass Asp (VND 25K - VND 59K),3031,Bronze,3.0,2.0,2.0,3.0
370839,2018,Hải Phòng,Highlands Coffee,Yes,Yes,Yes,Yes,No,7.0,60.0,420.0,Seg.03 - Premium (VND 60K - VND 99K),3038,Gold,3.0,3.0,3.0,5.0
370866,2018,Hồ Chí Minh,The Coffee House,Yes,Yes,Yes,No,No,2.0,25.0,50.0,Seg.02 - Mass Asp (VND 25K - VND 59K),3047,At-risk,2.0,1.0,1.0,2.0
370873,2018,Hồ Chí Minh,Highlands Coffee,Yes,Yes,Yes,Yes,No,8.0,100.0,800.0,Seg.04 - Super Premium (VND 100K+),3070,Gold,3.0,4.0,4.0,5.0
370898,2018,Hải Phòng,Trung Nguyên,Yes,Yes,Yes,No,No,2.0,35.0,70.0,Seg.02 - Mass Asp (VND 25K - VND 59K),3086,At-risk,2.0,1.0,1.0,2.0
370900,2018,Hải Phòng,Trung Nguyên,Yes,Yes,No,No,No,0.0,0.0,0.0,,3096,Churn,1.0,0.0,0.0,1.0
370901,2018,Hải Phòng,Highlands Coffee,Yes,Yes,Yes,No,No,1.0,50.0,50.0,Seg.02 - Mass Asp (VND 25K - VND 59K),3097,At-risk,2.0,1.0,2.0,2.0
370901,2018,Hải Phòng,Trung Nguyên,Yes,Yes,No,No,No,0.0,0.0,0.0,,3102,Churn,1.0,0.0,0.0,1.0
370902,2018,Hải Phòng,Starbucks,Yes,Yes,Yes,No,No,1.0,80.0,80.0,Seg.03 - Premium (VND 60K - VND 99K),3106,Silver,2.0,1.0,3.0,4.0
370902,2018,Hải Phòng,Highlands Coffee,Yes,Yes,Yes,No,No,1.0,50.0,50.0,Seg.02 - Mass Asp (VND 25K - VND 59K),3108,At-risk,2.0,1.0,2.0,2.0
370902,2018,Hải Phòng,Trung Nguyên,Yes,Yes,No,No,No,0.0,0.0,0.0,,3109,Churn,1.0,0.0,0.0,1.0
370902,2018,Hải Phòng,Cộng Cà Phê,Yes,Yes,Yes,No,No,1.0,30.0,30.0,Seg.02 - Mass Asp (VND 25K - VND 59K),3110,At-risk,2.0,1.0,1.0,2.0
370903,2018,Hải Phòng,Highlands Coffee,Yes,Yes,Yes,No,No,2.0,100.0,200.0,Seg.04 - Super Premium (VND 100K+),3111,Silver,2.0,1.0,4.0,4.0
370903,2018,Hải Phòng,Starbucks,Yes,Yes,No,No,No,0.0,0.0,0.0,,3112,Churn,1.0,0.0,0.0,1.0
370953,2018,Hồ Chí Minh,The Coffee House,Yes,Yes,No,No,No,0.0,0.0,0.0,,3120,Churn,1.0,0.0,0.0,1.0
370954,2018,Hồ Chí Minh,Highlands Coffee,Yes,Yes,Yes,No,No,1.0,49.0,49.0,Seg.02 - Mass Asp (VND 25K - VND 59K),3135,At-risk,2.0,1.0,2.0,2.0
371005,2018,Hải Phòng,Trung Nguyên,Yes,Yes,Yes,No,No,1.0,50.0,50.0,Seg.02 - Mass Asp (VND 25K - VND 59K),3156,At-risk,2.0,1.0,2.0,2.0
371027,2018,Hải Phòng,Highlands Coffee,Yes,Yes,Yes,No,No,1.0,60.0,60.0,Seg.03 - Premium (VND 60K - VND 99K),3163,Silver,2.0,1.0,3.0,4.0
371039,2018,Hải Phòng,Highlands Coffee,Yes,Yes,No,No,No,0.0,0.0,0.0,,3178,Churn,1.0,0.0,0.0,1.0
371041,2018,Hải Phòng,Highlands Coffee,Yes,Yes,Yes,No,No,1.0,40.0,40.0,Seg.02 - Mass Asp (VND 25K - VND 59K),3191,At-risk,2.0,1.0,2.0,2.0
371061,2018,Hồ Chí Minh,Highlands Coffee,Yes,Yes,Yes,No,No,2.0,60.0,120.0,Seg.03 - Premium (VND 60K - VND 99K),3225,Silver,2.0,1.0,3.0,4.0
371061,2018,Hồ Chí Minh,Phúc Long,Yes,Yes,No,No,No,0.0,0.0,0.0,,3231,Churn,1.0,0.0,0.0,1.0
371061,2018,Hồ Chí Minh,The Coffee House,Yes,Yes,Yes,No,No,1.0,60.0,60.0,Seg.03 - Premium (VND 60K - VND 99K),3233,Silver,2.0,1.0,3.0,4.0
371065,2018,Hồ Chí Minh,Highlands Coffee,Yes,Yes,Yes,Yes,No,7.0,39.0,273.0,Seg.02 - Mass Asp (VND 25K - VND 59K),3262,Bronze,3.0,3.0,2.0,3.0
371065,2018,Hồ Chí Minh,Starbucks,Yes,Yes,Yes,No,No,1.0,40.0,40.0,Seg.02 - Mass Asp (VND 25K - VND 59K),3266,At-risk,2.0,1.0,2.0,2.0
371066,2018,Hồ Chí Minh,Highlands Coffee,Yes,Yes,Yes,Yes,No,4.0,39.0,156.0,Seg.02 - Mass Asp (VND 25K - VND 59K),3280,Bronze,3.0,2.0,2.0,3.0
371067,2018,Hồ Chí Minh,The Coffee House,Yes,Yes,Yes,Yes,Yes,30.0,40.0,1200.0,Seg.02 - Mass Asp (VND 25K - VND 59K),3288,Gold,4.0,4.0,2.0,5.0
371070,2018,Hải Phòng,Highlands Coffee,Yes,Yes,No,No,No,0.0,0.0,0.0,,3293,Churn,1.0,0.0,0.0,1.0
371071,2018,Hải Phòng,Cộng Cà Phê,Yes,Yes,No,No,No,0.0,0.0,0.0,,3297,Churn,1.0,0.0,0.0,1.0
371071,2018,Hải Phòng,Highlands Coffee,Yes,Yes,Yes,Yes,No,4.0,49.0,196.0,Seg.02 - Mass Asp (VND 25K - VND 59K),3298,Bronze,3.0,2.0,2.0,3.0
371205,2018,Hồ Chí Minh,Phúc Long,Yes,Yes,Yes,No,No,1.0,50.0,50.0,Seg.02 - Mass Asp (VND 25K - VND 59K),3306,At-risk,2.0,1.0,2.0,2.0
371205,2018,Hồ Chí Minh,Highlands Coffee,Yes,Yes,Yes,No,No,1.0,49.0,49.0,Seg.02 - Mass Asp (VND 25K - VND 59K),3307,At-risk,2.0,1.0,2.0,2.0
371205,2018,Hồ Chí Minh,Starbucks,Yes,Yes,No,No,No,0.0,0.0,0.0,,3311,Churn,1.0,0.0,0.0,1.0
371206,2018,Hồ Chí Minh,Highlands Coffee,Yes,Yes,Yes,No,No,1.0,60.0,60.0,Seg.03 - Premium (VND 60K - VND 99K),3314,Silver,2.0,1.0,3.0,4.0
371208,2018,Hồ Chí Minh,Highlands Coffee,Yes,Yes,Yes,No,No,2.0,80.0,160.0,Seg.03 - Premium (VND 60K - VND 99K),3336,Silver,2.0,1.0,3.0,4.0
371388,2018,Hải Phòng,Trung Nguyên,Yes,Yes,Yes,No,No,2.0,25.0,50.0,Seg.02 - Mass Asp (VND 25K - VND 59K),3351,At-risk,2.0,1.0,1.0,2.0
371388,2018,Hải Phòng,Highlands Coffee,Yes,Yes,Yes,No,No,3.0,50.0,150.0,Seg.02 - Mass Asp (VND 25K - VND 59K),3353,At-risk,2.0,1.0,2.0,2.0
371397,2018,Hà Nội,Cộng Cà Phê,Yes,Yes,Yes,No,No,2.0,40.0,80.0,Seg.02 - Mass Asp (VND 25K - VND 59K),3357,At-risk,2.0,1.0,2.0,2.0
371397,2018,Hà Nội,Highlands Coffee,Yes,Yes,Yes,Yes,No,5.0,50.0,250.0,Seg.02 - Mass Asp (VND 25K - VND 59K),3360,Bronze,3.0,2.0,2.0,3.0
371397,2018,Hà Nội,Trung Nguyên,Yes,Yes,No,No,No,0.0,0.0,0.0,,3361,Churn,1.0,0.0,0.0,1.0
371399,2018,Hà Nội,Highlands Coffee,Yes,Yes,Yes,Yes,No,5.0,60.0,300.0,Seg.03 - Premium (VND 60K - VND 99K),3371,Silver,3.0,2.0,3.0,4.0
371399,2018,Hà Nội,Starbucks,Yes,Yes,No,No,No,0.0,0.0,0.0,,3376,Churn,1.0,0.0,0.0,1.0
371399,2018,Hà Nội,Cộng Cà Phê,Yes,Yes,No,No,No,0.0,0.0,0.0,,3379,Churn,1.0,0.0,0.0,1.0
371495,2018,Hồ Chí Minh,Highlands Coffee,Yes,Yes,Yes,No,No,2.0,40.0,80.0,Seg.02 - Mass Asp (VND 25K - VND 59K),3393,At-risk,2.0,1.0,2.0,2.0
371495,2018,Hồ Chí Minh,The Coffee House,Yes,Yes,No,No,No,0.0,0.0,0.0,,3400,Churn,1.0,0.0,0.0,1.0
371496,2018,Hồ Chí Minh,Highlands Coffee,Yes,Yes,No,No,No,0.0,0.0,0.0,,3407,Churn,1.0,0.0,0.0,1.0
371498,2018,Hồ Chí Minh,Highlands Coffee,Yes,Yes,Yes,No,No,2.0,50.0,100.0,Seg.02 - Mass Asp (VND 25K - VND 59K),3421,At-risk,2.0,1.0,2.0,2.0
371499,2018,Hồ Chí Minh,Highlands Coffee,Yes,Yes,No,No,No,0.0,0.0,0.0,,3432,Churn,1.0,0.0,0.0,1.0
371502,2018,Hồ Chí Minh,Highlands Coffee,Yes,Yes,Yes,Yes,No,4.0,50.0,200.0,Seg.02 - Mass Asp (VND 25K - VND 59K),3438,Bronze,3.0,2.0,2.0,3.0
371582,2018,Đà Nẵng,Highlands Coffee,Yes,Yes,Yes,No,No,1.0,30.0,30.0,Seg.02 - Mass Asp (VND 25K - VND 59K),3457,At-risk,2.0,1.0,1.0,2.0
371588,2018,Hải Phòng,Highlands Coffee,Yes,Yes,Yes,Yes,No,4.0,59.0,236.0,Seg.02 - Mass Asp (VND 25K - VND 59K),3459,Silver,3.0,2.0,3.0,4.0
371600,2018,Đà Nẵng,Highlands Coffee,Yes,Yes,Yes,No,No,2.0,50.0,100.0,Seg.02 - Mass Asp (VND 25K - VND 59K),3477,At-risk,2.0,1.0,2.0,2.0
371642,2018,Hải Phòng,Highlands Coffee,Yes,Yes,Yes,No,No,1.0,50.0,50.0,Seg.02 - Mass Asp (VND 25K - VND 59K),3483,At-risk,2.0,1.0,2.0,2.0
371643,2018,Hải Phòng,Cộng Cà Phê,Yes,Yes,No,No,No,0.0,0.0,0.0,,3489,Churn,1.0,0.0,0.0,1.0
371644,2018,Hải Phòng,Highlands Coffee,Yes,Yes,Yes,Yes,No,4.0,49.0,196.0,Seg.02 - Mass Asp (VND 25K - VND 59K),3490,Bronze,3.0,2.0,2.0,3.0
371706,2018,Hải Phòng,Highlands Coffee,Yes,Yes,Yes,No,No,3.0,50.0,150.0,Seg.02 - Mass Asp (VND 25K - VND 59K),3498,At-risk,2.0,1.0,2.0,2.0
371738,2018,Hồ Chí Minh,Trung Nguyên,Yes,Yes,No,No,No,0.0,0.0,0.0,,3503,Churn,1.0,0.0,0.0,1.0
371873,2018,Hà Nội,Highlands Coffee,Yes,Yes,Yes,Yes,No,4.0,69.0,276.0,Seg.03 - Premium (VND 60K - VND 99K),3528,Silver,3.0,2.0,3.0,4.0
371873,2018,Hà Nội,Starbucks,Yes,Yes,No,No,No,0.0,0.0,0.0,,3531,Churn,1.0,0.0,0.0,1.0
372096,2018,Hà Nội,Trung Nguyên,Yes,Yes,Yes,Yes,No,6.0,25.0,150.0,Seg.02 - Mass Asp (VND 25K - VND 59K),3538,Bronze,3.0,3.0,1.0,3.0
372415,2018,Hải Phòng,Highlands Coffee,Yes,Yes,Yes,No,No,3.0,50.0,150.0,Seg.02 - Mass Asp (VND 25K - VND 59K),3562,At-risk,2.0,1.0,2.0,2.0
372416,2018,Đà Nẵng,Highlands Coffee,Yes,Yes,No,No,No,0.0,0.0,0.0,,3565,Churn,1.0,0.0,0.0,1.0
372778,2018,Hải Phòng,Highlands Coffee,Yes,Yes,No,No,No,0.0,0.0,0.0,,3587,Churn,1.0,0.0,0.0,1.0
372878,2018,Đà Nẵng,Highlands Coffee,Yes,Yes,No,No,No,0.0,0.0,0.0,,3600,Churn,1.0,0.0,0.0,1.0
373000,2018,Hải Phòng,Highlands Coffee,Yes,Yes,Yes,Yes,No,5.0,60.0,300.0,Seg.03 - Premium (VND 60K - VND 99K),3604,Silver,3.0,2.0,3.0,4.0
373321,2018,Đà Nẵng,Highlands Coffee,Yes,Yes,Yes,Yes,No,15.0,59.0,885.0,Seg.02 - Mass Asp (VND 25K - VND 59K),3619,Gold,3.0,4.0,3.0,5.0
373321,2018,Đà Nẵng,Starbucks,Yes,Yes,No,No,No,0.0,0.0,0.0,,3620,Churn,1.0,0.0,0.0,1.0
373321,2018,Đà Nẵng,The Coffee House,Yes,Yes,No,No,No,0.0,0.0,0.0,,3623,Churn,1.0,0.0,0.0,1.0
373375,2018,Đà Nẵng,Highlands Coffee,Yes,Yes,Yes,Yes,No,8.0,50.0,400.0,Seg.02 - Mass Asp (VND 25K - VND 59K),3632,Gold,3.0,4.0,2.0,5.0
373375,2018,Đà Nẵng,The Coffee House,Yes,Yes,No,No,No,0.0,0.0,0.0,,3642,Churn,1.0,0.0,0.0,1.0
373691,2018,Hải Phòng,Highlands Coffee,Yes,Yes,Yes,Yes,No,7.0,60.0,420.0,Seg.03 - Premium (VND 60K - VND 99K),3664,Gold,3.0,3.0,3.0,5.0
373706,2018,Hải Phòng,Starbucks,Yes,Yes,No,No,No,0.0,0.0,0.0,,3665,Churn,1.0,0.0,0.0,1.0
373706,2018,Hải Phòng,Highlands Coffee,Yes,Yes,Yes,Yes,No,10.0,60.0,600.0,Seg.03 - Premium (VND 60K - VND 99K),3667,Gold,3.0,4.0,3.0,5.0
373854,2018,Hồ Chí Minh,Highlands Coffee,Yes,Yes,Yes,Yes,No,5.0,80.0,400.0,Seg.03 - Premium (VND 60K - VND 99K),3679,Silver,3.0,2.0,3.0,4.0
373855,2018,Hồ Chí Minh,The Coffee House,Yes,Yes,Yes,No,No,3.0,50.0,150.0,Seg.02 - Mass Asp (VND 25K - VND 59K),3685,At-risk,2.0,1.0,2.0,2.0
373855,2018,Hồ Chí Minh,Highlands Coffee,Yes,Yes,No,No,No,0.0,0.0,0.0,,3689,Churn,1.0,0.0,0.0,1.0
373856,2018,Hồ Chí Minh,Highlands Coffee,Yes,Yes,No,No,No,0.0,0.0,0.0,,3695,Churn,1.0,0.0,0.0,1.0
373856,2018,Hồ Chí Minh,Starbucks,Yes,Yes,Yes,No,No,2.0,90.0,180.0,Seg.03 - Premium (VND 60K - VND 99K),3705,Silver,2.0,1.0,4.0,4.0
374075,2018,Hải Phòng,Highlands Coffee,Yes,Yes,No,No,No,0.0,0.0,0.0,,3708,Churn,1.0,0.0,0.0,1.0
374076,2018,Hải Phòng,Highlands Coffee,Yes,Yes,No,No,No,0.0,0.0,0.0,,3716,Churn,1.0,0.0,0.0,1.0
374077,2018,Hải Phòng,Highlands Coffee,Yes,Yes,Yes,No,No,2.0,39.0,78.0,Seg.02 - Mass Asp (VND 25K - VND 59K),3725,At-risk,2.0,1.0,2.0,2.0
374078,2018,Hải Phòng,Highlands Coffee,Yes,Yes,Yes,Yes,No,4.0,56.0,224.0,Seg.02 - Mass Asp (VND 25K - VND 59K),3731,Silver,3.0,2.0,3.0,4.0
374080,2018,Hải Phòng,Highlands Coffee,Yes,Yes,Yes,Yes,No,5.0,49.0,245.0,Seg.02 - Mass Asp (VND 25K - VND 59K),3740,Bronze,3.0,2.0,2.0,3.0
374276,2018,Hồ Chí Minh,Phúc Long,Yes,Yes,Yes,Yes,No,4.0,60.0,240.0,Seg.03 - Premium (VND 60K - VND 99K),3755,Silver,3.0,2.0,3.0,4.0
374277,2018,Hồ Chí Minh,Highlands Coffee,Yes,Yes,No,No,No,0.0,0.0,0.0,,3763,Churn,1.0,0.0,0.0,1.0
374282,2018,Hải Phòng,Starbucks,Yes,Yes,No,No,No,0.0,0.0,0.0,,3780,Churn,1.0,0.0,0.0,1.0
374282,2018,Hải Phòng,Trung Nguyên,Yes,Yes,No,No,No,0.0,0.0,0.0,,3781,Churn,1.0,0.0,0.0,1.0
374282,2018,Hải Phòng,Highlands Coffee,Yes,Yes,Yes,Yes,No,7.0,60.0,420.0,Seg.03 - Premium (VND 60K - VND 99K),3782,Gold,3.0,3.0,3.0,5.0
374332,2018,Hồ Chí Minh,Trung Nguyên,Yes,Yes,Yes,Yes,No,5.0,55.0,275.0,Seg.02 - Mass Asp (VND 25K - VND 59K),3787,Bronze,3.0,2.0,2.0,3.0
374363,2018,Hồ Chí Minh,Highlands Coffee,Yes,Yes,Yes,Yes,No,8.0,49.0,392.0,Seg.02 - Mass Asp (VND 25K - VND 59K),3810,Gold,3.0,4.0,2.0,5.0
374365,2018,Hồ Chí Minh,Highlands Coffee,Yes,Yes,Yes,Yes,No,5.0,39.0,195.0,Seg.02 - Mass Asp (VND 25K - VND 59K),3828,Bronze,3.0,2.0,2.0,3.0
374691,2018,Đà Nẵng,Highlands Coffee,Yes,Yes,Yes,Yes,No,5.0,50.0,250.0,Seg.02 - Mass Asp (VND 25K - VND 59K),3839,Bronze,3.0,2.0,2.0,3.0
374691,2018,Đà Nẵng,The Coffee House,Yes,Yes,No,No,No,0.0,0.0,0.0,,3846,Churn,1.0,0.0,0.0,1.0
375504,2018,Đà Nẵng,Highlands Coffee,Yes,Yes,No,No,No,0.0,0.0,0.0,,3884,Churn,1.0,0.0,0.0,1.0
375678,2018,Đà Nẵng,Highlands Coffee,Yes,Yes,No,No,No,0.0,0.0,0.0,,3897,Churn,1.0,0.0,0.0,1.0
376026,2018,Đà Nẵng,Highlands Coffee,Yes,Yes,Yes,No,No,2.0,40.0,80.0,Seg.02 - Mass Asp (VND 25K - VND 59K),3926,At-risk,2.0,1.0,2.0,2.0
376176,2018,Đà Nẵng,Highlands Coffee,Yes,Yes,No,No,No,0.0,0.0,0.0,,3940,Churn,1.0,0.0,0.0,1.0
376693,2018,Đà Nẵng,Highlands Coffee,Yes,Yes,Yes,No,No,1.0,40.0,40.0,Seg.02 - Mass Asp (VND 25K - VND 59K),3947,At-risk,2.0,1.0,2.0,2.0
376744,2018,Đà Nẵng,Highlands Coffee,Yes,Yes,Yes,Yes,Yes,30.0,29.0,870.0,Seg.02 - Mass Asp (VND 25K - VND 59K),3959,Gold,4.0,4.0,1.0,5.0
376992,2018,Đà Nẵng,Highlands Coffee,Yes,Yes,No,No,No,0.0,0.0,0.0,,3980,Churn,1.0,0.0,0.0,1.0
377177,2018,Đà Nẵng,Highlands Coffee,Yes,Yes,Yes,No,No,3.0,50.0,150.0,Seg.02 - Mass Asp (VND 25K - VND 59K),3994,At-risk,2.0,1.0,2.0,2.0
377177,2018,Đà Nẵng,The Coffee House,Yes,Yes,Yes,Yes,No,10.0,60.0,600.0,Seg.03 - Premium (VND 60K - VND 99K),3996,Gold,3.0,4.0,3.0,5.0
377250,2018,Đà Nẵng,Highlands Coffee,Yes,Yes,No,No,No,0.0,0.0,0.0,,4008,Churn,1.0,0.0,0.0,1.0
377402,2018,Hà Nội,Trung Nguyên,Yes,Yes,Yes,No,No,2.0,35.0,70.0,Seg.02 - Mass Asp (VND 25K - VND 59K),4011,At-risk,2.0,1.0,1.0,2.0
377402,2018,Hà Nội,Highlands Coffee,Yes,Yes,Yes,Yes,No,4.0,50.0,200.0,Seg.02 - Mass Asp (VND 25K - VND 59K),4013,Bronze,3.0,2.0,2.0,3.0
378350,2018,Đà Nẵng,Highlands Coffee,Yes,Yes,Yes,Yes,No,10.0,30.0,300.0,Seg.02 - Mass Asp (VND 25K - VND 59K),4075,Gold,3.0,4.0,1.0,5.0
378362,2018,Đà Nẵng,Highlands Coffee,Yes,Yes,No,No,No,0.0,0.0,0.0,,4081,Churn,1.0,0.0,0.0,1.0
378433,2018,Đà Nẵng,The Coffee House,Yes,Yes,No,No,No,0.0,0.0,0.0,,4096,Churn,1.0,0.0,0.0,1.0
378433,2018,Đà Nẵng,Highlands Coffee,Yes,Yes,Yes,Yes,No,5.0,49.0,245.0,Seg.02 - Mass Asp (VND 25K - VND 59K),4098,Bronze,3.0,2.0,2.0,3.0
378651,2018,Đà Nẵng,The Coffee House,Yes,Yes,Yes,Yes,No,7.0,40.0,280.0,Seg.02 - Mass Asp (VND 25K - VND 59K),4126,Bronze,3.0,3.0,2.0,3.0
378651,2018,Đà Nẵng,Cộng Cà Phê,Yes,Yes,Yes,Yes,No,10.0,40.0,400.0,Seg.02 - Mass Asp (VND 25K - VND 59K),4132,Gold,3.0,4.0,2.0,5.0
378651,2018,Đà Nẵng,Highlands Coffee,Yes,Yes,Yes,No,No,3.0,40.0,120.0,Seg.02 - Mass Asp (VND 25K - VND 59K),4133,At-risk,2.0,1.0,2.0,2.0
378651,2018,Đà Nẵng,Starbucks,Yes,Yes,No,No,No,0.0,0.0,0.0,,4134,Churn,1.0,0.0,0.0,1.0
378653,2018,Đà Nẵng,Highlands Coffee,Yes,Yes,Yes,Yes,No,8.0,100.0,800.0,Seg.04 - Super Premium (VND 100K+),4139,Gold,3.0,4.0,4.0,5.0
378653,2018,Đà Nẵng,The Coffee House,Yes,Yes,No,No,No,0.0,0.0,0.0,,4144,Churn,1.0,0.0,0.0,1.0
378872,2018,Hà Nội,Highlands Coffee,Yes,Yes,Yes,Yes,No,4.0,60.0,240.0,Seg.03 - Premium (VND 60K - VND 99K),4148,Silver,3.0,2.0,3.0,4.0
378872,2018,Hà Nội,Cộng Cà Phê,Yes,Yes,Yes,No,No,2.0,50.0,100.0,Seg.02 - Mass Asp (VND 25K - VND 59K),4153,At-risk,2.0,1.0,2.0,2.0
378873,2018,Hà Nội,Highlands Coffee,Yes,Yes,No,No,No,0.0,0.0,0.0,,4158,Churn,1.0,0.0,0.0,1.0
378873,2018,Hà Nội,Cộng Cà Phê,Yes,Yes,Yes,Yes,No,8.0,50.0,400.0,Seg.02 - Mass Asp (VND 25K - VND 59K),4159,Gold,3.0,4.0,2.0,5.0
378874,2018,Hà Nội,Cộng Cà Phê,Yes,Yes,Yes,Yes,No,5.0,50.0,250.0,Seg.02 - Mass Asp (VND 25K - VND 59K),4168,Bronze,3.0,2.0,2.0,3.0
378874,2018,Hà Nội,Highlands Coffee,Yes,Yes,No,No,No,0.0,0.0,0.0,,4170,Churn,1.0,0.0,0.0,1.0
378875,2018,Hà Nội,Cộng Cà Phê,Yes,Yes,Yes,Yes,No,4.0,60.0,240.0,Seg.03 - Premium (VND 60K - VND 99K),4177,Silver,3.0,2.0,3.0,4.0
378875,2018,Hà Nội,Highlands Coffee,Yes,Yes,No,No,No,0.0,0.0,0.0,,4180,Churn,1.0,0.0,0.0,1.0
378877,2018,Hà Nội,Cộng Cà Phê,Yes,Yes,No,No,No,0.0,0.0,0.0,,4182,Churn,1.0,0.0,0.0,1.0
378877,2018,Hà Nội,The Coffee House,Yes,Yes,No,No,No,0.0,0.0,0.0,,4188,Churn,1.0,0.0,0.0,1.0
378877,2018,Hà Nội,Highlands Coffee,Yes,Yes,Yes,No,No,2.0,60.0,120.0,Seg.03 - Premium (VND 60K - VND 99K),4189,Silver,2.0,1.0,3.0,4.0
378878,2018,Hà Nội,Cộng Cà Phê,Yes,Yes,Yes,Yes,No,5.0,60.0,300.0,Seg.03 - Premium (VND 60K - VND 99K),4194,Silver,3.0,2.0,3.0,4.0
378879,2018,Hà Nội,Highlands Coffee,Yes,Yes,No,No,No,0.0,0.0,0.0,,4204,Churn,1.0,0.0,0.0,1.0
378879,2018,Hà Nội,Trung Nguyên,Yes,Yes,Yes,Yes,No,7.0,50.0,350.0,Seg.02 - Mass Asp (VND 25K - VND 59K),4205,Bronze,3.0,3.0,2.0,3.0
379249,2018,Đà Nẵng,Highlands Coffee,Yes,Yes,No,No,No,0.0,0.0,0.0,,4228,Churn,1.0,0.0,0.0,1.0
379336,2018,Đà Nẵng,Highlands Coffee,Yes,Yes,No,No,No,0.0,0.0,0.0,,4234,Churn,1.0,0.0,0.0,1.0
379368,2018,Đà Nẵng,Highlands Coffee,Yes,Yes,No,No,No,0.0,0.0,0.0,,4241,Churn,1.0,0.0,0.0,1.0
379371,2018,Hồ Chí Minh,Highlands Coffee,Yes,Yes,No,No,No,0.0,0.0,0.0,,4249,Churn,1.0,0.0,0.0,1.0
379570,2018,Cần Thơ,Trung Nguyên,Yes,Yes,No,No,No,0.0,0.0,0.0,,4263,Churn,1.0,0.0,0.0,1.0
379615,2018,Đà Nẵng,Highlands Coffee,Yes,Yes,Yes,Yes,No,8.0,39.0,312.0,Seg.02 - Mass Asp (VND 25K - VND 59K),4285,Gold,3.0,4.0,2.0,5.0
379722,2018,Nha Trang,Cộng Cà Phê,Yes,Yes,Yes,No,No,2.0,35.0,70.0,Seg.02 - Mass Asp (VND 25K - VND 59K),4289,At-risk,2.0,1.0,1.0,2.0
379818,2018,Đà Nẵng,Highlands Coffee,Yes,Yes,Yes,Yes,No,12.0,49.0,588.0,Seg.02 - Mass Asp (VND 25K - VND 59K),4299,Gold,3.0,4.0,2.0,5.0
379845,2018,Nha Trang,Highlands Coffee,Yes,Yes,No,No,No,0.0,0.0,0.0,,4303,Churn,1.0,0.0,0.0,1.0
379869,2018,Hà Nội,Cộng Cà Phê,Yes,Yes,Yes,Yes,No,5.0,40.0,200.0,Seg.02 - Mass Asp (VND 25K - VND 59K),4305,Bronze,3.0,2.0,2.0,3.0
379914,2018,Đà Nẵng,Highlands Coffee,Yes,Yes,Yes,Yes,No,7.0,49.0,343.0,Seg.02 - Mass Asp (VND 25K - VND 59K),4310,Bronze,3.0,3.0,2.0,3.0
380067,2018,Đà Nẵng,Highlands Coffee,Yes,Yes,Yes,No,No,2.0,29.0,58.0,Seg.02 - Mass Asp (VND 25K - VND 59K),4334,At-risk,2.0,1.0,1.0,2.0
380205,2018,Đà Nẵng,Highlands Coffee,Yes,Yes,Yes,Yes,No,10.0,49.0,490.0,Seg.02 - Mass Asp (VND 25K - VND 59K),4347,Gold,3.0,4.0,2.0,5.0
380319,2018,Đà Nẵng,Cộng Cà Phê,Yes,Yes,Yes,No,No,1.0,45.0,45.0,Seg.02 - Mass Asp (VND 25K - VND 59K),4358,At-risk,2.0,1.0,2.0,2.0
380319,2018,Đà Nẵng,The Coffee House,Yes,Yes,Yes,Yes,No,9.0,60.0,540.0,Seg.03 - Premium (VND 60K - VND 99K),4361,Gold,3.0,4.0,3.0,5.0
380319,2018,Đà Nẵng,Highlands Coffee,Yes,Yes,Yes,Yes,Yes,20.0,70.0,1400.0,Seg.03 - Premium (VND 60K - VND 99K),4363,Gold,4.0,4.0,3.0,5.0
380332,2018,Đà Nẵng,Highlands Coffee,Yes,Yes,No,No,No,0.0,0.0,0.0,,4373,Churn,1.0,0.0,0.0,1.0
380522,2018,Đà Nẵng,Highlands Coffee,Yes,Yes,Yes,Yes,No,9.0,40.0,360.0,Seg.02 - Mass Asp (VND 25K - VND 59K),4390,Gold,3.0,4.0,2.0,5.0
380522,2018,Đà Nẵng,The Coffee House,Yes,Yes,Yes,No,No,3.0,40.0,120.0,Seg.02 - Mass Asp (VND 25K - VND 59K),4392,At-risk,2.0,1.0,2.0,2.0
380839,2018,Hồ Chí Minh,Trung Nguyên,Yes,Yes,Yes,Yes,Yes,30.0,60.0,1800.0,Seg.03 - Premium (VND 60K - VND 99K),4458,Gold,4.0,4.0,3.0,5.0
380900,2018,Đà Nẵng,Highlands Coffee,Yes,Yes,Yes,Yes,No,5.0,50.0,250.0,Seg.02 - Mass Asp (VND 25K - VND 59K),4462,Bronze,3.0,2.0,2.0,3.0
380900,2018,Đà Nẵng,The Coffee House,Yes,Yes,Yes,Yes,Yes,20.0,50.0,1000.0,Seg.02 - Mass Asp (VND 25K - VND 59K),4466,Gold,4.0,4.0,2.0,5.0
381311,2018,Hà Nội,Cộng Cà Phê,Yes,Yes,Yes,No,No,1.0,30.0,30.0,Seg.02 - Mass Asp (VND 25K - VND 59K),4470,At-risk,2.0,1.0,1.0,2.0
381312,2018,Hà Nội,Cộng Cà Phê,Yes,Yes,Yes,No,No,3.0,60.0,180.0,Seg.03 - Premium (VND 60K - VND 99K),4480,Silver,2.0,1.0,3.0,4.0
381313,2018,Hà Nội,Cộng Cà Phê,Yes,Yes,Yes,No,No,2.0,45.0,90.0,Seg.02 - Mass Asp (VND 25K - VND 59K),4485,At-risk,2.0,1.0,2.0,2.0
381316,2018,Hà Nội,Cộng Cà Phê,Yes,Yes,Yes,No,No,2.0,45.0,90.0,Seg.02 - Mass Asp (VND 25K - VND 59K),4504,At-risk,2.0,1.0,2.0,2.0
381317,2018,Hà Nội,Cộng Cà Phê,Yes,Yes,Yes,No,No,3.0,45.0,135.0,Seg.02 - Mass Asp (VND 25K - VND 59K),4509,At-risk,2.0,1.0,2.0,2.0
381389,2018,Hà Nội,Cộng Cà Phê,Yes,Yes,No,No,No,0.0,0.0,0.0,,4521,Churn,1.0,0.0,0.0,1.0
381389,2018,Hà Nội,Highlands Coffee,Yes,Yes,Yes,No,No,1.0,50.0,50.0,Seg.02 - Mass Asp (VND 25K - VND 59K),4524,At-risk,2.0,1.0,2.0,2.0
381390,2018,Hà Nội,Highlands Coffee,Yes,Yes,No,No,No,0.0,0.0,0.0,,4528,Churn,1.0,0.0,0.0,1.0
381390,2018,Hà Nội,Cộng Cà Phê,Yes,Yes,No,No,No,0.0,0.0,0.0,,4532,Churn,1.0,0.0,0.0,1.0
381392,2018,Hà Nội,Highlands Coffee,Yes,Yes,No,No,No,0.0,0.0,0.0,,4548,Churn,1.0,0.0,0.0,1.0
381392,2018,Hà Nội,Trung Nguyên,Yes,Yes,No,No,No,0.0,0.0,0.0,,4549,Churn,1.0,0.0,0.0,1.0
381393,2018,Hà Nội,Highlands Coffee,Yes,Yes,No,No,No,0.0,0.0,0.0,,4551,Churn,1.0,0.0,0.0,1.0
381393,2018,Hà Nội,Cộng Cà Phê,Yes,Yes,No,No,No,0.0,0.0,0.0,,4559,Churn,1.0,0.0,0.0,1.0
381396,2018,Hà Nội,Cộng Cà Phê,Yes,Yes,No,No,No,0.0,0.0,0.0,,4579,Churn,1.0,0.0,0.0,1.0
381396,2018,Hà Nội,Highlands Coffee,Yes,Yes,No,No,No,0.0,0.0,0.0,,4583,Churn,1.0,0.0,0.0,1.0
381398,2018,Hà Nội,The Coffee House,Yes,Yes,Yes,Yes,No,4.0,40.0,160.0,Seg.02 - Mass Asp (VND 25K - VND 59K),4590,Bronze,3.0,2.0,2.0,3.0
381398,2018,Hà Nội,Highlands Coffee,Yes,Yes,Yes,No,No,2.0,50.0,100.0,Seg.02 - Mass Asp (VND 25K - VND 59K),4591,At-risk,2.0,1.0,2.0,2.0
381398,2018,Hà Nội,Cộng Cà Phê,Yes,Yes,Yes,No,No,2.0,50.0,100.0,Seg.02 - Mass Asp (VND 25K - VND 59K),4594,At-risk,2.0,1.0,2.0,2.0
381463,2018,Hà Nội,Highlands Coffee,Yes,Yes,No,No,No,0.0,0.0,0.0,,4603,Churn,1.0,0.0,0.0,1.0
381464,2018,Hà Nội,Highlands Coffee,Yes,Yes,No,No,No,0.0,0.0,0.0,,4605,Churn,1.0,0.0,0.0,1.0
381464,2018,Hà Nội,The Coffee House,Yes,Yes,Yes,Yes,No,8.0,50.0,400.0,Seg.02 - Mass Asp (VND 25K - VND 59K),4606,Gold,3.0,4.0,2.0,5.0
381464,2018,Hà Nội,Cộng Cà Phê,Yes,Yes,Yes,No,No,2.0,45.0,90.0,Seg.02 - Mass Asp (VND 25K - VND 59K),4613,At-risk,2.0,1.0,2.0,2.0
381465,2018,Hà Nội,Cộng Cà Phê,Yes,Yes,Yes,Yes,No,4.0,40.0,160.0,Seg.02 - Mass Asp (VND 25K - VND 59K),4619,Bronze,3.0,2.0,2.0,3.0
381466,2018,Hà Nội,Cộng Cà Phê,Yes,Yes,No,No,No,0.0,0.0,0.0,,4625,Churn,1.0,0.0,0.0,1.0
381466,2018,Hà Nội,Highlands Coffee,Yes,Yes,Yes,Yes,No,4.0,49.0,196.0,Seg.02 - Mass Asp (VND 25K - VND 59K),4628,Bronze,3.0,2.0,2.0,3.0
381468,2018,Hà Nội,Highlands Coffee,Yes,Yes,Yes,No,No,2.0,39.0,78.0,Seg.02 - Mass Asp (VND 25K - VND 59K),4632,At-risk,2.0,1.0,2.0,2.0
381469,2018,Hà Nội,Cộng Cà Phê,Yes,Yes,Yes,Yes,No,8.0,45.0,360.0,Seg.02 - Mass Asp (VND 25K - VND 59K),4641,Gold,3.0,4.0,2.0,5.0
381469,2018,Hà Nội,Highlands Coffee,Yes,Yes,No,No,No,0.0,0.0,0.0,,4646,Churn,1.0,0.0,0.0,1.0
381497,2018,Hà Nội,Highlands Coffee,Yes,Yes,Yes,Yes,No,5.0,65.0,325.0,Seg.03 - Premium (VND 60K - VND 99K),4668,Silver,3.0,2.0,3.0,4.0
381497,2018,Hà Nội,Cộng Cà Phê,Yes,Yes,No,No,No,0.0,0.0,0.0,,4669,Churn,1.0,0.0,0.0,1.0
381498,2018,Hà Nội,Cộng Cà Phê,Yes,Yes,Yes,No,No,2.0,40.0,80.0,Seg.02 - Mass Asp (VND 25K - VND 59K),4672,At-risk,2.0,1.0,2.0,2.0
381498,2018,Hà Nội,Highlands Coffee,Yes,Yes,Yes,No,No,1.0,80.0,80.0,Seg.03 - Premium (VND 60K - VND 99K),4676,Silver,2.0,1.0,3.0,4.0
381499,2018,Hà Nội,Cộng Cà Phê,Yes,Yes,No,No,No,0.0,0.0,0.0,,4686,Churn,1.0,0.0,0.0,1.0
381500,2018,Hà Nội,Cộng Cà Phê,Yes,Yes,No,No,No,0.0,0.0,0.0,,4691,Churn,1.0,0.0,0.0,1.0
381738,2018,Cần Thơ,Trung Nguyên,Yes,Yes,No,No,No,0.0,0.0,0.0,,4722,Churn,1.0,0.0,0.0,1.0
381822,2018,Đà Nẵng,Highlands Coffee,Yes,Yes,Yes,No,No,2.0,39.0,78.0,Seg.02 - Mass Asp (VND 25K - VND 59K),4734,At-risk,2.0,1.0,2.0,2.0
381859,2018,Hải Phòng,Highlands Coffee,Yes,Yes,Yes,Yes,No,6.0,49.0,294.0,Seg.02 - Mass Asp (VND 25K - VND 59K),4738,Bronze,3.0,3.0,2.0,3.0
381859,2018,Hải Phòng,Starbucks,Yes,Yes,No,No,No,0.0,0.0,0.0,,4740,Churn,1.0,0.0,0.0,1.0
381897,2018,Nha Trang,Highlands Coffee,Yes,Yes,No,No,No,0.0,0.0,0.0,,4747,Churn,1.0,0.0,0.0,1.0
381956,2018,Nha Trang,Trung Nguyên,Yes,Yes,No,No,No,0.0,0.0,0.0,,4751,Churn,1.0,0.0,0.0,1.0
381956,2018,Nha Trang,Highlands Coffee,Yes,Yes,Yes,No,No,1.0,30.0,30.0,Seg.02 - Mass Asp (VND 25K - VND 59K),4756,At-risk,2.0,1.0,1.0,2.0
382137,2018,Đà Nẵng,Starbucks,Yes,Yes,No,No,No,0.0,0.0,0.0,,4761,Churn,1.0,0.0,0.0,1.0
382177,2018,Hồ Chí Minh,The Coffee House,Yes,Yes,Yes,Yes,No,5.0,24.0,120.0,Seg.01 - Mass (<VND 25K),4784,Bronze,3.0,2.0,1.0,3.0
382210,2018,Hà Nội,Highlands Coffee,Yes,Yes,Yes,No,No,2.0,49.0,98.0,Seg.02 - Mass Asp (VND 25K - VND 59K),4799,At-risk,2.0,1.0,2.0,2.0
382211,2018,Hà Nội,Cộng Cà Phê,Yes,Yes,Yes,No,No,2.0,40.0,80.0,Seg.02 - Mass Asp (VND 25K - VND 59K),4804,At-risk,2.0,1.0,2.0,2.0
382211,2018,Hà Nội,Highlands Coffee,Yes,Yes,Yes,No,No,3.0,49.0,147.0,Seg.02 - Mass Asp (VND 25K - VND 59K),4805,At-risk,2.0,1.0,2.0,2.0
382212,2018,Hà Nội,Highlands Coffee,Yes,Yes,Yes,Yes,No,8.0,39.0,312.0,Seg.02 - Mass Asp (VND 25K - VND 59K),4811,Gold,3.0,4.0,2.0,5.0
382213,2018,Hà Nội,Cộng Cà Phê,Yes,Yes,Yes,No,No,1.0,40.0,40.0,Seg.02 - Mass Asp (VND 25K - VND 59K),4817,At-risk,2.0,1.0,2.0,2.0
382218,2018,Hà Nội,Highlands Coffee,Yes,Yes,Yes,No,No,2.0,49.0,98.0,Seg.02 - Mass Asp (VND 25K - VND 59K),4837,At-risk,2.0,1.0,2.0,2.0
382222,2018,Hà Nội,The Coffee House,Yes,Yes,Yes,Yes,No,8.0,50.0,400.0,Seg.02 - Mass Asp (VND 25K - VND 59K),4859,Gold,3.0,4.0,2.0,5.0
382226,2018,Hà Nội,Highlands Coffee,Yes,Yes,No,No,No,0.0,0.0,0.0,,4885,Churn,1.0,0.0,0.0,1.0
382263,2018,Nha Trang,Highlands Coffee,Yes,Yes,No,No,No,0.0,0.0,0.0,,4896,Churn,1.0,0.0,0.0,1.0
382264,2018,Đà Nẵng,Highlands Coffee,Yes,Yes,Yes,Yes,No,5.0,29.0,145.0,Seg.02 - Mass Asp (VND 25K - VND 59K),4909,Bronze,3.0,2.0,1.0,3.0
382352,2018,Nha Trang,Highlands Coffee,Yes,Yes,No,No,No,0.0,0.0,0.0,,4940,Churn,1.0,0.0,0.0,1.0
382378,2018,Nha Trang,Cộng Cà Phê,Yes,Yes,Yes,Yes,No,4.0,30.0,120.0,Seg.02 - Mass Asp (VND 25K - VND 59K),4943,Bronze,3.0,2.0,1.0,3.0
382378,2018,Nha Trang,Highlands Coffee,Yes,Yes,Yes,Yes,No,8.0,39.0,312.0,Seg.02 - Mass Asp (VND 25K - VND 59K),4946,Gold,3.0,4.0,2.0,5.0
382574,2018,Hà Nội,Cộng Cà Phê,Yes,Yes,Yes,Yes,No,5.0,35.0,175.0,Seg.02 - Mass Asp (VND 25K - VND 59K),4978,Bronze,3.0,2.0,1.0,3.0
382574,2018,Hà Nội,Highlands Coffee,Yes,Yes,Yes,Yes,No,5.0,39.0,195.0,Seg.02 - Mass Asp (VND 25K - VND 59K),4981,Bronze,3.0,2.0,2.0,3.0
382575,2018,Hà Nội,Cộng Cà Phê,Yes,Yes,Yes,No,No,3.0,25.0,75.0,Seg.02 - Mass Asp (VND 25K - VND 59K),4992,At-risk,2.0,1.0,1.0,2.0
382576,2018,Hà Nội,Cộng Cà Phê,Yes,Yes,No,No,No,0.0,0.0,0.0,,4994,Churn,1.0,0.0,0.0,1.0
382576,2018,Hà Nội,Highlands Coffee,Yes,Yes,Yes,Yes,No,9.0,60.0,540.0,Seg.03 - Premium (VND 60K - VND 99K),4997,Gold,3.0,4.0,3.0,5.0
382577,2018,Hà Nội,Cộng Cà Phê,Yes,Yes,Yes,Yes,No,4.0,35.0,140.0,Seg.02 - Mass Asp (VND 25K - VND 59K),5003,Bronze,3.0,2.0,1.0,3.0
382577,2018,Hà Nội,Highlands Coffee,Yes,Yes,Yes,Yes,No,6.0,39.0,234.0,Seg.02 - Mass Asp (VND 25K - VND 59K),5008,Bronze,3.0,3.0,2.0,3.0
382578,2018,Hà Nội,Highlands Coffee,Yes,Yes,Yes,No,No,3.0,55.0,165.0,Seg.02 - Mass Asp (VND 25K - VND 59K),5010,At-risk,2.0,1.0,2.0,2.0
382578,2018,Hà Nội,Cộng Cà Phê,Yes,Yes,No,No,No,0.0,0.0,0.0,,5016,Churn,1.0,0.0,0.0,1.0
382579,2018,Hà Nội,Highlands Coffee,Yes,Yes,Yes,Yes,No,5.0,45.0,225.0,Seg.02 - Mass Asp (VND 25K - VND 59K),5018,Bronze,3.0,2.0,2.0,3.0
382580,2018,Hà Nội,Cộng Cà Phê,Yes,Yes,No,No,No,0.0,0.0,0.0,,5024,Churn,1.0,0.0,0.0,1.0
382580,2018,Hà Nội,Highlands Coffee,Yes,Yes,Yes,Yes,No,5.0,56.0,280.0,Seg.02 - Mass Asp (VND 25K - VND 59K),5026,Silver,3.0,2.0,3.0,4.0
382581,2018,Hà Nội,Highlands Coffee,Yes,Yes,Yes,Yes,No,8.0,65.0,520.0,Seg.03 - Premium (VND 60K - VND 99K),5028,Gold,3.0,4.0,3.0,5.0
382582,2018,Hà Nội,Highlands Coffee,Yes,Yes,Yes,Yes,No,9.0,60.0,540.0,Seg.03 - Premium (VND 60K - VND 99K),5039,Gold,3.0,4.0,3.0,5.0
382583,2018,Hà Nội,Highlands Coffee,Yes,Yes,Yes,Yes,No,5.0,59.0,295.0,Seg.02 - Mass Asp (VND 25K - VND 59K),5046,Silver,3.0,2.0,3.0,4.0
382607,2018,Nha Trang,Highlands Coffee,Yes,Yes,Yes,Yes,No,10.0,50.0,500.0,Seg.02 - Mass Asp (VND 25K - VND 59K),5057,Gold,3.0,4.0,2.0,5.0
382693,2018,Hà Nội,Cộng Cà Phê,Yes,Yes,Yes,No,No,3.0,50.0,150.0,Seg.02 - Mass Asp (VND 25K - VND 59K),5069,At-risk,2.0,1.0,2.0,2.0
382694,2018,Hà Nội,Starbucks,Yes,Yes,Yes,No,No,3.0,40.0,120.0,Seg.02 - Mass Asp (VND 25K - VND 59K),5075,At-risk,2.0,1.0,2.0,2.0
382695,2018,Hà Nội,Cộng Cà Phê,Yes,Yes,Yes,No,No,3.0,60.0,180.0,Seg.03 - Premium (VND 60K - VND 99K),5080,Silver,2.0,1.0,3.0,4.0
382754,2018,Hà Nội,Highlands Coffee,Yes,Yes,No,No,No,0.0,0.0,0.0,,5101,Churn,1.0,0.0,0.0,1.0
382970,2018,Hồ Chí Minh,Trung Nguyên,Yes,Yes,Yes,No,No,1.0,36.0,36.0,Seg.02 - Mass Asp (VND 25K - VND 59K),5131,At-risk,2.0,1.0,2.0,2.0
382970,2018,Hồ Chí Minh,Highlands Coffee,Yes,Yes,Yes,No,No,2.0,100.0,200.0,Seg.04 - Super Premium (VND 100K+),5133,Silver,2.0,1.0,4.0,4.0
382972,2018,Hồ Chí Minh,Highlands Coffee,Yes,Yes,Yes,Yes,No,5.0,39.0,195.0,Seg.02 - Mass Asp (VND 25K - VND 59K),5137,Bronze,3.0,2.0,2.0,3.0
382972,2018,Hồ Chí Minh,Trung Nguyên,Yes,Yes,Yes,Yes,No,4.0,30.0,120.0,Seg.02 - Mass Asp (VND 25K - VND 59K),5138,Bronze,3.0,2.0,1.0,3.0
382973,2018,Hồ Chí Minh,Phúc Long,Yes,Yes,No,No,No,0.0,0.0,0.0,,5140,Churn,1.0,0.0,0.0,1.0
382974,2018,Hồ Chí Minh,Trung Nguyên,Yes,Yes,No,No,No,0.0,0.0,0.0,,5145,Churn,1.0,0.0,0.0,1.0
382974,2018,Hồ Chí Minh,Highlands Coffee,Yes,Yes,No,No,No,0.0,0.0,0.0,,5149,Churn,1.0,0.0,0.0,1.0
382976,2018,Hồ Chí Minh,Trung Nguyên,Yes,Yes,No,No,No,0.0,0.0,0.0,,5154,Churn,1.0,0.0,0.0,1.0
383033,2018,Nha Trang,Highlands Coffee,Yes,Yes,Yes,Yes,Yes,30.0,39.0,1170.0,Seg.02 - Mass Asp (VND 25K - VND 59K),5160,Gold,4.0,4.0,2.0,5.0
383045,2018,Đà Nẵng,Trung Nguyên,Yes,Yes,Yes,Yes,No,5.0,25.0,125.0,Seg.02 - Mass Asp (VND 25K - VND 59K),5166,Bronze,3.0,2.0,1.0,3.0
383363,2018,Đà Nẵng,Highlands Coffee,Yes,Yes,No,No,No,0.0,0.0,0.0,,5250,Churn,1.0,0.0,0.0,1.0
383363,2018,Đà Nẵng,The Coffee House,Yes,Yes,Yes,Yes,No,11.0,45.0,495.0,Seg.02 - Mass Asp (VND 25K - VND 59K),5254,Gold,3.0,4.0,2.0,5.0
383551,2018,Hồ Chí Minh,Highlands Coffee,Yes,Yes,Yes,Yes,No,8.0,80.0,640.0,Seg.03 - Premium (VND 60K - VND 99K),5279,Gold,3.0,4.0,3.0,5.0
383552,2018,Hồ Chí Minh,Highlands Coffee,Yes,Yes,Yes,Yes,No,8.0,70.0,560.0,Seg.03 - Premium (VND 60K - VND 99K),5281,Gold,3.0,4.0,3.0,5.0
383552,2018,Hồ Chí Minh,The Coffee House,Yes,Yes,No,No,No,0.0,0.0,0.0,,5284,Churn,1.0,0.0,0.0,1.0
383555,2018,Hồ Chí Minh,Highlands Coffee,Yes,Yes,No,No,No,0.0,0.0,0.0,,5289,Churn,1.0,0.0,0.0,1.0
383556,2018,Hồ Chí Minh,Highlands Coffee,Yes,Yes,Yes,No,No,2.0,85.0,170.0,Seg.03 - Premium (VND 60K - VND 99K),5295,Silver,2.0,1.0,4.0,4.0
383557,2018,Hồ Chí Minh,Trung Nguyên,Yes,Yes,No,No,No,0.0,0.0,0.0,,5303,Churn,1.0,0.0,0.0,1.0
383669,2018,Đà Nẵng,Highlands Coffee,Yes,Yes,No,No,No,0.0,0.0,0.0,,5333,Churn,1.0,0.0,0.0,1.0
384175,2018,Hồ Chí Minh,Highlands Coffee,Yes,Yes,Yes,No,No,1.0,49.0,49.0,Seg.02 - Mass Asp (VND 25K - VND 59K),5364,At-risk,2.0,1.0,2.0,2.0
384565,2018,Đà Nẵng,Starbucks,Yes,Yes,Yes,Yes,No,4.0,85.0,340.0,Seg.03 - Premium (VND 60K - VND 99K),5385,Silver,3.0,2.0,4.0,4.0
384688,2018,Nha Trang,Cộng Cà Phê,Yes,Yes,No,No,No,0.0,0.0,0.0,,5396,Churn,1.0,0.0,0.0,1.0
384921,2018,Hà Nội,Starbucks,Yes,Yes,Yes,No,No,2.0,80.0,160.0,Seg.03 - Premium (VND 60K - VND 99K),5415,Silver,2.0,1.0,3.0,4.0
384921,2018,Hà Nội,Highlands Coffee,Yes,Yes,Yes,Yes,No,9.0,59.0,531.0,Seg.02 - Mass Asp (VND 25K - VND 59K),5418,Gold,3.0,4.0,3.0,5.0
384922,2018,Hà Nội,Highlands Coffee,Yes,Yes,No,No,No,0.0,0.0,0.0,,5429,Churn,1.0,0.0,0.0,1.0
384928,2018,Hà Nội,Cộng Cà Phê,Yes,Yes,No,No,No,0.0,0.0,0.0,,5441,Churn,1.0,0.0,0.0,1.0
385339,2018,Đà Nẵng,Highlands Coffee,Yes,Yes,Yes,Yes,No,14.0,49.0,686.0,Seg.02 - Mass Asp (VND 25K - VND 59K),5471,Gold,3.0,4.0,2.0,5.0
385348,2018,Đà Nẵng,The Coffee House,Yes,Yes,No,No,No,0.0,0.0,0.0,,5481,Churn,1.0,0.0,0.0,1.0
385963,2018,Hồ Chí Minh,Highlands Coffee,Yes,Yes,Yes,No,No,2.0,49.0,98.0,Seg.02 - Mass Asp (VND 25K - VND 59K),5496,At-risk,2.0,1.0,2.0,2.0
386130,2018,Hồ Chí Minh,Highlands Coffee,Yes,Yes,No,No,No,0.0,0.0,0.0,,5508,Churn,1.0,0.0,0.0,1.0
386271,2018,Hải Phòng,Starbucks,Yes,Yes,No,No,No,0.0,0.0,0.0,,5526,Churn,1.0,0.0,0.0,1.0
386287,2018,Hồ Chí Minh,Highlands Coffee,Yes,Yes,Yes,No,No,2.0,49.0,98.0,Seg.02 - Mass Asp (VND 25K - VND 59K),5527,At-risk,2.0,1.0,2.0,2.0
386287,2018,Hồ Chí Minh,The Coffee House,Yes,Yes,No,No,No,0.0,0.0,0.0,,5531,Churn,1.0,0.0,0.0,1.0
386288,2018,Hồ Chí Minh,Highlands Coffee,Yes,Yes,Yes,No,No,1.0,50.0,50.0,Seg.02 - Mass Asp (VND 25K - VND 59K),5538,At-risk,2.0,1.0,2.0,2.0
386288,2018,Hồ Chí Minh,The Coffee House,Yes,Yes,No,No,No,0.0,0.0,0.0,,5541,Churn,1.0,0.0,0.0,1.0
386289,2018,Hồ Chí Minh,Highlands Coffee,Yes,Yes,No,No,No,0.0,0.0,0.0,,5549,Churn,1.0,0.0,0.0,1.0
386290,2018,Hồ Chí Minh,Highlands Coffee,Yes,Yes,No,No,No,0.0,0.0,0.0,,5558,Churn,1.0,0.0,0.0,1.0
386291,2018,Hồ Chí Minh,Trung Nguyên,Yes,Yes,No,No,No,0.0,0.0,0.0,,5566,Churn,1.0,0.0,0.0,1.0
386293,2018,Hồ Chí Minh,Highlands Coffee,Yes,Yes,Yes,No,No,2.0,50.0,100.0,Seg.02 - Mass Asp (VND 25K - VND 59K),5573,At-risk,2.0,1.0,2.0,2.0
386294,2018,Hồ Chí Minh,Highlands Coffee,Yes,Yes,No,No,No,0.0,0.0,0.0,,5582,Churn,1.0,0.0,0.0,1.0
386309,2018,Đà Nẵng,Highlands Coffee,Yes,Yes,No,No,No,0.0,0.0,0.0,,5593,Churn,1.0,0.0,0.0,1.0
386417,2018,Đà Nẵng,Trung Nguyên,Yes,Yes,Yes,No,No,1.0,30.0,30.0,Seg.02 - Mass Asp (VND 25K - VND 59K),5600,At-risk,2.0,1.0,1.0,2.0
386417,2018,Đà Nẵng,Cộng Cà Phê,Yes,Yes,Yes,Yes,No,4.0,30.0,120.0,Seg.02 - Mass Asp (VND 25K - VND 59K),5601,Bronze,3.0,2.0,1.0,3.0
386417,2018,Đà Nẵng,Phúc Long,Yes,Yes,No,No,No,0.0,0.0,0.0,,5606,Churn,1.0,0.0,0.0,1.0
386417,2018,Đà Nẵng,The Coffee House,Yes,Yes,No,No,No,0.0,0.0,0.0,,5609,Churn,1.0,0.0,0.0,1.0
386524,2018,Đà Nẵng,Highlands Coffee,Yes,Yes,No,No,No,0.0,0.0,0.0,,5647,Churn,1.0,0.0,0.0,1.0
386524,2018,Đà Nẵng,Trung Nguyên,Yes,Yes,No,No,No,0.0,0.0,0.0,,5648,Churn,1.0,0.0,0.0,1.0
386551,2018,Đà Nẵng,Trung Nguyên,Yes,Yes,No,No,No,0.0,0.0,0.0,,5667,Churn,1.0,0.0,0.0,1.0
386646,2018,Hồ Chí Minh,Highlands Coffee,Yes,Yes,Yes,Yes,No,10.0,39.0,390.0,Seg.02 - Mass Asp (VND 25K - VND 59K),5677,Gold,3.0,4.0,2.0,5.0
386647,2018,Hồ Chí Minh,Highlands Coffee,Yes,Yes,Yes,No,No,2.0,49.0,98.0,Seg.02 - Mass Asp (VND 25K - VND 59K),5688,At-risk,2.0,1.0,2.0,2.0
386687,2018,Đà Nẵng,Highlands Coffee,Yes,Yes,Yes,Yes,No,7.0,49.0,343.0,Seg.02 - Mass Asp (VND 25K - VND 59K),5711,Bronze,3.0,3.0,2.0,3.0
386847,2018,Nha Trang,Highlands Coffee,Yes,Yes,No,No,No,0.0,0.0,0.0,,5759,Churn,1.0,0.0,0.0,1.0
386901,2018,Nha Trang,Trung Nguyên,Yes,Yes,Yes,No,No,3.0,30.0,90.0,Seg.02 - Mass Asp (VND 25K - VND 59K),5773,At-risk,2.0,1.0,1.0,2.0
386995,2018,Hải Phòng,Cộng Cà Phê,Yes,Yes,No,No,No,0.0,0.0,0.0,,5785,Churn,1.0,0.0,0.0,1.0
387017,2018,Nha Trang,Highlands Coffee,Yes,Yes,No,No,No,0.0,0.0,0.0,,5789,Churn,1.0,0.0,0.0,1.0
387044,2018,Nha Trang,Highlands Coffee,Yes,Yes,Yes,No,No,1.0,39.0,39.0,Seg.02 - Mass Asp (VND 25K - VND 59K),5799,At-risk,2.0,1.0,2.0,2.0
387338,2018,Đà Nẵng,Highlands Coffee,Yes,Yes,No,No,No,0.0,0.0,0.0,,5835,Churn,1.0,0.0,0.0,1.0
387721,2018,Hải Phòng,Highlands Coffee,Yes,Yes,Yes,No,No,2.0,60.0,120.0,Seg.03 - Premium (VND 60K - VND 99K),5843,Silver,2.0,1.0,3.0,4.0
387778,2018,Hải Phòng,Highlands Coffee,Yes,Yes,Yes,No,No,2.0,49.0,98.0,Seg.02 - Mass Asp (VND 25K - VND 59K),5848,At-risk,2.0,1.0,2.0,2.0
387870,2018,Hải Phòng,Starbucks,Yes,Yes,No,No,No,0.0,0.0,0.0,,5865,Churn,1.0,0.0,0.0,1.0
387946,2018,Hải Phòng,Highlands Coffee,Yes,Yes,No,No,No,0.0,0.0,0.0,,5876,Churn,1.0,0.0,0.0,1.0
387946,2018,Hải Phòng,Trung Nguyên,Yes,Yes,No,No,No,0.0,0.0,0.0,,5879,Churn,1.0,0.0,0.0,1.0
388080,2018,Hồ Chí Minh,Highlands Coffee,Yes,Yes,No,No,No,0.0,0.0,0.0,,5883,Churn,1.0,0.0,0.0,1.0
388340,2018,Hải Phòng,Highlands Coffee,Yes,Yes,Yes,No,No,2.0,59.0,118.0,Seg.02 - Mass Asp (VND 25K - VND 59K),5903,Silver,2.0,1.0,3.0,4.0
388341,2018,Hải Phòng,Highlands Coffee,Yes,Yes,No,No,No,0.0,0.0,0.0,,5910,Churn,1.0,0.0,0.0,1.0
388349,2018,Hải Phòng,Trung Nguyên,Yes,Yes,No,No,No,0.0,0.0,0.0,,5916,Churn,1.0,0.0,0.0,1.0
388359,2018,Hải Phòng,Starbucks,Yes,Yes,No,No,No,0.0,0.0,0.0,,5923,Churn,1.0,0.0,0.0,1.0
388359,2018,Hải Phòng,Highlands Coffee,Yes,Yes,No,No,No,0.0,0.0,0.0,,5924,Churn,1.0,0.0,0.0,1.0
389045,2018,Nha Trang,Highlands Coffee,Yes,Yes,No,No,No,0.0,0.0,0.0,,5953,Churn,1.0,0.0,0.0,1.0
389115,2018,Hải Phòng,Highlands Coffee,Yes,Yes,Yes,Yes,No,10.0,70.0,700.0,Seg.03 - Premium (VND 60K - VND 99K),5955,Gold,3.0,4.0,3.0,5.0
389115,2018,Hải Phòng,Cộng Cà Phê,Yes,Yes,No,No,No,0.0,0.0,0.0,,5956,Churn,1.0,0.0,0.0,1.0
389115,2018,Hải Phòng,Starbucks,Yes,Yes,No,No,No,0.0,0.0,0.0,,5958,Churn,1.0,0.0,0.0,1.0
389207,2018,Cần Thơ,Trung Nguyên,Yes,Yes,No,No,No,0.0,0.0,0.0,,5966,Churn,1.0,0.0,0.0,1.0
389637,2018,Hải Phòng,Highlands Coffee,Yes,Yes,Yes,No,No,1.0,39.0,39.0,Seg.02 - Mass Asp (VND 25K - VND 59K),6006,At-risk,2.0,1.0,2.0,2.0
389760,2018,Hải Phòng,Cộng Cà Phê,Yes,Yes,Yes,No,No,1.0,20.0,20.0,Seg.01 - Mass (<VND 25K),6028,At-risk,2.0,1.0,1.0,2.0
389760,2018,Hải Phòng,Starbucks,Yes,Yes,Yes,No,No,1.0,69.0,69.0,Seg.03 - Premium (VND 60K - VND 99K),6032,Silver,2.0,1.0,3.0,4.0
389760,2018,Hải Phòng,Highlands Coffee,Yes,Yes,Yes,No,No,2.0,49.0,98.0,Seg.02 - Mass Asp (VND 25K - VND 59K),6033,At-risk,2.0,1.0,2.0,2.0
389761,2018,Hải Phòng,Highlands Coffee,Yes,Yes,Yes,Yes,No,6.0,49.0,294.0,Seg.02 - Mass Asp (VND 25K - VND 59K),6035,Bronze,3.0,3.0,2.0,3.0
389761,2018,Hải Phòng,Starbucks,Yes,Yes,No,No,No,0.0,0.0,0.0,,6037,Churn,1.0,0.0,0.0,1.0
389894,2018,Hải Phòng,Highlands Coffee,Yes,Yes,Yes,Yes,No,8.0,70.0,560.0,Seg.03 - Premium (VND 60K - VND 99K),6063,Gold,3.0,4.0,3.0,5.0
390115,2018,Hải Phòng,Trung Nguyên,Yes,Yes,Yes,Yes,No,15.0,30.0,450.0,Seg.02 - Mass Asp (VND 25K - VND 59K),6078,Gold,3.0,4.0,1.0,5.0
390115,2018,Hải Phòng,Highlands Coffee,Yes,Yes,No,No,No,0.0,0.0,0.0,,6079,Churn,1.0,0.0,0.0,1.0
390119,2018,Nha Trang,Highlands Coffee,Yes,Yes,No,No,No,0.0,0.0,0.0,,6081,Churn,1.0,0.0,0.0,1.0
390119,2018,Nha Trang,The Coffee House,Yes,Yes,No,No,No,0.0,0.0,0.0,,6085,Churn,1.0,0.0,0.0,1.0
390222,2018,Hải Phòng,Highlands Coffee,Yes,Yes,Yes,Yes,No,9.0,30.0,270.0,Seg.02 - Mass Asp (VND 25K - VND 59K),6091,Gold,3.0,4.0,1.0,5.0
390223,2018,Hải Phòng,Highlands Coffee,Yes,Yes,No,No,No,0.0,0.0,0.0,,6094,Churn,1.0,0.0,0.0,1.0
390224,2018,Hải Phòng,Highlands Coffee,Yes,Yes,Yes,No,No,1.0,50.0,50.0,Seg.02 - Mass Asp (VND 25K - VND 59K),6103,At-risk,2.0,1.0,2.0,2.0
390225,2018,Hải Phòng,Highlands Coffee,Yes,Yes,Yes,Yes,No,4.0,39.0,156.0,Seg.02 - Mass Asp (VND 25K - VND 59K),6106,Bronze,3.0,2.0,2.0,3.0
390226,2018,Hải Phòng,Highlands Coffee,Yes,Yes,Yes,Yes,No,5.0,50.0,250.0,Seg.02 - Mass Asp (VND 25K - VND 59K),6116,Bronze,3.0,2.0,2.0,3.0
390233,2018,Hải Phòng,Highlands Coffee,Yes,Yes,No,No,No,0.0,0.0,0.0,,6129,Churn,1.0,0.0,0.0,1.0
390348,2018,Hồ Chí Minh,Highlands Coffee,Yes,Yes,Yes,No,No,1.0,39.0,39.0,Seg.02 - Mass Asp (VND 25K - VND 59K),6143,At-risk,2.0,1.0,2.0,2.0
390348,2018,Hồ Chí Minh,The Coffee House,Yes,Yes,Yes,No,No,1.0,39.0,39.0,Seg.02 - Mass Asp (VND 25K - VND 59K),6145,At-risk,2.0,1.0,2.0,2.0
390350,2018,Hồ Chí Minh,Highlands Coffee,Yes,Yes,No,No,No,0.0,0.0,0.0,,6159,Churn,1.0,0.0,0.0,1.0
390353,2018,Hồ Chí Minh,Highlands Coffee,Yes,Yes,No,No,No,0.0,0.0,0.0,,6169,Churn,1.0,0.0,0.0,1.0
390427,2018,Nha Trang,The Coffee House,Yes,Yes,No,No,No,0.0,0.0,0.0,,6178,Churn,1.0,0.0,0.0,1.0
390427,2018,Nha Trang,Highlands Coffee,Yes,Yes,No,No,No,0.0,0.0,0.0,,6179,Churn,1.0,0.0,0.0,1.0
390427,2018,Nha Trang,Trung Nguyên,Yes,Yes,No,No,No,0.0,0.0,0.0,,6181,Churn,1.0,0.0,0.0,1.0
390440,2018,Hải Phòng,Highlands Coffee,Yes,Yes,Yes,Yes,No,4.0,70.0,280.0,Seg.03 - Premium (VND 60K - VND 99K),6183,Silver,3.0,2.0,3.0,4.0
390576,2018,Đà Nẵng,Highlands Coffee,Yes,Yes,No,No,No,0.0,0.0,0.0,,6198,Churn,1.0,0.0,0.0,1.0
390582,2018,Hà Nội,Highlands Coffee,Yes,Yes,Yes,No,No,3.0,60.0,180.0,Seg.03 - Premium (VND 60K - VND 99K),6200,Silver,2.0,1.0,3.0,4.0
390582,2018,Hà Nội,Cộng Cà Phê,Yes,Yes,No,No,No,0.0,0.0,0.0,,6209,Churn,1.0,0.0,0.0,1.0
390603,2018,Hải Phòng,Starbucks,Yes,Yes,No,No,No,0.0,0.0,0.0,,6210,Churn,1.0,0.0,0.0,1.0
390603,2018,Hải Phòng,Highlands Coffee,Yes,Yes,No,No,No,0.0,0.0,0.0,,6212,Churn,1.0,0.0,0.0,1.0
390744,2018,Hà Nội,Starbucks,Yes,Yes,No,No,No,0.0,0.0,0.0,,6219,Churn,1.0,0.0,0.0,1.0
390744,2018,Hà Nội,Highlands Coffee,Yes,Yes,Yes,Yes,No,4.0,50.0,200.0,Seg.02 - Mass Asp (VND 25K - VND 59K),6221,Bronze,3.0,2.0,2.0,3.0
390744,2018,Hà Nội,Trung Nguyên,Yes,Yes,No,No,No,0.0,0.0,0.0,,6222,Churn,1.0,0.0,0.0,1.0
390831,2018,Đà Nẵng,Highlands Coffee,Yes,Yes,Yes,No,No,2.0,100.0,200.0,Seg.04 - Super Premium (VND 100K+),6228,Silver,2.0,1.0,4.0,4.0
390865,2018,Đà Nẵng,Trung Nguyên,Yes,Yes,Yes,No,No,1.0,50.0,50.0,Seg.02 - Mass Asp (VND 25K - VND 59K),6238,At-risk,2.0,1.0,2.0,2.0
390865,2018,Đà Nẵng,Highlands Coffee,Yes,Yes,No,No,No,0.0,0.0,0.0,,6242,Churn,1.0,0.0,0.0,1.0
390974,2018,Hà Nội,Trung Nguyên,Yes,Yes,No,No,No,0.0,0.0,0.0,,6244,Churn,1.0,0.0,0.0,1.0
390974,2018,Hà Nội,Highlands Coffee,Yes,Yes,Yes,Yes,No,7.0,40.0,280.0,Seg.02 - Mass Asp (VND 25K - VND 59K),6247,Bronze,3.0,3.0,2.0,3.0
390974,2018,Hà Nội,Cộng Cà Phê,Yes,Yes,Yes,No,No,1.0,40.0,40.0,Seg.02 - Mass Asp (VND 25K - VND 59K),6249,At-risk,2.0,1.0,2.0,2.0
390984,2018,Nha Trang,The Coffee House,Yes,Yes,No,No,No,0.0,0.0,0.0,,6251,Churn,1.0,0.0,0.0,1.0
390984,2018,Nha Trang,Highlands Coffee,Yes,Yes,No,No,No,0.0,0.0,0.0,,6255,Churn,1.0,0.0,0.0,1.0
391106,2018,Hồ Chí Minh,The Coffee House,Yes,Yes,No,No,No,0.0,0.0,0.0,,6270,Churn,1.0,0.0,0.0,1.0
391106,2018,Hồ Chí Minh,Highlands Coffee,Yes,Yes,Yes,No,No,1.0,50.0,50.0,Seg.02 - Mass Asp (VND 25K - VND 59K),6277,At-risk,2.0,1.0,2.0,2.0
391108,2018,Hồ Chí Minh,Highlands Coffee,Yes,Yes,Yes,Yes,No,10.0,49.0,490.0,Seg.02 - Mass Asp (VND 25K - VND 59K),6280,Gold,3.0,4.0,2.0,5.0
391109,2018,Hồ Chí Minh,Trung Nguyên,Yes,Yes,No,No,No,0.0,0.0,0.0,,6288,Churn,1.0,0.0,0.0,1.0
391111,2018,Hồ Chí Minh,Highlands Coffee,Yes,Yes,Yes,No,No,2.0,49.0,98.0,Seg.02 - Mass Asp (VND 25K - VND 59K),6300,At-risk,2.0,1.0,2.0,2.0
391113,2018,Hồ Chí Minh,Highlands Coffee,Yes,Yes,No,No,No,0.0,0.0,0.0,,6321,Churn,1.0,0.0,0.0,1.0
391114,2018,Hồ Chí Minh,Highlands Coffee,Yes,Yes,Yes,No,No,3.0,49.0,147.0,Seg.02 - Mass Asp (VND 25K - VND 59K),6330,At-risk,2.0,1.0,2.0,2.0
391114,2018,Hồ Chí Minh,Phúc Long,Yes,Yes,No,No,No,0.0,0.0,0.0,,6332,Churn,1.0,0.0,0.0,1.0
391193,2018,Hà Nội,Highlands Coffee,Yes,Yes,Yes,Yes,No,4.0,40.0,160.0,Seg.02 - Mass Asp (VND 25K - VND 59K),6336,Bronze,3.0,2.0,2.0,3.0
391225,2018,Hải Phòng,Highlands Coffee,Yes,Yes,Yes,No,No,3.0,100.0,300.0,Seg.04 - Super Premium (VND 100K+),6339,Silver,2.0,1.0,4.0,4.0
391432,2018,Hà Nội,Cộng Cà Phê,Yes,Yes,Yes,Yes,No,5.0,60.0,300.0,Seg.03 - Premium (VND 60K - VND 99K),6343,Silver,3.0,2.0,3.0,4.0
391432,2018,Hà Nội,Highlands Coffee,Yes,Yes,Yes,No,No,1.0,60.0,60.0,Seg.03 - Premium (VND 60K - VND 99K),6350,Silver,2.0,1.0,3.0,4.0
391535,2018,Đà Nẵng,Highlands Coffee,Yes,Yes,Yes,Yes,No,6.0,50.0,300.0,Seg.02 - Mass Asp (VND 25K - VND 59K),6358,Bronze,3.0,3.0,2.0,3.0
391667,2018,Đà Nẵng,Highlands Coffee,Yes,Yes,No,No,No,0.0,0.0,0.0,,6365,Churn,1.0,0.0,0.0,1.0
391992,2018,Hải Phòng,Highlands Coffee,Yes,Yes,Yes,No,No,2.0,50.0,100.0,Seg.02 - Mass Asp (VND 25K - VND 59K),6385,At-risk,2.0,1.0,2.0,2.0
392005,2018,Hải Phòng,Trung Nguyên,Yes,Yes,Yes,Yes,No,4.0,25.0,100.0,Seg.02 - Mass Asp (VND 25K - VND 59K),6388,Bronze,3.0,2.0,1.0,3.0
392005,2018,Hải Phòng,Cộng Cà Phê,Yes,Yes,No,No,No,0.0,0.0,0.0,,6389,Churn,1.0,0.0,0.0,1.0
392008,2018,Hà Nội,Cộng Cà Phê,Yes,Yes,Yes,No,No,3.0,40.0,120.0,Seg.02 - Mass Asp (VND 25K - VND 59K),6399,At-risk,2.0,1.0,2.0,2.0
392009,2018,Hà Nội,Highlands Coffee,Yes,Yes,Yes,Yes,No,5.0,80.0,400.0,Seg.03 - Premium (VND 60K - VND 99K),6406,Silver,3.0,2.0,3.0,4.0
392010,2018,Hà Nội,Highlands Coffee,Yes,Yes,Yes,No,No,1.0,65.0,65.0,Seg.03 - Premium (VND 60K - VND 99K),6410,Silver,2.0,1.0,3.0,4.0
392011,2018,Hà Nội,Highlands Coffee,Yes,Yes,Yes,No,No,1.0,80.0,80.0,Seg.03 - Premium (VND 60K - VND 99K),6416,Silver,2.0,1.0,3.0,4.0
392018,2018,Hải Phòng,Highlands Coffee,Yes,Yes,Yes,Yes,No,8.0,60.0,480.0,Seg.03 - Premium (VND 60K - VND 99K),6430,Gold,3.0,4.0,3.0,5.0
392018,2018,Hải Phòng,Cộng Cà Phê,Yes,Yes,No,No,No,0.0,0.0,0.0,,6431,Churn,1.0,0.0,0.0,1.0
392018,2018,Hải Phòng,Starbucks,Yes,Yes,No,No,No,0.0,0.0,0.0,,6432,Churn,1.0,0.0,0.0,1.0
392019,2018,Hải Phòng,Starbucks,Yes,Yes,Yes,No,No,1.0,80.0,80.0,Seg.03 - Premium (VND 60K - VND 99K),6436,Silver,2.0,1.0,3.0,4.0
392019,2018,Hải Phòng,Highlands Coffee,Yes,Yes,Yes,No,No,2.0,39.0,78.0,Seg.02 - Mass Asp (VND 25K - VND 59K),6438,At-risk,2.0,1.0,2.0,2.0
392021,2018,Hải Phòng,Highlands Coffee,Yes,Yes,Yes,No,No,2.0,65.0,130.0,Seg.03 - Premium (VND 60K - VND 99K),6450,Silver,2.0,1.0,3.0,4.0
392022,2018,Hải Phòng,Highlands Coffee,Yes,Yes,Yes,No,No,1.0,50.0,50.0,Seg.02 - Mass Asp (VND 25K - VND 59K),6459,At-risk,2.0,1.0,2.0,2.0
392023,2018,Hải Phòng,Starbucks,Yes,Yes,Yes,No,No,1.0,80.0,80.0,Seg.03 - Premium (VND 60K - VND 99K),6465,Silver,2.0,1.0,3.0,4.0
392023,2018,Hải Phòng,Highlands Coffee,Yes,Yes,Yes,Yes,No,4.0,59.0,236.0,Seg.02 - Mass Asp (VND 25K - VND 59K),6466,Silver,3.0,2.0,3.0,4.0
392024,2018,Hải Phòng,Highlands Coffee,Yes,Yes,Yes,Yes,No,4.0,60.0,240.0,Seg.03 - Premium (VND 60K - VND 99K),6473,Silver,3.0,2.0,3.0,4.0
392025,2018,Hải Phòng,Highlands Coffee,Yes,Yes,No,No,No,0.0,0.0,0.0,,6475,Churn,1.0,0.0,0.0,1.0
392030,2018,Hải Phòng,Highlands Coffee,Yes,Yes,No,No,No,0.0,0.0,0.0,,6492,Churn,1.0,0.0,0.0,1.0
392032,2018,Hải Phòng,Highlands Coffee,Yes,Yes,Yes,Yes,No,4.0,49.0,196.0,Seg.02 - Mass Asp (VND 25K - VND 59K),6496,Bronze,3.0,2.0,2.0,3.0
392032,2018,Hải Phòng,Starbucks,Yes,Yes,No,No,No,0.0,0.0,0.0,,6497,Churn,1.0,0.0,0.0,1.0
392033,2018,Hải Phòng,Trung Nguyên,Yes,Yes,No,No,No,0.0,0.0,0.0,,6498,Churn,1.0,0.0,0.0,1.0
392033,2018,Hải Phòng,Highlands Coffee,Yes,Yes,Yes,No,No,1.0,49.0,49.0,Seg.02 - Mass Asp (VND 25K - VND 59K),6501,At-risk,2.0,1.0,2.0,2.0
392041,2018,Hải Phòng,Highlands Coffee,Yes,Yes,No,No,No,0.0,0.0,0.0,,6510,Churn,1.0,0.0,0.0,1.0
392042,2018,Hải Phòng,Trung Nguyên,Yes,Yes,No,No,No,0.0,0.0,0.0,,6512,Churn,1.0,0.0,0.0,1.0
392042,2018,Hải Phòng,Highlands Coffee,Yes,Yes,No,No,No,0.0,0.0,0.0,,6513,Churn,1.0,0.0,0.0,1.0
392126,2018,Cần Thơ,The Coffee House,Yes,Yes,No,No,No,0.0,0.0,0.0,,6553,Churn,1.0,0.0,0.0,1.0
392126,2018,Cần Thơ,Highlands Coffee,Yes,Yes,No,No,No,0.0,0.0,0.0,,6558,Churn,1.0,0.0,0.0,1.0
392304,2018,Đà Nẵng,Highlands Coffee,Yes,Yes,Yes,Yes,No,10.0,100.0,1000.0,Seg.04 - Super Premium (VND 100K+),6579,Gold,3.0,4.0,4.0,5.0
392306,2018,Hải Phòng,Highlands Coffee,Yes,Yes,No,No,No,0.0,0.0,0.0,,6589,Churn,1.0,0.0,0.0,1.0
392307,2018,Hải Phòng,Highlands Coffee,Yes,Yes,No,No,No,0.0,0.0,0.0,,6591,Churn,1.0,0.0,0.0,1.0
392319,2018,Đà Nẵng,Highlands Coffee,Yes,Yes,Yes,Yes,No,7.0,29.0,203.0,Seg.02 - Mass Asp (VND 25K - VND 59K),6594,Bronze,3.0,3.0,1.0,3.0
392408,2018,Hồ Chí Minh,Trung Nguyên,Yes,Yes,No,No,No,0.0,0.0,0.0,,6631,Churn,1.0,0.0,0.0,1.0
392408,2018,Hồ Chí Minh,The Coffee House,Yes,Yes,No,No,No,0.0,0.0,0.0,,6633,Churn,1.0,0.0,0.0,1.0
392408,2018,Hồ Chí Minh,Highlands Coffee,Yes,Yes,Yes,Yes,No,5.0,50.0,250.0,Seg.02 - Mass Asp (VND 25K - VND 59K),6634,Bronze,3.0,2.0,2.0,3.0
392408,2018,Hồ Chí Minh,Starbucks,Yes,Yes,No,No,No,0.0,0.0,0.0,,6636,Churn,1.0,0.0,0.0,1.0
392411,2018,Hồ Chí Minh,The Coffee House,Yes,Yes,No,No,No,0.0,0.0,0.0,,6659,Churn,1.0,0.0,0.0,1.0
392428,2018,Hồ Chí Minh,Highlands Coffee,Yes,Yes,Yes,Yes,No,10.0,50.0,500.0,Seg.02 - Mass Asp (VND 25K - VND 59K),6661,Gold,3.0,4.0,2.0,5.0
392429,2018,Hồ Chí Minh,Phúc Long,Yes,Yes,No,No,No,0.0,0.0,0.0,,6668,Churn,1.0,0.0,0.0,1.0
392429,2018,Hồ Chí Minh,The Coffee House,Yes,Yes,Yes,Yes,No,15.0,35.0,525.0,Seg.02 - Mass Asp (VND 25K - VND 59K),6673,Gold,3.0,4.0,1.0,5.0
392493,2018,Hà Nội,Highlands Coffee,Yes,Yes,No,No,No,0.0,0.0,0.0,,6681,Churn,1.0,0.0,0.0,1.0
392871,2018,Hà Nội,Cộng Cà Phê,Yes,Yes,No,No,No,0.0,0.0,0.0,,6726,Churn,1.0,0.0,0.0,1.0
392871,2018,Hà Nội,Highlands Coffee,Yes,Yes,Yes,Yes,No,4.0,59.0,236.0,Seg.02 - Mass Asp (VND 25K - VND 59K),6731,Silver,3.0,2.0,3.0,4.0
392992,2018,Hải Phòng,Highlands Coffee,Yes,Yes,Yes,Yes,No,5.0,49.0,245.0,Seg.02 - Mass Asp (VND 25K - VND 59K),6748,Bronze,3.0,2.0,2.0,3.0
392993,2018,Hải Phòng,Highlands Coffee,Yes,Yes,Yes,Yes,No,5.0,56.0,280.0,Seg.02 - Mass Asp (VND 25K - VND 59K),6750,Silver,3.0,2.0,3.0,4.0
393002,2018,Đà Nẵng,Highlands Coffee,Yes,Yes,Yes,Yes,No,8.0,120.0,960.0,Seg.04 - Super Premium (VND 100K+),6759,Gold,3.0,4.0,4.0,5.0
393048,2018,Hà Nội,Highlands Coffee,Yes,Yes,Yes,No,No,1.0,49.0,49.0,Seg.02 - Mass Asp (VND 25K - VND 59K),6767,At-risk,2.0,1.0,2.0,2.0
393077,2018,Hải Phòng,Highlands Coffee,Yes,Yes,Yes,No,No,2.0,70.0,140.0,Seg.03 - Premium (VND 60K - VND 99K),6778,Silver,2.0,1.0,3.0,4.0
393493,2018,Hải Phòng,Highlands Coffee,Yes,Yes,Yes,No,No,1.0,100.0,100.0,Seg.04 - Super Premium (VND 100K+),6833,Silver,2.0,1.0,4.0,4.0
393609,2018,Hải Phòng,Highlands Coffee,Yes,Yes,Yes,No,No,1.0,110.0,110.0,Seg.04 - Super Premium (VND 100K+),6847,Silver,2.0,1.0,4.0,4.0
393783,2018,Hải Phòng,Highlands Coffee,Yes,Yes,No,No,No,0.0,0.0,0.0,,6867,Churn,1.0,0.0,0.0,1.0
394018,2018,Hải Phòng,Highlands Coffee,Yes,Yes,Yes,No,No,2.0,60.0,120.0,Seg.03 - Premium (VND 60K - VND 99K),6869,Silver,2.0,1.0,3.0,4.0
394254,2018,Hồ Chí Minh,Highlands Coffee,Yes,Yes,No,No,No,0.0,0.0,0.0,,6880,Churn,1.0,0.0,0.0,1.0
394279,2018,Hải Phòng,Highlands Coffee,Yes,Yes,Yes,Yes,Yes,20.0,59.0,1180.0,Seg.02 - Mass Asp (VND 25K - VND 59K),6902,Gold,4.0,4.0,3.0,5.0
394280,2018,Hải Phòng,Highlands Coffee,Yes,Yes,No,No,No,0.0,0.0,0.0,,6907,Churn,1.0,0.0,0.0,1.0
394281,2018,Hải Phòng,Highlands Coffee,Yes,Yes,No,No,No,0.0,0.0,0.0,,6908,Churn,1.0,0.0,0.0,1.0
394281,2018,Hải Phòng,Trung Nguyên,Yes,Yes,No,No,No,0.0,0.0,0.0,,6911,Churn,1.0,0.0,0.0,1.0
394282,2018,Hải Phòng,Highlands Coffee,Yes,Yes,No,No,No,0.0,0.0,0.0,,6914,Churn,1.0,0.0,0.0,1.0
394486,2018,Hải Phòng,Highlands Coffee,Yes,Yes,No,No,No,0.0,0.0,0.0,,6923,Churn,1.0,0.0,0.0,1.0
394516,2018,Hải Phòng,Highlands Coffee,Yes,Yes,Yes,Yes,No,4.0,49.0,196.0,Seg.02 - Mass Asp (VND 25K - VND 59K),6933,Bronze,3.0,2.0,2.0,3.0
394517,2018,Hải Phòng,Highlands Coffee,Yes,Yes,Yes,Yes,No,4.0,50.0,200.0,Seg.02 - Mass Asp (VND 25K - VND 59K),6937,Bronze,3.0,2.0,2.0,3.0
394531,2018,Hải Phòng,Highlands Coffee,Yes,Yes,Yes,Yes,No,4.0,60.0,240.0,Seg.03 - Premium (VND 60K - VND 99K),6950,Silver,3.0,2.0,3.0,4.0
394541,2018,Hải Phòng,Highlands Coffee,Yes,Yes,Yes,Yes,No,4.0,45.0,180.0,Seg.02 - Mass Asp (VND 25K - VND 59K),6960,Bronze,3.0,2.0,2.0,3.0
394549,2018,Hải Phòng,Starbucks,Yes,Yes,Yes,No,No,1.0,90.0,90.0,Seg.03 - Premium (VND 60K - VND 99K),6982,Silver,2.0,1.0,4.0,4.0
394549,2018,Hải Phòng,Highlands Coffee,Yes,Yes,Yes,Yes,No,4.0,70.0,280.0,Seg.03 - Premium (VND 60K - VND 99K),6983,Silver,3.0,2.0,3.0,4.0
394550,2018,Hải Phòng,Highlands Coffee,Yes,Yes,No,No,No,0.0,0.0,0.0,,6986,Churn,1.0,0.0,0.0,1.0
394572,2018,Hải Phòng,Highlands Coffee,Yes,Yes,Yes,Yes,No,5.0,49.0,245.0,Seg.02 - Mass Asp (VND 25K - VND 59K),6990,Bronze,3.0,2.0,2.0,3.0
394575,2018,Hải Phòng,Highlands Coffee,Yes,Yes,No,No,No,0.0,0.0,0.0,,7010,Churn,1.0,0.0,0.0,1.0
394577,2018,Hải Phòng,Highlands Coffee,Yes,Yes,Yes,Yes,No,4.0,50.0,200.0,Seg.02 - Mass Asp (VND 25K - VND 59K),7016,Bronze,3.0,2.0,2.0,3.0
394581,2018,Hải Phòng,Cộng Cà Phê,Yes,Yes,Yes,No,No,2.0,45.0,90.0,Seg.02 - Mass Asp (VND 25K - VND 59K),7019,At-risk,2.0,1.0,2.0,2.0
394581,2018,Hải Phòng,Highlands Coffee,Yes,Yes,Yes,No,No,3.0,39.0,117.0,Seg.02 - Mass Asp (VND 25K - VND 59K),7023,At-risk,2.0,1.0,2.0,2.0
394596,2018,Hải Phòng,Highlands Coffee,Yes,Yes,Yes,No,No,2.0,59.0,118.0,Seg.02 - Mass Asp (VND 25K - VND 59K),7031,Silver,2.0,1.0,3.0,4.0
394597,2018,Hải Phòng,Highlands Coffee,Yes,Yes,No,No,No,0.0,0.0,0.0,,7037,Churn,1.0,0.0,0.0,1.0
394598,2018,Hải Phòng,Highlands Coffee,Yes,Yes,Yes,No,No,1.0,39.0,39.0,Seg.02 - Mass Asp (VND 25K - VND 59K),7039,At-risk,2.0,1.0,2.0,2.0
394599,2018,Hải Phòng,Highlands Coffee,Yes,Yes,No,No,No,0.0,0.0,0.0,,7043,Churn,1.0,0.0,0.0,1.0
394615,2018,Hải Phòng,Highlands Coffee,Yes,Yes,Yes,No,No,2.0,59.0,118.0,Seg.02 - Mass Asp (VND 25K - VND 59K),7070,Silver,2.0,1.0,3.0,4.0
394679,2018,Hải Phòng,Highlands Coffee,Yes,Yes,Yes,Yes,No,4.0,59.0,236.0,Seg.02 - Mass Asp (VND 25K - VND 59K),7095,Silver,3.0,2.0,3.0,4.0
394680,2018,Hải Phòng,Highlands Coffee,Yes,Yes,Yes,Yes,No,4.0,59.0,236.0,Seg.02 - Mass Asp (VND 25K - VND 59K),7098,Silver,3.0,2.0,3.0,4.0
395039,2018,Hà Nội,Highlands Coffee,Yes,Yes,Yes,No,No,2.0,50.0,100.0,Seg.02 - Mass Asp (VND 25K - VND 59K),7125,At-risk,2.0,1.0,2.0,2.0
395730,2018,Hà Nội,Starbucks,Yes,Yes,No,No,No,0.0,0.0,0.0,,7150,Churn,1.0,0.0,0.0,1.0
395730,2018,Hà Nội,Cộng Cà Phê,Yes,Yes,Yes,No,No,3.0,55.0,165.0,Seg.02 - Mass Asp (VND 25K - VND 59K),7159,At-risk,2.0,1.0,2.0,2.0
395732,2018,Hà Nội,Starbucks,Yes,Yes,Yes,No,No,1.0,80.0,80.0,Seg.03 - Premium (VND 60K - VND 99K),7170,Silver,2.0,1.0,3.0,4.0
395732,2018,Hà Nội,Cộng Cà Phê,Yes,Yes,Yes,No,No,2.0,60.0,120.0,Seg.03 - Premium (VND 60K - VND 99K),7172,Silver,2.0,1.0,3.0,4.0
396188,2018,Hải Phòng,Highlands Coffee,Yes,Yes,Yes,No,No,2.0,50.0,100.0,Seg.02 - Mass Asp (VND 25K - VND 59K),7207,At-risk,2.0,1.0,2.0,2.0
396257,2018,Hà Nội,Cộng Cà Phê,Yes,Yes,No,No,No,0.0,0.0,0.0,,7209,Churn,1.0,0.0,0.0,1.0
396257,2018,Hà Nội,Highlands Coffee,Yes,Yes,Yes,Yes,No,5.0,59.0,295.0,Seg.02 - Mass Asp (VND 25K - VND 59K),7211,Silver,3.0,2.0,3.0,4.0
396259,2018,Hà Nội,Highlands Coffee,Yes,Yes,Yes,No,No,2.0,39.0,78.0,Seg.02 - Mass Asp (VND 25K - VND 59K),7217,At-risk,2.0,1.0,2.0,2.0
396259,2018,Hà Nội,Cộng Cà Phê,Yes,Yes,Yes,No,No,1.0,30.0,30.0,Seg.02 - Mass Asp (VND 25K - VND 59K),7224,At-risk,2.0,1.0,1.0,2.0
396275,2018,Hải Phòng,Highlands Coffee,Yes,Yes,Yes,Yes,No,4.0,49.0,196.0,Seg.02 - Mass Asp (VND 25K - VND 59K),7232,Bronze,3.0,2.0,2.0,3.0
396335,2018,Đà Nẵng,Highlands Coffee,Yes,Yes,No,No,No,0.0,0.0,0.0,,7273,Churn,1.0,0.0,0.0,1.0
396684,2018,Đà Nẵng,Highlands Coffee,Yes,Yes,Yes,Yes,Yes,20.0,59.0,1180.0,Seg.02 - Mass Asp (VND 25K - VND 59K),7302,Gold,4.0,4.0,3.0,5.0
396866,2018,Đà Nẵng,Highlands Coffee,Yes,Yes,Yes,Yes,No,4.0,55.0,220.0,Seg.02 - Mass Asp (VND 25K - VND 59K),7308,Bronze,3.0,2.0,2.0,3.0
396866,2018,Đà Nẵng,The Coffee House,Yes,Yes,No,No,No,0.0,0.0,0.0,,7309,Churn,1.0,0.0,0.0,1.0
396866,2018,Đà Nẵng,Phúc Long,Yes,Yes,No,No,No,0.0,0.0,0.0,,7310,Churn,1.0,0.0,0.0,1.0
396939,2018,Hải Phòng,Highlands Coffee,Yes,Yes,Yes,Yes,No,4.0,39.0,156.0,Seg.02 - Mass Asp (VND 25K - VND 59K),7314,Bronze,3.0,2.0,2.0,3.0
396940,2018,Hải Phòng,Highlands Coffee,Yes,Yes,Yes,Yes,No,8.0,70.0,560.0,Seg.03 - Premium (VND 60K - VND 99K),7319,Gold,3.0,4.0,3.0,5.0
397995,2018,Hải Phòng,Highlands Coffee,Yes,Yes,No,No,No,0.0,0.0,0.0,,7354,Churn,1.0,0.0,0.0,1.0
398192,2018,Hồ Chí Minh,Highlands Coffee,Yes,Yes,No,No,No,0.0,0.0,0.0,,7378,Churn,1.0,0.0,0.0,1.0
398193,2018,Hồ Chí Minh,Highlands Coffee,Yes,Yes,Yes,Yes,Yes,20.0,40.0,800.0,Seg.02 - Mass Asp (VND 25K - VND 59K),7385,Gold,4.0,4.0,2.0,5.0
398194,2018,Hồ Chí Minh,Highlands Coffee,Yes,Yes,No,No,No,0.0,0.0,0.0,,7390,Churn,1.0,0.0,0.0,1.0
398196,2018,Hải Phòng,Highlands Coffee,Yes,Yes,Yes,No,No,3.0,60.0,180.0,Seg.03 - Premium (VND 60K - VND 99K),7394,Silver,2.0,1.0,3.0,4.0
398196,2018,Hải Phòng,Starbucks,Yes,Yes,Yes,No,No,1.0,120.0,120.0,Seg.04 - Super Premium (VND 100K+),7395,Silver,2.0,1.0,4.0,4.0
398197,2018,Hải Phòng,Highlands Coffee,Yes,Yes,No,No,No,0.0,0.0,0.0,,7402,Churn,1.0,0.0,0.0,1.0
398198,2018,Hải Phòng,Highlands Coffee,Yes,Yes,Yes,Yes,No,4.0,100.0,400.0,Seg.04 - Super Premium (VND 100K+),7412,Silver,3.0,2.0,4.0,4.0
398202,2018,Hồ Chí Minh,The Coffee House,Yes,Yes,No,No,No,0.0,0.0,0.0,,7421,Churn,1.0,0.0,0.0,1.0
398203,2018,Hồ Chí Minh,The Coffee House,Yes,Yes,No,No,No,0.0,0.0,0.0,,7443,Churn,1.0,0.0,0.0,1.0
398205,2018,Hồ Chí Minh,Trung Nguyên,Yes,Yes,No,No,No,0.0,0.0,0.0,,7451,Churn,1.0,0.0,0.0,1.0
398241,2018,Hải Phòng,Trung Nguyên,Yes,Yes,No,No,No,0.0,0.0,0.0,,7454,Churn,1.0,0.0,0.0,1.0
398241,2018,Hải Phòng,Highlands Coffee,Yes,Yes,Yes,Yes,No,8.0,70.0,560.0,Seg.03 - Premium (VND 60K - VND 99K),7455,Gold,3.0,4.0,3.0,5.0
398249,2018,Hải Phòng,Highlands Coffee,Yes,Yes,Yes,Yes,No,6.0,50.0,300.0,Seg.02 - Mass Asp (VND 25K - VND 59K),7458,Bronze,3.0,3.0,2.0,3.0
398249,2018,Hải Phòng,Starbucks,Yes,Yes,No,No,No,0.0,0.0,0.0,,7460,Churn,1.0,0.0,0.0,1.0
398380,2018,Hà Nội,The Coffee House,Yes,Yes,Yes,No,No,3.0,80.0,240.0,Seg.03 - Premium (VND 60K - VND 99K),7469,Silver,2.0,1.0,3.0,4.0
398380,2018,Hà Nội,Cộng Cà Phê,Yes,Yes,Yes,No,No,1.0,65.0,65.0,Seg.03 - Premium (VND 60K - VND 99K),7470,Silver,2.0,1.0,3.0,4.0
398461,2018,Hải Phòng,Highlands Coffee,Yes,Yes,Yes,Yes,No,10.0,60.0,600.0,Seg.03 - Premium (VND 60K - VND 99K),7478,Gold,3.0,4.0,3.0,5.0
398499,2018,Hồ Chí Minh,The Coffee House,Yes,Yes,No,No,No,0.0,0.0,0.0,,7483,Churn,1.0,0.0,0.0,1.0
398500,2018,Hồ Chí Minh,Highlands Coffee,Yes,Yes,Yes,Yes,No,4.0,65.0,260.0,Seg.03 - Premium (VND 60K - VND 99K),7492,Silver,3.0,2.0,3.0,4.0
398501,2018,Hồ Chí Minh,Highlands Coffee,Yes,Yes,Yes,Yes,No,4.0,50.0,200.0,Seg.02 - Mass Asp (VND 25K - VND 59K),7501,Bronze,3.0,2.0,2.0,3.0
398511,2018,Hồ Chí Minh,The Coffee House,Yes,Yes,No,No,No,0.0,0.0,0.0,,7520,Churn,1.0,0.0,0.0,1.0
398511,2018,Hồ Chí Minh,Highlands Coffee,Yes,Yes,Yes,No,No,2.0,50.0,100.0,Seg.02 - Mass Asp (VND 25K - VND 59K),7526,At-risk,2.0,1.0,2.0,2.0
398541,2018,Hồ Chí Minh,Highlands Coffee,Yes,Yes,Yes,Yes,Yes,20.0,60.0,1200.0,Seg.03 - Premium (VND 60K - VND 99K),7541,Gold,4.0,4.0,3.0,5.0
398623,2018,Đà Nẵng,Highlands Coffee,Yes,Yes,Yes,Yes,Yes,20.0,40.0,800.0,Seg.02 - Mass Asp (VND 25K - VND 59K),7560,Gold,4.0,4.0,2.0,5.0
398623,2018,Đà Nẵng,Trung Nguyên,Yes,Yes,Yes,Yes,No,8.0,25.0,200.0,Seg.02 - Mass Asp (VND 25K - VND 59K),7561,Gold,3.0,4.0,1.0,5.0
398809,2018,Hồ Chí Minh,Highlands Coffee,Yes,Yes,Yes,Yes,No,5.0,50.0,250.0,Seg.02 - Mass Asp (VND 25K - VND 59K),7566,Bronze,3.0,2.0,2.0,3.0
398941,2018,Hà Nội,Cộng Cà Phê,Yes,Yes,Yes,No,No,3.0,40.0,120.0,Seg.02 - Mass Asp (VND 25K - VND 59K),7608,At-risk,2.0,1.0,2.0,2.0
398942,2018,Hà Nội,Highlands Coffee,Yes,Yes,Yes,Yes,No,4.0,80.0,320.0,Seg.03 - Premium (VND 60K - VND 99K),7613,Silver,3.0,2.0,3.0,4.0
398942,2018,Hà Nội,Cộng Cà Phê,Yes,Yes,Yes,No,No,3.0,45.0,135.0,Seg.02 - Mass Asp (VND 25K - VND 59K),7615,At-risk,2.0,1.0,2.0,2.0
398944,2018,Hà Nội,Cộng Cà Phê,Yes,Yes,No,No,No,0.0,0.0,0.0,,7629,Churn,1.0,0.0,0.0,1.0
398945,2018,Hà Nội,Highlands Coffee,Yes,Yes,Yes,Yes,No,5.0,60.0,300.0,Seg.03 - Premium (VND 60K - VND 99K),7636,Silver,3.0,2.0,3.0,4.0
398945,2018,Hà Nội,Cộng Cà Phê,Yes,Yes,Yes,No,No,1.0,40.0,40.0,Seg.02 - Mass Asp (VND 25K - VND 59K),7638,At-risk,2.0,1.0,2.0,2.0
398946,2018,Hà Nội,Cộng Cà Phê,Yes,Yes,No,No,No,0.0,0.0,0.0,,7647,Churn,1.0,0.0,0.0,1.0
398947,2018,Hà Nội,Cộng Cà Phê,Yes,Yes,No,No,No,0.0,0.0,0.0,,7648,Churn,1.0,0.0,0.0,1.0
398947,2018,Hà Nội,Highlands Coffee,Yes,Yes,No,No,No,0.0,0.0,0.0,,7649,Churn,1.0,0.0,0.0,1.0
398948,2018,Hà Nội,Highlands Coffee,Yes,Yes,Yes,No,No,2.0,70.0,140.0,Seg.03 - Premium (VND 60K - VND 99K),7658,Silver,2.0,1.0,3.0,4.0
398948,2018,Hà Nội,Cộng Cà Phê,Yes,Yes,Yes,No,No,1.0,40.0,40.0,Seg.02 - Mass Asp (VND 25K - VND 59K),7662,At-risk,2.0,1.0,2.0,2.0
399255,2018,Hồ Chí Minh,Phúc Long,Yes,Yes,No,No,No,0.0,0.0,0.0,,7683,Churn,1.0,0.0,0.0,1.0
399255,2018,Hồ Chí Minh,Highlands Coffee,Yes,Yes,Yes,Yes,No,5.0,50.0,250.0,Seg.02 - Mass Asp (VND 25K - VND 59K),7687,Bronze,3.0,2.0,2.0,3.0
399255,2018,Hồ Chí Minh,The Coffee House,Yes,Yes,Yes,No,No,2.0,50.0,100.0,Seg.02 - Mass Asp (VND 25K - VND 59K),7694,At-risk,2.0,1.0,2.0,2.0
399375,2018,Hồ Chí Minh,The Coffee House,Yes,Yes,Yes,Yes,No,6.0,30.0,180.0,Seg.02 - Mass Asp (VND 25K - VND 59K),7709,Bronze,3.0,3.0,1.0,3.0
399411,2018,Hồ Chí Minh,Highlands Coffee,Yes,Yes,Yes,No,No,2.0,39.0,78.0,Seg.02 - Mass Asp (VND 25K - VND 59K),7727,At-risk,2.0,1.0,2.0,2.0
399412,2018,Hồ Chí Minh,Highlands Coffee,Yes,Yes,Yes,No,No,3.0,39.0,117.0,Seg.02 - Mass Asp (VND 25K - VND 59K),7737,At-risk,2.0,1.0,2.0,2.0
399412,2018,Hồ Chí Minh,The Coffee House,Yes,Yes,Yes,No,No,1.0,32.0,32.0,Seg.02 - Mass Asp (VND 25K - VND 59K),7741,At-risk,2.0,1.0,1.0,2.0
399418,2018,Hồ Chí Minh,Highlands Coffee,Yes,Yes,Yes,No,No,1.0,49.0,49.0,Seg.02 - Mass Asp (VND 25K - VND 59K),7752,At-risk,2.0,1.0,2.0,2.0
399419,2018,Hồ Chí Minh,Highlands Coffee,Yes,Yes,Yes,No,No,1.0,49.0,49.0,Seg.02 - Mass Asp (VND 25K - VND 59K),7760,At-risk,2.0,1.0,2.0,2.0
399420,2018,Hồ Chí Minh,Highlands Coffee,Yes,Yes,No,No,No,0.0,0.0,0.0,,7771,Churn,1.0,0.0,0.0,1.0
399421,2018,Hồ Chí Minh,Highlands Coffee,Yes,Yes,No,No,No,0.0,0.0,0.0,,7780,Churn,1.0,0.0,0.0,1.0
399422,2018,Hồ Chí Minh,Highlands Coffee,Yes,Yes,Yes,No,No,2.0,50.0,100.0,Seg.02 - Mass Asp (VND 25K - VND 59K),7788,At-risk,2.0,1.0,2.0,2.0
399423,2018,Hồ Chí Minh,Highlands Coffee,Yes,Yes,No,No,No,0.0,0.0,0.0,,7799,Churn,1.0,0.0,0.0,1.0
399424,2018,Hồ Chí Minh,Highlands Coffee,Yes,Yes,Yes,No,No,1.0,49.0,49.0,Seg.02 - Mass Asp (VND 25K - VND 59K),7809,At-risk,2.0,1.0,2.0,2.0
399426,2018,Hồ Chí Minh,Trung Nguyên,Yes,Yes,No,No,No,0.0,0.0,0.0,,7815,Churn,1.0,0.0,0.0,1.0
399479,2018,Hồ Chí Minh,Highlands Coffee,Yes,Yes,Yes,Yes,No,8.0,70.0,560.0,Seg.03 - Premium (VND 60K - VND 99K),7832,Gold,3.0,4.0,3.0,5.0
399480,2018,Hồ Chí Minh,Trung Nguyên,Yes,Yes,Yes,Yes,No,7.0,30.0,210.0,Seg.02 - Mass Asp (VND 25K - VND 59K),7834,Bronze,3.0,3.0,1.0,3.0
399748,2018,Hà Nội,Trung Nguyên,Yes,Yes,Yes,Yes,No,6.0,60.0,360.0,Seg.03 - Premium (VND 60K - VND 99K),7857,Gold,3.0,3.0,3.0,5.0
399749,2018,Hà Nội,Highlands Coffee,Yes,Yes,Yes,No,No,1.0,50.0,50.0,Seg.02 - Mass Asp (VND 25K - VND 59K),7868,At-risk,2.0,1.0,2.0,2.0
399750,2018,Hà Nội,Highlands Coffee,Yes,Yes,Yes,No,No,3.0,50.0,150.0,Seg.02 - Mass Asp (VND 25K - VND 59K),7870,At-risk,2.0,1.0,2.0,2.0
399750,2018,Hà Nội,Cộng Cà Phê,Yes,Yes,Yes,Yes,No,7.0,40.0,280.0,Seg.02 - Mass Asp (VND 25K - VND 59K),7872,Bronze,3.0,3.0,2.0,3.0
399753,2018,Hồ Chí Minh,The Coffee House,Yes,Yes,Yes,Yes,No,6.0,50.0,300.0,Seg.02 - Mass Asp (VND 25K - VND 59K),7892,Bronze,3.0,3.0,2.0,3.0
399753,2018,Hồ Chí Minh,Highlands Coffee,Yes,Yes,No,No,No,0.0,0.0,0.0,,7895,Churn,1.0,0.0,0.0,1.0
399797,2018,Đà Nẵng,Highlands Coffee,Yes,Yes,Yes,No,No,1.0,50.0,50.0,Seg.02 - Mass Asp (VND 25K - VND 59K),7912,At-risk,2.0,1.0,2.0,2.0
399826,2018,Hà Nội,Cộng Cà Phê,Yes,Yes,Yes,No,No,2.0,50.0,100.0,Seg.02 - Mass Asp (VND 25K - VND 59K),7916,At-risk,2.0,1.0,2.0,2.0
399826,2018,Hà Nội,Highlands Coffee,Yes,Yes,Yes,No,No,1.0,80.0,80.0,Seg.03 - Premium (VND 60K - VND 99K),7921,Silver,2.0,1.0,3.0,4.0
399827,2018,Hà Nội,The Coffee House,Yes,Yes,No,No,No,0.0,0.0,0.0,,7927,Churn,1.0,0.0,0.0,1.0
399827,2018,Hà Nội,Cộng Cà Phê,Yes,Yes,Yes,No,No,1.0,50.0,50.0,Seg.02 - Mass Asp (VND 25K - VND 59K),7929,At-risk,2.0,1.0,2.0,2.0
399827,2018,Hà Nội,Highlands Coffee,Yes,Yes,Yes,No,No,3.0,49.0,147.0,Seg.02 - Mass Asp (VND 25K - VND 59K),7930,At-risk,2.0,1.0,2.0,2.0
399829,2018,Hà Nội,Highlands Coffee,Yes,Yes,Yes,Yes,No,4.0,70.0,280.0,Seg.03 - Premium (VND 60K - VND 99K),7937,Silver,3.0,2.0,3.0,4.0
399830,2018,Hà Nội,Highlands Coffee,Yes,Yes,Yes,Yes,No,4.0,29.0,116.0,Seg.02 - Mass Asp (VND 25K - VND 59K),7942,Bronze,3.0,2.0,1.0,3.0
399838,2018,Đà Nẵng,Highlands Coffee,Yes,Yes,Yes,No,No,3.0,29.0,87.0,Seg.02 - Mass Asp (VND 25K - VND 59K),7951,At-risk,2.0,1.0,1.0,2.0
399843,2018,Đà Nẵng,Highlands Coffee,Yes,Yes,Yes,Yes,No,4.0,49.0,196.0,Seg.02 - Mass Asp (VND 25K - VND 59K),7963,Bronze,3.0,2.0,2.0,3.0
399951,2018,Hải Phòng,Highlands Coffee,Yes,Yes,Yes,No,No,3.0,70.0,210.0,Seg.03 - Premium (VND 60K - VND 99K),7982,Silver,2.0,1.0,3.0,4.0
399970,2018,Đà Nẵng,Highlands Coffee,Yes,Yes,Yes,Yes,No,8.0,50.0,400.0,Seg.02 - Mass Asp (VND 25K - VND 59K),7983,Gold,3.0,4.0,2.0,5.0
399970,2018,Đà Nẵng,Phúc Long,Yes,Yes,Yes,Yes,No,5.0,50.0,250.0,Seg.02 - Mass Asp (VND 25K - VND 59K),7985,Bronze,3.0,2.0,2.0,3.0
400174,2018,Hải Phòng,Highlands Coffee,Yes,Yes,No,No,No,0.0,0.0,0.0,,8002,Churn,1.0,0.0,0.0,1.0
400650,2018,Hải Phòng,Starbucks,Yes,Yes,No,No,No,0.0,0.0,0.0,,8014,Churn,1.0,0.0,0.0,1.0
400650,2018,Hải Phòng,Highlands Coffee,Yes,Yes,Yes,Yes,No,8.0,30.0,240.0,Seg.02 - Mass Asp (VND 25K - VND 59K),8016,Gold,3.0,4.0,1.0,5.0
400651,2018,Hải Phòng,Highlands Coffee,Yes,Yes,Yes,No,No,3.0,30.0,90.0,Seg.02 - Mass Asp (VND 25K - VND 59K),8017,At-risk,2.0,1.0,1.0,2.0
400651,2018,Hải Phòng,Starbucks,Yes,Yes,Yes,Yes,No,5.0,40.0,200.0,Seg.02 - Mass Asp (VND 25K - VND 59K),8018,Bronze,3.0,2.0,2.0,3.0
400651,2018,Hải Phòng,Cộng Cà Phê,Yes,Yes,No,No,No,0.0,0.0,0.0,,8020,Churn,1.0,0.0,0.0,1.0
400651,2018,Hải Phòng,Trung Nguyên,Yes,Yes,No,No,No,0.0,0.0,0.0,,8022,Churn,1.0,0.0,0.0,1.0
400654,2018,Hải Phòng,Highlands Coffee,Yes,Yes,Yes,No,No,2.0,30.0,60.0,Seg.02 - Mass Asp (VND 25K - VND 59K),8024,At-risk,2.0,1.0,1.0,2.0
400655,2018,Hải Phòng,Trung Nguyên,Yes,Yes,Yes,Yes,No,10.0,50.0,500.0,Seg.02 - Mass Asp (VND 25K - VND 59K),8028,Gold,3.0,4.0,2.0,5.0
400655,2018,Hải Phòng,Starbucks,Yes,Yes,No,No,No,0.0,0.0,0.0,,8029,Churn,1.0,0.0,0.0,1.0
401175,2018,Hồ Chí Minh,Highlands Coffee,Yes,Yes,Yes,Yes,No,4.0,50.0,200.0,Seg.02 - Mass Asp (VND 25K - VND 59K),8034,Bronze,3.0,2.0,2.0,3.0
401187,2018,Hồ Chí Minh,Highlands Coffee,Yes,Yes,Yes,Yes,No,10.0,50.0,500.0,Seg.02 - Mass Asp (VND 25K - VND 59K),8044,Gold,3.0,4.0,2.0,5.0
401187,2018,Hồ Chí Minh,Trung Nguyên,Yes,Yes,No,No,No,0.0,0.0,0.0,,8045,Churn,1.0,0.0,0.0,1.0
401187,2018,Hồ Chí Minh,Phúc Long,Yes,Yes,No,No,No,0.0,0.0,0.0,,8046,Churn,1.0,0.0,0.0,1.0
401474,2018,Hải Phòng,Starbucks,Yes,Yes,Yes,No,No,2.0,100.0,200.0,Seg.04 - Super Premium (VND 100K+),8049,Silver,2.0,1.0,4.0,4.0
401474,2018,Hải Phòng,Highlands Coffee,Yes,Yes,Yes,Yes,No,8.0,70.0,560.0,Seg.03 - Premium (VND 60K - VND 99K),8052,Gold,3.0,4.0,3.0,5.0
401626,2018,Hà Nội,Cộng Cà Phê,Yes,Yes,Yes,Yes,No,7.0,65.0,455.0,Seg.03 - Premium (VND 60K - VND 99K),8059,Gold,3.0,3.0,3.0,5.0
401626,2018,Hà Nội,The Coffee House,Yes,Yes,Yes,No,No,2.0,65.0,130.0,Seg.03 - Premium (VND 60K - VND 99K),8064,Silver,2.0,1.0,3.0,4.0
401626,2018,Hà Nội,Starbucks,Yes,Yes,Yes,No,No,1.0,80.0,80.0,Seg.03 - Premium (VND 60K - VND 99K),8068,Silver,2.0,1.0,3.0,4.0
401631,2018,Hà Nội,Cộng Cà Phê,Yes,Yes,Yes,No,No,2.0,60.0,120.0,Seg.03 - Premium (VND 60K - VND 99K),8071,Silver,2.0,1.0,3.0,4.0
401631,2018,Hà Nội,The Coffee House,Yes,Yes,Yes,No,No,3.0,65.0,195.0,Seg.03 - Premium (VND 60K - VND 99K),8075,Silver,2.0,1.0,3.0,4.0
401975,2018,Hải Phòng,Highlands Coffee,Yes,Yes,No,No,No,0.0,0.0,0.0,,8092,Churn,1.0,0.0,0.0,1.0
402156,2018,Hà Nội,Highlands Coffee,Yes,Yes,Yes,No,No,1.0,39.0,39.0,Seg.02 - Mass Asp (VND 25K - VND 59K),8094,At-risk,2.0,1.0,2.0,2.0
402158,2018,Hà Nội,Cộng Cà Phê,Yes,Yes,Yes,Yes,No,4.0,30.0,120.0,Seg.02 - Mass Asp (VND 25K - VND 59K),8103,Bronze,3.0,2.0,1.0,3.0
402158,2018,Hà Nội,The Coffee House,Yes,Yes,No,No,No,0.0,0.0,0.0,,8106,Churn,1.0,0.0,0.0,1.0
402158,2018,Hà Nội,Highlands Coffee,Yes,Yes,Yes,No,No,3.0,39.0,117.0,Seg.02 - Mass Asp (VND 25K - VND 59K),8107,At-risk,2.0,1.0,2.0,2.0
402757,2018,Hồ Chí Minh,Highlands Coffee,Yes,Yes,Yes,No,No,3.0,39.0,117.0,Seg.02 - Mass Asp (VND 25K - VND 59K),8137,At-risk,2.0,1.0,2.0,2.0
402759,2018,Hồ Chí Minh,Highlands Coffee,Yes,Yes,No,No,No,0.0,0.0,0.0,,8155,Churn,1.0,0.0,0.0,1.0
402759,2018,Hồ Chí Minh,Trung Nguyên,Yes,Yes,Yes,Yes,No,5.0,30.0,150.0,Seg.02 - Mass Asp (VND 25K - VND 59K),8159,Bronze,3.0,2.0,1.0,3.0
402814,2018,Hồ Chí Minh,Highlands Coffee,Yes,Yes,Yes,No,No,3.0,29.0,87.0,Seg.02 - Mass Asp (VND 25K - VND 59K),8202,At-risk,2.0,1.0,1.0,2.0
402814,2018,Hồ Chí Minh,Trung Nguyên,Yes,Yes,No,No,No,0.0,0.0,0.0,,8205,Churn,1.0,0.0,0.0,1.0
402816,2018,Hồ Chí Minh,Highlands Coffee,Yes,Yes,No,No,No,0.0,0.0,0.0,,8212,Churn,1.0,0.0,0.0,1.0
402817,2018,Hồ Chí Minh,Highlands Coffee,Yes,Yes,No,No,No,0.0,0.0,0.0,,8222,Churn,1.0,0.0,0.0,1.0
402818,2018,Hồ Chí Minh,Trung Nguyên,Yes,Yes,Yes,No,No,2.0,35.0,70.0,Seg.02 - Mass Asp (VND 25K - VND 59K),8230,At-risk,2.0,1.0,1.0,2.0
402819,2018,Hồ Chí Minh,Highlands Coffee,Yes,Yes,Yes,Yes,No,4.0,49.0,196.0,Seg.02 - Mass Asp (VND 25K - VND 59K),8235,Bronze,3.0,2.0,2.0,3.0
402819,2018,Hồ Chí Minh,The Coffee House,Yes,Yes,No,No,No,0.0,0.0,0.0,,8239,Churn,1.0,0.0,0.0,1.0
402851,2018,Đà Nẵng,Highlands Coffee,Yes,Yes,Yes,No,No,3.0,49.0,147.0,Seg.02 - Mass Asp (VND 25K - VND 59K),8244,At-risk,2.0,1.0,2.0,2.0
402856,2018,Hồ Chí Minh,Highlands Coffee,Yes,Yes,Yes,No,No,1.0,50.0,50.0,Seg.02 - Mass Asp (VND 25K - VND 59K),8250,At-risk,2.0,1.0,2.0,2.0
403591,2018,Hồ Chí Minh,Trung Nguyên,Yes,Yes,Yes,No,No,2.0,35.0,70.0,Seg.02 - Mass Asp (VND 25K - VND 59K),8302,At-risk,2.0,1.0,1.0,2.0
403592,2018,Hồ Chí Minh,Trung Nguyên,Yes,Yes,Yes,No,No,1.0,35.0,35.0,Seg.02 - Mass Asp (VND 25K - VND 59K),8304,At-risk,2.0,1.0,1.0,2.0
403773,2018,Hồ Chí Minh,Highlands Coffee,Yes,Yes,Yes,No,No,2.0,45.0,90.0,Seg.02 - Mass Asp (VND 25K - VND 59K),8312,At-risk,2.0,1.0,2.0,2.0
403773,2018,Hồ Chí Minh,Trung Nguyên,Yes,Yes,No,No,No,0.0,0.0,0.0,,8314,Churn,1.0,0.0,0.0,1.0
404278,2018,Hải Phòng,Highlands Coffee,Yes,Yes,Yes,Yes,No,4.0,49.0,196.0,Seg.02 - Mass Asp (VND 25K - VND 59K),8321,Bronze,3.0,2.0,2.0,3.0
404429,2018,Đà Nẵng,Highlands Coffee,Yes,Yes,Yes,No,No,1.0,50.0,50.0,Seg.02 - Mass Asp (VND 25K - VND 59K),8328,At-risk,2.0,1.0,2.0,2.0
404508,2018,Hồ Chí Minh,Highlands Coffee,Yes,Yes,Yes,Yes,No,10.0,40.0,400.0,Seg.02 - Mass Asp (VND 25K - VND 59K),8333,Gold,3.0,4.0,2.0,5.0
404509,2018,Hồ Chí Minh,Highlands Coffee,Yes,Yes,Yes,No,No,3.0,29.0,87.0,Seg.02 - Mass Asp (VND 25K - VND 59K),8338,At-risk,2.0,1.0,1.0,2.0
404592,2018,Hồ Chí Minh,Highlands Coffee,Yes,Yes,Yes,Yes,No,4.0,45.0,180.0,Seg.02 - Mass Asp (VND 25K - VND 59K),8346,Bronze,3.0,2.0,2.0,3.0
404754,2018,Hồ Chí Minh,Trung Nguyên,Yes,Yes,Yes,No,No,2.0,80.0,160.0,Seg.03 - Premium (VND 60K - VND 99K),8372,Silver,2.0,1.0,3.0,4.0
404756,2018,Hồ Chí Minh,Highlands Coffee,Yes,Yes,Yes,Yes,No,4.0,80.0,320.0,Seg.03 - Premium (VND 60K - VND 99K),8378,Silver,3.0,2.0,3.0,4.0
404757,2018,Hồ Chí Minh,Trung Nguyên,Yes,Yes,No,No,No,0.0,0.0,0.0,,8382,Churn,1.0,0.0,0.0,1.0
404758,2018,Hồ Chí Minh,Trung Nguyên,Yes,Yes,No,No,No,0.0,0.0,0.0,,8386,Churn,1.0,0.0,0.0,1.0
405137,2018,Hồ Chí Minh,Highlands Coffee,Yes,Yes,No,No,No,0.0,0.0,0.0,,8401,Churn,1.0,0.0,0.0,1.0
405137,2018,Hồ Chí Minh,Trung Nguyên,Yes,Yes,No,No,No,0.0,0.0,0.0,,8402,Churn,1.0,0.0,0.0,1.0
405138,2018,Hồ Chí Minh,Highlands Coffee,Yes,Yes,Yes,Yes,No,4.0,49.0,196.0,Seg.02 - Mass Asp (VND 25K - VND 59K),8405,Bronze,3.0,2.0,2.0,3.0
405140,2018,Hồ Chí Minh,Trung Nguyên,Yes,Yes,Yes,Yes,No,4.0,50.0,200.0,Seg.02 - Mass Asp (VND 25K - VND 59K),8423,Bronze,3.0,2.0,2.0,3.0
405140,2018,Hồ Chí Minh,Highlands Coffee,Yes,Yes,No,No,No,0.0,0.0,0.0,,8424,Churn,1.0,0.0,0.0,1.0
405140,2018,Hồ Chí Minh,Starbucks,Yes,Yes,No,No,No,0.0,0.0,0.0,,8431,Churn,1.0,0.0,0.0,1.0
405571,2018,Hồ Chí Minh,Highlands Coffee,Yes,Yes,Yes,No,No,1.0,55.0,55.0,Seg.02 - Mass Asp (VND 25K - VND 59K),8450,At-risk,2.0,1.0,2.0,2.0
405572,2018,Hồ Chí Minh,Highlands Coffee,Yes,Yes,Yes,No,No,1.0,49.0,49.0,Seg.02 - Mass Asp (VND 25K - VND 59K),8453,At-risk,2.0,1.0,2.0,2.0
405572,2018,Hồ Chí Minh,Trung Nguyên,Yes,Yes,Yes,No,No,1.0,55.0,55.0,Seg.02 - Mass Asp (VND 25K - VND 59K),8455,At-risk,2.0,1.0,2.0,2.0
405573,2018,Hồ Chí Minh,Highlands Coffee,Yes,Yes,No,No,No,0.0,0.0,0.0,,8457,Churn,1.0,0.0,0.0,1.0
405573,2018,Hồ Chí Minh,Trung Nguyên,Yes,Yes,No,No,No,0.0,0.0,0.0,,8458,Churn,1.0,0.0,0.0,1.0
405574,2018,Hồ Chí Minh,Trung Nguyên,Yes,Yes,No,No,No,0.0,0.0,0.0,,8461,Churn,1.0,0.0,0.0,1.0
405574,2018,Hồ Chí Minh,Highlands Coffee,Yes,Yes,No,No,No,0.0,0.0,0.0,,8463,Churn,1.0,0.0,0.0,1.0
405662,2018,Hồ Chí Minh,Highlands Coffee,Yes,Yes,Yes,No,No,1.0,39.0,39.0,Seg.02 - Mass Asp (VND 25K - VND 59K),8472,At-risk,2.0,1.0,2.0,2.0
405663,2018,Hồ Chí Minh,Highlands Coffee,Yes,Yes,No,No,No,0.0,0.0,0.0,,8489,Churn,1.0,0.0,0.0,1.0
405664,2018,Hồ Chí Minh,Highlands Coffee,Yes,Yes,No,No,No,0.0,0.0,0.0,,8491,Churn,1.0,0.0,0.0,1.0
405666,2018,Hồ Chí Minh,Highlands Coffee,Yes,Yes,Yes,No,No,2.0,42.0,84.0,Seg.02 - Mass Asp (VND 25K - VND 59K),8501,At-risk,2.0,1.0,2.0,2.0
405699,2018,Hà Nội,Trung Nguyên,Yes,Yes,No,No,No,0.0,0.0,0.0,,8521,Churn,1.0,0.0,0.0,1.0
405889,2018,Hồ Chí Minh,Phúc Long,Yes,Yes,Yes,Yes,No,10.0,100.0,1000.0,Seg.04 - Super Premium (VND 100K+),8543,Gold,3.0,4.0,4.0,5.0
405892,2018,Hồ Chí Minh,Highlands Coffee,Yes,Yes,No,No,No,0.0,0.0,0.0,,8556,Churn,1.0,0.0,0.0,1.0
405979,2018,Đà Nẵng,Trung Nguyên,Yes,Yes,No,No,No,0.0,0.0,0.0,,8557,Churn,1.0,0.0,0.0,1.0
405979,2018,Đà Nẵng,Highlands Coffee,Yes,Yes,Yes,No,No,1.0,40.0,40.0,Seg.02 - Mass Asp (VND 25K - VND 59K),8561,At-risk,2.0,1.0,2.0,2.0
406018,2018,Hồ Chí Minh,Highlands Coffee,Yes,Yes,Yes,No,No,2.0,40.0,80.0,Seg.02 - Mass Asp (VND 25K - VND 59K),8575,At-risk,2.0,1.0,2.0,2.0
406018,2018,Hồ Chí Minh,The Coffee House,Yes,Yes,Yes,Yes,No,12.0,50.0,600.0,Seg.02 - Mass Asp (VND 25K - VND 59K),8578,Gold,3.0,4.0,2.0,5.0
406136,2018,Hồ Chí Minh,Trung Nguyên,Yes,Yes,No,No,No,0.0,0.0,0.0,,8582,Churn,1.0,0.0,0.0,1.0
406169,2018,Hồ Chí Minh,Highlands Coffee,Yes,Yes,Yes,Yes,No,8.0,70.0,560.0,Seg.03 - Premium (VND 60K - VND 99K),8590,Gold,3.0,4.0,3.0,5.0
406169,2018,Hồ Chí Minh,Starbucks,Yes,Yes,Yes,No,No,2.0,100.0,200.0,Seg.04 - Super Premium (VND 100K+),8593,Silver,2.0,1.0,4.0,4.0
406169,2018,Hồ Chí Minh,The Coffee House,Yes,Yes,Yes,Yes,No,8.0,50.0,400.0,Seg.02 - Mass Asp (VND 25K - VND 59K),8595,Gold,3.0,4.0,2.0,5.0
406169,2018,Hồ Chí Minh,Cộng Cà Phê,Yes,Yes,Yes,No,No,1.0,60.0,60.0,Seg.03 - Premium (VND 60K - VND 99K),8596,Silver,2.0,1.0,3.0,4.0
406267,2018,Hồ Chí Minh,Trung Nguyên,Yes,Yes,Yes,No,No,1.0,40.0,40.0,Seg.02 - Mass Asp (VND 25K - VND 59K),8597,At-risk,2.0,1.0,2.0,2.0
406335,2018,Hồ Chí Minh,Highlands Coffee,Yes,Yes,Yes,Yes,No,4.0,60.0,240.0,Seg.03 - Premium (VND 60K - VND 99K),8607,Silver,3.0,2.0,3.0,4.0
406414,2018,Hồ Chí Minh,Highlands Coffee,Yes,Yes,No,No,No,0.0,0.0,0.0,,8636,Churn,1.0,0.0,0.0,1.0
406482,2018,Đà Nẵng,Highlands Coffee,Yes,Yes,Yes,Yes,No,8.0,29.0,232.0,Seg.02 - Mass Asp (VND 25K - VND 59K),8646,Gold,3.0,4.0,1.0,5.0
406519,2018,Hồ Chí Minh,Highlands Coffee,Yes,Yes,No,No,No,0.0,0.0,0.0,,8653,Churn,1.0,0.0,0.0,1.0
406519,2018,Hồ Chí Minh,Phúc Long,Yes,Yes,No,No,No,0.0,0.0,0.0,,8661,Churn,1.0,0.0,0.0,1.0
406742,2018,Đà Nẵng,Highlands Coffee,Yes,Yes,No,No,No,0.0,0.0,0.0,,8667,Churn,1.0,0.0,0.0,1.0
406793,2018,Hồ Chí Minh,Highlands Coffee,Yes,Yes,No,No,No,0.0,0.0,0.0,,8673,Churn,1.0,0.0,0.0,1.0
406794,2018,Hồ Chí Minh,The Coffee House,Yes,Yes,Yes,No,No,2.0,45.0,90.0,Seg.02 - Mass Asp (VND 25K - VND 59K),8681,At-risk,2.0,1.0,2.0,2.0
406795,2018,Hồ Chí Minh,Highlands Coffee,Yes,Yes,No,No,No,0.0,0.0,0.0,,8697,Churn,1.0,0.0,0.0,1.0
406967,2018,Đà Nẵng,Highlands Coffee,Yes,Yes,No,No,No,0.0,0.0,0.0,,8712,Churn,1.0,0.0,0.0,1.0
407137,2018,Đà Nẵng,Highlands Coffee,Yes,Yes,Yes,Yes,No,5.0,49.0,245.0,Seg.02 - Mass Asp (VND 25K - VND 59K),8724,Bronze,3.0,2.0,2.0,3.0
407155,2018,Đà Nẵng,Highlands Coffee,Yes,Yes,Yes,Yes,Yes,20.0,49.0,980.0,Seg.02 - Mass Asp (VND 25K - VND 59K),8731,Gold,4.0,4.0,2.0,5.0
407372,2018,Hải Phòng,Trung Nguyên,Yes,Yes,No,No,No,0.0,0.0,0.0,,8740,Churn,1.0,0.0,0.0,1.0
407390,2018,Hồ Chí Minh,Trung Nguyên,Yes,Yes,Yes,No,No,2.0,100.0,200.0,Seg.04 - Super Premium (VND 100K+),8745,Silver,2.0,1.0,4.0,4.0
407596,2018,Hải Phòng,Highlands Coffee,Yes,Yes,No,No,No,0.0,0.0,0.0,,8764,Churn,1.0,0.0,0.0,1.0
407613,2018,Hải Phòng,Highlands Coffee,Yes,Yes,Yes,Yes,No,9.0,49.0,441.0,Seg.02 - Mass Asp (VND 25K - VND 59K),8777,Gold,3.0,4.0,2.0,5.0
407817,2018,Hà Nội,Cộng Cà Phê,Yes,Yes,Yes,No,No,1.0,65.0,65.0,Seg.03 - Premium (VND 60K - VND 99K),8788,Silver,2.0,1.0,3.0,4.0
407817,2018,Hà Nội,Highlands Coffee,Yes,Yes,Yes,No,No,2.0,55.0,110.0,Seg.02 - Mass Asp (VND 25K - VND 59K),8790,At-risk,2.0,1.0,2.0,2.0
407818,2018,Hà Nội,Cộng Cà Phê,Yes,Yes,Yes,No,No,3.0,60.0,180.0,Seg.03 - Premium (VND 60K - VND 99K),8801,Silver,2.0,1.0,3.0,4.0
408350,2018,Đà Nẵng,Highlands Coffee,Yes,Yes,Yes,Yes,No,10.0,49.0,490.0,Seg.02 - Mass Asp (VND 25K - VND 59K),8805,Gold,3.0,4.0,2.0,5.0
408804,2018,Đà Nẵng,Highlands Coffee,Yes,Yes,No,No,No,0.0,0.0,0.0,,8839,Churn,1.0,0.0,0.0,1.0
408870,2018,Hồ Chí Minh,The Coffee House,Yes,Yes,Yes,Yes,No,4.0,70.0,280.0,Seg.03 - Premium (VND 60K - VND 99K),8848,Silver,3.0,2.0,3.0,4.0
409205,2018,Hà Nội,Cộng Cà Phê,Yes,Yes,Yes,No,No,1.0,50.0,50.0,Seg.02 - Mass Asp (VND 25K - VND 59K),8869,At-risk,2.0,1.0,2.0,2.0
409205,2018,Hà Nội,Highlands Coffee,Yes,Yes,Yes,No,No,3.0,80.0,240.0,Seg.03 - Premium (VND 60K - VND 99K),8871,Silver,2.0,1.0,3.0,4.0
409232,2018,Hồ Chí Minh,Trung Nguyên,Yes,Yes,Yes,No,No,2.0,60.0,120.0,Seg.03 - Premium (VND 60K - VND 99K),8877,Silver,2.0,1.0,3.0,4.0
409374,2018,Hồ Chí Minh,Phúc Long,Yes,Yes,No,No,No,0.0,0.0,0.0,,8897,Churn,1.0,0.0,0.0,1.0
409374,2018,Hồ Chí Minh,Trung Nguyên,Yes,Yes,No,No,No,0.0,0.0,0.0,,8898,Churn,1.0,0.0,0.0,1.0
409396,2018,Hồ Chí Minh,Highlands Coffee,Yes,Yes,Yes,Yes,No,4.0,60.0,240.0,Seg.03 - Premium (VND 60K - VND 99K),8906,Silver,3.0,2.0,3.0,4.0
409581,2018,Hải Phòng,Highlands Coffee,Yes,Yes,Yes,Yes,Yes,16.0,50.0,800.0,Seg.02 - Mass Asp (VND 25K - VND 59K),8931,Gold,4.0,4.0,2.0,5.0
409637,2018,Nha Trang,Trung Nguyên,Yes,Yes,Yes,No,No,3.0,40.0,120.0,Seg.02 - Mass Asp (VND 25K - VND 59K),8941,At-risk,2.0,1.0,2.0,2.0
409637,2018,Nha Trang,Highlands Coffee,Yes,Yes,Yes,Yes,No,5.0,50.0,250.0,Seg.02 - Mass Asp (VND 25K - VND 59K),8946,Bronze,3.0,2.0,2.0,3.0
409948,2018,Nha Trang,Highlands Coffee,Yes,Yes,Yes,Yes,No,5.0,60.0,300.0,Seg.03 - Premium (VND 60K - VND 99K),8992,Silver,3.0,2.0,3.0,4.0
410003,2018,Hồ Chí Minh,The Coffee House,Yes,Yes,No,No,No,0.0,0.0,0.0,,9010,Churn,1.0,0.0,0.0,1.0
410021,2018,Nha Trang,Highlands Coffee,Yes,Yes,Yes,Yes,No,10.0,30.0,300.0,Seg.02 - Mass Asp (VND 25K - VND 59K),9016,Gold,3.0,4.0,1.0,5.0
410051,2018,Nha Trang,Highlands Coffee,Yes,Yes,Yes,No,No,1.0,49.0,49.0,Seg.02 - Mass Asp (VND 25K - VND 59K),9021,At-risk,2.0,1.0,2.0,2.0
410112,2018,Hải Phòng,Highlands Coffee,Yes,Yes,Yes,Yes,No,15.0,49.0,735.0,Seg.02 - Mass Asp (VND 25K - VND 59K),9042,Gold,3.0,4.0,2.0,5.0
410189,2018,Hồ Chí Minh,Highlands Coffee,Yes,Yes,No,No,No,0.0,0.0,0.0,,9045,Churn,1.0,0.0,0.0,1.0
410851,2018,Hà Nội,Trung Nguyên,Yes,Yes,No,No,No,0.0,0.0,0.0,,9067,Churn,1.0,0.0,0.0,1.0
410852,2018,Hà Nội,Highlands Coffee,Yes,Yes,Yes,No,No,2.0,50.0,100.0,Seg.02 - Mass Asp (VND 25K - VND 59K),9070,At-risk,2.0,1.0,2.0,2.0
410854,2018,Hà Nội,Highlands Coffee,Yes,Yes,No,No,No,0.0,0.0,0.0,,9087,Churn,1.0,0.0,0.0,1.0
410860,2018,Hà Nội,Cộng Cà Phê,Yes,Yes,Yes,No,No,2.0,45.0,90.0,Seg.02 - Mass Asp (VND 25K - VND 59K),9131,At-risk,2.0,1.0,2.0,2.0
410860,2018,Hà Nội,Highlands Coffee,Yes,Yes,Yes,Yes,No,5.0,50.0,250.0,Seg.02 - Mass Asp (VND 25K - VND 59K),9132,Bronze,3.0,2.0,2.0,3.0
410860,2018,Hà Nội,The Coffee House,Yes,Yes,No,No,No,0.0,0.0,0.0,,9135,Churn,1.0,0.0,0.0,1.0
410865,2018,Hà Nội,Highlands Coffee,Yes,Yes,No,No,No,0.0,0.0,0.0,,9152,Churn,1.0,0.0,0.0,1.0
410865,2018,Hà Nội,Cộng Cà Phê,Yes,Yes,Yes,No,No,3.0,40.0,120.0,Seg.02 - Mass Asp (VND 25K - VND 59K),9160,At-risk,2.0,1.0,2.0,2.0
410988,2018,Hà Nội,Highlands Coffee,Yes,Yes,Yes,No,No,1.0,55.0,55.0,Seg.02 - Mass Asp (VND 25K - VND 59K),9174,At-risk,2.0,1.0,2.0,2.0
411018,2018,Hải Phòng,Highlands Coffee,Yes,Yes,No,No,No,0.0,0.0,0.0,,9193,Churn,1.0,0.0,0.0,1.0
411142,2018,Hồ Chí Minh,Highlands Coffee,Yes,Yes,Yes,Yes,No,4.0,50.0,200.0,Seg.02 - Mass Asp (VND 25K - VND 59K),9199,Bronze,3.0,2.0,2.0,3.0
411312,2018,Hà Nội,Highlands Coffee,Yes,Yes,Yes,No,No,3.0,80.0,240.0,Seg.03 - Premium (VND 60K - VND 99K),9220,Silver,2.0,1.0,3.0,4.0
411314,2018,Hà Nội,Cộng Cà Phê,Yes,Yes,Yes,No,No,3.0,50.0,150.0,Seg.02 - Mass Asp (VND 25K - VND 59K),9229,At-risk,2.0,1.0,2.0,2.0
411314,2018,Hà Nội,Highlands Coffee,Yes,Yes,Yes,No,No,1.0,60.0,60.0,Seg.03 - Premium (VND 60K - VND 99K),9232,Silver,2.0,1.0,3.0,4.0
411333,2018,Hà Nội,Cộng Cà Phê,Yes,Yes,No,No,No,0.0,0.0,0.0,,9241,Churn,1.0,0.0,0.0,1.0
411333,2018,Hà Nội,Highlands Coffee,Yes,Yes,Yes,No,No,3.0,75.0,225.0,Seg.03 - Premium (VND 60K - VND 99K),9243,Silver,2.0,1.0,3.0,4.0
411334,2018,Hà Nội,Highlands Coffee,Yes,Yes,Yes,No,No,1.0,80.0,80.0,Seg.03 - Premium (VND 60K - VND 99K),9252,Silver,2.0,1.0,3.0,4.0
411335,2018,Hà Nội,Highlands Coffee,Yes,Yes,Yes,No,No,3.0,29.0,87.0,Seg.02 - Mass Asp (VND 25K - VND 59K),9256,At-risk,2.0,1.0,1.0,2.0
411335,2018,Hà Nội,Cộng Cà Phê,Yes,Yes,No,No,No,0.0,0.0,0.0,,9257,Churn,1.0,0.0,0.0,1.0
411336,2018,Hà Nội,Highlands Coffee,Yes,Yes,Yes,No,No,2.0,65.0,130.0,Seg.03 - Premium (VND 60K - VND 99K),9264,Silver,2.0,1.0,3.0,4.0
411337,2018,Hà Nội,Highlands Coffee,Yes,Yes,Yes,No,No,2.0,70.0,140.0,Seg.03 - Premium (VND 60K - VND 99K),9274,Silver,2.0,1.0,3.0,4.0
411337,2018,Hà Nội,Cộng Cà Phê,Yes,Yes,Yes,No,No,2.0,40.0,80.0,Seg.02 - Mass Asp (VND 25K - VND 59K),9275,At-risk,2.0,1.0,2.0,2.0
411338,2018,Hà Nội,Highlands Coffee,Yes,Yes,Yes,No,No,1.0,80.0,80.0,Seg.03 - Premium (VND 60K - VND 99K),9278,Silver,2.0,1.0,3.0,4.0
411339,2018,Hà Nội,Highlands Coffee,Yes,Yes,Yes,No,No,3.0,65.0,195.0,Seg.03 - Premium (VND 60K - VND 99K),9284,Silver,2.0,1.0,3.0,4.0
411339,2018,Hà Nội,Cộng Cà Phê,Yes,Yes,No,No,No,0.0,0.0,0.0,,9290,Churn,1.0,0.0,0.0,1.0
411354,2018,Hà Nội,Highlands Coffee,Yes,Yes,Yes,No,No,2.0,60.0,120.0,Seg.03 - Premium (VND 60K - VND 99K),9306,Silver,2.0,1.0,3.0,4.0
411354,2018,Hà Nội,Cộng Cà Phê,Yes,Yes,Yes,No,No,1.0,40.0,40.0,Seg.02 - Mass Asp (VND 25K - VND 59K),9307,At-risk,2.0,1.0,2.0,2.0
411355,2018,Hà Nội,Highlands Coffee,Yes,Yes,Yes,No,No,1.0,60.0,60.0,Seg.03 - Premium (VND 60K - VND 99K),9312,Silver,2.0,1.0,3.0,4.0
411355,2018,Hà Nội,Cộng Cà Phê,Yes,Yes,No,No,No,0.0,0.0,0.0,,9315,Churn,1.0,0.0,0.0,1.0
411356,2018,Hà Nội,Cộng Cà Phê,Yes,Yes,No,No,No,0.0,0.0,0.0,,9322,Churn,1.0,0.0,0.0,1.0
411356,2018,Hà Nội,Highlands Coffee,Yes,Yes,No,No,No,0.0,0.0,0.0,,9323,Churn,1.0,0.0,0.0,1.0
411359,2018,Hải Phòng,Highlands Coffee,Yes,Yes,Yes,Yes,No,4.0,70.0,280.0,Seg.03 - Premium (VND 60K - VND 99K),9335,Silver,3.0,2.0,3.0,4.0
411360,2018,Hải Phòng,Highlands Coffee,Yes,Yes,No,No,No,0.0,0.0,0.0,,9338,Churn,1.0,0.0,0.0,1.0
411361,2018,Hải Phòng,Highlands Coffee,Yes,Yes,Yes,No,No,1.0,100.0,100.0,Seg.04 - Super Premium (VND 100K+),9344,Silver,2.0,1.0,4.0,4.0
411363,2018,Hồ Chí Minh,Highlands Coffee,Yes,Yes,No,No,No,0.0,0.0,0.0,,9353,Churn,1.0,0.0,0.0,1.0
411456,2018,Hà Nội,Cộng Cà Phê,Yes,Yes,No,No,No,0.0,0.0,0.0,,9364,Churn,1.0,0.0,0.0,1.0
411458,2018,Hà Nội,The Coffee House,Yes,Yes,Yes,No,No,2.0,40.0,80.0,Seg.02 - Mass Asp (VND 25K - VND 59K),9378,At-risk,2.0,1.0,2.0,2.0
411458,2018,Hà Nội,Highlands Coffee,Yes,Yes,Yes,No,No,1.0,39.0,39.0,Seg.02 - Mass Asp (VND 25K - VND 59K),9381,At-risk,2.0,1.0,2.0,2.0
411548,2018,Nha Trang,Trung Nguyên,Yes,Yes,No,No,No,0.0,0.0,0.0,,9412,Churn,1.0,0.0,0.0,1.0
411661,2018,Hà Nội,Highlands Coffee,Yes,Yes,Yes,No,No,1.0,50.0,50.0,Seg.02 - Mass Asp (VND 25K - VND 59K),9420,At-risk,2.0,1.0,2.0,2.0
411663,2018,Hà Nội,Cộng Cà Phê,Yes,Yes,No,No,No,0.0,0.0,0.0,,9428,Churn,1.0,0.0,0.0,1.0
411679,2018,Hà Nội,Highlands Coffee,Yes,Yes,Yes,No,No,2.0,49.0,98.0,Seg.02 - Mass Asp (VND 25K - VND 59K),9445,At-risk,2.0,1.0,2.0,2.0
411679,2018,Hà Nội,Cộng Cà Phê,Yes,Yes,No,No,No,0.0,0.0,0.0,,9453,Churn,1.0,0.0,0.0,1.0
411680,2018,Hà Nội,Cộng Cà Phê,Yes,Yes,Yes,No,No,3.0,30.0,90.0,Seg.02 - Mass Asp (VND 25K - VND 59K),9456,At-risk,2.0,1.0,1.0,2.0
411680,2018,Hà Nội,Highlands Coffee,Yes,Yes,Yes,No,No,3.0,49.0,147.0,Seg.02 - Mass Asp (VND 25K - VND 59K),9457,At-risk,2.0,1.0,2.0,2.0
411680,2018,Hà Nội,The Coffee House,Yes,Yes,No,No,No,0.0,0.0,0.0,,9458,Churn,1.0,0.0,0.0,1.0
411681,2018,Hà Nội,Cộng Cà Phê,Yes,Yes,No,No,No,0.0,0.0,0.0,,9462,Churn,1.0,0.0,0.0,1.0
411681,2018,Hà Nội,Highlands Coffee,Yes,Yes,Yes,No,No,2.0,59.0,118.0,Seg.02 - Mass Asp (VND 25K - VND 59K),9465,Silver,2.0,1.0,3.0,4.0
411682,2018,Hà Nội,Highlands Coffee,Yes,Yes,Yes,No,No,2.0,59.0,118.0,Seg.02 - Mass Asp (VND 25K - VND 59K),9476,Silver,2.0,1.0,3.0,4.0
411682,2018,Hà Nội,Cộng Cà Phê,Yes,Yes,Yes,No,No,3.0,30.0,90.0,Seg.02 - Mass Asp (VND 25K - VND 59K),9477,At-risk,2.0,1.0,1.0,2.0
411684,2018,Hà Nội,Highlands Coffee,Yes,Yes,Yes,Yes,No,8.0,65.0,520.0,Seg.03 - Premium (VND 60K - VND 99K),9486,Gold,3.0,4.0,3.0,5.0
411684,2018,Hà Nội,Cộng Cà Phê,Yes,Yes,No,No,No,0.0,0.0,0.0,,9492,Churn,1.0,0.0,0.0,1.0
411685,2018,Hà Nội,Highlands Coffee,Yes,Yes,Yes,No,No,3.0,39.0,117.0,Seg.02 - Mass Asp (VND 25K - VND 59K),9494,At-risk,2.0,1.0,2.0,2.0
411685,2018,Hà Nội,The Coffee House,Yes,Yes,No,No,No,0.0,0.0,0.0,,9496,Churn,1.0,0.0,0.0,1.0
411685,2018,Hà Nội,Cộng Cà Phê,Yes,Yes,Yes,Yes,No,4.0,30.0,120.0,Seg.02 - Mass Asp (VND 25K - VND 59K),9497,Bronze,3.0,2.0,1.0,3.0
411687,2018,Hà Nội,Highlands Coffee,Yes,Yes,Yes,No,No,3.0,39.0,117.0,Seg.02 - Mass Asp (VND 25K - VND 59K),9503,At-risk,2.0,1.0,2.0,2.0
411687,2018,Hà Nội,Cộng Cà Phê,Yes,Yes,Yes,Yes,No,4.0,30.0,120.0,Seg.02 - Mass Asp (VND 25K - VND 59K),9506,Bronze,3.0,2.0,1.0,3.0
411688,2018,Hà Nội,Highlands Coffee,Yes,Yes,Yes,No,No,1.0,59.0,59.0,Seg.02 - Mass Asp (VND 25K - VND 59K),9512,Silver,2.0,1.0,3.0,4.0
411688,2018,Hà Nội,Cộng Cà Phê,Yes,Yes,No,No,No,0.0,0.0,0.0,,9518,Churn,1.0,0.0,0.0,1.0
411689,2018,Hà Nội,Cộng Cà Phê,Yes,Yes,Yes,No,No,2.0,25.0,50.0,Seg.02 - Mass Asp (VND 25K - VND 59K),9520,At-risk,2.0,1.0,1.0,2.0
411689,2018,Hà Nội,Highlands Coffee,Yes,Yes,Yes,No,No,3.0,39.0,117.0,Seg.02 - Mass Asp (VND 25K - VND 59K),9524,At-risk,2.0,1.0,2.0,2.0
411690,2018,Hà Nội,Cộng Cà Phê,Yes,Yes,Yes,No,No,2.0,30.0,60.0,Seg.02 - Mass Asp (VND 25K - VND 59K),9527,At-risk,2.0,1.0,1.0,2.0
411690,2018,Hà Nội,Highlands Coffee,Yes,Yes,Yes,No,No,2.0,65.0,130.0,Seg.03 - Premium (VND 60K - VND 99K),9529,Silver,2.0,1.0,3.0,4.0
411691,2018,Hà Nội,Cộng Cà Phê,Yes,Yes,No,No,No,0.0,0.0,0.0,,9535,Churn,1.0,0.0,0.0,1.0
411691,2018,Hà Nội,Highlands Coffee,Yes,Yes,Yes,Yes,No,5.0,39.0,195.0,Seg.02 - Mass Asp (VND 25K - VND 59K),9541,Bronze,3.0,2.0,2.0,3.0
411692,2018,Hà Nội,Highlands Coffee,Yes,Yes,Yes,No,No,2.0,50.0,100.0,Seg.02 - Mass Asp (VND 25K - VND 59K),9544,At-risk,2.0,1.0,2.0,2.0
411692,2018,Hà Nội,Cộng Cà Phê,Yes,Yes,No,No,No,0.0,0.0,0.0,,9548,Churn,1.0,0.0,0.0,1.0
411693,2018,Hà Nội,Highlands Coffee,Yes,Yes,Yes,Yes,No,5.0,60.0,300.0,Seg.03 - Premium (VND 60K - VND 99K),9555,Silver,3.0,2.0,3.0,4.0
411694,2018,Hà Nội,The Coffee House,Yes,Yes,No,No,No,0.0,0.0,0.0,,9561,Churn,1.0,0.0,0.0,1.0
411694,2018,Hà Nội,Highlands Coffee,Yes,Yes,Yes,Yes,No,6.0,50.0,300.0,Seg.02 - Mass Asp (VND 25K - VND 59K),9562,Bronze,3.0,3.0,2.0,3.0
411695,2018,Hà Nội,Highlands Coffee,Yes,Yes,Yes,No,No,2.0,59.0,118.0,Seg.02 - Mass Asp (VND 25K - VND 59K),9567,Silver,2.0,1.0,3.0,4.0
411695,2018,Hà Nội,Cộng Cà Phê,Yes,Yes,Yes,No,No,2.0,35.0,70.0,Seg.02 - Mass Asp (VND 25K - VND 59K),9571,At-risk,2.0,1.0,1.0,2.0
411697,2018,Hà Nội,Cộng Cà Phê,Yes,Yes,Yes,No,No,2.0,35.0,70.0,Seg.02 - Mass Asp (VND 25K - VND 59K),9576,At-risk,2.0,1.0,1.0,2.0
411697,2018,Hà Nội,Highlands Coffee,Yes,Yes,Yes,No,No,1.0,39.0,39.0,Seg.02 - Mass Asp (VND 25K - VND 59K),9580,At-risk,2.0,1.0,2.0,2.0
411698,2018,Hà Nội,Cộng Cà Phê,Yes,Yes,Yes,No,No,3.0,35.0,105.0,Seg.02 - Mass Asp (VND 25K - VND 59K),9583,At-risk,2.0,1.0,1.0,2.0
411698,2018,Hà Nội,Highlands Coffee,Yes,Yes,Yes,No,No,2.0,50.0,100.0,Seg.02 - Mass Asp (VND 25K - VND 59K),9584,At-risk,2.0,1.0,2.0,2.0
411700,2018,Hà Nội,Highlands Coffee,Yes,Yes,Yes,Yes,No,6.0,65.0,390.0,Seg.03 - Premium (VND 60K - VND 99K),9592,Gold,3.0,3.0,3.0,5.0
411711,2018,Hồ Chí Minh,Highlands Coffee,Yes,Yes,Yes,Yes,No,4.0,60.0,240.0,Seg.03 - Premium (VND 60K - VND 99K),9597,Silver,3.0,2.0,3.0,4.0
411797,2018,Hà Nội,Highlands Coffee,Yes,Yes,Yes,No,No,1.0,50.0,50.0,Seg.02 - Mass Asp (VND 25K - VND 59K),9615,At-risk,2.0,1.0,2.0,2.0
411797,2018,Hà Nội,The Coffee House,Yes,Yes,No,No,No,0.0,0.0,0.0,,9616,Churn,1.0,0.0,0.0,1.0
411797,2018,Hà Nội,Cộng Cà Phê,Yes,Yes,No,No,No,0.0,0.0,0.0,,9617,Churn,1.0,0.0,0.0,1.0
411799,2018,Hà Nội,Highlands Coffee,Yes,Yes,No,No,No,0.0,0.0,0.0,,9629,Churn,1.0,0.0,0.0,1.0
411799,2018,Hà Nội,Trung Nguyên,Yes,Yes,Yes,No,No,3.0,40.0,120.0,Seg.02 - Mass Asp (VND 25K - VND 59K),9632,At-risk,2.0,1.0,2.0,2.0
411815,2018,Hà Nội,Highlands Coffee,Yes,Yes,Yes,No,No,2.0,80.0,160.0,Seg.03 - Premium (VND 60K - VND 99K),9655,Silver,2.0,1.0,3.0,4.0
411815,2018,Hà Nội,The Coffee House,Yes,Yes,Yes,No,No,3.0,60.0,180.0,Seg.03 - Premium (VND 60K - VND 99K),9659,Silver,2.0,1.0,3.0,4.0
411816,2018,Hà Nội,Highlands Coffee,Yes,Yes,Yes,Yes,No,5.0,80.0,400.0,Seg.03 - Premium (VND 60K - VND 99K),9666,Silver,3.0,2.0,3.0,4.0
411843,2018,Hà Nội,Highlands Coffee,Yes,Yes,Yes,No,No,3.0,80.0,240.0,Seg.03 - Premium (VND 60K - VND 99K),9679,Silver,2.0,1.0,3.0,4.0
411843,2018,Hà Nội,Cộng Cà Phê,Yes,Yes,No,No,No,0.0,0.0,0.0,,9683,Churn,1.0,0.0,0.0,1.0
411844,2018,Hà Nội,Highlands Coffee,Yes,Yes,Yes,No,No,1.0,60.0,60.0,Seg.03 - Premium (VND 60K - VND 99K),9686,Silver,2.0,1.0,3.0,4.0
411844,2018,Hà Nội,Cộng Cà Phê,Yes,Yes,Yes,No,No,1.0,50.0,50.0,Seg.02 - Mass Asp (VND 25K - VND 59K),9690,At-risk,2.0,1.0,2.0,2.0
412157,2018,Nha Trang,Highlands Coffee,Yes,Yes,Yes,No,No,1.0,49.0,49.0,Seg.02 - Mass Asp (VND 25K - VND 59K),9720,At-risk,2.0,1.0,2.0,2.0
412271,2018,Hồ Chí Minh,Highlands Coffee,Yes,Yes,No,No,No,0.0,0.0,0.0,,9739,Churn,1.0,0.0,0.0,1.0
412271,2018,Hồ Chí Minh,Phúc Long,Yes,Yes,Yes,No,No,2.0,50.0,100.0,Seg.02 - Mass Asp (VND 25K - VND 59K),9743,At-risk,2.0,1.0,2.0,2.0
412272,2018,Hồ Chí Minh,Trung Nguyên,Yes,Yes,No,No,No,0.0,0.0,0.0,,9746,Churn,1.0,0.0,0.0,1.0
412325,2018,Hải Phòng,Highlands Coffee,Yes,Yes,Yes,No,No,3.0,50.0,150.0,Seg.02 - Mass Asp (VND 25K - VND 59K),9756,At-risk,2.0,1.0,2.0,2.0
412423,2018,Nha Trang,Highlands Coffee,Yes,Yes,Yes,No,No,2.0,49.0,98.0,Seg.02 - Mass Asp (VND 25K - VND 59K),9778,At-risk,2.0,1.0,2.0,2.0
412468,2018,Hà Nội,Highlands Coffee,Yes,Yes,Yes,Yes,No,5.0,60.0,300.0,Seg.03 - Premium (VND 60K - VND 99K),9782,Silver,3.0,2.0,3.0,4.0
412503,2018,Nha Trang,Highlands Coffee,Yes,Yes,Yes,Yes,No,5.0,35.0,175.0,Seg.02 - Mass Asp (VND 25K - VND 59K),9797,Bronze,3.0,2.0,1.0,3.0
412959,2018,Nha Trang,Highlands Coffee,Yes,Yes,Yes,No,No,1.0,35.0,35.0,Seg.02 - Mass Asp (VND 25K - VND 59K),9871,At-risk,2.0,1.0,1.0,2.0
413140,2018,Nha Trang,Highlands Coffee,Yes,Yes,No,No,No,0.0,0.0,0.0,,9879,Churn,1.0,0.0,0.0,1.0
413246,2018,Hồ Chí Minh,Phúc Long,Yes,Yes,No,No,No,0.0,0.0,0.0,,9886,Churn,1.0,0.0,0.0,1.0
413246,2018,Hồ Chí Minh,The Coffee House,Yes,Yes,No,No,No,0.0,0.0,0.0,,9887,Churn,1.0,0.0,0.0,1.0
413247,2018,Hồ Chí Minh,Trung Nguyên,Yes,Yes,No,No,No,0.0,0.0,0.0,,9891,Churn,1.0,0.0,0.0,1.0
413391,2018,Nha Trang,Highlands Coffee,Yes,Yes,Yes,Yes,No,8.0,30.0,240.0,Seg.02 - Mass Asp (VND 25K - VND 59K),9897,Gold,3.0,4.0,1.0,5.0
413391,2018,Nha Trang,The Coffee House,Yes,Yes,No,No,No,0.0,0.0,0.0,,9898,Churn,1.0,0.0,0.0,1.0
413411,2018,Hải Phòng,Highlands Coffee,Yes,Yes,Yes,Yes,Yes,16.0,50.0,800.0,Seg.02 - Mass Asp (VND 25K - VND 59K),9899,Gold,4.0,4.0,2.0,5.0
413412,2018,Hải Phòng,Highlands Coffee,Yes,Yes,No,No,No,0.0,0.0,0.0,,9910,Churn,1.0,0.0,0.0,1.0
413450,2018,Nha Trang,Trung Nguyên,Yes,Yes,Yes,Yes,No,4.0,30.0,120.0,Seg.02 - Mass Asp (VND 25K - VND 59K),9920,Bronze,3.0,2.0,1.0,3.0
413818,2018,Nha Trang,Highlands Coffee,Yes,Yes,Yes,Yes,No,6.0,50.0,300.0,Seg.02 - Mass Asp (VND 25K - VND 59K),9938,Bronze,3.0,3.0,2.0,3.0
413829,2018,Hải Phòng,Highlands Coffee,Yes,Yes,Yes,Yes,No,4.0,50.0,200.0,Seg.02 - Mass Asp (VND 25K - VND 59K),9946,Bronze,3.0,2.0,2.0,3.0
413831,2018,Hải Phòng,Highlands Coffee,Yes,Yes,Yes,Yes,No,5.0,59.0,295.0,Seg.02 - Mass Asp (VND 25K - VND 59K),9963,Silver,3.0,2.0,3.0,4.0
413854,2018,Hồ Chí Minh,Highlands Coffee,Yes,Yes,Yes,No,No,2.0,29.0,58.0,Seg.02 - Mass Asp (VND 25K - VND 59K),9993,At-risk,2.0,1.0,1.0,2.0
413914,2018,Hồ Chí Minh,Trung Nguyên,Yes,Yes,Yes,No,No,1.0,35.0,35.0,Seg.02 - Mass Asp (VND 25K - VND 59K),10006,At-risk,2.0,1.0,1.0,2.0
414167,2018,Hà Nội,The Coffee House,Yes,Yes,Yes,No,No,2.0,60.0,120.0,Seg.03 - Premium (VND 60K - VND 99K),10049,Silver,2.0,1.0,3.0,4.0
414167,2018,Hà Nội,Highlands Coffee,Yes,Yes,Yes,Yes,No,6.0,60.0,360.0,Seg.03 - Premium (VND 60K - VND 99K),10055,Gold,3.0,3.0,3.0,5.0
414169,2018,Hà Nội,Cộng Cà Phê,Yes,Yes,No,No,No,0.0,0.0,0.0,,10071,Churn,1.0,0.0,0.0,1.0
414169,2018,Hà Nội,Highlands Coffee,Yes,Yes,Yes,Yes,No,8.0,60.0,480.0,Seg.03 - Premium (VND 60K - VND 99K),10073,Gold,3.0,4.0,3.0,5.0
414170,2018,Hà Nội,Highlands Coffee,Yes,Yes,Yes,No,No,3.0,49.0,147.0,Seg.02 - Mass Asp (VND 25K - VND 59K),10075,At-risk,2.0,1.0,2.0,2.0
414171,2018,Hà Nội,Cộng Cà Phê,Yes,Yes,No,No,No,0.0,0.0,0.0,,10090,Churn,1.0,0.0,0.0,1.0
414174,2018,Hồ Chí Minh,The Coffee House,Yes,Yes,Yes,No,No,1.0,24.0,24.0,Seg.01 - Mass (<VND 25K),10101,At-risk,2.0,1.0,1.0,2.0
414228,2018,Hồ Chí Minh,Highlands Coffee,Yes,Yes,No,No,No,0.0,0.0,0.0,,10105,Churn,1.0,0.0,0.0,1.0
414458,2018,Hải Phòng,Starbucks,Yes,Yes,Yes,No,No,1.0,100.0,100.0,Seg.04 - Super Premium (VND 100K+),10116,Silver,2.0,1.0,4.0,4.0
414458,2018,Hải Phòng,Highlands Coffee,Yes,Yes,Yes,Yes,No,5.0,100.0,500.0,Seg.04 - Super Premium (VND 100K+),10119,Silver,3.0,2.0,4.0,4.0
414515,2018,Nha Trang,Highlands Coffee,Yes,Yes,No,No,No,0.0,0.0,0.0,,10134,Churn,1.0,0.0,0.0,1.0
414540,2018,Nha Trang,Highlands Coffee,Yes,Yes,Yes,No,No,3.0,49.0,147.0,Seg.02 - Mass Asp (VND 25K - VND 59K),10138,At-risk,2.0,1.0,2.0,2.0
414680,2018,Nha Trang,Highlands Coffee,Yes,Yes,Yes,No,No,1.0,35.0,35.0,Seg.02 - Mass Asp (VND 25K - VND 59K),10153,At-risk,2.0,1.0,1.0,2.0
414741,2018,Hồ Chí Minh,Trung Nguyên,Yes,Yes,Yes,Yes,No,4.0,39.0,156.0,Seg.02 - Mass Asp (VND 25K - VND 59K),10157,Bronze,3.0,2.0,2.0,3.0
414741,2018,Hồ Chí Minh,Highlands Coffee,Yes,Yes,Yes,No,No,1.0,49.0,49.0,Seg.02 - Mass Asp (VND 25K - VND 59K),10159,At-risk,2.0,1.0,2.0,2.0
415077,2018,Đà Nẵng,Highlands Coffee,Yes,Yes,Yes,Yes,No,8.0,59.0,472.0,Seg.02 - Mass Asp (VND 25K - VND 59K),10200,Gold,3.0,4.0,3.0,5.0
415173,2018,Hải Phòng,Highlands Coffee,Yes,Yes,No,No,No,0.0,0.0,0.0,,10217,Churn,1.0,0.0,0.0,1.0
415193,2018,Nha Trang,Highlands Coffee,Yes,Yes,Yes,No,No,1.0,60.0,60.0,Seg.03 - Premium (VND 60K - VND 99K),10227,Silver,2.0,1.0,3.0,4.0
415202,2018,Hải Phòng,Highlands Coffee,Yes,Yes,Yes,Yes,No,10.0,70.0,700.0,Seg.03 - Premium (VND 60K - VND 99K),10235,Gold,3.0,4.0,3.0,5.0
415202,2018,Hải Phòng,Cộng Cà Phê,Yes,Yes,No,No,No,0.0,0.0,0.0,,10236,Churn,1.0,0.0,0.0,1.0
415252,2018,Nha Trang,Highlands Coffee,Yes,Yes,No,No,No,0.0,0.0,0.0,,10255,Churn,1.0,0.0,0.0,1.0
415354,2018,Nha Trang,Trung Nguyên,Yes,Yes,No,No,No,0.0,0.0,0.0,,10276,Churn,1.0,0.0,0.0,1.0
415469,2018,Nha Trang,Cộng Cà Phê,Yes,Yes,No,No,No,0.0,0.0,0.0,,10293,Churn,1.0,0.0,0.0,1.0
415469,2018,Nha Trang,Highlands Coffee,Yes,Yes,Yes,Yes,No,5.0,60.0,300.0,Seg.03 - Premium (VND 60K - VND 99K),10294,Silver,3.0,2.0,3.0,4.0
415520,2018,Cần Thơ,Highlands Coffee,Yes,Yes,No,No,No,0.0,0.0,0.0,,10374,Churn,1.0,0.0,0.0,1.0
415567,2018,Hải Phòng,Highlands Coffee,Yes,Yes,Yes,No,No,2.0,50.0,100.0,Seg.02 - Mass Asp (VND 25K - VND 59K),10403,At-risk,2.0,1.0,2.0,2.0
415632,2018,Nha Trang,Trung Nguyên,Yes,Yes,No,No,No,0.0,0.0,0.0,,10406,Churn,1.0,0.0,0.0,1.0
415750,2018,Nha Trang,Highlands Coffee,Yes,Yes,Yes,No,No,2.0,50.0,100.0,Seg.02 - Mass Asp (VND 25K - VND 59K),10425,At-risk,2.0,1.0,2.0,2.0
415793,2018,Hải Phòng,Starbucks,Yes,Yes,Yes,Yes,No,6.0,100.0,600.0,Seg.04 - Super Premium (VND 100K+),10434,Gold,3.0,3.0,4.0,5.0
415793,2018,Hải Phòng,Highlands Coffee,Yes,Yes,Yes,Yes,No,14.0,100.0,1400.0,Seg.04 - Super Premium (VND 100K+),10435,Gold,3.0,4.0,4.0,5.0
415794,2018,Hải Phòng,Highlands Coffee,Yes,Yes,Yes,No,No,3.0,45.0,135.0,Seg.02 - Mass Asp (VND 25K - VND 59K),10448,At-risk,2.0,1.0,2.0,2.0
415857,2018,Nha Trang,Highlands Coffee,Yes,Yes,Yes,No,No,2.0,29.0,58.0,Seg.02 - Mass Asp (VND 25K - VND 59K),10463,At-risk,2.0,1.0,1.0,2.0
415986,2018,Đà Nẵng,Highlands Coffee,Yes,Yes,Yes,Yes,No,4.0,30.0,120.0,Seg.02 - Mass Asp (VND 25K - VND 59K),10481,Bronze,3.0,2.0,1.0,3.0
416377,2018,Hải Phòng,Highlands Coffee,Yes,Yes,Yes,Yes,No,5.0,50.0,250.0,Seg.02 - Mass Asp (VND 25K - VND 59K),10660,Bronze,3.0,2.0,2.0,3.0
416458,2018,Hải Phòng,Highlands Coffee,Yes,Yes,No,No,No,0.0,0.0,0.0,,10698,Churn,1.0,0.0,0.0,1.0
416459,2018,Hải Phòng,Highlands Coffee,Yes,Yes,Yes,No,No,3.0,29.0,87.0,Seg.02 - Mass Asp (VND 25K - VND 59K),10699,At-risk,2.0,1.0,1.0,2.0
416733,2018,Hải Phòng,Highlands Coffee,Yes,Yes,Yes,No,No,2.0,50.0,100.0,Seg.02 - Mass Asp (VND 25K - VND 59K),10726,At-risk,2.0,1.0,2.0,2.0
416831,2018,Đà Nẵng,Trung Nguyên,Yes,Yes,No,No,No,0.0,0.0,0.0,,10729,Churn,1.0,0.0,0.0,1.0
416831,2018,Đà Nẵng,Cộng Cà Phê,Yes,Yes,Yes,No,No,1.0,25.0,25.0,Seg.02 - Mass Asp (VND 25K - VND 59K),10730,At-risk,2.0,1.0,1.0,2.0
416928,2018,Cần Thơ,Trung Nguyên,Yes,Yes,No,No,No,0.0,0.0,0.0,,10743,Churn,1.0,0.0,0.0,1.0
417092,2018,Nha Trang,Trung Nguyên,Yes,Yes,No,No,No,0.0,0.0,0.0,,10753,Churn,1.0,0.0,0.0,1.0
417092,2018,Nha Trang,Highlands Coffee,Yes,Yes,Yes,No,No,3.0,40.0,120.0,Seg.02 - Mass Asp (VND 25K - VND 59K),10754,At-risk,2.0,1.0,2.0,2.0
417316,2018,Hải Phòng,Highlands Coffee,Yes,Yes,Yes,No,No,1.0,60.0,60.0,Seg.03 - Premium (VND 60K - VND 99K),10764,Silver,2.0,1.0,3.0,4.0
417316,2018,Hải Phòng,Trung Nguyên,Yes,Yes,Yes,Yes,No,9.0,25.0,225.0,Seg.02 - Mass Asp (VND 25K - VND 59K),10765,Gold,3.0,4.0,1.0,5.0
417316,2018,Hải Phòng,Cộng Cà Phê,Yes,Yes,No,No,No,0.0,0.0,0.0,,10767,Churn,1.0,0.0,0.0,1.0
417743,2018,Cần Thơ,Trung Nguyên,Yes,Yes,Yes,No,No,1.0,30.0,30.0,Seg.02 - Mass Asp (VND 25K - VND 59K),10815,At-risk,2.0,1.0,1.0,2.0
417862,2018,Nha Trang,Highlands Coffee,Yes,Yes,Yes,Yes,No,5.0,39.0,195.0,Seg.02 - Mass Asp (VND 25K - VND 59K),10820,Bronze,3.0,2.0,2.0,3.0
417880,2018,Hải Phòng,Highlands Coffee,Yes,Yes,Yes,Yes,No,5.0,60.0,300.0,Seg.03 - Premium (VND 60K - VND 99K),10827,Silver,3.0,2.0,3.0,4.0
418003,2018,Đà Nẵng,Trung Nguyên,Yes,Yes,No,No,No,0.0,0.0,0.0,,10836,Churn,1.0,0.0,0.0,1.0
418012,2018,Đà Nẵng,Trung Nguyên,Yes,Yes,Yes,Yes,No,4.0,25.0,100.0,Seg.02 - Mass Asp (VND 25K - VND 59K),10838,Bronze,3.0,2.0,1.0,3.0
418070,2018,Hải Phòng,Highlands Coffee,Yes,Yes,Yes,Yes,No,12.0,80.0,960.0,Seg.03 - Premium (VND 60K - VND 99K),10840,Gold,3.0,4.0,3.0,5.0
418153,2018,Đà Nẵng,Highlands Coffee,Yes,Yes,No,No,No,0.0,0.0,0.0,,10863,Churn,1.0,0.0,0.0,1.0
418249,2018,Nha Trang,Trung Nguyên,Yes,Yes,Yes,No,No,1.0,27.0,27.0,Seg.02 - Mass Asp (VND 25K - VND 59K),10885,At-risk,2.0,1.0,1.0,2.0
418400,2018,Nha Trang,Highlands Coffee,Yes,Yes,No,No,No,0.0,0.0,0.0,,10896,Churn,1.0,0.0,0.0,1.0
418421,2018,Hải Phòng,Highlands Coffee,Yes,Yes,Yes,No,No,2.0,60.0,120.0,Seg.03 - Premium (VND 60K - VND 99K),10904,Silver,2.0,1.0,3.0,4.0
418442,2018,Nha Trang,Cộng Cà Phê,Yes,Yes,Yes,No,No,3.0,50.0,150.0,Seg.02 - Mass Asp (VND 25K - VND 59K),10910,At-risk,2.0,1.0,2.0,2.0
418478,2018,Nha Trang,Trung Nguyên,Yes,Yes,No,No,No,0.0,0.0,0.0,,10913,Churn,1.0,0.0,0.0,1.0
418478,2018,Nha Trang,Highlands Coffee,Yes,Yes,No,No,No,0.0,0.0,0.0,,10915,Churn,1.0,0.0,0.0,1.0
418487,2018,Hải Phòng,Highlands Coffee,Yes,Yes,Yes,Yes,No,4.0,29.0,116.0,Seg.02 - Mass Asp (VND 25K - VND 59K),10916,Bronze,3.0,2.0,1.0,3.0
418519,2018,Đà Nẵng,Highlands Coffee,Yes,Yes,Yes,Yes,No,4.0,49.0,196.0,Seg.02 - Mass Asp (VND 25K - VND 59K),10947,Bronze,3.0,2.0,2.0,3.0
418588,2018,Nha Trang,Highlands Coffee,Yes,Yes,Yes,Yes,No,10.0,59.0,590.0,Seg.02 - Mass Asp (VND 25K - VND 59K),10956,Gold,3.0,4.0,3.0,5.0
418666,2018,Nha Trang,Trung Nguyên,Yes,Yes,Yes,No,No,3.0,30.0,90.0,Seg.02 - Mass Asp (VND 25K - VND 59K),10961,At-risk,2.0,1.0,1.0,2.0
418683,2018,Cần Thơ,Highlands Coffee,Yes,Yes,No,No,No,0.0,0.0,0.0,,10970,Churn,1.0,0.0,0.0,1.0
418684,2018,Cần Thơ,Trung Nguyên,Yes,Yes,No,No,No,0.0,0.0,0.0,,10972,Churn,1.0,0.0,0.0,1.0
418935,2018,Hải Phòng,Highlands Coffee,Yes,Yes,Yes,Yes,No,8.0,59.0,472.0,Seg.02 - Mass Asp (VND 25K - VND 59K),11008,Gold,3.0,4.0,3.0,5.0
418941,2018,Hải Phòng,Highlands Coffee,Yes,Yes,Yes,Yes,No,6.0,50.0,300.0,Seg.02 - Mass Asp (VND 25K - VND 59K),11016,Bronze,3.0,3.0,2.0,3.0
418944,2018,Hải Phòng,Highlands Coffee,Yes,Yes,Yes,No,No,3.0,50.0,150.0,Seg.02 - Mass Asp (VND 25K - VND 59K),11019,At-risk,2.0,1.0,2.0,2.0
419052,2018,Cần Thơ,Trung Nguyên,Yes,Yes,No,No,No,0.0,0.0,0.0,,11040,Churn,1.0,0.0,0.0,1.0
419106,2018,Cần Thơ,Trung Nguyên,Yes,Yes,No,No,No,0.0,0.0,0.0,,11074,Churn,1.0,0.0,0.0,1.0
419113,2018,Đà Nẵng,Highlands Coffee,Yes,Yes,Yes,Yes,No,8.0,39.0,312.0,Seg.02 - Mass Asp (VND 25K - VND 59K),11085,Gold,3.0,4.0,2.0,5.0
419116,2018,Cần Thơ,Trung Nguyên,Yes,Yes,No,No,No,0.0,0.0,0.0,,11100,Churn,1.0,0.0,0.0,1.0
419117,2018,Cần Thơ,Trung Nguyên,Yes,Yes,No,No,No,0.0,0.0,0.0,,11106,Churn,1.0,0.0,0.0,1.0
419184,2018,Nha Trang,Trung Nguyên,Yes,Yes,No,No,No,0.0,0.0,0.0,,11120,Churn,1.0,0.0,0.0,1.0
419184,2018,Nha Trang,Cộng Cà Phê,Yes,Yes,No,No,No,0.0,0.0,0.0,,11121,Churn,1.0,0.0,0.0,1.0
419184,2018,Nha Trang,Highlands Coffee,Yes,Yes,Yes,No,No,2.0,55.0,110.0,Seg.02 - Mass Asp (VND 25K - VND 59K),11122,At-risk,2.0,1.0,2.0,2.0
419198,2018,Nha Trang,Highlands Coffee,Yes,Yes,Yes,No,No,1.0,50.0,50.0,Seg.02 - Mass Asp (VND 25K - VND 59K),11126,At-risk,2.0,1.0,2.0,2.0
419208,2018,Hải Phòng,Highlands Coffee,Yes,Yes,Yes,Yes,No,4.0,60.0,240.0,Seg.03 - Premium (VND 60K - VND 99K),11130,Silver,3.0,2.0,3.0,4.0
419208,2018,Hải Phòng,Starbucks,Yes,Yes,Yes,Yes,No,6.0,80.0,480.0,Seg.03 - Premium (VND 60K - VND 99K),11131,Gold,3.0,3.0,3.0,5.0
419245,2018,Hải Phòng,Highlands Coffee,Yes,Yes,Yes,No,No,2.0,60.0,120.0,Seg.03 - Premium (VND 60K - VND 99K),11148,Silver,2.0,1.0,3.0,4.0
419331,2018,Hải Phòng,Starbucks,Yes,Yes,No,No,No,0.0,0.0,0.0,,11154,Churn,1.0,0.0,0.0,1.0
419331,2018,Hải Phòng,Highlands Coffee,Yes,Yes,No,No,No,0.0,0.0,0.0,,11155,Churn,1.0,0.0,0.0,1.0
419336,2018,Hải Phòng,Highlands Coffee,Yes,Yes,Yes,Yes,No,5.0,69.0,345.0,Seg.03 - Premium (VND 60K - VND 99K),11163,Silver,3.0,2.0,3.0,4.0
419364,2018,Nha Trang,Highlands Coffee,Yes,Yes,Yes,No,No,1.0,50.0,50.0,Seg.02 - Mass Asp (VND 25K - VND 59K),11174,At-risk,2.0,1.0,2.0,2.0
419364,2018,Nha Trang,Trung Nguyên,Yes,Yes,No,No,No,0.0,0.0,0.0,,11175,Churn,1.0,0.0,0.0,1.0
419481,2018,Hải Phòng,Highlands Coffee,Yes,Yes,Yes,No,No,3.0,59.0,177.0,Seg.02 - Mass Asp (VND 25K - VND 59K),11201,Silver,2.0,1.0,3.0,4.0
419489,2018,Hải Phòng,Highlands Coffee,Yes,Yes,No,No,No,0.0,0.0,0.0,,11223,Churn,1.0,0.0,0.0,1.0
419491,2018,Hải Phòng,Highlands Coffee,Yes,Yes,Yes,Yes,No,8.0,49.0,392.0,Seg.02 - Mass Asp (VND 25K - VND 59K),11227,Gold,3.0,4.0,2.0,5.0
419492,2018,Hải Phòng,Highlands Coffee,Yes,Yes,Yes,No,No,1.0,59.0,59.0,Seg.02 - Mass Asp (VND 25K - VND 59K),11235,Silver,2.0,1.0,3.0,4.0
419495,2018,Hải Phòng,Highlands Coffee,Yes,Yes,Yes,Yes,No,10.0,50.0,500.0,Seg.02 - Mass Asp (VND 25K - VND 59K),11250,Gold,3.0,4.0,2.0,5.0
419506,2018,Hải Phòng,Highlands Coffee,Yes,Yes,No,No,No,0.0,0.0,0.0,,11268,Churn,1.0,0.0,0.0,1.0
419508,2018,Hải Phòng,Highlands Coffee,Yes,Yes,No,No,No,0.0,0.0,0.0,,11283,Churn,1.0,0.0,0.0,1.0
419536,2018,Hải Phòng,Highlands Coffee,Yes,Yes,No,No,No,0.0,0.0,0.0,,11305,Churn,1.0,0.0,0.0,1.0
419538,2018,Hải Phòng,Highlands Coffee,Yes,Yes,No,No,No,0.0,0.0,0.0,,11316,Churn,1.0,0.0,0.0,1.0
419540,2018,Hải Phòng,Highlands Coffee,Yes,Yes,No,No,No,0.0,0.0,0.0,,11320,Churn,1.0,0.0,0.0,1.0
419541,2018,Hải Phòng,Highlands Coffee,Yes,Yes,No,No,No,0.0,0.0,0.0,,11330,Churn,1.0,0.0,0.0,1.0
419720,2018,Hải Phòng,Highlands Coffee,Yes,Yes,Yes,No,No,2.0,60.0,120.0,Seg.03 - Premium (VND 60K - VND 99K),11343,Silver,2.0,1.0,3.0,4.0
419723,2018,Nha Trang,Highlands Coffee,Yes,Yes,No,No,No,0.0,0.0,0.0,,11349,Churn,1.0,0.0,0.0,1.0
420114,2018,Hồ Chí Minh,Highlands Coffee,Yes,Yes,Yes,No,No,1.0,39.0,39.0,Seg.02 - Mass Asp (VND 25K - VND 59K),11367,At-risk,2.0,1.0,2.0,2.0
420114,2018,Hồ Chí Minh,Trung Nguyên,Yes,Yes,No,No,No,0.0,0.0,0.0,,11370,Churn,1.0,0.0,0.0,1.0
420124,2018,Nha Trang,Highlands Coffee,Yes,Yes,No,No,No,0.0,0.0,0.0,,11376,Churn,1.0,0.0,0.0,1.0
420500,2018,Nha Trang,Trung Nguyên,Yes,Yes,No,No,No,0.0,0.0,0.0,,11384,Churn,1.0,0.0,0.0,1.0
420500,2018,Nha Trang,Highlands Coffee,Yes,Yes,No,No,No,0.0,0.0,0.0,,11387,Churn,1.0,0.0,0.0,1.0
420656,2018,Nha Trang,Highlands Coffee,Yes,Yes,Yes,Yes,No,15.0,49.0,735.0,Seg.02 - Mass Asp (VND 25K - VND 59K),11391,Gold,3.0,4.0,2.0,5.0
420656,2018,Nha Trang,Cộng Cà Phê,Yes,Yes,Yes,No,No,3.0,32.0,96.0,Seg.02 - Mass Asp (VND 25K - VND 59K),11394,At-risk,2.0,1.0,1.0,2.0
420663,2018,Nha Trang,Highlands Coffee,Yes,Yes,Yes,No,No,2.0,29.0,58.0,Seg.02 - Mass Asp (VND 25K - VND 59K),11395,At-risk,2.0,1.0,1.0,2.0
420767,2018,Hồ Chí Minh,Highlands Coffee,Yes,Yes,Yes,No,No,1.0,70.0,70.0,Seg.03 - Premium (VND 60K - VND 99K),11403,Silver,2.0,1.0,3.0,4.0
420781,2018,Hồ Chí Minh,Highlands Coffee,Yes,Yes,No,No,No,0.0,0.0,0.0,,11416,Churn,1.0,0.0,0.0,1.0
420781,2018,Hồ Chí Minh,The Coffee House,Yes,Yes,Yes,Yes,No,5.0,50.0,250.0,Seg.02 - Mass Asp (VND 25K - VND 59K),11419,Bronze,3.0,2.0,2.0,3.0
420797,2018,Nha Trang,Highlands Coffee,Yes,Yes,Yes,Yes,No,4.0,40.0,160.0,Seg.02 - Mass Asp (VND 25K - VND 59K),11420,Bronze,3.0,2.0,2.0,3.0
420812,2018,Nha Trang,Highlands Coffee,Yes,Yes,Yes,No,No,3.0,30.0,90.0,Seg.02 - Mass Asp (VND 25K - VND 59K),11431,At-risk,2.0,1.0,1.0,2.0
420962,2018,Nha Trang,Highlands Coffee,Yes,Yes,Yes,No,No,2.0,50.0,100.0,Seg.02 - Mass Asp (VND 25K - VND 59K),11458,At-risk,2.0,1.0,2.0,2.0
421114,2018,Nha Trang,Trung Nguyên,Yes,Yes,No,No,No,0.0,0.0,0.0,,11480,Churn,1.0,0.0,0.0,1.0
421114,2018,Nha Trang,Highlands Coffee,Yes,Yes,Yes,No,No,2.0,70.0,140.0,Seg.03 - Premium (VND 60K - VND 99K),11481,Silver,2.0,1.0,3.0,4.0
421328,2018,Nha Trang,Highlands Coffee,Yes,Yes,Yes,Yes,No,4.0,30.0,120.0,Seg.02 - Mass Asp (VND 25K - VND 59K),11499,Bronze,3.0,2.0,1.0,3.0
421333,2018,Nha Trang,Cộng Cà Phê,Yes,Yes,No,No,No,0.0,0.0,0.0,,11503,Churn,1.0,0.0,0.0,1.0
421458,2018,Nha Trang,Highlands Coffee,Yes,Yes,No,No,No,0.0,0.0,0.0,,11527,Churn,1.0,0.0,0.0,1.0
421507,2018,Nha Trang,Trung Nguyên,Yes,Yes,No,No,No,0.0,0.0,0.0,,11541,Churn,1.0,0.0,0.0,1.0
421519,2018,Đà Nẵng,Highlands Coffee,Yes,Yes,Yes,No,No,2.0,59.0,118.0,Seg.02 - Mass Asp (VND 25K - VND 59K),11543,Silver,2.0,1.0,3.0,4.0
421519,2018,Đà Nẵng,Trung Nguyên,Yes,Yes,No,No,No,0.0,0.0,0.0,,11546,Churn,1.0,0.0,0.0,1.0
421521,2018,Đà Nẵng,Highlands Coffee,Yes,Yes,Yes,No,No,3.0,59.0,177.0,Seg.02 - Mass Asp (VND 25K - VND 59K),11551,Silver,2.0,1.0,3.0,4.0
421521,2018,Đà Nẵng,The Coffee House,Yes,Yes,No,No,No,0.0,0.0,0.0,,11559,Churn,1.0,0.0,0.0,1.0
421754,2018,Đà Nẵng,Trung Nguyên,Yes,Yes,No,No,No,0.0,0.0,0.0,,11575,Churn,1.0,0.0,0.0,1.0
421754,2018,Đà Nẵng,The Coffee House,Yes,Yes,Yes,No,No,3.0,59.0,177.0,Seg.02 - Mass Asp (VND 25K - VND 59K),11581,Silver,2.0,1.0,3.0,4.0
421754,2018,Đà Nẵng,Highlands Coffee,Yes,Yes,Yes,Yes,No,5.0,49.0,245.0,Seg.02 - Mass Asp (VND 25K - VND 59K),11585,Bronze,3.0,2.0,2.0,3.0
421768,2018,Hồ Chí Minh,Highlands Coffee,Yes,Yes,No,No,No,0.0,0.0,0.0,,11588,Churn,1.0,0.0,0.0,1.0
421880,2018,Hồ Chí Minh,Highlands Coffee,Yes,Yes,No,No,No,0.0,0.0,0.0,,11601,Churn,1.0,0.0,0.0,1.0
422008,2018,Hồ Chí Minh,The Coffee House,Yes,Yes,No,No,No,0.0,0.0,0.0,,11618,Churn,1.0,0.0,0.0,1.0
422368,2018,Nha Trang,Trung Nguyên,Yes,Yes,Yes,Yes,Yes,20.0,30.0,600.0,Seg.02 - Mass Asp (VND 25K - VND 59K),11640,Gold,4.0,4.0,1.0,5.0
422598,2018,Nha Trang,Highlands Coffee,Yes,Yes,Yes,Yes,Yes,20.0,60.0,1200.0,Seg.03 - Premium (VND 60K - VND 99K),11644,Gold,4.0,4.0,3.0,5.0
422923,2018,Nha Trang,Highlands Coffee,Yes,Yes,No,No,No,0.0,0.0,0.0,,11664,Churn,1.0,0.0,0.0,1.0
422952,2018,Hồ Chí Minh,Highlands Coffee,Yes,Yes,No,No,No,0.0,0.0,0.0,,11674,Churn,1.0,0.0,0.0,1.0
422952,2018,Hồ Chí Minh,Phúc Long,Yes,Yes,No,No,No,0.0,0.0,0.0,,11682,Churn,1.0,0.0,0.0,1.0
422965,2018,Nha Trang,Highlands Coffee,Yes,Yes,Yes,Yes,No,8.0,50.0,400.0,Seg.02 - Mass Asp (VND 25K - VND 59K),11693,Gold,3.0,4.0,2.0,5.0
422968,2018,Nha Trang,Highlands Coffee,Yes,Yes,Yes,Yes,No,15.0,35.0,525.0,Seg.02 - Mass Asp (VND 25K - VND 59K),11698,Gold,3.0,4.0,1.0,5.0
423060,2018,Nha Trang,Highlands Coffee,Yes,Yes,Yes,No,No,1.0,59.0,59.0,Seg.02 - Mass Asp (VND 25K - VND 59K),11707,Silver,2.0,1.0,3.0,4.0
423111,2018,Hồ Chí Minh,Highlands Coffee,Yes,Yes,Yes,No,No,2.0,49.0,98.0,Seg.02 - Mass Asp (VND 25K - VND 59K),11714,At-risk,2.0,1.0,2.0,2.0
423140,2018,Nha Trang,Trung Nguyên,Yes,Yes,Yes,Yes,No,5.0,25.0,125.0,Seg.02 - Mass Asp (VND 25K - VND 59K),11728,Bronze,3.0,2.0,1.0,3.0
423413,2018,Nha Trang,Highlands Coffee,Yes,Yes,Yes,No,No,3.0,60.0,180.0,Seg.03 - Premium (VND 60K - VND 99K),11759,Silver,2.0,1.0,3.0,4.0
423639,2018,Nha Trang,Highlands Coffee,Yes,Yes,Yes,No,No,2.0,40.0,80.0,Seg.02 - Mass Asp (VND 25K - VND 59K),11778,At-risk,2.0,1.0,2.0,2.0
423639,2018,Nha Trang,Cộng Cà Phê,Yes,Yes,No,No,No,0.0,0.0,0.0,,11780,Churn,1.0,0.0,0.0,1.0
423784,2018,Nha Trang,Highlands Coffee,Yes,Yes,Yes,Yes,No,12.0,49.0,588.0,Seg.02 - Mass Asp (VND 25K - VND 59K),11787,Gold,3.0,4.0,2.0,5.0
423784,2018,Nha Trang,Trung Nguyên,Yes,Yes,Yes,No,No,1.0,35.0,35.0,Seg.02 - Mass Asp (VND 25K - VND 59K),11793,At-risk,2.0,1.0,1.0,2.0
423852,2018,Nha Trang,Highlands Coffee,Yes,Yes,Yes,No,No,2.0,35.0,70.0,Seg.02 - Mass Asp (VND 25K - VND 59K),11798,At-risk,2.0,1.0,1.0,2.0
423886,2018,Nha Trang,Highlands Coffee,Yes,Yes,Yes,Yes,Yes,28.0,29.0,812.0,Seg.02 - Mass Asp (VND 25K - VND 59K),11799,Gold,4.0,4.0,1.0,5.0
424050,2018,Nha Trang,Trung Nguyên,Yes,Yes,No,No,No,0.0,0.0,0.0,,11808,Churn,1.0,0.0,0.0,1.0
424050,2018,Nha Trang,Highlands Coffee,Yes,Yes,Yes,No,No,1.0,35.0,35.0,Seg.02 - Mass Asp (VND 25K - VND 59K),11809,At-risk,2.0,1.0,1.0,2.0
424082,2018,Nha Trang,Trung Nguyên,Yes,Yes,No,No,No,0.0,0.0,0.0,,11815,Churn,1.0,0.0,0.0,1.0
424082,2018,Nha Trang,Highlands Coffee,Yes,Yes,No,No,No,0.0,0.0,0.0,,11816,Churn,1.0,0.0,0.0,1.0
424880,2018,Nha Trang,Highlands Coffee,Yes,Yes,Yes,No,No,1.0,59.0,59.0,Seg.02 - Mass Asp (VND 25K - VND 59K),11858,Silver,2.0,1.0,3.0,4.0
425233,2018,Hải Phòng,Trung Nguyên,Yes,Yes,Yes,No,No,1.0,30.0,30.0,Seg.02 - Mass Asp (VND 25K - VND 59K),11886,At-risk,2.0,1.0,1.0,2.0
425233,2018,Hải Phòng,Highlands Coffee,Yes,Yes,Yes,No,No,1.0,50.0,50.0,Seg.02 - Mass Asp (VND 25K - VND 59K),11887,At-risk,2.0,1.0,2.0,2.0
425340,2018,Nha Trang,Highlands Coffee,Yes,Yes,Yes,Yes,No,4.0,50.0,200.0,Seg.02 - Mass Asp (VND 25K - VND 59K),11895,Bronze,3.0,2.0,2.0,3.0
425609,2018,Hải Phòng,Highlands Coffee,Yes,Yes,Yes,Yes,No,8.0,60.0,480.0,Seg.03 - Premium (VND 60K - VND 99K),11898,Gold,3.0,4.0,3.0,5.0
425609,2018,Hải Phòng,Cộng Cà Phê,Yes,Yes,Yes,No,No,2.0,40.0,80.0,Seg.02 - Mass Asp (VND 25K - VND 59K),11899,At-risk,2.0,1.0,2.0,2.0
425762,2018,Hồ Chí Minh,Highlands Coffee,Yes,Yes,No,No,No,0.0,0.0,0.0,,11904,Churn,1.0,0.0,0.0,1.0
425762,2018,Hồ Chí Minh,The Coffee House,Yes,Yes,Yes,Yes,No,6.0,59.0,354.0,Seg.02 - Mass Asp (VND 25K - VND 59K),11908,Gold,3.0,3.0,3.0,5.0
425777,2018,Đà Nẵng,Highlands Coffee,Yes,Yes,Yes,Yes,No,4.0,49.0,196.0,Seg.02 - Mass Asp (VND 25K - VND 59K),11912,Bronze,3.0,2.0,2.0,3.0
425892,2018,Hải Phòng,Starbucks,Yes,Yes,Yes,No,No,1.0,100.0,100.0,Seg.04 - Super Premium (VND 100K+),11915,Silver,2.0,1.0,4.0,4.0
425892,2018,Hải Phòng,Highlands Coffee,Yes,Yes,Yes,No,No,2.0,80.0,160.0,Seg.03 - Premium (VND 60K - VND 99K),11919,Silver,2.0,1.0,3.0,4.0
425930,2018,Hồ Chí Minh,Highlands Coffee,Yes,Yes,Yes,No,No,1.0,50.0,50.0,Seg.02 - Mass Asp (VND 25K - VND 59K),11924,At-risk,2.0,1.0,2.0,2.0
425950,2018,Đà Nẵng,Highlands Coffee,Yes,Yes,Yes,Yes,No,8.0,59.0,472.0,Seg.02 - Mass Asp (VND 25K - VND 59K),11942,Gold,3.0,4.0,3.0,5.0
426483,2018,Đà Nẵng,The Coffee House,Yes,Yes,No,No,No,0.0,0.0,0.0,,11947,Churn,1.0,0.0,0.0,1.0
426862,2018,Hải Phòng,Highlands Coffee,Yes,Yes,Yes,No,No,1.0,100.0,100.0,Seg.04 - Super Premium (VND 100K+),11971,Silver,2.0,1.0,4.0,4.0
427933,2018,Hồ Chí Minh,Highlands Coffee,Yes,Yes,Yes,No,No,2.0,60.0,120.0,Seg.03 - Premium (VND 60K - VND 99K),11988,Silver,2.0,1.0,3.0,4.0
428417,2018,Hải Phòng,Highlands Coffee,Yes,Yes,Yes,Yes,No,4.0,59.0,236.0,Seg.02 - Mass Asp (VND 25K - VND 59K),12005,Silver,3.0,2.0,3.0,4.0
428466,2018,Đà Nẵng,Highlands Coffee,Yes,Yes,Yes,No,No,3.0,59.0,177.0,Seg.02 - Mass Asp (VND 25K - VND 59K),12012,Silver,2.0,1.0,3.0,4.0
428758,2018,Hải Phòng,Highlands Coffee,Yes,Yes,Yes,No,No,1.0,50.0,50.0,Seg.02 - Mass Asp (VND 25K - VND 59K),12044,At-risk,2.0,1.0,2.0,2.0
428983,2018,Hải Phòng,Highlands Coffee,Yes,Yes,Yes,No,No,2.0,49.0,98.0,Seg.02 - Mass Asp (VND 25K - VND 59K),12050,At-risk,2.0,1.0,2.0,2.0
428985,2018,Hải Phòng,Highlands Coffee,Yes,Yes,No,No,No,0.0,0.0,0.0,,12057,Churn,1.0,0.0,0.0,1.0
428985,2018,Hải Phòng,Cộng Cà Phê,Yes,Yes,No,No,No,0.0,0.0,0.0,,12059,Churn,1.0,0.0,0.0,1.0
429262,2018,Hồ Chí Minh,Trung Nguyên,Yes,Yes,No,No,No,0.0,0.0,0.0,,12071,Churn,1.0,0.0,0.0,1.0
429262,2018,Hồ Chí Minh,Highlands Coffee,Yes,Yes,Yes,No,No,2.0,65.0,130.0,Seg.03 - Premium (VND 60K - VND 99K),12072,Silver,2.0,1.0,3.0,4.0
429329,2018,Đà Nẵng,Highlands Coffee,Yes,Yes,Yes,Yes,No,8.0,45.0,360.0,Seg.02 - Mass Asp (VND 25K - VND 59K),12078,Gold,3.0,4.0,2.0,5.0
429487,2018,Hải Phòng,Highlands Coffee,Yes,Yes,No,No,No,0.0,0.0,0.0,,12090,Churn,1.0,0.0,0.0,1.0
429580,2018,Hải Phòng,Highlands Coffee,Yes,Yes,No,No,No,0.0,0.0,0.0,,12103,Churn,1.0,0.0,0.0,1.0
429592,2018,Hồ Chí Minh,Trung Nguyên,Yes,Yes,No,No,No,0.0,0.0,0.0,,12109,Churn,1.0,0.0,0.0,1.0
429913,2018,Hải Phòng,Highlands Coffee,Yes,Yes,Yes,No,No,2.0,39.0,78.0,Seg.02 - Mass Asp (VND 25K - VND 59K),12113,At-risk,2.0,1.0,2.0,2.0
429914,2018,Hải Phòng,Highlands Coffee,Yes,Yes,Yes,No,No,3.0,50.0,150.0,Seg.02 - Mass Asp (VND 25K - VND 59K),12119,At-risk,2.0,1.0,2.0,2.0
429983,2018,Hải Phòng,Highlands Coffee,Yes,Yes,Yes,No,No,3.0,60.0,180.0,Seg.03 - Premium (VND 60K - VND 99K),12127,Silver,2.0,1.0,3.0,4.0
430168,2018,Hà Nội,Highlands Coffee,Yes,Yes,Yes,Yes,No,10.0,55.0,550.0,Seg.02 - Mass Asp (VND 25K - VND 59K),12130,Gold,3.0,4.0,2.0,5.0
430292,2018,Hà Nội,Highlands Coffee,Yes,Yes,Yes,No,No,1.0,39.0,39.0,Seg.02 - Mass Asp (VND 25K - VND 59K),12142,At-risk,2.0,1.0,2.0,2.0
430292,2018,Hà Nội,Cộng Cà Phê,Yes,Yes,Yes,No,No,3.0,55.0,165.0,Seg.02 - Mass Asp (VND 25K - VND 59K),12144,At-risk,2.0,1.0,2.0,2.0
430293,2018,Hà Nội,Cộng Cà Phê,Yes,Yes,Yes,Yes,No,4.0,50.0,200.0,Seg.02 - Mass Asp (VND 25K - VND 59K),12153,Bronze,3.0,2.0,2.0,3.0
430323,2018,Hà Nội,Trung Nguyên,Yes,Yes,No,No,No,0.0,0.0,0.0,,12169,Churn,1.0,0.0,0.0,1.0
430323,2018,Hà Nội,Highlands Coffee,Yes,Yes,Yes,No,No,1.0,29.0,29.0,Seg.02 - Mass Asp (VND 25K - VND 59K),12172,At-risk,2.0,1.0,1.0,2.0
430324,2018,Hà Nội,Highlands Coffee,Yes,Yes,Yes,No,No,2.0,29.0,58.0,Seg.02 - Mass Asp (VND 25K - VND 59K),12174,At-risk,2.0,1.0,1.0,2.0
430332,2018,Hà Nội,Starbucks,Yes,Yes,Yes,No,No,1.0,70.0,70.0,Seg.03 - Premium (VND 60K - VND 99K),12182,Silver,2.0,1.0,3.0,4.0
430332,2018,Hà Nội,Highlands Coffee,Yes,Yes,Yes,No,No,1.0,60.0,60.0,Seg.03 - Premium (VND 60K - VND 99K),12185,Silver,2.0,1.0,3.0,4.0
430332,2018,Hà Nội,Cộng Cà Phê,Yes,Yes,Yes,No,No,1.0,50.0,50.0,Seg.02 - Mass Asp (VND 25K - VND 59K),12188,At-risk,2.0,1.0,2.0,2.0
430332,2018,Hà Nội,The Coffee House,Yes,Yes,No,No,No,0.0,0.0,0.0,,12191,Churn,1.0,0.0,0.0,1.0
430333,2018,Hà Nội,Cộng Cà Phê,Yes,Yes,Yes,No,No,3.0,60.0,180.0,Seg.03 - Premium (VND 60K - VND 99K),12194,Silver,2.0,1.0,3.0,4.0
430333,2018,Hà Nội,The Coffee House,Yes,Yes,No,No,No,0.0,0.0,0.0,,12196,Churn,1.0,0.0,0.0,1.0
430333,2018,Hà Nội,Highlands Coffee,Yes,Yes,Yes,No,No,2.0,60.0,120.0,Seg.03 - Premium (VND 60K - VND 99K),12202,Silver,2.0,1.0,3.0,4.0
430334,2018,Hà Nội,Cộng Cà Phê,Yes,Yes,Yes,No,No,2.0,60.0,120.0,Seg.03 - Premium (VND 60K - VND 99K),12212,Silver,2.0,1.0,3.0,4.0
430334,2018,Hà Nội,Highlands Coffee,Yes,Yes,Yes,No,No,2.0,60.0,120.0,Seg.03 - Premium (VND 60K - VND 99K),12213,Silver,2.0,1.0,3.0,4.0
430335,2018,Hà Nội,Trung Nguyên,Yes,Yes,No,No,No,0.0,0.0,0.0,,12214,Churn,1.0,0.0,0.0,1.0
430336,2018,Hà Nội,Highlands Coffee,Yes,Yes,Yes,No,No,3.0,50.0,150.0,Seg.02 - Mass Asp (VND 25K - VND 59K),12223,At-risk,2.0,1.0,2.0,2.0
430336,2018,Hà Nội,Cộng Cà Phê,Yes,Yes,No,No,No,0.0,0.0,0.0,,12224,Churn,1.0,0.0,0.0,1.0
430337,2018,Hà Nội,Cộng Cà Phê,Yes,Yes,Yes,Yes,No,4.0,55.0,220.0,Seg.02 - Mass Asp (VND 25K - VND 59K),12230,Bronze,3.0,2.0,2.0,3.0
430337,2018,Hà Nội,Highlands Coffee,Yes,Yes,Yes,Yes,No,4.0,60.0,240.0,Seg.03 - Premium (VND 60K - VND 99K),12233,Silver,3.0,2.0,3.0,4.0
430338,2018,Hà Nội,Highlands Coffee,Yes,Yes,Yes,No,No,2.0,50.0,100.0,Seg.02 - Mass Asp (VND 25K - VND 59K),12239,At-risk,2.0,1.0,2.0,2.0
430339,2018,Hà Nội,Cộng Cà Phê,Yes,Yes,Yes,Yes,No,5.0,50.0,250.0,Seg.02 - Mass Asp (VND 25K - VND 59K),12252,Bronze,3.0,2.0,2.0,3.0
430339,2018,Hà Nội,Highlands Coffee,Yes,Yes,No,No,No,0.0,0.0,0.0,,12259,Churn,1.0,0.0,0.0,1.0
430709,2018,Hồ Chí Minh,Trung Nguyên,Yes,Yes,No,No,No,0.0,0.0,0.0,,12277,Churn,1.0,0.0,0.0,1.0
430712,2018,Hồ Chí Minh,Trung Nguyên,Yes,Yes,Yes,No,No,1.0,30.0,30.0,Seg.02 - Mass Asp (VND 25K - VND 59K),12288,At-risk,2.0,1.0,1.0,2.0
430877,2018,Đà Nẵng,Highlands Coffee,Yes,Yes,No,No,No,0.0,0.0,0.0,,12303,Churn,1.0,0.0,0.0,1.0
430889,2018,Hà Nội,Trung Nguyên,Yes,Yes,Yes,No,No,3.0,25.0,75.0,Seg.02 - Mass Asp (VND 25K - VND 59K),12306,At-risk,2.0,1.0,1.0,2.0
431211,2018,Hồ Chí Minh,Highlands Coffee,Yes,Yes,No,No,No,0.0,0.0,0.0,,12342,Churn,1.0,0.0,0.0,1.0
431586,2018,Hải Phòng,Highlands Coffee,Yes,Yes,Yes,No,No,2.0,59.0,118.0,Seg.02 - Mass Asp (VND 25K - VND 59K),12356,Silver,2.0,1.0,3.0,4.0
431619,2018,Hà Nội,Cộng Cà Phê,Yes,Yes,Yes,No,No,1.0,50.0,50.0,Seg.02 - Mass Asp (VND 25K - VND 59K),12369,At-risk,2.0,1.0,2.0,2.0
431619,2018,Hà Nội,Highlands Coffee,Yes,Yes,Yes,No,No,1.0,60.0,60.0,Seg.03 - Premium (VND 60K - VND 99K),12370,Silver,2.0,1.0,3.0,4.0
431620,2018,Hà Nội,Highlands Coffee,Yes,Yes,Yes,Yes,No,4.0,60.0,240.0,Seg.03 - Premium (VND 60K - VND 99K),12385,Silver,3.0,2.0,3.0,4.0
431621,2018,Hà Nội,Highlands Coffee,Yes,Yes,Yes,Yes,No,4.0,60.0,240.0,Seg.03 - Premium (VND 60K - VND 99K),12389,Silver,3.0,2.0,3.0,4.0
431621,2018,Hà Nội,Trung Nguyên,Yes,Yes,No,No,No,0.0,0.0,0.0,,12390,Churn,1.0,0.0,0.0,1.0
431622,2018,Hà Nội,Highlands Coffee,Yes,Yes,No,No,No,0.0,0.0,0.0,,12394,Churn,1.0,0.0,0.0,1.0
431622,2018,Hà Nội,Trung Nguyên,Yes,Yes,No,No,No,0.0,0.0,0.0,,12395,Churn,1.0,0.0,0.0,1.0
431622,2018,Hà Nội,Cộng Cà Phê,Yes,Yes,Yes,No,No,1.0,55.0,55.0,Seg.02 - Mass Asp (VND 25K - VND 59K),12398,At-risk,2.0,1.0,2.0,2.0
431624,2018,Hà Nội,Trung Nguyên,Yes,Yes,No,No,No,0.0,0.0,0.0,,12408,Churn,1.0,0.0,0.0,1.0
431625,2018,Hà Nội,Cộng Cà Phê,Yes,Yes,No,No,No,0.0,0.0,0.0,,12421,Churn,1.0,0.0,0.0,1.0
431626,2018,Hà Nội,Cộng Cà Phê,Yes,Yes,No,No,No,0.0,0.0,0.0,,12425,Churn,1.0,0.0,0.0,1.0
431626,2018,Hà Nội,The Coffee House,Yes,Yes,No,No,No,0.0,0.0,0.0,,12430,Churn,1.0,0.0,0.0,1.0
431627,2018,Hà Nội,Highlands Coffee,Yes,Yes,No,No,No,0.0,0.0,0.0,,12435,Churn,1.0,0.0,0.0,1.0
431627,2018,Hà Nội,Trung Nguyên,Yes,Yes,Yes,Yes,No,4.0,35.0,140.0,Seg.02 - Mass Asp (VND 25K - VND 59K),12443,Bronze,3.0,2.0,1.0,3.0
431629,2018,Hà Nội,Cộng Cà Phê,Yes,Yes,No,No,No,0.0,0.0,0.0,,12450,Churn,1.0,0.0,0.0,1.0
431629,2018,Hà Nội,Starbucks,Yes,Yes,No,No,No,0.0,0.0,0.0,,12456,Churn,1.0,0.0,0.0,1.0
431631,2018,Hà Nội,Cộng Cà Phê,Yes,Yes,Yes,No,No,3.0,45.0,135.0,Seg.02 - Mass Asp (VND 25K - VND 59K),12463,At-risk,2.0,1.0,2.0,2.0
431631,2018,Hà Nội,The Coffee House,Yes,Yes,Yes,Yes,No,5.0,60.0,300.0,Seg.03 - Premium (VND 60K - VND 99K),12464,Silver,3.0,2.0,3.0,4.0
431632,2018,Hà Nội,Cộng Cà Phê,Yes,Yes,Yes,Yes,No,4.0,45.0,180.0,Seg.02 - Mass Asp (VND 25K - VND 59K),12472,Bronze,3.0,2.0,2.0,3.0
431632,2018,Hà Nội,Highlands Coffee,Yes,Yes,No,No,No,0.0,0.0,0.0,,12473,Churn,1.0,0.0,0.0,1.0
431632,2018,Hà Nội,Trung Nguyên,Yes,Yes,No,No,No,0.0,0.0,0.0,,12475,Churn,1.0,0.0,0.0,1.0
431633,2018,Hà Nội,Highlands Coffee,Yes,Yes,Yes,Yes,No,4.0,65.0,260.0,Seg.03 - Premium (VND 60K - VND 99K),12476,Silver,3.0,2.0,3.0,4.0
431633,2018,Hà Nội,The Coffee House,Yes,Yes,No,No,No,0.0,0.0,0.0,,12478,Churn,1.0,0.0,0.0,1.0
431633,2018,Hà Nội,Cộng Cà Phê,Yes,Yes,No,No,No,0.0,0.0,0.0,,12483,Churn,1.0,0.0,0.0,1.0
431925,2018,Hà Nội,Trung Nguyên,Yes,Yes,No,No,No,0.0,0.0,0.0,,12497,Churn,1.0,0.0,0.0,1.0
431926,2018,Hà Nội,Highlands Coffee,Yes,Yes,Yes,No,No,2.0,60.0,120.0,Seg.03 - Premium (VND 60K - VND 99K),12502,Silver,2.0,1.0,3.0,4.0
431926,2018,Hà Nội,Cộng Cà Phê,Yes,Yes,No,No,No,0.0,0.0,0.0,,12506,Churn,1.0,0.0,0.0,1.0
431927,2018,Hà Nội,Cộng Cà Phê,Yes,Yes,No,No,No,0.0,0.0,0.0,,12514,Churn,1.0,0.0,0.0,1.0
431927,2018,Hà Nội,Highlands Coffee,Yes,Yes,No,No,No,0.0,0.0,0.0,,12516,Churn,1.0,0.0,0.0,1.0
431927,2018,Hà Nội,The Coffee House,Yes,Yes,No,No,No,0.0,0.0,0.0,,12517,Churn,1.0,0.0,0.0,1.0
431929,2018,Hà Nội,Highlands Coffee,Yes,Yes,No,No,No,0.0,0.0,0.0,,12520,Churn,1.0,0.0,0.0,1.0
431929,2018,Hà Nội,Trung Nguyên,Yes,Yes,No,No,No,0.0,0.0,0.0,,12526,Churn,1.0,0.0,0.0,1.0
431929,2018,Hà Nội,Cộng Cà Phê,Yes,Yes,Yes,Yes,No,7.0,60.0,420.0,Seg.03 - Premium (VND 60K - VND 99K),12527,Gold,3.0,3.0,3.0,5.0
431930,2018,Hà Nội,Trung Nguyên,Yes,Yes,No,No,No,0.0,0.0,0.0,,12531,Churn,1.0,0.0,0.0,1.0
431931,2018,Hà Nội,Highlands Coffee,Yes,Yes,Yes,Yes,No,6.0,50.0,300.0,Seg.02 - Mass Asp (VND 25K - VND 59K),12535,Bronze,3.0,3.0,2.0,3.0
431931,2018,Hà Nội,The Coffee House,Yes,Yes,No,No,No,0.0,0.0,0.0,,12543,Churn,1.0,0.0,0.0,1.0
431931,2018,Hà Nội,Cộng Cà Phê,Yes,Yes,No,No,No,0.0,0.0,0.0,,12544,Churn,1.0,0.0,0.0,1.0
431932,2018,Hà Nội,Cộng Cà Phê,Yes,Yes,Yes,Yes,No,4.0,60.0,240.0,Seg.03 - Premium (VND 60K - VND 99K),12546,Silver,3.0,2.0,3.0,4.0
431932,2018,Hà Nội,Trung Nguyên,Yes,Yes,No,No,No,0.0,0.0,0.0,,12552,Churn,1.0,0.0,0.0,1.0
431932,2018,Hà Nội,Highlands Coffee,Yes,Yes,Yes,No,No,1.0,60.0,60.0,Seg.03 - Premium (VND 60K - VND 99K),12553,Silver,2.0,1.0,3.0,4.0
431932,2018,Hà Nội,The Coffee House,Yes,Yes,No,No,No,0.0,0.0,0.0,,12554,Churn,1.0,0.0,0.0,1.0
431933,2018,Hà Nội,Highlands Coffee,Yes,Yes,No,No,No,0.0,0.0,0.0,,12559,Churn,1.0,0.0,0.0,1.0
431933,2018,Hà Nội,Cộng Cà Phê,Yes,Yes,No,No,No,0.0,0.0,0.0,,12563,Churn,1.0,0.0,0.0,1.0
432040,2018,Hồ Chí Minh,Highlands Coffee,Yes,Yes,No,No,No,0.0,0.0,0.0,,12570,Churn,1.0,0.0,0.0,1.0
432041,2018,Hồ Chí Minh,Highlands Coffee,Yes,Yes,No,No,No,0.0,0.0,0.0,,12574,Churn,1.0,0.0,0.0,1.0
432104,2018,Đà Nẵng,Highlands Coffee,Yes,Yes,Yes,Yes,No,4.0,29.0,116.0,Seg.02 - Mass Asp (VND 25K - VND 59K),12590,Bronze,3.0,2.0,1.0,3.0
432259,2018,Đà Nẵng,Highlands Coffee,Yes,Yes,No,No,No,0.0,0.0,0.0,,12607,Churn,1.0,0.0,0.0,1.0
432266,2018,Hà Nội,Highlands Coffee,Yes,Yes,Yes,Yes,No,4.0,65.0,260.0,Seg.03 - Premium (VND 60K - VND 99K),12612,Silver,3.0,2.0,3.0,4.0
432318,2018,Hà Nội,Highlands Coffee,Yes,Yes,No,No,No,0.0,0.0,0.0,,12619,Churn,1.0,0.0,0.0,1.0
432318,2018,Hà Nội,The Coffee House,Yes,Yes,No,No,No,0.0,0.0,0.0,,12624,Churn,1.0,0.0,0.0,1.0
432320,2018,Hà Nội,Highlands Coffee,Yes,Yes,Yes,Yes,No,4.0,60.0,240.0,Seg.03 - Premium (VND 60K - VND 99K),12633,Silver,3.0,2.0,3.0,4.0
432414,2018,Đà Nẵng,Trung Nguyên,Yes,Yes,No,No,No,0.0,0.0,0.0,,12639,Churn,1.0,0.0,0.0,1.0
432429,2018,Hồ Chí Minh,Highlands Coffee,Yes,Yes,Yes,No,No,1.0,40.0,40.0,Seg.02 - Mass Asp (VND 25K - VND 59K),12659,At-risk,2.0,1.0,2.0,2.0
432430,2018,Hồ Chí Minh,Phúc Long,Yes,Yes,No,No,No,0.0,0.0,0.0,,12662,Churn,1.0,0.0,0.0,1.0
432430,2018,Hồ Chí Minh,Trung Nguyên,Yes,Yes,Yes,No,No,1.0,25.0,25.0,Seg.02 - Mass Asp (VND 25K - VND 59K),12663,At-risk,2.0,1.0,1.0,2.0
432464,2018,Nha Trang,Highlands Coffee,Yes,Yes,Yes,No,No,1.0,30.0,30.0,Seg.02 - Mass Asp (VND 25K - VND 59K),12672,At-risk,2.0,1.0,1.0,2.0
432539,2018,Hà Nội,The Coffee House,Yes,Yes,No,No,No,0.0,0.0,0.0,,12679,Churn,1.0,0.0,0.0,1.0
432540,2018,Hà Nội,Cộng Cà Phê,Yes,Yes,Yes,Yes,No,5.0,50.0,250.0,Seg.02 - Mass Asp (VND 25K - VND 59K),12696,Bronze,3.0,2.0,2.0,3.0
432541,2018,Hà Nội,Cộng Cà Phê,Yes,Yes,No,No,No,0.0,0.0,0.0,,12698,Churn,1.0,0.0,0.0,1.0
432541,2018,Hà Nội,The Coffee House,Yes,Yes,Yes,Yes,No,4.0,50.0,200.0,Seg.02 - Mass Asp (VND 25K - VND 59K),12703,Bronze,3.0,2.0,2.0,3.0
432542,2018,Hà Nội,The Coffee House,Yes,Yes,No,No,No,0.0,0.0,0.0,,12709,Churn,1.0,0.0,0.0,1.0
432543,2018,Hà Nội,Trung Nguyên,Yes,Yes,Yes,Yes,No,4.0,30.0,120.0,Seg.02 - Mass Asp (VND 25K - VND 59K),12713,Bronze,3.0,2.0,1.0,3.0
432545,2018,Hà Nội,Highlands Coffee,Yes,Yes,Yes,Yes,No,4.0,55.0,220.0,Seg.02 - Mass Asp (VND 25K - VND 59K),12723,Bronze,3.0,2.0,2.0,3.0
432621,2018,Hồ Chí Minh,Highlands Coffee,Yes,Yes,Yes,Yes,No,10.0,50.0,500.0,Seg.02 - Mass Asp (VND 25K - VND 59K),12725,Gold,3.0,4.0,2.0,5.0
432621,2018,Hồ Chí Minh,Trung Nguyên,Yes,Yes,No,No,No,0.0,0.0,0.0,,12729,Churn,1.0,0.0,0.0,1.0
432664,2018,Nha Trang,Trung Nguyên,Yes,Yes,Yes,Yes,Yes,20.0,25.0,500.0,Seg.02 - Mass Asp (VND 25K - VND 59K),12745,Gold,4.0,4.0,1.0,5.0
432752,2018,Nha Trang,Highlands Coffee,Yes,Yes,No,No,No,0.0,0.0,0.0,,12751,Churn,1.0,0.0,0.0,1.0
432820,2018,Hồ Chí Minh,Trung Nguyên,Yes,Yes,Yes,Yes,No,10.0,45.0,450.0,Seg.02 - Mass Asp (VND 25K - VND 59K),12763,Gold,3.0,4.0,2.0,5.0
432824,2018,Nha Trang,Highlands Coffee,Yes,Yes,Yes,No,No,1.0,50.0,50.0,Seg.02 - Mass Asp (VND 25K - VND 59K),12768,At-risk,2.0,1.0,2.0,2.0
432897,2018,Đà Nẵng,Highlands Coffee,Yes,Yes,Yes,Yes,Yes,30.0,39.0,1170.0,Seg.02 - Mass Asp (VND 25K - VND 59K),12794,Gold,4.0,4.0,2.0,5.0
432897,2018,Đà Nẵng,The Coffee House,Yes,Yes,Yes,No,No,2.0,40.0,80.0,Seg.02 - Mass Asp (VND 25K - VND 59K),12799,At-risk,2.0,1.0,2.0,2.0
433023,2018,Đà Nẵng,Highlands Coffee,Yes,Yes,Yes,No,No,1.0,49.0,49.0,Seg.02 - Mass Asp (VND 25K - VND 59K),12803,At-risk,2.0,1.0,2.0,2.0
433023,2018,Đà Nẵng,Phúc Long,Yes,Yes,No,No,No,0.0,0.0,0.0,,12811,Churn,1.0,0.0,0.0,1.0
433023,2018,Đà Nẵng,The Coffee House,Yes,Yes,No,No,No,0.0,0.0,0.0,,12812,Churn,1.0,0.0,0.0,1.0
433037,2018,Đà Nẵng,Trung Nguyên,Yes,Yes,No,No,No,0.0,0.0,0.0,,12813,Churn,1.0,0.0,0.0,1.0
433037,2018,Đà Nẵng,Phúc Long,Yes,Yes,No,No,No,0.0,0.0,0.0,,12816,Churn,1.0,0.0,0.0,1.0
433128,2018,Hồ Chí Minh,The Coffee House,Yes,Yes,No,No,No,0.0,0.0,0.0,,12821,Churn,1.0,0.0,0.0,1.0
433237,2018,Hồ Chí Minh,Trung Nguyên,Yes,Yes,No,No,No,0.0,0.0,0.0,,12846,Churn,1.0,0.0,0.0,1.0
433238,2018,Hồ Chí Minh,The Coffee House,Yes,Yes,Yes,No,No,2.0,50.0,100.0,Seg.02 - Mass Asp (VND 25K - VND 59K),12858,At-risk,2.0,1.0,2.0,2.0
433238,2018,Hồ Chí Minh,Highlands Coffee,Yes,Yes,No,No,No,0.0,0.0,0.0,,12859,Churn,1.0,0.0,0.0,1.0
433239,2018,Hồ Chí Minh,Highlands Coffee,Yes,Yes,No,No,No,0.0,0.0,0.0,,12861,Churn,1.0,0.0,0.0,1.0
433239,2018,Hồ Chí Minh,The Coffee House,Yes,Yes,No,No,No,0.0,0.0,0.0,,12866,Churn,1.0,0.0,0.0,1.0
433240,2018,Hồ Chí Minh,The Coffee House,Yes,Yes,No,No,No,0.0,0.0,0.0,,12871,Churn,1.0,0.0,0.0,1.0
433240,2018,Hồ Chí Minh,Highlands Coffee,Yes,Yes,No,No,No,0.0,0.0,0.0,,12872,Churn,1.0,0.0,0.0,1.0
433256,2018,Hồ Chí Minh,The Coffee House,Yes,Yes,Yes,Yes,No,6.0,50.0,300.0,Seg.02 - Mass Asp (VND 25K - VND 59K),12886,Bronze,3.0,3.0,2.0,3.0
433329,2018,Hà Nội,Highlands Coffee,Yes,Yes,Yes,No,No,1.0,50.0,50.0,Seg.02 - Mass Asp (VND 25K - VND 59K),12916,At-risk,2.0,1.0,2.0,2.0
433330,2018,Hà Nội,Highlands Coffee,Yes,Yes,Yes,No,No,3.0,50.0,150.0,Seg.02 - Mass Asp (VND 25K - VND 59K),12928,At-risk,2.0,1.0,2.0,2.0
433331,2018,Hà Nội,Highlands Coffee,Yes,Yes,Yes,No,No,1.0,40.0,40.0,Seg.02 - Mass Asp (VND 25K - VND 59K),12934,At-risk,2.0,1.0,2.0,2.0
433331,2018,Hà Nội,The Coffee House,Yes,Yes,No,No,No,0.0,0.0,0.0,,12935,Churn,1.0,0.0,0.0,1.0
433332,2018,Hà Nội,Highlands Coffee,Yes,Yes,No,No,No,0.0,0.0,0.0,,12940,Churn,1.0,0.0,0.0,1.0
433332,2018,Hà Nội,Cộng Cà Phê,Yes,Yes,No,No,No,0.0,0.0,0.0,,12947,Churn,1.0,0.0,0.0,1.0
433333,2018,Hà Nội,Highlands Coffee,Yes,Yes,Yes,No,No,1.0,60.0,60.0,Seg.03 - Premium (VND 60K - VND 99K),12948,Silver,2.0,1.0,3.0,4.0
433333,2018,Hà Nội,Cộng Cà Phê,Yes,Yes,No,No,No,0.0,0.0,0.0,,12953,Churn,1.0,0.0,0.0,1.0
433334,2018,Hà Nội,Highlands Coffee,Yes,Yes,Yes,No,No,2.0,60.0,120.0,Seg.03 - Premium (VND 60K - VND 99K),12959,Silver,2.0,1.0,3.0,4.0
433334,2018,Hà Nội,Cộng Cà Phê,Yes,Yes,Yes,Yes,No,6.0,60.0,360.0,Seg.03 - Premium (VND 60K - VND 99K),12961,Gold,3.0,3.0,3.0,5.0
433334,2018,Hà Nội,The Coffee House,Yes,Yes,No,No,No,0.0,0.0,0.0,,12965,Churn,1.0,0.0,0.0,1.0
433335,2018,Hà Nội,Trung Nguyên,Yes,Yes,Yes,Yes,No,10.0,50.0,500.0,Seg.02 - Mass Asp (VND 25K - VND 59K),12974,Gold,3.0,4.0,2.0,5.0
433335,2018,Hà Nội,Highlands Coffee,Yes,Yes,Yes,No,No,2.0,50.0,100.0,Seg.02 - Mass Asp (VND 25K - VND 59K),12976,At-risk,2.0,1.0,2.0,2.0
433336,2018,Hà Nội,Trung Nguyên,Yes,Yes,Yes,Yes,No,5.0,40.0,200.0,Seg.02 - Mass Asp (VND 25K - VND 59K),12980,Bronze,3.0,2.0,2.0,3.0
433366,2018,Hải Phòng,Highlands Coffee,Yes,Yes,Yes,No,No,3.0,49.0,147.0,Seg.02 - Mass Asp (VND 25K - VND 59K),12990,At-risk,2.0,1.0,2.0,2.0
433450,2018,Đà Nẵng,Highlands Coffee,Yes,Yes,No,No,No,0.0,0.0,0.0,,13006,Churn,1.0,0.0,0.0,1.0
433450,2018,Đà Nẵng,The Coffee House,Yes,Yes,No,No,No,0.0,0.0,0.0,,13011,Churn,1.0,0.0,0.0,1.0
433571,2018,Đà Nẵng,Highlands Coffee,Yes,Yes,No,No,No,0.0,0.0,0.0,,13016,Churn,1.0,0.0,0.0,1.0
433667,2018,Đà Nẵng,Highlands Coffee,Yes,Yes,Yes,No,No,3.0,39.0,117.0,Seg.02 - Mass Asp (VND 25K - VND 59K),13034,At-risk,2.0,1.0,2.0,2.0
433696,2018,Hà Nội,Cộng Cà Phê,Yes,Yes,Yes,Yes,No,6.0,40.0,240.0,Seg.02 - Mass Asp (VND 25K - VND 59K),13049,Bronze,3.0,3.0,2.0,3.0
433696,2018,Hà Nội,The Coffee House,Yes,Yes,Yes,No,No,3.0,40.0,120.0,Seg.02 - Mass Asp (VND 25K - VND 59K),13052,At-risk,2.0,1.0,2.0,2.0
433696,2018,Hà Nội,Highlands Coffee,Yes,Yes,No,No,No,0.0,0.0,0.0,,13055,Churn,1.0,0.0,0.0,1.0
433697,2018,Hà Nội,Highlands Coffee,Yes,Yes,No,No,No,0.0,0.0,0.0,,13061,Churn,1.0,0.0,0.0,1.0
433698,2018,Hà Nội,Cộng Cà Phê,Yes,Yes,Yes,Yes,No,6.0,40.0,240.0,Seg.02 - Mass Asp (VND 25K - VND 59K),13065,Bronze,3.0,3.0,2.0,3.0
433698,2018,Hà Nội,Highlands Coffee,Yes,Yes,Yes,No,No,3.0,35.0,105.0,Seg.02 - Mass Asp (VND 25K - VND 59K),13070,At-risk,2.0,1.0,1.0,2.0
433699,2018,Hà Nội,Cộng Cà Phê,Yes,Yes,No,No,No,0.0,0.0,0.0,,13073,Churn,1.0,0.0,0.0,1.0
433699,2018,Hà Nội,The Coffee House,Yes,Yes,Yes,Yes,No,4.0,35.0,140.0,Seg.02 - Mass Asp (VND 25K - VND 59K),13076,Bronze,3.0,2.0,1.0,3.0
433699,2018,Hà Nội,Highlands Coffee,Yes,Yes,No,No,No,0.0,0.0,0.0,,13079,Churn,1.0,0.0,0.0,1.0
433702,2018,Hà Nội,Highlands Coffee,Yes,Yes,Yes,No,No,3.0,49.0,147.0,Seg.02 - Mass Asp (VND 25K - VND 59K),13108,At-risk,2.0,1.0,2.0,2.0
433732,2018,Đà Nẵng,Highlands Coffee,Yes,Yes,Yes,No,No,2.0,110.0,220.0,Seg.04 - Super Premium (VND 100K+),13135,Silver,2.0,1.0,4.0,4.0
433732,2018,Đà Nẵng,The Coffee House,Yes,Yes,No,No,No,0.0,0.0,0.0,,13137,Churn,1.0,0.0,0.0,1.0
433871,2018,Đà Nẵng,Highlands Coffee,Yes,Yes,Yes,No,No,1.0,39.0,39.0,Seg.02 - Mass Asp (VND 25K - VND 59K),13150,At-risk,2.0,1.0,2.0,2.0
433945,2018,Nha Trang,Highlands Coffee,Yes,Yes,Yes,Yes,No,5.0,49.0,245.0,Seg.02 - Mass Asp (VND 25K - VND 59K),13163,Bronze,3.0,2.0,2.0,3.0
433946,2018,Đà Nẵng,Highlands Coffee,Yes,Yes,Yes,No,No,2.0,39.0,78.0,Seg.02 - Mass Asp (VND 25K - VND 59K),13170,At-risk,2.0,1.0,2.0,2.0
433981,2018,Đà Nẵng,Highlands Coffee,Yes,Yes,No,No,No,0.0,0.0,0.0,,13179,Churn,1.0,0.0,0.0,1.0
434005,2018,Nha Trang,Highlands Coffee,Yes,Yes,Yes,No,No,1.0,49.0,49.0,Seg.02 - Mass Asp (VND 25K - VND 59K),13187,At-risk,2.0,1.0,2.0,2.0
434032,2018,Đà Nẵng,Highlands Coffee,Yes,Yes,Yes,Yes,No,8.0,49.0,392.0,Seg.02 - Mass Asp (VND 25K - VND 59K),13202,Gold,3.0,4.0,2.0,5.0
434032,2018,Đà Nẵng,Starbucks,Yes,Yes,No,No,No,0.0,0.0,0.0,,13204,Churn,1.0,0.0,0.0,1.0
434072,2018,Nha Trang,Highlands Coffee,Yes,Yes,Yes,Yes,No,10.0,49.0,490.0,Seg.02 - Mass Asp (VND 25K - VND 59K),13208,Gold,3.0,4.0,2.0,5.0
434083,2018,Nha Trang,Highlands Coffee,Yes,Yes,Yes,Yes,No,5.0,59.0,295.0,Seg.02 - Mass Asp (VND 25K - VND 59K),13217,Silver,3.0,2.0,3.0,4.0
434084,2018,Hồ Chí Minh,The Coffee House,Yes,Yes,No,No,No,0.0,0.0,0.0,,13224,Churn,1.0,0.0,0.0,1.0
434091,2018,Hồ Chí Minh,Trung Nguyên,Yes,Yes,No,No,No,0.0,0.0,0.0,,13238,Churn,1.0,0.0,0.0,1.0
434300,2018,Nha Trang,Highlands Coffee,Yes,Yes,Yes,Yes,Yes,20.0,100.0,2000.0,Seg.04 - Super Premium (VND 100K+),13270,Gold,4.0,4.0,4.0,5.0
434330,2018,Nha Trang,Highlands Coffee,Yes,Yes,Yes,Yes,No,15.0,50.0,750.0,Seg.02 - Mass Asp (VND 25K - VND 59K),13274,Gold,3.0,4.0,2.0,5.0
434330,2018,Nha Trang,Cộng Cà Phê,Yes,Yes,Yes,No,No,1.0,50.0,50.0,Seg.02 - Mass Asp (VND 25K - VND 59K),13278,At-risk,2.0,1.0,2.0,2.0
434369,2018,Hồ Chí Minh,Starbucks,Yes,Yes,Yes,No,No,2.0,55.0,110.0,Seg.02 - Mass Asp (VND 25K - VND 59K),13279,At-risk,2.0,1.0,2.0,2.0
434369,2018,Hồ Chí Minh,Highlands Coffee,Yes,Yes,No,No,No,0.0,0.0,0.0,,13282,Churn,1.0,0.0,0.0,1.0
434449,2018,Hồ Chí Minh,Highlands Coffee,Yes,Yes,No,No,No,0.0,0.0,0.0,,13300,Churn,1.0,0.0,0.0,1.0
434449,2018,Hồ Chí Minh,The Coffee House,Yes,Yes,Yes,Yes,No,8.0,39.0,312.0,Seg.02 - Mass Asp (VND 25K - VND 59K),13301,Gold,3.0,4.0,2.0,5.0
434461,2018,Hồ Chí Minh,Trung Nguyên,Yes,Yes,No,No,No,0.0,0.0,0.0,,13307,Churn,1.0,0.0,0.0,1.0
434464,2018,Nha Trang,Trung Nguyên,Yes,Yes,Yes,Yes,Yes,20.0,28.0,560.0,Seg.02 - Mass Asp (VND 25K - VND 59K),13312,Gold,4.0,4.0,1.0,5.0
434464,2018,Nha Trang,Highlands Coffee,Yes,Yes,No,No,No,0.0,0.0,0.0,,13313,Churn,1.0,0.0,0.0,1.0
434471,2018,Nha Trang,Highlands Coffee,Yes,Yes,Yes,No,No,3.0,49.0,147.0,Seg.02 - Mass Asp (VND 25K - VND 59K),13318,At-risk,2.0,1.0,2.0,2.0
434487,2018,Đà Nẵng,The Coffee House,Yes,Yes,Yes,No,No,2.0,39.0,78.0,Seg.02 - Mass Asp (VND 25K - VND 59K),13325,At-risk,2.0,1.0,2.0,2.0
434487,2018,Đà Nẵng,Highlands Coffee,Yes,Yes,Yes,Yes,No,6.0,49.0,294.0,Seg.02 - Mass Asp (VND 25K - VND 59K),13326,Bronze,3.0,3.0,2.0,3.0
434487,2018,Đà Nẵng,Phúc Long,Yes,Yes,Yes,No,No,1.0,50.0,50.0,Seg.02 - Mass Asp (VND 25K - VND 59K),13331,At-risk,2.0,1.0,2.0,2.0
434720,2018,Đà Nẵng,The Coffee House,Yes,Yes,Yes,No,No,1.0,40.0,40.0,Seg.02 - Mass Asp (VND 25K - VND 59K),13350,At-risk,2.0,1.0,2.0,2.0
434720,2018,Đà Nẵng,Highlands Coffee,Yes,Yes,Yes,No,No,2.0,49.0,98.0,Seg.02 - Mass Asp (VND 25K - VND 59K),13356,At-risk,2.0,1.0,2.0,2.0
434774,2018,Đà Nẵng,Cộng Cà Phê,Yes,Yes,No,No,No,0.0,0.0,0.0,,13364,Churn,1.0,0.0,0.0,1.0
434774,2018,Đà Nẵng,Highlands Coffee,Yes,Yes,Yes,Yes,No,4.0,29.0,116.0,Seg.02 - Mass Asp (VND 25K - VND 59K),13368,Bronze,3.0,2.0,1.0,3.0
434897,2018,Hải Phòng,Highlands Coffee,Yes,Yes,Yes,No,No,3.0,49.0,147.0,Seg.02 - Mass Asp (VND 25K - VND 59K),13407,At-risk,2.0,1.0,2.0,2.0
435036,2018,Hà Nội,Highlands Coffee,Yes,Yes,No,No,No,0.0,0.0,0.0,,13417,Churn,1.0,0.0,0.0,1.0
435039,2018,Hà Nội,Highlands Coffee,Yes,Yes,Yes,No,No,2.0,50.0,100.0,Seg.02 - Mass Asp (VND 25K - VND 59K),13427,At-risk,2.0,1.0,2.0,2.0
435039,2018,Hà Nội,Cộng Cà Phê,Yes,Yes,Yes,Yes,No,5.0,45.0,225.0,Seg.02 - Mass Asp (VND 25K - VND 59K),13429,Bronze,3.0,2.0,2.0,3.0
435040,2018,Hà Nội,The Coffee House,Yes,Yes,Yes,Yes,No,4.0,35.0,140.0,Seg.02 - Mass Asp (VND 25K - VND 59K),13431,Bronze,3.0,2.0,1.0,3.0
435040,2018,Hà Nội,Highlands Coffee,Yes,Yes,No,No,No,0.0,0.0,0.0,,13437,Churn,1.0,0.0,0.0,1.0
435041,2018,Hà Nội,Highlands Coffee,Yes,Yes,Yes,No,No,1.0,49.0,49.0,Seg.02 - Mass Asp (VND 25K - VND 59K),13439,At-risk,2.0,1.0,2.0,2.0
435042,2018,Hà Nội,Trung Nguyên,Yes,Yes,Yes,No,No,1.0,40.0,40.0,Seg.02 - Mass Asp (VND 25K - VND 59K),13454,At-risk,2.0,1.0,2.0,2.0
435042,2018,Hà Nội,Highlands Coffee,Yes,Yes,Yes,No,No,3.0,55.0,165.0,Seg.02 - Mass Asp (VND 25K - VND 59K),13457,At-risk,2.0,1.0,2.0,2.0
435043,2018,Hà Nội,Highlands Coffee,Yes,Yes,Yes,No,No,3.0,39.0,117.0,Seg.02 - Mass Asp (VND 25K - VND 59K),13459,At-risk,2.0,1.0,2.0,2.0
435044,2018,Hà Nội,Cộng Cà Phê,Yes,Yes,Yes,No,No,2.0,50.0,100.0,Seg.02 - Mass Asp (VND 25K - VND 59K),13476,At-risk,2.0,1.0,2.0,2.0
435044,2018,Hà Nội,Highlands Coffee,Yes,Yes,No,No,No,0.0,0.0,0.0,,13478,Churn,1.0,0.0,0.0,1.0
435083,2018,Hồ Chí Minh,Highlands Coffee,Yes,Yes,Yes,Yes,No,4.0,60.0,240.0,Seg.03 - Premium (VND 60K - VND 99K),13523,Silver,3.0,2.0,3.0,4.0
435084,2018,Hồ Chí Minh,Highlands Coffee,Yes,Yes,Yes,No,No,3.0,50.0,150.0,Seg.02 - Mass Asp (VND 25K - VND 59K),13524,At-risk,2.0,1.0,2.0,2.0
435085,2018,Hồ Chí Minh,Highlands Coffee,Yes,Yes,Yes,Yes,No,6.0,60.0,360.0,Seg.03 - Premium (VND 60K - VND 99K),13534,Gold,3.0,3.0,3.0,5.0
435106,2018,Hồ Chí Minh,Trung Nguyên,Yes,Yes,No,No,No,0.0,0.0,0.0,,13545,Churn,1.0,0.0,0.0,1.0
435107,2018,Hồ Chí Minh,Trung Nguyên,Yes,Yes,No,No,No,0.0,0.0,0.0,,13547,Churn,1.0,0.0,0.0,1.0
435108,2018,Hồ Chí Minh,Phúc Long,Yes,Yes,Yes,Yes,No,4.0,50.0,200.0,Seg.02 - Mass Asp (VND 25K - VND 59K),13550,Bronze,3.0,2.0,2.0,3.0
435109,2018,Hồ Chí Minh,Highlands Coffee,Yes,Yes,Yes,Yes,No,4.0,60.0,240.0,Seg.03 - Premium (VND 60K - VND 99K),13555,Silver,3.0,2.0,3.0,4.0
435140,2018,Hồ Chí Minh,Highlands Coffee,Yes,Yes,Yes,Yes,No,10.0,39.0,390.0,Seg.02 - Mass Asp (VND 25K - VND 59K),13571,Gold,3.0,4.0,2.0,5.0
435165,2018,Hà Nội,Highlands Coffee,Yes,Yes,Yes,No,No,1.0,70.0,70.0,Seg.03 - Premium (VND 60K - VND 99K),13580,Silver,2.0,1.0,3.0,4.0
435166,2018,Hà Nội,Highlands Coffee,Yes,Yes,Yes,No,No,3.0,60.0,180.0,Seg.03 - Premium (VND 60K - VND 99K),13588,Silver,2.0,1.0,3.0,4.0
435166,2018,Hà Nội,Trung Nguyên,Yes,Yes,No,No,No,0.0,0.0,0.0,,13593,Churn,1.0,0.0,0.0,1.0
435166,2018,Hà Nội,Cộng Cà Phê,Yes,Yes,Yes,No,No,2.0,50.0,100.0,Seg.02 - Mass Asp (VND 25K - VND 59K),13596,At-risk,2.0,1.0,2.0,2.0
435168,2018,Hà Nội,Cộng Cà Phê,Yes,Yes,No,No,No,0.0,0.0,0.0,,13598,Churn,1.0,0.0,0.0,1.0
435168,2018,Hà Nội,Highlands Coffee,Yes,Yes,Yes,No,No,2.0,70.0,140.0,Seg.03 - Premium (VND 60K - VND 99K),13599,Silver,2.0,1.0,3.0,4.0
435168,2018,Hà Nội,The Coffee House,Yes,Yes,Yes,No,No,1.0,55.0,55.0,Seg.02 - Mass Asp (VND 25K - VND 59K),13603,At-risk,2.0,1.0,2.0,2.0
435169,2018,Hà Nội,The Coffee House,Yes,Yes,Yes,Yes,No,5.0,50.0,250.0,Seg.02 - Mass Asp (VND 25K - VND 59K),13604,Bronze,3.0,2.0,2.0,3.0
435169,2018,Hà Nội,Highlands Coffee,Yes,Yes,Yes,Yes,Yes,18.0,60.0,1080.0,Seg.03 - Premium (VND 60K - VND 99K),13608,Gold,4.0,4.0,3.0,5.0
435169,2018,Hà Nội,Trung Nguyên,Yes,Yes,No,No,No,0.0,0.0,0.0,,13610,Churn,1.0,0.0,0.0,1.0
435169,2018,Hà Nội,Cộng Cà Phê,Yes,Yes,Yes,No,No,1.0,40.0,40.0,Seg.02 - Mass Asp (VND 25K - VND 59K),13612,At-risk,2.0,1.0,2.0,2.0
435169,2018,Hà Nội,Starbucks,Yes,Yes,No,No,No,0.0,0.0,0.0,,13615,Churn,1.0,0.0,0.0,1.0
435170,2018,Hà Nội,Highlands Coffee,Yes,Yes,No,No,No,0.0,0.0,0.0,,13617,Churn,1.0,0.0,0.0,1.0
435170,2018,Hà Nội,Cộng Cà Phê,Yes,Yes,Yes,Yes,No,5.0,60.0,300.0,Seg.03 - Premium (VND 60K - VND 99K),13621,Silver,3.0,2.0,3.0,4.0
435170,2018,Hà Nội,The Coffee House,Yes,Yes,No,No,No,0.0,0.0,0.0,,13623,Churn,1.0,0.0,0.0,1.0
435170,2018,Hà Nội,Trung Nguyên,Yes,Yes,No,No,No,0.0,0.0,0.0,,13625,Churn,1.0,0.0,0.0,1.0
435223,2018,Hải Phòng,Starbucks,Yes,Yes,No,No,No,0.0,0.0,0.0,,13632,Churn,1.0,0.0,0.0,1.0
435224,2018,Hải Phòng,Trung Nguyên,Yes,Yes,Yes,No,No,1.0,30.0,30.0,Seg.02 - Mass Asp (VND 25K - VND 59K),13642,At-risk,2.0,1.0,1.0,2.0
435228,2018,Hải Phòng,Highlands Coffee,Yes,Yes,No,No,No,0.0,0.0,0.0,,13657,Churn,1.0,0.0,0.0,1.0
435232,2018,Hải Phòng,Highlands Coffee,Yes,Yes,Yes,Yes,No,4.0,100.0,400.0,Seg.04 - Super Premium (VND 100K+),13678,Silver,3.0,2.0,4.0,4.0
435232,2018,Hải Phòng,Cộng Cà Phê,Yes,Yes,No,No,No,0.0,0.0,0.0,,13679,Churn,1.0,0.0,0.0,1.0
435235,2018,Hải Phòng,Highlands Coffee,Yes,Yes,No,No,No,0.0,0.0,0.0,,13691,Churn,1.0,0.0,0.0,1.0
435240,2018,Nha Trang,Highlands Coffee,Yes,Yes,Yes,No,No,3.0,39.0,117.0,Seg.02 - Mass Asp (VND 25K - VND 59K),13714,At-risk,2.0,1.0,2.0,2.0
435316,2018,Hồ Chí Minh,Highlands Coffee,Yes,Yes,No,No,No,0.0,0.0,0.0,,13731,Churn,1.0,0.0,0.0,1.0
435316,2018,Hồ Chí Minh,Trung Nguyên,Yes,Yes,Yes,No,No,2.0,60.0,120.0,Seg.03 - Premium (VND 60K - VND 99K),13733,Silver,2.0,1.0,3.0,4.0
435324,2018,Đà Nẵng,Highlands Coffee,Yes,Yes,Yes,Yes,No,10.0,49.0,490.0,Seg.02 - Mass Asp (VND 25K - VND 59K),13747,Gold,3.0,4.0,2.0,5.0
435324,2018,Đà Nẵng,Cộng Cà Phê,Yes,Yes,No,No,No,0.0,0.0,0.0,,13751,Churn,1.0,0.0,0.0,1.0
435382,2018,Hải Phòng,Highlands Coffee,Yes,Yes,No,No,No,0.0,0.0,0.0,,13755,Churn,1.0,0.0,0.0,1.0
435383,2018,Hải Phòng,Starbucks,Yes,Yes,No,No,No,0.0,0.0,0.0,,13763,Churn,1.0,0.0,0.0,1.0
435383,2018,Hải Phòng,Cộng Cà Phê,Yes,Yes,No,No,No,0.0,0.0,0.0,,13765,Churn,1.0,0.0,0.0,1.0
435383,2018,Hải Phòng,Highlands Coffee,Yes,Yes,Yes,Yes,No,4.0,50.0,200.0,Seg.02 - Mass Asp (VND 25K - VND 59K),13766,Bronze,3.0,2.0,2.0,3.0
435593,2018,Hải Phòng,Highlands Coffee,Yes,Yes,Yes,Yes,No,4.0,49.0,196.0,Seg.02 - Mass Asp (VND 25K - VND 59K),13780,Bronze,3.0,2.0,2.0,3.0
435597,2018,Hải Phòng,Highlands Coffee,Yes,Yes,No,No,No,0.0,0.0,0.0,,13787,Churn,1.0,0.0,0.0,1.0
435598,2018,Hải Phòng,Highlands Coffee,Yes,Yes,Yes,Yes,No,4.0,50.0,200.0,Seg.02 - Mass Asp (VND 25K - VND 59K),13795,Bronze,3.0,2.0,2.0,3.0
435598,2018,Hải Phòng,Starbucks,Yes,Yes,Yes,Yes,No,4.0,80.0,320.0,Seg.03 - Premium (VND 60K - VND 99K),13797,Silver,3.0,2.0,3.0,4.0
435598,2018,Hải Phòng,Cộng Cà Phê,Yes,Yes,Yes,Yes,No,8.0,40.0,320.0,Seg.02 - Mass Asp (VND 25K - VND 59K),13798,Gold,3.0,4.0,2.0,5.0
435599,2018,Hải Phòng,Cộng Cà Phê,Yes,Yes,Yes,Yes,No,4.0,50.0,200.0,Seg.02 - Mass Asp (VND 25K - VND 59K),13800,Bronze,3.0,2.0,2.0,3.0
435599,2018,Hải Phòng,Highlands Coffee,Yes,Yes,Yes,No,No,2.0,70.0,140.0,Seg.03 - Premium (VND 60K - VND 99K),13804,Silver,2.0,1.0,3.0,4.0
435612,2018,Hà Nội,Cộng Cà Phê,Yes,Yes,No,No,No,0.0,0.0,0.0,,13813,Churn,1.0,0.0,0.0,1.0
435613,2018,Hà Nội,Highlands Coffee,Yes,Yes,Yes,Yes,No,4.0,50.0,200.0,Seg.02 - Mass Asp (VND 25K - VND 59K),13819,Bronze,3.0,2.0,2.0,3.0
435613,2018,Hà Nội,Cộng Cà Phê,Yes,Yes,No,No,No,0.0,0.0,0.0,,13822,Churn,1.0,0.0,0.0,1.0
435615,2018,Hà Nội,Highlands Coffee,Yes,Yes,Yes,No,No,3.0,50.0,150.0,Seg.02 - Mass Asp (VND 25K - VND 59K),13830,At-risk,2.0,1.0,2.0,2.0
435860,2018,Hồ Chí Minh,Highlands Coffee,Yes,Yes,Yes,No,No,2.0,49.0,98.0,Seg.02 - Mass Asp (VND 25K - VND 59K),13859,At-risk,2.0,1.0,2.0,2.0
435860,2018,Hồ Chí Minh,The Coffee House,Yes,Yes,No,No,No,0.0,0.0,0.0,,13863,Churn,1.0,0.0,0.0,1.0
435967,2018,Hà Nội,Highlands Coffee,Yes,Yes,Yes,Yes,No,6.0,50.0,300.0,Seg.02 - Mass Asp (VND 25K - VND 59K),13873,Bronze,3.0,3.0,2.0,3.0
435967,2018,Hà Nội,Cộng Cà Phê,Yes,Yes,No,No,No,0.0,0.0,0.0,,13875,Churn,1.0,0.0,0.0,1.0
435968,2018,Hà Nội,Cộng Cà Phê,Yes,Yes,Yes,Yes,No,9.0,45.0,405.0,Seg.02 - Mass Asp (VND 25K - VND 59K),13884,Gold,3.0,4.0,2.0,5.0
435970,2018,Hà Nội,Highlands Coffee,Yes,Yes,Yes,Yes,No,6.0,65.0,390.0,Seg.03 - Premium (VND 60K - VND 99K),13903,Gold,3.0,3.0,3.0,5.0
435971,2018,Hà Nội,Highlands Coffee,Yes,Yes,No,No,No,0.0,0.0,0.0,,13911,Churn,1.0,0.0,0.0,1.0
435976,2018,Hà Nội,The Coffee House,Yes,Yes,Yes,No,No,3.0,60.0,180.0,Seg.03 - Premium (VND 60K - VND 99K),13936,Silver,2.0,1.0,3.0,4.0
436002,2018,Hồ Chí Minh,Trung Nguyên,Yes,Yes,No,No,No,0.0,0.0,0.0,,13941,Churn,1.0,0.0,0.0,1.0
436076,2018,Hải Phòng,Highlands Coffee,Yes,Yes,Yes,No,No,3.0,60.0,180.0,Seg.03 - Premium (VND 60K - VND 99K),13949,Silver,2.0,1.0,3.0,4.0
436161,2018,Đà Nẵng,Trung Nguyên,Yes,Yes,No,No,No,0.0,0.0,0.0,,13970,Churn,1.0,0.0,0.0,1.0
436161,2018,Đà Nẵng,The Coffee House,Yes,Yes,Yes,Yes,No,8.0,60.0,480.0,Seg.03 - Premium (VND 60K - VND 99K),13972,Gold,3.0,4.0,3.0,5.0
436387,2018,Nha Trang,Trung Nguyên,Yes,Yes,Yes,Yes,No,6.0,25.0,150.0,Seg.02 - Mass Asp (VND 25K - VND 59K),14024,Bronze,3.0,3.0,1.0,3.0
436502,2018,Hồ Chí Minh,Highlands Coffee,Yes,Yes,Yes,No,No,2.0,100.0,200.0,Seg.04 - Super Premium (VND 100K+),14034,Silver,2.0,1.0,4.0,4.0
436515,2018,Đà Nẵng,Highlands Coffee,Yes,Yes,Yes,Yes,No,12.0,100.0,1200.0,Seg.04 - Super Premium (VND 100K+),14042,Gold,3.0,4.0,4.0,5.0
436749,2018,Nha Trang,Trung Nguyên,Yes,Yes,No,No,No,0.0,0.0,0.0,,14068,Churn,1.0,0.0,0.0,1.0
436864,2018,Nha Trang,Highlands Coffee,Yes,Yes,No,No,No,0.0,0.0,0.0,,14077,Churn,1.0,0.0,0.0,1.0
436864,2018,Nha Trang,Trung Nguyên,Yes,Yes,No,No,No,0.0,0.0,0.0,,14079,Churn,1.0,0.0,0.0,1.0
436987,2018,Đà Nẵng,Highlands Coffee,Yes,Yes,Yes,No,No,2.0,29.0,58.0,Seg.02 - Mass Asp (VND 25K - VND 59K),14090,At-risk,2.0,1.0,1.0,2.0
436987,2018,Đà Nẵng,Trung Nguyên,Yes,Yes,Yes,No,No,2.0,48.0,96.0,Seg.02 - Mass Asp (VND 25K - VND 59K),14093,At-risk,2.0,1.0,2.0,2.0
436987,2018,Đà Nẵng,The Coffee House,Yes,Yes,Yes,No,No,1.0,39.0,39.0,Seg.02 - Mass Asp (VND 25K - VND 59K),14101,At-risk,2.0,1.0,2.0,2.0
437231,2018,Hà Nội,Trung Nguyên,Yes,Yes,No,No,No,0.0,0.0,0.0,,14110,Churn,1.0,0.0,0.0,1.0
437232,2018,Hà Nội,Cộng Cà Phê,Yes,Yes,Yes,No,No,2.0,50.0,100.0,Seg.02 - Mass Asp (VND 25K - VND 59K),14114,At-risk,2.0,1.0,2.0,2.0
437232,2018,Hà Nội,Trung Nguyên,Yes,Yes,No,No,No,0.0,0.0,0.0,,14117,Churn,1.0,0.0,0.0,1.0
437232,2018,Hà Nội,Highlands Coffee,Yes,Yes,Yes,Yes,No,5.0,50.0,250.0,Seg.02 - Mass Asp (VND 25K - VND 59K),14118,Bronze,3.0,2.0,2.0,3.0
437238,2018,Hà Nội,Highlands Coffee,Yes,Yes,Yes,No,No,1.0,49.0,49.0,Seg.02 - Mass Asp (VND 25K - VND 59K),14128,At-risk,2.0,1.0,2.0,2.0
437239,2018,Hà Nội,Highlands Coffee,Yes,Yes,Yes,No,No,2.0,50.0,100.0,Seg.02 - Mass Asp (VND 25K - VND 59K),14136,At-risk,2.0,1.0,2.0,2.0
437241,2018,Hà Nội,Starbucks,Yes,Yes,Yes,No,No,3.0,72.0,216.0,Seg.03 - Premium (VND 60K - VND 99K),14150,Silver,2.0,1.0,3.0,4.0
437241,2018,Hà Nội,Highlands Coffee,Yes,Yes,Yes,Yes,No,7.0,69.0,483.0,Seg.03 - Premium (VND 60K - VND 99K),14156,Gold,3.0,3.0,3.0,5.0
437245,2018,Hà Nội,The Coffee House,Yes,Yes,No,No,No,0.0,0.0,0.0,,14169,Churn,1.0,0.0,0.0,1.0
437245,2018,Hà Nội,Cộng Cà Phê,Yes,Yes,No,No,No,0.0,0.0,0.0,,14170,Churn,1.0,0.0,0.0,1.0
437245,2018,Hà Nội,Trung Nguyên,Yes,Yes,No,No,No,0.0,0.0,0.0,,14171,Churn,1.0,0.0,0.0,1.0
437246,2018,Hà Nội,Trung Nguyên,Yes,Yes,Yes,Yes,No,4.0,35.0,140.0,Seg.02 - Mass Asp (VND 25K - VND 59K),14173,Bronze,3.0,2.0,1.0,3.0
437247,2018,Hà Nội,Highlands Coffee,Yes,Yes,Yes,Yes,No,4.0,75.0,300.0,Seg.03 - Premium (VND 60K - VND 99K),14179,Silver,3.0,2.0,3.0,4.0
437247,2018,Hà Nội,Trung Nguyên,Yes,Yes,No,No,No,0.0,0.0,0.0,,14183,Churn,1.0,0.0,0.0,1.0
437248,2018,Hà Nội,Cộng Cà Phê,Yes,Yes,Yes,Yes,No,4.0,40.0,160.0,Seg.02 - Mass Asp (VND 25K - VND 59K),14185,Bronze,3.0,2.0,2.0,3.0
437248,2018,Hà Nội,Highlands Coffee,Yes,Yes,No,No,No,0.0,0.0,0.0,,14191,Churn,1.0,0.0,0.0,1.0
437249,2018,Hà Nội,Cộng Cà Phê,Yes,Yes,No,No,No,0.0,0.0,0.0,,14194,Churn,1.0,0.0,0.0,1.0
437249,2018,Hà Nội,Highlands Coffee,Yes,Yes,No,No,No,0.0,0.0,0.0,,14195,Churn,1.0,0.0,0.0,1.0
437249,2018,Hà Nội,The Coffee House,Yes,Yes,Yes,Yes,No,4.0,55.0,220.0,Seg.02 - Mass Asp (VND 25K - VND 59K),14197,Bronze,3.0,2.0,2.0,3.0
437250,2018,Hà Nội,Cộng Cà Phê,Yes,Yes,No,No,No,0.0,0.0,0.0,,14200,Churn,1.0,0.0,0.0,1.0
437251,2018,Hà Nội,The Coffee House,Yes,Yes,No,No,No,0.0,0.0,0.0,,14207,Churn,1.0,0.0,0.0,1.0
437251,2018,Hà Nội,Highlands Coffee,Yes,Yes,Yes,Yes,No,4.0,45.0,180.0,Seg.02 - Mass Asp (VND 25K - VND 59K),14208,Bronze,3.0,2.0,2.0,3.0
437252,2018,Hà Nội,Highlands Coffee,Yes,Yes,No,No,No,0.0,0.0,0.0,,14213,Churn,1.0,0.0,0.0,1.0
437252,2018,Hà Nội,Trung Nguyên,Yes,Yes,No,No,No,0.0,0.0,0.0,,14215,Churn,1.0,0.0,0.0,1.0
437253,2018,Hà Nội,Highlands Coffee,Yes,Yes,Yes,No,No,1.0,60.0,60.0,Seg.03 - Premium (VND 60K - VND 99K),14226,Silver,2.0,1.0,3.0,4.0
437254,2018,Hà Nội,Highlands Coffee,Yes,Yes,Yes,Yes,No,4.0,60.0,240.0,Seg.03 - Premium (VND 60K - VND 99K),14228,Silver,3.0,2.0,3.0,4.0
437254,2018,Hà Nội,The Coffee House,Yes,Yes,No,No,No,0.0,0.0,0.0,,14232,Churn,1.0,0.0,0.0,1.0
437256,2018,Hà Nội,The Coffee House,Yes,Yes,Yes,Yes,No,7.0,80.0,560.0,Seg.03 - Premium (VND 60K - VND 99K),14243,Gold,3.0,3.0,3.0,5.0
437256,2018,Hà Nội,Cộng Cà Phê,Yes,Yes,Yes,No,No,3.0,60.0,180.0,Seg.03 - Premium (VND 60K - VND 99K),14245,Silver,2.0,1.0,3.0,4.0
437259,2018,Hà Nội,Cộng Cà Phê,Yes,Yes,Yes,No,No,3.0,60.0,180.0,Seg.03 - Premium (VND 60K - VND 99K),14262,Silver,2.0,1.0,3.0,4.0
437270,2018,Hải Phòng,Cộng Cà Phê,Yes,Yes,No,No,No,0.0,0.0,0.0,,14266,Churn,1.0,0.0,0.0,1.0
437270,2018,Hải Phòng,Highlands Coffee,Yes,Yes,Yes,Yes,No,5.0,49.0,245.0,Seg.02 - Mass Asp (VND 25K - VND 59K),14267,Bronze,3.0,2.0,2.0,3.0
437271,2018,Hải Phòng,Highlands Coffee,Yes,Yes,No,No,No,0.0,0.0,0.0,,14268,Churn,1.0,0.0,0.0,1.0
437272,2018,Hải Phòng,Highlands Coffee,Yes,Yes,Yes,No,No,1.0,49.0,49.0,Seg.02 - Mass Asp (VND 25K - VND 59K),14274,At-risk,2.0,1.0,2.0,2.0
437273,2018,Hải Phòng,Highlands Coffee,Yes,Yes,Yes,No,No,3.0,49.0,147.0,Seg.02 - Mass Asp (VND 25K - VND 59K),14275,At-risk,2.0,1.0,2.0,2.0
437273,2018,Hải Phòng,Starbucks,Yes,Yes,No,No,No,0.0,0.0,0.0,,14276,Churn,1.0,0.0,0.0,1.0
437274,2018,Hải Phòng,Highlands Coffee,Yes,Yes,Yes,No,No,1.0,29.0,29.0,Seg.02 - Mass Asp (VND 25K - VND 59K),14281,At-risk,2.0,1.0,1.0,2.0
437403,2018,Hồ Chí Minh,Highlands Coffee,Yes,Yes,Yes,No,No,2.0,45.0,90.0,Seg.02 - Mass Asp (VND 25K - VND 59K),14321,At-risk,2.0,1.0,2.0,2.0
437403,2018,Hồ Chí Minh,Trung Nguyên,Yes,Yes,No,No,No,0.0,0.0,0.0,,14324,Churn,1.0,0.0,0.0,1.0
437405,2018,Nha Trang,Highlands Coffee,Yes,Yes,No,No,No,0.0,0.0,0.0,,14327,Churn,1.0,0.0,0.0,1.0
437410,2018,Nha Trang,Highlands Coffee,Yes,Yes,No,No,No,0.0,0.0,0.0,,14331,Churn,1.0,0.0,0.0,1.0
437493,2018,Đà Nẵng,Highlands Coffee,Yes,Yes,No,No,No,0.0,0.0,0.0,,14335,Churn,1.0,0.0,0.0,1.0
437527,2018,Nha Trang,Highlands Coffee,Yes,Yes,Yes,No,No,3.0,100.0,300.0,Seg.04 - Super Premium (VND 100K+),14345,Silver,2.0,1.0,4.0,4.0
437592,2018,Nha Trang,Highlands Coffee,Yes,Yes,Yes,No,No,3.0,100.0,300.0,Seg.04 - Super Premium (VND 100K+),14352,Silver,2.0,1.0,4.0,4.0
437632,2018,Hồ Chí Minh,Highlands Coffee,Yes,Yes,No,No,No,0.0,0.0,0.0,,14361,Churn,1.0,0.0,0.0,1.0
437663,2018,Đà Nẵng,Highlands Coffee,Yes,Yes,No,No,No,0.0,0.0,0.0,,14366,Churn,1.0,0.0,0.0,1.0
437767,2018,Hà Nội,Highlands Coffee,Yes,Yes,Yes,No,No,3.0,80.0,240.0,Seg.03 - Premium (VND 60K - VND 99K),14399,Silver,2.0,1.0,3.0,4.0
437769,2018,Hà Nội,Highlands Coffee,Yes,Yes,Yes,Yes,No,6.0,70.0,420.0,Seg.03 - Premium (VND 60K - VND 99K),14415,Gold,3.0,3.0,3.0,5.0
437769,2018,Hà Nội,Cộng Cà Phê,Yes,Yes,Yes,No,No,2.0,60.0,120.0,Seg.03 - Premium (VND 60K - VND 99K),14416,Silver,2.0,1.0,3.0,4.0
437796,2018,Hồ Chí Minh,Trung Nguyên,Yes,Yes,Yes,Yes,No,10.0,30.0,300.0,Seg.02 - Mass Asp (VND 25K - VND 59K),14426,Gold,3.0,4.0,1.0,5.0
437859,2018,Đà Nẵng,The Coffee House,Yes,Yes,Yes,Yes,No,8.0,39.0,312.0,Seg.02 - Mass Asp (VND 25K - VND 59K),14446,Gold,3.0,4.0,2.0,5.0
437859,2018,Đà Nẵng,Highlands Coffee,Yes,Yes,No,No,No,0.0,0.0,0.0,,14449,Churn,1.0,0.0,0.0,1.0
437909,2018,Hà Nội,Highlands Coffee,Yes,Yes,Yes,No,No,1.0,80.0,80.0,Seg.03 - Premium (VND 60K - VND 99K),14464,Silver,2.0,1.0,3.0,4.0
437909,2018,Hà Nội,Cộng Cà Phê,Yes,Yes,Yes,No,No,3.0,45.0,135.0,Seg.02 - Mass Asp (VND 25K - VND 59K),14465,At-risk,2.0,1.0,2.0,2.0
437910,2018,Hà Nội,Highlands Coffee,Yes,Yes,Yes,No,No,1.0,65.0,65.0,Seg.03 - Premium (VND 60K - VND 99K),14468,Silver,2.0,1.0,3.0,4.0
437910,2018,Hà Nội,Cộng Cà Phê,Yes,Yes,Yes,No,No,1.0,45.0,45.0,Seg.02 - Mass Asp (VND 25K - VND 59K),14469,At-risk,2.0,1.0,2.0,2.0
437911,2018,Hà Nội,Highlands Coffee,Yes,Yes,Yes,No,No,2.0,80.0,160.0,Seg.03 - Premium (VND 60K - VND 99K),14478,Silver,2.0,1.0,3.0,4.0
437911,2018,Hà Nội,Cộng Cà Phê,Yes,Yes,Yes,Yes,No,4.0,45.0,180.0,Seg.02 - Mass Asp (VND 25K - VND 59K),14481,Bronze,3.0,2.0,2.0,3.0
437912,2018,Hà Nội,Cộng Cà Phê,Yes,Yes,No,No,No,0.0,0.0,0.0,,14483,Churn,1.0,0.0,0.0,1.0
437912,2018,Hà Nội,Highlands Coffee,Yes,Yes,Yes,No,No,1.0,80.0,80.0,Seg.03 - Premium (VND 60K - VND 99K),14488,Silver,2.0,1.0,3.0,4.0
437913,2018,Hà Nội,Cộng Cà Phê,Yes,Yes,Yes,No,No,1.0,40.0,40.0,Seg.02 - Mass Asp (VND 25K - VND 59K),14494,At-risk,2.0,1.0,2.0,2.0
437913,2018,Hà Nội,Highlands Coffee,Yes,Yes,Yes,No,No,3.0,70.0,210.0,Seg.03 - Premium (VND 60K - VND 99K),14496,Silver,2.0,1.0,3.0,4.0
437945,2018,Hồ Chí Minh,Trung Nguyên,Yes,Yes,Yes,No,No,3.0,40.0,120.0,Seg.02 - Mass Asp (VND 25K - VND 59K),14517,At-risk,2.0,1.0,2.0,2.0
437949,2018,Hồ Chí Minh,The Coffee House,Yes,Yes,No,No,No,0.0,0.0,0.0,,14529,Churn,1.0,0.0,0.0,1.0
437962,2018,Nha Trang,Highlands Coffee,Yes,Yes,No,No,No,0.0,0.0,0.0,,14537,Churn,1.0,0.0,0.0,1.0
438050,2018,Nha Trang,Trung Nguyên,Yes,Yes,No,No,No,0.0,0.0,0.0,,14568,Churn,1.0,0.0,0.0,1.0
438169,2018,Nha Trang,Trung Nguyên,Yes,Yes,Yes,Yes,No,5.0,25.0,125.0,Seg.02 - Mass Asp (VND 25K - VND 59K),14600,Bronze,3.0,2.0,1.0,3.0
438194,2018,Nha Trang,Highlands Coffee,Yes,Yes,Yes,Yes,No,5.0,40.0,200.0,Seg.02 - Mass Asp (VND 25K - VND 59K),14603,Bronze,3.0,2.0,2.0,3.0
438194,2018,Nha Trang,Trung Nguyên,Yes,Yes,Yes,Yes,No,6.0,25.0,150.0,Seg.02 - Mass Asp (VND 25K - VND 59K),14604,Bronze,3.0,3.0,1.0,3.0
438216,2018,Nha Trang,Highlands Coffee,Yes,Yes,Yes,Yes,No,4.0,49.0,196.0,Seg.02 - Mass Asp (VND 25K - VND 59K),14612,Bronze,3.0,2.0,2.0,3.0
438219,2018,Hải Phòng,Highlands Coffee,Yes,Yes,Yes,No,No,3.0,80.0,240.0,Seg.03 - Premium (VND 60K - VND 99K),14616,Silver,2.0,1.0,3.0,4.0
438301,2018,Đà Nẵng,Highlands Coffee,Yes,Yes,Yes,No,No,3.0,29.0,87.0,Seg.02 - Mass Asp (VND 25K - VND 59K),14630,At-risk,2.0,1.0,1.0,2.0
438331,2018,Nha Trang,Highlands Coffee,Yes,Yes,Yes,Yes,No,5.0,50.0,250.0,Seg.02 - Mass Asp (VND 25K - VND 59K),14637,Bronze,3.0,2.0,2.0,3.0
438331,2018,Nha Trang,Cộng Cà Phê,Yes,Yes,Yes,No,No,3.0,35.0,105.0,Seg.02 - Mass Asp (VND 25K - VND 59K),14640,At-risk,2.0,1.0,1.0,2.0
438450,2018,Hồ Chí Minh,The Coffee House,Yes,Yes,Yes,Yes,No,5.0,40.0,200.0,Seg.02 - Mass Asp (VND 25K - VND 59K),14662,Bronze,3.0,2.0,2.0,3.0
438450,2018,Hồ Chí Minh,Highlands Coffee,Yes,Yes,No,No,No,0.0,0.0,0.0,,14665,Churn,1.0,0.0,0.0,1.0
438453,2018,Hồ Chí Minh,Highlands Coffee,Yes,Yes,No,No,No,0.0,0.0,0.0,,14676,Churn,1.0,0.0,0.0,1.0
438453,2018,Hồ Chí Minh,The Coffee House,Yes,Yes,Yes,No,No,2.0,49.0,98.0,Seg.02 - Mass Asp (VND 25K - VND 59K),14678,At-risk,2.0,1.0,2.0,2.0
438455,2018,Hồ Chí Minh,Highlands Coffee,Yes,Yes,Yes,No,No,1.0,49.0,49.0,Seg.02 - Mass Asp (VND 25K - VND 59K),14688,At-risk,2.0,1.0,2.0,2.0
438455,2018,Hồ Chí Minh,The Coffee House,Yes,Yes,Yes,No,No,1.0,45.0,45.0,Seg.02 - Mass Asp (VND 25K - VND 59K),14689,At-risk,2.0,1.0,2.0,2.0
438456,2018,Hồ Chí Minh,Highlands Coffee,Yes,Yes,Yes,No,No,1.0,49.0,49.0,Seg.02 - Mass Asp (VND 25K - VND 59K),14705,At-risk,2.0,1.0,2.0,2.0
438474,2018,Nha Trang,Trung Nguyên,Yes,Yes,Yes,No,No,2.0,25.0,50.0,Seg.02 - Mass Asp (VND 25K - VND 59K),14709,At-risk,2.0,1.0,1.0,2.0
438626,2018,Hải Phòng,Starbucks,Yes,Yes,Yes,No,No,1.0,100.0,100.0,Seg.04 - Super Premium (VND 100K+),14734,Silver,2.0,1.0,4.0,4.0
438626,2018,Hải Phòng,Highlands Coffee,Yes,Yes,Yes,Yes,No,5.0,100.0,500.0,Seg.04 - Super Premium (VND 100K+),14735,Silver,3.0,2.0,4.0,4.0
438701,2018,Hải Phòng,Highlands Coffee,Yes,Yes,Yes,No,No,3.0,65.0,195.0,Seg.03 - Premium (VND 60K - VND 99K),14751,Silver,2.0,1.0,3.0,4.0
438702,2018,Hải Phòng,Highlands Coffee,Yes,Yes,Yes,Yes,No,7.0,69.0,483.0,Seg.03 - Premium (VND 60K - VND 99K),14754,Gold,3.0,3.0,3.0,5.0
438702,2018,Hải Phòng,Starbucks,Yes,Yes,No,No,No,0.0,0.0,0.0,,14756,Churn,1.0,0.0,0.0,1.0
438710,2018,Nha Trang,Trung Nguyên,Yes,Yes,No,No,No,0.0,0.0,0.0,,14764,Churn,1.0,0.0,0.0,1.0
438710,2018,Nha Trang,Highlands Coffee,Yes,Yes,No,No,No,0.0,0.0,0.0,,14765,Churn,1.0,0.0,0.0,1.0
438814,2018,Hồ Chí Minh,The Coffee House,Yes,Yes,Yes,No,No,2.0,30.0,60.0,Seg.02 - Mass Asp (VND 25K - VND 59K),14781,At-risk,2.0,1.0,1.0,2.0
438815,2018,Hồ Chí Minh,The Coffee House,Yes,Yes,Yes,No,No,2.0,50.0,100.0,Seg.02 - Mass Asp (VND 25K - VND 59K),14793,At-risk,2.0,1.0,2.0,2.0
438981,2018,Hà Nội,Cộng Cà Phê,Yes,Yes,Yes,Yes,No,8.0,59.0,472.0,Seg.02 - Mass Asp (VND 25K - VND 59K),14829,Gold,3.0,4.0,3.0,5.0
438981,2018,Hà Nội,Highlands Coffee,Yes,Yes,No,No,No,0.0,0.0,0.0,,14832,Churn,1.0,0.0,0.0,1.0
438982,2018,Hà Nội,Highlands Coffee,Yes,Yes,Yes,Yes,No,8.0,60.0,480.0,Seg.03 - Premium (VND 60K - VND 99K),14836,Gold,3.0,4.0,3.0,5.0
438982,2018,Hà Nội,Cộng Cà Phê,Yes,Yes,No,No,No,0.0,0.0,0.0,,14837,Churn,1.0,0.0,0.0,1.0
438984,2018,Hà Nội,Highlands Coffee,Yes,Yes,Yes,No,No,2.0,59.0,118.0,Seg.02 - Mass Asp (VND 25K - VND 59K),14844,Silver,2.0,1.0,3.0,4.0
438984,2018,Hà Nội,Cộng Cà Phê,Yes,Yes,Yes,No,No,3.0,35.0,105.0,Seg.02 - Mass Asp (VND 25K - VND 59K),14845,At-risk,2.0,1.0,1.0,2.0
438986,2018,Hà Nội,Highlands Coffee,Yes,Yes,Yes,Yes,No,4.0,39.0,156.0,Seg.02 - Mass Asp (VND 25K - VND 59K),14854,Bronze,3.0,2.0,2.0,3.0
438986,2018,Hà Nội,Cộng Cà Phê,Yes,Yes,Yes,No,No,3.0,35.0,105.0,Seg.02 - Mass Asp (VND 25K - VND 59K),14855,At-risk,2.0,1.0,1.0,2.0
438987,2018,Hà Nội,Highlands Coffee,Yes,Yes,Yes,No,No,2.0,59.0,118.0,Seg.02 - Mass Asp (VND 25K - VND 59K),14865,Silver,2.0,1.0,3.0,4.0
438987,2018,Hà Nội,Cộng Cà Phê,Yes,Yes,No,No,No,0.0,0.0,0.0,,14867,Churn,1.0,0.0,0.0,1.0
438988,2018,Hà Nội,Highlands Coffee,Yes,Yes,No,No,No,0.0,0.0,0.0,,14876,Churn,1.0,0.0,0.0,1.0
438989,2018,Hà Nội,Cộng Cà Phê,Yes,Yes,Yes,Yes,No,5.0,30.0,150.0,Seg.02 - Mass Asp (VND 25K - VND 59K),14879,Bronze,3.0,2.0,1.0,3.0
438989,2018,Hà Nội,Highlands Coffee,Yes,Yes,No,No,No,0.0,0.0,0.0,,14883,Churn,1.0,0.0,0.0,1.0
438991,2018,Hà Nội,Cộng Cà Phê,Yes,Yes,Yes,No,No,2.0,35.0,70.0,Seg.02 - Mass Asp (VND 25K - VND 59K),14891,At-risk,2.0,1.0,1.0,2.0
438991,2018,Hà Nội,Highlands Coffee,Yes,Yes,No,No,No,0.0,0.0,0.0,,14892,Churn,1.0,0.0,0.0,1.0
438992,2018,Hà Nội,Highlands Coffee,Yes,Yes,No,No,No,0.0,0.0,0.0,,14894,Churn,1.0,0.0,0.0,1.0
438992,2018,Hà Nội,The Coffee House,Yes,Yes,Yes,Yes,No,4.0,40.0,160.0,Seg.02 - Mass Asp (VND 25K - VND 59K),14896,Bronze,3.0,2.0,2.0,3.0
438992,2018,Hà Nội,Cộng Cà Phê,Yes,Yes,No,No,No,0.0,0.0,0.0,,14897,Churn,1.0,0.0,0.0,1.0
438993,2018,Hà Nội,Highlands Coffee,Yes,Yes,Yes,No,No,1.0,49.0,49.0,Seg.02 - Mass Asp (VND 25K - VND 59K),14909,At-risk,2.0,1.0,2.0,2.0
438995,2018,Hà Nội,Highlands Coffee,Yes,Yes,Yes,No,No,2.0,60.0,120.0,Seg.03 - Premium (VND 60K - VND 99K),14915,Silver,2.0,1.0,3.0,4.0
438995,2018,Hà Nội,Cộng Cà Phê,Yes,Yes,No,No,No,0.0,0.0,0.0,,14916,Churn,1.0,0.0,0.0,1.0
438995,2018,Hà Nội,The Coffee House,Yes,Yes,No,No,No,0.0,0.0,0.0,,14917,Churn,1.0,0.0,0.0,1.0
438996,2018,Hà Nội,Highlands Coffee,Yes,Yes,Yes,Yes,No,8.0,60.0,480.0,Seg.03 - Premium (VND 60K - VND 99K),14922,Gold,3.0,4.0,3.0,5.0
438997,2018,Hà Nội,Cộng Cà Phê,Yes,Yes,No,No,No,0.0,0.0,0.0,,14931,Churn,1.0,0.0,0.0,1.0
438997,2018,Hà Nội,Highlands Coffee,Yes,Yes,No,No,No,0.0,0.0,0.0,,14932,Churn,1.0,0.0,0.0,1.0
438998,2018,Hà Nội,Highlands Coffee,Yes,Yes,No,No,No,0.0,0.0,0.0,,14942,Churn,1.0,0.0,0.0,1.0
438998,2018,Hà Nội,The Coffee House,Yes,Yes,Yes,No,No,1.0,40.0,40.0,Seg.02 - Mass Asp (VND 25K - VND 59K),14944,At-risk,2.0,1.0,2.0,2.0
438999,2018,Hà Nội,Highlands Coffee,Yes,Yes,No,No,No,0.0,0.0,0.0,,14948,Churn,1.0,0.0,0.0,1.0
438999,2018,Hà Nội,Cộng Cà Phê,Yes,Yes,Yes,No,No,1.0,35.0,35.0,Seg.02 - Mass Asp (VND 25K - VND 59K),14953,At-risk,2.0,1.0,1.0,2.0
439000,2018,Hà Nội,Highlands Coffee,Yes,Yes,Yes,No,No,1.0,50.0,50.0,Seg.02 - Mass Asp (VND 25K - VND 59K),14959,At-risk,2.0,1.0,2.0,2.0
439000,2018,Hà Nội,The Coffee House,Yes,Yes,No,No,No,0.0,0.0,0.0,,14960,Churn,1.0,0.0,0.0,1.0
439000,2018,Hà Nội,Trung Nguyên,Yes,Yes,No,No,No,0.0,0.0,0.0,,14961,Churn,1.0,0.0,0.0,1.0
439000,2018,Hà Nội,Cộng Cà Phê,Yes,Yes,No,No,No,0.0,0.0,0.0,,14962,Churn,1.0,0.0,0.0,1.0
439001,2018,Hà Nội,Cộng Cà Phê,Yes,Yes,Yes,Yes,No,6.0,35.0,210.0,Seg.02 - Mass Asp (VND 25K - VND 59K),14967,Bronze,3.0,3.0,1.0,3.0
439001,2018,Hà Nội,The Coffee House,Yes,Yes,No,No,No,0.0,0.0,0.0,,14969,Churn,1.0,0.0,0.0,1.0
439001,2018,Hà Nội,Highlands Coffee,Yes,Yes,No,No,No,0.0,0.0,0.0,,14972,Churn,1.0,0.0,0.0,1.0
439002,2018,Hà Nội,Cộng Cà Phê,Yes,Yes,Yes,No,No,3.0,45.0,135.0,Seg.02 - Mass Asp (VND 25K - VND 59K),14974,At-risk,2.0,1.0,2.0,2.0
439002,2018,Hà Nội,The Coffee House,Yes,Yes,No,No,No,0.0,0.0,0.0,,14979,Churn,1.0,0.0,0.0,1.0
439002,2018,Hà Nội,Highlands Coffee,Yes,Yes,No,No,No,0.0,0.0,0.0,,14982,Churn,1.0,0.0,0.0,1.0
439012,2018,Hồ Chí Minh,Highlands Coffee,Yes,Yes,Yes,No,No,3.0,50.0,150.0,Seg.02 - Mass Asp (VND 25K - VND 59K),14988,At-risk,2.0,1.0,2.0,2.0
439014,2018,Hồ Chí Minh,Trung Nguyên,Yes,Yes,No,No,No,0.0,0.0,0.0,,15001,Churn,1.0,0.0,0.0,1.0
439014,2018,Hồ Chí Minh,Starbucks,Yes,Yes,Yes,No,No,1.0,40.0,40.0,Seg.02 - Mass Asp (VND 25K - VND 59K),15002,At-risk,2.0,1.0,2.0,2.0
439014,2018,Hồ Chí Minh,Highlands Coffee,Yes,Yes,Yes,Yes,No,5.0,45.0,225.0,Seg.02 - Mass Asp (VND 25K - VND 59K),15003,Bronze,3.0,2.0,2.0,3.0
439015,2018,Hồ Chí Minh,Highlands Coffee,Yes,Yes,Yes,No,No,1.0,49.0,49.0,Seg.02 - Mass Asp (VND 25K - VND 59K),15013,At-risk,2.0,1.0,2.0,2.0
439016,2018,Hồ Chí Minh,Highlands Coffee,Yes,Yes,Yes,No,No,1.0,50.0,50.0,Seg.02 - Mass Asp (VND 25K - VND 59K),15022,At-risk,2.0,1.0,2.0,2.0
439017,2018,Hồ Chí Minh,Phúc Long,Yes,Yes,No,No,No,0.0,0.0,0.0,,15034,Churn,1.0,0.0,0.0,1.0
439018,2018,Hồ Chí Minh,Trung Nguyên,Yes,Yes,Yes,No,No,1.0,50.0,50.0,Seg.02 - Mass Asp (VND 25K - VND 59K),15050,At-risk,2.0,1.0,2.0,2.0
439051,2018,Hải Phòng,Highlands Coffee,Yes,Yes,No,No,No,0.0,0.0,0.0,,15061,Churn,1.0,0.0,0.0,1.0
439052,2018,Hải Phòng,Cộng Cà Phê,Yes,Yes,No,No,No,0.0,0.0,0.0,,15063,Churn,1.0,0.0,0.0,1.0
439052,2018,Hải Phòng,Starbucks,Yes,Yes,Yes,No,No,2.0,90.0,180.0,Seg.03 - Premium (VND 60K - VND 99K),15067,Silver,2.0,1.0,4.0,4.0
439052,2018,Hải Phòng,Highlands Coffee,Yes,Yes,Yes,Yes,No,5.0,49.0,245.0,Seg.02 - Mass Asp (VND 25K - VND 59K),15068,Bronze,3.0,2.0,2.0,3.0
439053,2018,Hải Phòng,Highlands Coffee,Yes,Yes,Yes,Yes,No,5.0,39.0,195.0,Seg.02 - Mass Asp (VND 25K - VND 59K),15070,Bronze,3.0,2.0,2.0,3.0
439054,2018,Hải Phòng,Highlands Coffee,Yes,Yes,Yes,No,No,2.0,39.0,78.0,Seg.02 - Mass Asp (VND 25K - VND 59K),15082,At-risk,2.0,1.0,2.0,2.0
439065,2018,Hà Nội,Highlands Coffee,Yes,Yes,No,No,No,0.0,0.0,0.0,,15087,Churn,1.0,0.0,0.0,1.0
439067,2018,Hà Nội,Highlands Coffee,Yes,Yes,No,No,No,0.0,0.0,0.0,,15098,Churn,1.0,0.0,0.0,1.0
439069,2018,Hà Nội,Highlands Coffee,Yes,Yes,Yes,Yes,No,7.0,40.0,280.0,Seg.02 - Mass Asp (VND 25K - VND 59K),15111,Bronze,3.0,3.0,2.0,3.0
439070,2018,Hà Nội,Highlands Coffee,Yes,Yes,Yes,No,No,2.0,50.0,100.0,Seg.02 - Mass Asp (VND 25K - VND 59K),15117,At-risk,2.0,1.0,2.0,2.0
439070,2018,Hà Nội,The Coffee House,Yes,Yes,No,No,No,0.0,0.0,0.0,,15120,Churn,1.0,0.0,0.0,1.0
439174,2018,Hà Nội,The Coffee House,Yes,Yes,No,No,No,0.0,0.0,0.0,,15147,Churn,1.0,0.0,0.0,1.0
439174,2018,Hà Nội,Highlands Coffee,Yes,Yes,Yes,No,No,1.0,60.0,60.0,Seg.03 - Premium (VND 60K - VND 99K),15152,Silver,2.0,1.0,3.0,4.0
439174,2018,Hà Nội,Cộng Cà Phê,Yes,Yes,Yes,No,No,3.0,50.0,150.0,Seg.02 - Mass Asp (VND 25K - VND 59K),15155,At-risk,2.0,1.0,2.0,2.0
439175,2018,Hà Nội,Trung Nguyên,Yes,Yes,No,No,No,0.0,0.0,0.0,,15162,Churn,1.0,0.0,0.0,1.0
439176,2018,Hà Nội,The Coffee House,Yes,Yes,No,No,No,0.0,0.0,0.0,,15165,Churn,1.0,0.0,0.0,1.0
439176,2018,Hà Nội,Highlands Coffee,Yes,Yes,Yes,Yes,No,4.0,50.0,200.0,Seg.02 - Mass Asp (VND 25K - VND 59K),15166,Bronze,3.0,2.0,2.0,3.0
439176,2018,Hà Nội,Cộng Cà Phê,Yes,Yes,Yes,No,No,1.0,25.0,25.0,Seg.02 - Mass Asp (VND 25K - VND 59K),15172,At-risk,2.0,1.0,1.0,2.0
439177,2018,Hà Nội,Cộng Cà Phê,Yes,Yes,No,No,No,0.0,0.0,0.0,,15175,Churn,1.0,0.0,0.0,1.0
439177,2018,Hà Nội,Highlands Coffee,Yes,Yes,Yes,No,No,1.0,59.0,59.0,Seg.02 - Mass Asp (VND 25K - VND 59K),15177,Silver,2.0,1.0,3.0,4.0
439177,2018,Hà Nội,The Coffee House,Yes,Yes,Yes,No,No,1.0,50.0,50.0,Seg.02 - Mass Asp (VND 25K - VND 59K),15183,At-risk,2.0,1.0,2.0,2.0
439178,2018,Hà Nội,Trung Nguyên,Yes,Yes,No,No,No,0.0,0.0,0.0,,15184,Churn,1.0,0.0,0.0,1.0
439178,2018,Hà Nội,The Coffee House,Yes,Yes,No,No,No,0.0,0.0,0.0,,15186,Churn,1.0,0.0,0.0,1.0
439178,2018,Hà Nội,Cộng Cà Phê,Yes,Yes,No,No,No,0.0,0.0,0.0,,15188,Churn,1.0,0.0,0.0,1.0
439178,2018,Hà Nội,Highlands Coffee,Yes,Yes,No,No,No,0.0,0.0,0.0,,15189,Churn,1.0,0.0,0.0,1.0
439179,2018,Hà Nội,The Coffee House,Yes,Yes,No,No,No,0.0,0.0,0.0,,15193,Churn,1.0,0.0,0.0,1.0
439179,2018,Hà Nội,Cộng Cà Phê,Yes,Yes,Yes,No,No,3.0,50.0,150.0,Seg.02 - Mass Asp (VND 25K - VND 59K),15195,At-risk,2.0,1.0,2.0,2.0
439179,2018,Hà Nội,Highlands Coffee,Yes,Yes,No,No,No,0.0,0.0,0.0,,15201,Churn,1.0,0.0,0.0,1.0
439180,2018,Hà Nội,Highlands Coffee,Yes,Yes,Yes,Yes,No,4.0,50.0,200.0,Seg.02 - Mass Asp (VND 25K - VND 59K),15204,Bronze,3.0,2.0,2.0,3.0
439180,2018,Hà Nội,Cộng Cà Phê,Yes,Yes,Yes,Yes,No,6.0,50.0,300.0,Seg.02 - Mass Asp (VND 25K - VND 59K),15205,Bronze,3.0,3.0,2.0,3.0
439180,2018,Hà Nội,The Coffee House,Yes,Yes,No,No,No,0.0,0.0,0.0,,15208,Churn,1.0,0.0,0.0,1.0
439180,2018,Hà Nội,Trung Nguyên,Yes,Yes,No,No,No,0.0,0.0,0.0,,15212,Churn,1.0,0.0,0.0,1.0
439181,2018,Hà Nội,Highlands Coffee,Yes,Yes,Yes,No,No,2.0,49.0,98.0,Seg.02 - Mass Asp (VND 25K - VND 59K),15215,At-risk,2.0,1.0,2.0,2.0
439181,2018,Hà Nội,The Coffee House,Yes,Yes,No,No,No,0.0,0.0,0.0,,15217,Churn,1.0,0.0,0.0,1.0
439181,2018,Hà Nội,Cộng Cà Phê,Yes,Yes,No,No,No,0.0,0.0,0.0,,15219,Churn,1.0,0.0,0.0,1.0
439192,2018,Hà Nội,Highlands Coffee,Yes,Yes,Yes,No,No,2.0,50.0,100.0,Seg.02 - Mass Asp (VND 25K - VND 59K),15230,At-risk,2.0,1.0,2.0,2.0
439192,2018,Hà Nội,Cộng Cà Phê,Yes,Yes,No,No,No,0.0,0.0,0.0,,15231,Churn,1.0,0.0,0.0,1.0
439194,2018,Hà Nội,Highlands Coffee,Yes,Yes,Yes,No,No,3.0,50.0,150.0,Seg.02 - Mass Asp (VND 25K - VND 59K),15247,At-risk,2.0,1.0,2.0,2.0
439194,2018,Hà Nội,Cộng Cà Phê,Yes,Yes,No,No,No,0.0,0.0,0.0,,15248,Churn,1.0,0.0,0.0,1.0
439195,2018,Hà Nội,Highlands Coffee,Yes,Yes,Yes,No,No,3.0,50.0,150.0,Seg.02 - Mass Asp (VND 25K - VND 59K),15257,At-risk,2.0,1.0,2.0,2.0
439198,2018,Hà Nội,Cộng Cà Phê,Yes,Yes,No,No,No,0.0,0.0,0.0,,15270,Churn,1.0,0.0,0.0,1.0
439198,2018,Hà Nội,Highlands Coffee,Yes,Yes,No,No,No,0.0,0.0,0.0,,15274,Churn,1.0,0.0,0.0,1.0
439199,2018,Hà Nội,Cộng Cà Phê,Yes,Yes,Yes,No,No,2.0,40.0,80.0,Seg.02 - Mass Asp (VND 25K - VND 59K),15281,At-risk,2.0,1.0,2.0,2.0
439199,2018,Hà Nội,Highlands Coffee,Yes,Yes,Yes,No,No,2.0,50.0,100.0,Seg.02 - Mass Asp (VND 25K - VND 59K),15284,At-risk,2.0,1.0,2.0,2.0
439318,2018,Hồ Chí Minh,Highlands Coffee,Yes,Yes,Yes,No,No,2.0,50.0,100.0,Seg.02 - Mass Asp (VND 25K - VND 59K),15300,At-risk,2.0,1.0,2.0,2.0
439318,2018,Hồ Chí Minh,Trung Nguyên,Yes,Yes,Yes,No,No,2.0,40.0,80.0,Seg.02 - Mass Asp (VND 25K - VND 59K),15303,At-risk,2.0,1.0,2.0,2.0
439324,2018,Hải Phòng,Highlands Coffee,Yes,Yes,Yes,Yes,No,15.0,50.0,750.0,Seg.02 - Mass Asp (VND 25K - VND 59K),15308,Gold,3.0,4.0,2.0,5.0
439350,2018,Nha Trang,Trung Nguyên,Yes,Yes,Yes,No,No,2.0,25.0,50.0,Seg.02 - Mass Asp (VND 25K - VND 59K),15315,At-risk,2.0,1.0,1.0,2.0
439355,2018,Hồ Chí Minh,Highlands Coffee,Yes,Yes,Yes,No,No,1.0,60.0,60.0,Seg.03 - Premium (VND 60K - VND 99K),15336,Silver,2.0,1.0,3.0,4.0
439355,2018,Hồ Chí Minh,The Coffee House,Yes,Yes,No,No,No,0.0,0.0,0.0,,15337,Churn,1.0,0.0,0.0,1.0
439359,2018,Hồ Chí Minh,The Coffee House,Yes,Yes,No,No,No,0.0,0.0,0.0,,15350,Churn,1.0,0.0,0.0,1.0
439359,2018,Hồ Chí Minh,Highlands Coffee,Yes,Yes,Yes,Yes,No,4.0,40.0,160.0,Seg.02 - Mass Asp (VND 25K - VND 59K),15358,Bronze,3.0,2.0,2.0,3.0
439431,2018,Hà Nội,Starbucks,Yes,Yes,Yes,Yes,No,4.0,100.0,400.0,Seg.04 - Super Premium (VND 100K+),15377,Silver,3.0,2.0,4.0,4.0
439432,2018,Hà Nội,Highlands Coffee,Yes,Yes,Yes,Yes,No,10.0,60.0,600.0,Seg.03 - Premium (VND 60K - VND 99K),15383,Gold,3.0,4.0,3.0,5.0
439432,2018,Hà Nội,Cộng Cà Phê,Yes,Yes,No,No,No,0.0,0.0,0.0,,15385,Churn,1.0,0.0,0.0,1.0
439556,2018,Nha Trang,Highlands Coffee,Yes,Yes,Yes,No,No,1.0,39.0,39.0,Seg.02 - Mass Asp (VND 25K - VND 59K),15431,At-risk,2.0,1.0,2.0,2.0
439568,2018,Hồ Chí Minh,Phúc Long,Yes,Yes,Yes,No,No,2.0,50.0,100.0,Seg.02 - Mass Asp (VND 25K - VND 59K),15441,At-risk,2.0,1.0,2.0,2.0
439568,2018,Hồ Chí Minh,Highlands Coffee,Yes,Yes,Yes,No,No,3.0,40.0,120.0,Seg.02 - Mass Asp (VND 25K - VND 59K),15442,At-risk,2.0,1.0,2.0,2.0
439568,2018,Hồ Chí Minh,Starbucks,Yes,Yes,Yes,Yes,No,7.0,55.0,385.0,Seg.02 - Mass Asp (VND 25K - VND 59K),15447,Bronze,3.0,3.0,2.0,3.0
439608,2018,Hồ Chí Minh,Highlands Coffee,Yes,Yes,No,No,No,0.0,0.0,0.0,,15464,Churn,1.0,0.0,0.0,1.0
439731,2018,Nha Trang,Trung Nguyên,Yes,Yes,No,No,No,0.0,0.0,0.0,,15504,Churn,1.0,0.0,0.0,1.0
439750,2018,Hồ Chí Minh,The Coffee House,Yes,Yes,Yes,No,No,1.0,80.0,80.0,Seg.03 - Premium (VND 60K - VND 99K),15510,Silver,2.0,1.0,3.0,4.0
439763,2018,Hà Nội,Highlands Coffee,Yes,Yes,No,No,No,0.0,0.0,0.0,,15520,Churn,1.0,0.0,0.0,1.0
439763,2018,Hà Nội,Cộng Cà Phê,Yes,Yes,No,No,No,0.0,0.0,0.0,,15527,Churn,1.0,0.0,0.0,1.0
439878,2018,Hồ Chí Minh,The Coffee House,Yes,Yes,No,No,No,0.0,0.0,0.0,,15570,Churn,1.0,0.0,0.0,1.0
439927,2018,Hải Phòng,Starbucks,Yes,Yes,No,No,No,0.0,0.0,0.0,,15592,Churn,1.0,0.0,0.0,1.0
439927,2018,Hải Phòng,Highlands Coffee,Yes,Yes,Yes,Yes,No,4.0,50.0,200.0,Seg.02 - Mass Asp (VND 25K - VND 59K),15595,Bronze,3.0,2.0,2.0,3.0
439928,2018,Nha Trang,Highlands Coffee,Yes,Yes,Yes,Yes,No,8.0,60.0,480.0,Seg.03 - Premium (VND 60K - VND 99K),15600,Gold,3.0,4.0,3.0,5.0
439946,2018,Hồ Chí Minh,Highlands Coffee,Yes,Yes,Yes,Yes,No,4.0,60.0,240.0,Seg.03 - Premium (VND 60K - VND 99K),15624,Silver,3.0,2.0,3.0,4.0
439950,2018,Hồ Chí Minh,Highlands Coffee,Yes,Yes,Yes,No,No,2.0,49.0,98.0,Seg.02 - Mass Asp (VND 25K - VND 59K),15640,At-risk,2.0,1.0,2.0,2.0
439950,2018,Hồ Chí Minh,The Coffee House,Yes,Yes,No,No,No,0.0,0.0,0.0,,15648,Churn,1.0,0.0,0.0,1.0
439973,2018,Nha Trang,Highlands Coffee,Yes,Yes,Yes,No,No,2.0,49.0,98.0,Seg.02 - Mass Asp (VND 25K - VND 59K),15670,At-risk,2.0,1.0,2.0,2.0
439979,2018,Hà Nội,Cộng Cà Phê,Yes,Yes,Yes,No,No,3.0,40.0,120.0,Seg.02 - Mass Asp (VND 25K - VND 59K),15675,At-risk,2.0,1.0,2.0,2.0
440028,2018,Nha Trang,Trung Nguyên,Yes,Yes,Yes,No,No,3.0,30.0,90.0,Seg.02 - Mass Asp (VND 25K - VND 59K),15698,At-risk,2.0,1.0,1.0,2.0
440030,2018,Hải Phòng,Highlands Coffee,Yes,Yes,No,No,No,0.0,0.0,0.0,,15704,Churn,1.0,0.0,0.0,1.0
440031,2018,Hải Phòng,Highlands Coffee,Yes,Yes,No,No,No,0.0,0.0,0.0,,15707,Churn,1.0,0.0,0.0,1.0
440048,2018,Hà Nội,Highlands Coffee,Yes,Yes,No,No,No,0.0,0.0,0.0,,15716,Churn,1.0,0.0,0.0,1.0
440050,2018,Hồ Chí Minh,Highlands Coffee,Yes,Yes,Yes,No,No,2.0,60.0,120.0,Seg.03 - Premium (VND 60K - VND 99K),15730,Silver,2.0,1.0,3.0,4.0
440050,2018,Hồ Chí Minh,The Coffee House,Yes,Yes,No,No,No,0.0,0.0,0.0,,15732,Churn,1.0,0.0,0.0,1.0
440145,2018,Nha Trang,Trung Nguyên,Yes,Yes,Yes,Yes,No,7.0,25.0,175.0,Seg.02 - Mass Asp (VND 25K - VND 59K),15747,Bronze,3.0,3.0,1.0,3.0
440145,2018,Nha Trang,Highlands Coffee,Yes,Yes,No,No,No,0.0,0.0,0.0,,15750,Churn,1.0,0.0,0.0,1.0
440158,2018,Nha Trang,Highlands Coffee,Yes,Yes,No,No,No,0.0,0.0,0.0,,15755,Churn,1.0,0.0,0.0,1.0
440170,2018,Đà Nẵng,Highlands Coffee,Yes,Yes,Yes,Yes,No,5.0,100.0,500.0,Seg.04 - Super Premium (VND 100K+),15763,Silver,3.0,2.0,4.0,4.0
440189,2018,Đà Nẵng,Highlands Coffee,Yes,Yes,Yes,No,No,1.0,45.0,45.0,Seg.02 - Mass Asp (VND 25K - VND 59K),15768,At-risk,2.0,1.0,2.0,2.0
440232,2018,Đà Nẵng,Highlands Coffee,Yes,Yes,Yes,No,No,3.0,60.0,180.0,Seg.03 - Premium (VND 60K - VND 99K),15785,Silver,2.0,1.0,3.0,4.0
440277,2018,Đà Nẵng,Highlands Coffee,Yes,Yes,Yes,No,No,1.0,29.0,29.0,Seg.02 - Mass Asp (VND 25K - VND 59K),15795,At-risk,2.0,1.0,1.0,2.0
440330,2018,Hồ Chí Minh,The Coffee House,Yes,Yes,Yes,Yes,No,8.0,55.0,440.0,Seg.02 - Mass Asp (VND 25K - VND 59K),15798,Gold,3.0,4.0,2.0,5.0
440423,2018,Hải Phòng,Highlands Coffee,Yes,Yes,Yes,Yes,Yes,16.0,50.0,800.0,Seg.02 - Mass Asp (VND 25K - VND 59K),15808,Gold,4.0,4.0,2.0,5.0
440423,2018,Hải Phòng,Starbucks,Yes,Yes,Yes,No,No,1.0,40.0,40.0,Seg.02 - Mass Asp (VND 25K - VND 59K),15811,At-risk,2.0,1.0,2.0,2.0
440423,2018,Hải Phòng,Trung Nguyên,Yes,Yes,Yes,No,No,1.0,25.0,25.0,Seg.02 - Mass Asp (VND 25K - VND 59K),15812,At-risk,2.0,1.0,1.0,2.0
440424,2018,Hải Phòng,Highlands Coffee,Yes,Yes,Yes,Yes,No,6.0,50.0,300.0,Seg.02 - Mass Asp (VND 25K - VND 59K),15814,Bronze,3.0,3.0,2.0,3.0
440424,2018,Hải Phòng,Cộng Cà Phê,Yes,Yes,No,No,No,0.0,0.0,0.0,,15816,Churn,1.0,0.0,0.0,1.0
440501,2018,Hải Phòng,Highlands Coffee,Yes,Yes,Yes,No,No,2.0,29.0,58.0,Seg.02 - Mass Asp (VND 25K - VND 59K),15845,At-risk,2.0,1.0,1.0,2.0
440504,2018,Hà Nội,Highlands Coffee,Yes,Yes,Yes,Yes,No,4.0,29.0,116.0,Seg.02 - Mass Asp (VND 25K - VND 59K),15852,Bronze,3.0,2.0,1.0,3.0
440505,2018,Hà Nội,Highlands Coffee,Yes,Yes,No,No,No,0.0,0.0,0.0,,15859,Churn,1.0,0.0,0.0,1.0
440505,2018,Hà Nội,Trung Nguyên,Yes,Yes,Yes,No,No,2.0,35.0,70.0,Seg.02 - Mass Asp (VND 25K - VND 59K),15863,At-risk,2.0,1.0,1.0,2.0
440515,2018,Hà Nội,Trung Nguyên,Yes,Yes,Yes,Yes,No,4.0,80.0,320.0,Seg.03 - Premium (VND 60K - VND 99K),15866,Silver,3.0,2.0,3.0,4.0
440516,2018,Hà Nội,Trung Nguyên,Yes,Yes,Yes,No,No,1.0,60.0,60.0,Seg.03 - Premium (VND 60K - VND 99K),15871,Silver,2.0,1.0,3.0,4.0
440516,2018,Hà Nội,Highlands Coffee,Yes,Yes,Yes,No,No,2.0,40.0,80.0,Seg.02 - Mass Asp (VND 25K - VND 59K),15872,At-risk,2.0,1.0,2.0,2.0
440517,2018,Hà Nội,Starbucks,Yes,Yes,Yes,No,No,3.0,100.0,300.0,Seg.04 - Super Premium (VND 100K+),15878,Silver,2.0,1.0,4.0,4.0
440517,2018,Hà Nội,Cộng Cà Phê,Yes,Yes,Yes,No,No,3.0,60.0,180.0,Seg.03 - Premium (VND 60K - VND 99K),15880,Silver,2.0,1.0,3.0,4.0
440517,2018,Hà Nội,The Coffee House,Yes,Yes,No,No,No,0.0,0.0,0.0,,15881,Churn,1.0,0.0,0.0,1.0
440518,2018,Hà Nội,Cộng Cà Phê,Yes,Yes,No,No,No,0.0,0.0,0.0,,15894,Churn,1.0,0.0,0.0,1.0
440524,2018,Hải Phòng,Starbucks,Yes,Yes,No,No,No,0.0,0.0,0.0,,15907,Churn,1.0,0.0,0.0,1.0
440524,2018,Hải Phòng,Highlands Coffee,Yes,Yes,Yes,Yes,No,10.0,60.0,600.0,Seg.03 - Premium (VND 60K - VND 99K),15908,Gold,3.0,4.0,3.0,5.0
440539,2018,Hà Nội,Highlands Coffee,Yes,Yes,No,No,No,0.0,0.0,0.0,,15926,Churn,1.0,0.0,0.0,1.0
440539,2018,Hà Nội,Cộng Cà Phê,Yes,Yes,Yes,No,No,3.0,30.0,90.0,Seg.02 - Mass Asp (VND 25K - VND 59K),15927,At-risk,2.0,1.0,1.0,2.0
440539,2018,Hà Nội,Trung Nguyên,Yes,Yes,No,No,No,0.0,0.0,0.0,,15928,Churn,1.0,0.0,0.0,1.0
440601,2018,Nha Trang,Trung Nguyên,Yes,Yes,No,No,No,0.0,0.0,0.0,,15951,Churn,1.0,0.0,0.0,1.0
440614,2018,Hà Nội,Highlands Coffee,Yes,Yes,Yes,No,No,3.0,49.0,147.0,Seg.02 - Mass Asp (VND 25K - VND 59K),15957,At-risk,2.0,1.0,2.0,2.0
440614,2018,Hà Nội,Trung Nguyên,Yes,Yes,Yes,No,No,1.0,25.0,25.0,Seg.02 - Mass Asp (VND 25K - VND 59K),15960,At-risk,2.0,1.0,1.0,2.0
440661,2018,Hồ Chí Minh,The Coffee House,Yes,Yes,No,No,No,0.0,0.0,0.0,,15975,Churn,1.0,0.0,0.0,1.0
440730,2018,Hồ Chí Minh,Highlands Coffee,Yes,Yes,No,No,No,0.0,0.0,0.0,,15984,Churn,1.0,0.0,0.0,1.0
440730,2018,Hồ Chí Minh,Trung Nguyên,Yes,Yes,No,No,No,0.0,0.0,0.0,,15986,Churn,1.0,0.0,0.0,1.0
440745,2018,Hồ Chí Minh,Highlands Coffee,Yes,Yes,Yes,No,No,1.0,40.0,40.0,Seg.02 - Mass Asp (VND 25K - VND 59K),15994,At-risk,2.0,1.0,2.0,2.0
440747,2018,Hồ Chí Minh,The Coffee House,Yes,Yes,Yes,Yes,Yes,20.0,40.0,800.0,Seg.02 - Mass Asp (VND 25K - VND 59K),15999,Gold,4.0,4.0,2.0,5.0
440748,2018,Hồ Chí Minh,Highlands Coffee,Yes,Yes,No,No,No,0.0,0.0,0.0,,16004,Churn,1.0,0.0,0.0,1.0
440748,2018,Hồ Chí Minh,Trung Nguyên,Yes,Yes,No,No,No,0.0,0.0,0.0,,16010,Churn,1.0,0.0,0.0,1.0
440748,2018,Hồ Chí Minh,The Coffee House,Yes,Yes,Yes,No,No,3.0,30.0,90.0,Seg.02 - Mass Asp (VND 25K - VND 59K),16012,At-risk,2.0,1.0,1.0,2.0
440750,2018,Hồ Chí Minh,The Coffee House,Yes,Yes,Yes,No,No,2.0,50.0,100.0,Seg.02 - Mass Asp (VND 25K - VND 59K),16014,At-risk,2.0,1.0,2.0,2.0
440752,2018,Hồ Chí Minh,The Coffee House,Yes,Yes,Yes,No,No,2.0,90.0,180.0,Seg.03 - Premium (VND 60K - VND 99K),16043,Silver,2.0,1.0,4.0,4.0
440754,2018,Hồ Chí Minh,Starbucks,Yes,Yes,No,No,No,0.0,0.0,0.0,,16059,Churn,1.0,0.0,0.0,1.0
440754,2018,Hồ Chí Minh,Highlands Coffee,Yes,Yes,Yes,No,No,2.0,29.0,58.0,Seg.02 - Mass Asp (VND 25K - VND 59K),16065,At-risk,2.0,1.0,1.0,2.0
440869,2018,Đà Nẵng,Trung Nguyên,Yes,Yes,No,No,No,0.0,0.0,0.0,,16085,Churn,1.0,0.0,0.0,1.0
440869,2018,Đà Nẵng,Cộng Cà Phê,Yes,Yes,No,No,No,0.0,0.0,0.0,,16086,Churn,1.0,0.0,0.0,1.0
440869,2018,Đà Nẵng,Highlands Coffee,Yes,Yes,No,No,No,0.0,0.0,0.0,,16087,Churn,1.0,0.0,0.0,1.0
440890,2018,Hồ Chí Minh,Highlands Coffee,Yes,Yes,Yes,No,No,2.0,50.0,100.0,Seg.02 - Mass Asp (VND 25K - VND 59K),16098,At-risk,2.0,1.0,2.0,2.0
440906,2018,Hồ Chí Minh,The Coffee House,Yes,Yes,No,No,No,0.0,0.0,0.0,,16114,Churn,1.0,0.0,0.0,1.0
440906,2018,Hồ Chí Minh,Phúc Long,Yes,Yes,Yes,No,No,3.0,30.0,90.0,Seg.02 - Mass Asp (VND 25K - VND 59K),16116,At-risk,2.0,1.0,1.0,2.0
440979,2018,Hồ Chí Minh,Highlands Coffee,Yes,Yes,No,No,No,0.0,0.0,0.0,,16130,Churn,1.0,0.0,0.0,1.0
441001,2018,Hải Phòng,Highlands Coffee,Yes,Yes,Yes,Yes,No,5.0,49.0,245.0,Seg.02 - Mass Asp (VND 25K - VND 59K),16140,Bronze,3.0,2.0,2.0,3.0
441002,2018,Hải Phòng,Highlands Coffee,Yes,Yes,Yes,No,No,2.0,69.0,138.0,Seg.03 - Premium (VND 60K - VND 99K),16152,Silver,2.0,1.0,3.0,4.0
441048,2018,Hồ Chí Minh,Highlands Coffee,Yes,Yes,Yes,Yes,No,6.0,50.0,300.0,Seg.02 - Mass Asp (VND 25K - VND 59K),16159,Bronze,3.0,3.0,2.0,3.0
441048,2018,Hồ Chí Minh,The Coffee House,Yes,Yes,Yes,No,No,3.0,50.0,150.0,Seg.02 - Mass Asp (VND 25K - VND 59K),16167,At-risk,2.0,1.0,2.0,2.0
441070,2018,Hồ Chí Minh,Trung Nguyên,Yes,Yes,Yes,Yes,No,4.0,45.0,180.0,Seg.02 - Mass Asp (VND 25K - VND 59K),16178,Bronze,3.0,2.0,2.0,3.0
441136,2018,Hải Phòng,Highlands Coffee,Yes,Yes,Yes,No,No,3.0,60.0,180.0,Seg.03 - Premium (VND 60K - VND 99K),16225,Silver,2.0,1.0,3.0,4.0
441214,2018,Hải Phòng,Highlands Coffee,Yes,Yes,Yes,No,No,3.0,50.0,150.0,Seg.02 - Mass Asp (VND 25K - VND 59K),16231,At-risk,2.0,1.0,2.0,2.0
441214,2018,Hải Phòng,Starbucks,Yes,Yes,No,No,No,0.0,0.0,0.0,,16232,Churn,1.0,0.0,0.0,1.0
441229,2018,Đà Nẵng,Highlands Coffee,Yes,Yes,Yes,Yes,No,4.0,50.0,200.0,Seg.02 - Mass Asp (VND 25K - VND 59K),16240,Bronze,3.0,2.0,2.0,3.0
441235,2018,Hồ Chí Minh,The Coffee House,Yes,Yes,No,No,No,0.0,0.0,0.0,,16263,Churn,1.0,0.0,0.0,1.0
441235,2018,Hồ Chí Minh,Highlands Coffee,Yes,Yes,Yes,Yes,No,4.0,40.0,160.0,Seg.02 - Mass Asp (VND 25K - VND 59K),16266,Bronze,3.0,2.0,2.0,3.0
441239,2018,Hồ Chí Minh,The Coffee House,Yes,Yes,No,No,No,0.0,0.0,0.0,,16280,Churn,1.0,0.0,0.0,1.0
441240,2018,Hồ Chí Minh,Trung Nguyên,Yes,Yes,No,No,No,0.0,0.0,0.0,,16291,Churn,1.0,0.0,0.0,1.0
441240,2018,Hồ Chí Minh,Starbucks,Yes,Yes,No,No,No,0.0,0.0,0.0,,16292,Churn,1.0,0.0,0.0,1.0
441240,2018,Hồ Chí Minh,Phúc Long,Yes,Yes,No,No,No,0.0,0.0,0.0,,16297,Churn,1.0,0.0,0.0,1.0
441240,2018,Hồ Chí Minh,Highlands Coffee,Yes,Yes,Yes,No,No,1.0,40.0,40.0,Seg.02 - Mass Asp (VND 25K - VND 59K),16298,At-risk,2.0,1.0,2.0,2.0
441304,2018,Hồ Chí Minh,The Coffee House,Yes,Yes,Yes,No,No,3.0,50.0,150.0,Seg.02 - Mass Asp (VND 25K - VND 59K),16344,At-risk,2.0,1.0,2.0,2.0
441305,2018,Hồ Chí Minh,Highlands Coffee,Yes,Yes,No,No,No,0.0,0.0,0.0,,16350,Churn,1.0,0.0,0.0,1.0
441305,2018,Hồ Chí Minh,The Coffee House,Yes,Yes,Yes,No,No,3.0,50.0,150.0,Seg.02 - Mass Asp (VND 25K - VND 59K),16351,At-risk,2.0,1.0,2.0,2.0
441307,2018,Hồ Chí Minh,The Coffee House,Yes,Yes,Yes,Yes,No,4.0,45.0,180.0,Seg.02 - Mass Asp (VND 25K - VND 59K),16365,Bronze,3.0,2.0,2.0,3.0
441307,2018,Hồ Chí Minh,Trung Nguyên,Yes,Yes,No,No,No,0.0,0.0,0.0,,16366,Churn,1.0,0.0,0.0,1.0
441315,2018,Hà Nội,Highlands Coffee,Yes,Yes,Yes,No,No,1.0,100.0,100.0,Seg.04 - Super Premium (VND 100K+),16383,Silver,2.0,1.0,4.0,4.0
441332,2018,Đà Nẵng,Highlands Coffee,Yes,Yes,No,No,No,0.0,0.0,0.0,,16384,Churn,1.0,0.0,0.0,1.0
441349,2018,Nha Trang,Highlands Coffee,Yes,Yes,Yes,No,No,3.0,49.0,147.0,Seg.02 - Mass Asp (VND 25K - VND 59K),16396,At-risk,2.0,1.0,2.0,2.0
441361,2018,Hồ Chí Minh,Highlands Coffee,Yes,Yes,Yes,No,No,1.0,49.0,49.0,Seg.02 - Mass Asp (VND 25K - VND 59K),16399,At-risk,2.0,1.0,2.0,2.0
441369,2018,Hải Phòng,Highlands Coffee,Yes,Yes,Yes,Yes,No,10.0,80.0,800.0,Seg.03 - Premium (VND 60K - VND 99K),16410,Gold,3.0,4.0,3.0,5.0
441430,2018,Hải Phòng,Highlands Coffee,Yes,Yes,No,No,No,0.0,0.0,0.0,,16427,Churn,1.0,0.0,0.0,1.0
441482,2018,Hồ Chí Minh,Highlands Coffee,Yes,Yes,No,No,No,0.0,0.0,0.0,,16443,Churn,1.0,0.0,0.0,1.0
441487,2018,Nha Trang,Highlands Coffee,Yes,Yes,Yes,Yes,No,14.0,50.0,700.0,Seg.02 - Mass Asp (VND 25K - VND 59K),16453,Gold,3.0,4.0,2.0,5.0
441649,2018,Hồ Chí Minh,Highlands Coffee,Yes,Yes,Yes,No,No,1.0,40.0,40.0,Seg.02 - Mass Asp (VND 25K - VND 59K),16501,At-risk,2.0,1.0,2.0,2.0
441654,2018,Hồ Chí Minh,Highlands Coffee,Yes,Yes,Yes,No,No,1.0,40.0,40.0,Seg.02 - Mass Asp (VND 25K - VND 59K),16520,At-risk,2.0,1.0,2.0,2.0
441665,2018,Hồ Chí Minh,Highlands Coffee,Yes,Yes,Yes,Yes,No,4.0,40.0,160.0,Seg.02 - Mass Asp (VND 25K - VND 59K),16538,Bronze,3.0,2.0,2.0,3.0
441700,2018,Hải Phòng,Starbucks,Yes,Yes,No,No,No,0.0,0.0,0.0,,16545,Churn,1.0,0.0,0.0,1.0
441700,2018,Hải Phòng,Highlands Coffee,Yes,Yes,Yes,Yes,No,15.0,50.0,750.0,Seg.02 - Mass Asp (VND 25K - VND 59K),16546,Gold,3.0,4.0,2.0,5.0
441701,2018,Hải Phòng,Highlands Coffee,Yes,Yes,Yes,Yes,No,6.0,50.0,300.0,Seg.02 - Mass Asp (VND 25K - VND 59K),16548,Bronze,3.0,3.0,2.0,3.0
441701,2018,Hải Phòng,Starbucks,Yes,Yes,Yes,No,No,2.0,60.0,120.0,Seg.03 - Premium (VND 60K - VND 99K),16549,Silver,2.0,1.0,3.0,4.0
441884,2018,Hải Phòng,Highlands Coffee,Yes,Yes,No,No,No,0.0,0.0,0.0,,16569,Churn,1.0,0.0,0.0,1.0
441895,2018,Hà Nội,The Coffee House,Yes,Yes,No,No,No,0.0,0.0,0.0,,16588,Churn,1.0,0.0,0.0,1.0
441895,2018,Hà Nội,Trung Nguyên,Yes,Yes,Yes,Yes,No,4.0,35.0,140.0,Seg.02 - Mass Asp (VND 25K - VND 59K),16591,Bronze,3.0,2.0,1.0,3.0
441903,2018,Hà Nội,Highlands Coffee,Yes,Yes,No,No,No,0.0,0.0,0.0,,16593,Churn,1.0,0.0,0.0,1.0
441904,2018,Hà Nội,Highlands Coffee,Yes,Yes,No,No,No,0.0,0.0,0.0,,16602,Churn,1.0,0.0,0.0,1.0
441904,2018,Hà Nội,Trung Nguyên,Yes,Yes,No,No,No,0.0,0.0,0.0,,16604,Churn,1.0,0.0,0.0,1.0
441905,2018,Hà Nội,The Coffee House,Yes,Yes,Yes,Yes,No,5.0,40.0,200.0,Seg.02 - Mass Asp (VND 25K - VND 59K),16618,Bronze,3.0,2.0,2.0,3.0
441906,2018,Hà Nội,Highlands Coffee,Yes,Yes,Yes,No,No,3.0,39.0,117.0,Seg.02 - Mass Asp (VND 25K - VND 59K),16624,At-risk,2.0,1.0,2.0,2.0
441907,2018,Hà Nội,Cộng Cà Phê,Yes,Yes,No,No,No,0.0,0.0,0.0,,16633,Churn,1.0,0.0,0.0,1.0
441907,2018,Hà Nội,Highlands Coffee,Yes,Yes,Yes,Yes,No,4.0,50.0,200.0,Seg.02 - Mass Asp (VND 25K - VND 59K),16636,Bronze,3.0,2.0,2.0,3.0
441909,2018,Hà Nội,The Coffee House,Yes,Yes,No,No,No,0.0,0.0,0.0,,16645,Churn,1.0,0.0,0.0,1.0
441909,2018,Hà Nội,Cộng Cà Phê,Yes,Yes,Yes,No,No,2.0,45.0,90.0,Seg.02 - Mass Asp (VND 25K - VND 59K),16646,At-risk,2.0,1.0,2.0,2.0
441909,2018,Hà Nội,Highlands Coffee,Yes,Yes,Yes,No,No,1.0,49.0,49.0,Seg.02 - Mass Asp (VND 25K - VND 59K),16649,At-risk,2.0,1.0,2.0,2.0
441910,2018,Hà Nội,Highlands Coffee,Yes,Yes,Yes,No,No,3.0,50.0,150.0,Seg.02 - Mass Asp (VND 25K - VND 59K),16657,At-risk,2.0,1.0,2.0,2.0
441912,2018,Hà Nội,Highlands Coffee,Yes,Yes,No,No,No,0.0,0.0,0.0,,16661,Churn,1.0,0.0,0.0,1.0
441912,2018,Hà Nội,Cộng Cà Phê,Yes,Yes,No,No,No,0.0,0.0,0.0,,16665,Churn,1.0,0.0,0.0,1.0
441912,2018,Hà Nội,The Coffee House,Yes,Yes,No,No,No,0.0,0.0,0.0,,16666,Churn,1.0,0.0,0.0,1.0
441913,2018,Hà Nội,The Coffee House,Yes,Yes,No,No,No,0.0,0.0,0.0,,16670,Churn,1.0,0.0,0.0,1.0
441913,2018,Hà Nội,Cộng Cà Phê,Yes,Yes,No,No,No,0.0,0.0,0.0,,16677,Churn,1.0,0.0,0.0,1.0
441914,2018,Hà Nội,The Coffee House,Yes,Yes,No,No,No,0.0,0.0,0.0,,16681,Churn,1.0,0.0,0.0,1.0
441915,2018,Hà Nội,Cộng Cà Phê,Yes,Yes,Yes,Yes,No,4.0,55.0,220.0,Seg.02 - Mass Asp (VND 25K - VND 59K),16690,Bronze,3.0,2.0,2.0,3.0
441916,2018,Hà Nội,Trung Nguyên,Yes,Yes,Yes,Yes,No,4.0,49.0,196.0,Seg.02 - Mass Asp (VND 25K - VND 59K),16694,Bronze,3.0,2.0,2.0,3.0
441916,2018,Hà Nội,Highlands Coffee,Yes,Yes,No,No,No,0.0,0.0,0.0,,16695,Churn,1.0,0.0,0.0,1.0
441917,2018,Hà Nội,The Coffee House,Yes,Yes,Yes,Yes,No,4.0,60.0,240.0,Seg.03 - Premium (VND 60K - VND 99K),16702,Silver,3.0,2.0,3.0,4.0
441918,2018,Hà Nội,Highlands Coffee,Yes,Yes,Yes,Yes,No,4.0,60.0,240.0,Seg.03 - Premium (VND 60K - VND 99K),16708,Silver,3.0,2.0,3.0,4.0
441918,2018,Hà Nội,Cộng Cà Phê,Yes,Yes,No,No,No,0.0,0.0,0.0,,16712,Churn,1.0,0.0,0.0,1.0
441919,2018,Hà Nội,Starbucks,Yes,Yes,Yes,Yes,No,4.0,90.0,360.0,Seg.03 - Premium (VND 60K - VND 99K),16720,Silver,3.0,2.0,4.0,4.0
441934,2018,Hải Phòng,Highlands Coffee,Yes,Yes,Yes,No,No,2.0,63.0,126.0,Seg.03 - Premium (VND 60K - VND 99K),16731,Silver,2.0,1.0,3.0,4.0
441935,2018,Hải Phòng,Trung Nguyên,Yes,Yes,No,No,No,0.0,0.0,0.0,,16735,Churn,1.0,0.0,0.0,1.0
441935,2018,Hải Phòng,Highlands Coffee,Yes,Yes,Yes,No,No,3.0,50.0,150.0,Seg.02 - Mass Asp (VND 25K - VND 59K),16737,At-risk,2.0,1.0,2.0,2.0
441936,2018,Hải Phòng,Highlands Coffee,Yes,Yes,No,No,No,0.0,0.0,0.0,,16743,Churn,1.0,0.0,0.0,1.0
441937,2018,Hải Phòng,Highlands Coffee,Yes,Yes,No,No,No,0.0,0.0,0.0,,16751,Churn,1.0,0.0,0.0,1.0
441938,2018,Hải Phòng,Highlands Coffee,Yes,Yes,No,No,No,0.0,0.0,0.0,,16761,Churn,1.0,0.0,0.0,1.0
441939,2018,Hải Phòng,Highlands Coffee,Yes,Yes,No,No,No,0.0,0.0,0.0,,16765,Churn,1.0,0.0,0.0,1.0
441943,2018,Hà Nội,Highlands Coffee,Yes,Yes,Yes,Yes,No,4.0,68.0,272.0,Seg.03 - Premium (VND 60K - VND 99K),16786,Silver,3.0,2.0,3.0,4.0
441944,2018,Hà Nội,Cộng Cà Phê,Yes,Yes,No,No,No,0.0,0.0,0.0,,16792,Churn,1.0,0.0,0.0,1.0
441945,2018,Hồ Chí Minh,The Coffee House,Yes,Yes,Yes,No,No,1.0,40.0,40.0,Seg.02 - Mass Asp (VND 25K - VND 59K),16795,At-risk,2.0,1.0,2.0,2.0
441945,2018,Hồ Chí Minh,Highlands Coffee,Yes,Yes,Yes,No,No,2.0,40.0,80.0,Seg.02 - Mass Asp (VND 25K - VND 59K),16801,At-risk,2.0,1.0,2.0,2.0
441946,2018,Hồ Chí Minh,Highlands Coffee,Yes,Yes,No,No,No,0.0,0.0,0.0,,16805,Churn,1.0,0.0,0.0,1.0
441953,2018,Hải Phòng,Highlands Coffee,Yes,Yes,Yes,No,No,2.0,80.0,160.0,Seg.03 - Premium (VND 60K - VND 99K),16815,Silver,2.0,1.0,3.0,4.0
441959,2018,Hồ Chí Minh,Trung Nguyên,Yes,Yes,Yes,No,No,2.0,27.0,54.0,Seg.02 - Mass Asp (VND 25K - VND 59K),16818,At-risk,2.0,1.0,1.0,2.0
441960,2018,Hồ Chí Minh,Phúc Long,Yes,Yes,No,No,No,0.0,0.0,0.0,,16819,Churn,1.0,0.0,0.0,1.0
441960,2018,Hồ Chí Minh,Trung Nguyên,Yes,Yes,Yes,Yes,No,4.0,30.0,120.0,Seg.02 - Mass Asp (VND 25K - VND 59K),16820,Bronze,3.0,2.0,1.0,3.0
441961,2018,Hải Phòng,Highlands Coffee,Yes,Yes,No,No,No,0.0,0.0,0.0,,16824,Churn,1.0,0.0,0.0,1.0
441961,2018,Hải Phòng,Trung Nguyên,Yes,Yes,No,No,No,0.0,0.0,0.0,,16826,Churn,1.0,0.0,0.0,1.0
441963,2018,Hà Nội,Cộng Cà Phê,Yes,Yes,Yes,Yes,No,4.0,35.0,140.0,Seg.02 - Mass Asp (VND 25K - VND 59K),16831,Bronze,3.0,2.0,1.0,3.0
441963,2018,Hà Nội,Trung Nguyên,Yes,Yes,No,No,No,0.0,0.0,0.0,,16834,Churn,1.0,0.0,0.0,1.0
441978,2018,Cần Thơ,Highlands Coffee,Yes,Yes,Yes,Yes,No,6.0,35.0,210.0,Seg.02 - Mass Asp (VND 25K - VND 59K),16857,Bronze,3.0,3.0,1.0,3.0
441978,2018,Cần Thơ,Trung Nguyên,Yes,Yes,No,No,No,0.0,0.0,0.0,,16859,Churn,1.0,0.0,0.0,1.0
442099,2018,Hải Phòng,Highlands Coffee,Yes,Yes,Yes,No,No,3.0,60.0,180.0,Seg.03 - Premium (VND 60K - VND 99K),16880,Silver,2.0,1.0,3.0,4.0
442099,2018,Hải Phòng,Starbucks,Yes,Yes,Yes,No,No,1.0,100.0,100.0,Seg.04 - Super Premium (VND 100K+),16882,Silver,2.0,1.0,4.0,4.0
442129,2018,Hồ Chí Minh,Trung Nguyên,Yes,Yes,No,No,No,0.0,0.0,0.0,,16885,Churn,1.0,0.0,0.0,1.0
442155,2018,Hồ Chí Minh,Highlands Coffee,Yes,Yes,Yes,No,No,3.0,45.0,135.0,Seg.02 - Mass Asp (VND 25K - VND 59K),16892,At-risk,2.0,1.0,2.0,2.0
442156,2018,Nha Trang,Highlands Coffee,Yes,Yes,Yes,No,No,2.0,49.0,98.0,Seg.02 - Mass Asp (VND 25K - VND 59K),16900,At-risk,2.0,1.0,2.0,2.0
442159,2018,Hồ Chí Minh,Highlands Coffee,Yes,Yes,No,No,No,0.0,0.0,0.0,,16902,Churn,1.0,0.0,0.0,1.0
442159,2018,Hồ Chí Minh,Trung Nguyên,Yes,Yes,No,No,No,0.0,0.0,0.0,,16905,Churn,1.0,0.0,0.0,1.0
442247,2018,Hà Nội,Highlands Coffee,Yes,Yes,Yes,Yes,No,5.0,59.0,295.0,Seg.02 - Mass Asp (VND 25K - VND 59K),16917,Silver,3.0,2.0,3.0,4.0
442247,2018,Hà Nội,Cộng Cà Phê,Yes,Yes,No,No,No,0.0,0.0,0.0,,16920,Churn,1.0,0.0,0.0,1.0
442247,2018,Hà Nội,The Coffee House,Yes,Yes,No,No,No,0.0,0.0,0.0,,16923,Churn,1.0,0.0,0.0,1.0
442248,2018,Hà Nội,Trung Nguyên,Yes,Yes,No,No,No,0.0,0.0,0.0,,16927,Churn,1.0,0.0,0.0,1.0
442248,2018,Hà Nội,Highlands Coffee,Yes,Yes,Yes,No,No,2.0,50.0,100.0,Seg.02 - Mass Asp (VND 25K - VND 59K),16932,At-risk,2.0,1.0,2.0,2.0
442248,2018,Hà Nội,Cộng Cà Phê,Yes,Yes,Yes,Yes,No,5.0,40.0,200.0,Seg.02 - Mass Asp (VND 25K - VND 59K),16934,Bronze,3.0,2.0,2.0,3.0
442249,2018,Hà Nội,Highlands Coffee,Yes,Yes,Yes,Yes,No,4.0,50.0,200.0,Seg.02 - Mass Asp (VND 25K - VND 59K),16937,Bronze,3.0,2.0,2.0,3.0
442249,2018,Hà Nội,Cộng Cà Phê,Yes,Yes,No,No,No,0.0,0.0,0.0,,16944,Churn,1.0,0.0,0.0,1.0
442250,2018,Hà Nội,Trung Nguyên,Yes,Yes,Yes,Yes,No,5.0,50.0,250.0,Seg.02 - Mass Asp (VND 25K - VND 59K),16948,Bronze,3.0,2.0,2.0,3.0
442252,2018,Hà Nội,Cộng Cà Phê,Yes,Yes,Yes,Yes,No,4.0,50.0,200.0,Seg.02 - Mass Asp (VND 25K - VND 59K),16960,Bronze,3.0,2.0,2.0,3.0
442252,2018,Hà Nội,Highlands Coffee,Yes,Yes,Yes,No,No,2.0,50.0,100.0,Seg.02 - Mass Asp (VND 25K - VND 59K),16962,At-risk,2.0,1.0,2.0,2.0
442253,2018,Hà Nội,The Coffee House,Yes,Yes,No,No,No,0.0,0.0,0.0,,16972,Churn,1.0,0.0,0.0,1.0
442253,2018,Hà Nội,Highlands Coffee,Yes,Yes,Yes,Yes,No,5.0,60.0,300.0,Seg.03 - Premium (VND 60K - VND 99K),16975,Silver,3.0,2.0,3.0,4.0
442253,2018,Hà Nội,Cộng Cà Phê,Yes,Yes,Yes,No,No,1.0,80.0,80.0,Seg.03 - Premium (VND 60K - VND 99K),16976,Silver,2.0,1.0,3.0,4.0
442269,2018,Hải Phòng,Highlands Coffee,Yes,Yes,Yes,No,No,2.0,29.0,58.0,Seg.02 - Mass Asp (VND 25K - VND 59K),16981,At-risk,2.0,1.0,1.0,2.0
442270,2018,Hải Phòng,Highlands Coffee,Yes,Yes,No,No,No,0.0,0.0,0.0,,16988,Churn,1.0,0.0,0.0,1.0
442338,2018,Hà Nội,Highlands Coffee,Yes,Yes,Yes,Yes,No,4.0,49.0,196.0,Seg.02 - Mass Asp (VND 25K - VND 59K),17001,Bronze,3.0,2.0,2.0,3.0
442338,2018,Hà Nội,Trung Nguyên,Yes,Yes,No,No,No,0.0,0.0,0.0,,17002,Churn,1.0,0.0,0.0,1.0
442343,2018,Hà Nội,Highlands Coffee,Yes,Yes,Yes,No,No,2.0,29.0,58.0,Seg.02 - Mass Asp (VND 25K - VND 59K),17016,At-risk,2.0,1.0,1.0,2.0
442486,2018,Hồ Chí Minh,Trung Nguyên,Yes,Yes,No,No,No,0.0,0.0,0.0,,17033,Churn,1.0,0.0,0.0,1.0
442569,2018,Hồ Chí Minh,Highlands Coffee,Yes,Yes,Yes,Yes,No,8.0,39.0,312.0,Seg.02 - Mass Asp (VND 25K - VND 59K),17054,Gold,3.0,4.0,2.0,5.0
442655,2018,Hải Phòng,Cộng Cà Phê,Yes,Yes,No,No,No,0.0,0.0,0.0,,17097,Churn,1.0,0.0,0.0,1.0
442655,2018,Hải Phòng,Starbucks,Yes,Yes,Yes,No,No,3.0,80.0,240.0,Seg.03 - Premium (VND 60K - VND 99K),17098,Silver,2.0,1.0,3.0,4.0
442655,2018,Hải Phòng,Highlands Coffee,Yes,Yes,Yes,Yes,No,7.0,60.0,420.0,Seg.03 - Premium (VND 60K - VND 99K),17100,Gold,3.0,3.0,3.0,5.0
442832,2018,Hà Nội,The Coffee House,Yes,Yes,Yes,No,No,1.0,60.0,60.0,Seg.03 - Premium (VND 60K - VND 99K),17143,Silver,2.0,1.0,3.0,4.0
442832,2018,Hà Nội,Highlands Coffee,Yes,Yes,No,No,No,0.0,0.0,0.0,,17144,Churn,1.0,0.0,0.0,1.0
442835,2018,Hà Nội,The Coffee House,Yes,Yes,No,No,No,0.0,0.0,0.0,,17159,Churn,1.0,0.0,0.0,1.0
442835,2018,Hà Nội,Cộng Cà Phê,Yes,Yes,No,No,No,0.0,0.0,0.0,,17161,Churn,1.0,0.0,0.0,1.0
442835,2018,Hà Nội,Trung Nguyên,Yes,Yes,Yes,Yes,No,4.0,35.0,140.0,Seg.02 - Mass Asp (VND 25K - VND 59K),17162,Bronze,3.0,2.0,1.0,3.0
442836,2018,Hà Nội,The Coffee House,Yes,Yes,Yes,No,No,1.0,55.0,55.0,Seg.02 - Mass Asp (VND 25K - VND 59K),17171,At-risk,2.0,1.0,2.0,2.0
442836,2018,Hà Nội,Cộng Cà Phê,Yes,Yes,Yes,Yes,No,4.0,40.0,160.0,Seg.02 - Mass Asp (VND 25K - VND 59K),17174,Bronze,3.0,2.0,2.0,3.0
442838,2018,Hà Nội,The Coffee House,Yes,Yes,No,No,No,0.0,0.0,0.0,,17182,Churn,1.0,0.0,0.0,1.0
442838,2018,Hà Nội,Highlands Coffee,Yes,Yes,Yes,Yes,No,4.0,65.0,260.0,Seg.03 - Premium (VND 60K - VND 99K),17188,Silver,3.0,2.0,3.0,4.0
442838,2018,Hà Nội,Cộng Cà Phê,Yes,Yes,No,No,No,0.0,0.0,0.0,,17190,Churn,1.0,0.0,0.0,1.0
442838,2018,Hà Nội,Starbucks,Yes,Yes,No,No,No,0.0,0.0,0.0,,17192,Churn,1.0,0.0,0.0,1.0
442839,2018,Hà Nội,Highlands Coffee,Yes,Yes,No,No,No,0.0,0.0,0.0,,17195,Churn,1.0,0.0,0.0,1.0
443019,2018,Hồ Chí Minh,Highlands Coffee,Yes,Yes,Yes,Yes,No,8.0,50.0,400.0,Seg.02 - Mass Asp (VND 25K - VND 59K),17245,Gold,3.0,4.0,2.0,5.0
443082,2018,Hà Nội,Highlands Coffee,Yes,Yes,Yes,No,No,1.0,29.0,29.0,Seg.02 - Mass Asp (VND 25K - VND 59K),17248,At-risk,2.0,1.0,1.0,2.0
443082,2018,Hà Nội,Trung Nguyên,Yes,Yes,No,No,No,0.0,0.0,0.0,,17249,Churn,1.0,0.0,0.0,1.0
443098,2018,Hải Phòng,Starbucks,Yes,Yes,No,No,No,0.0,0.0,0.0,,17254,Churn,1.0,0.0,0.0,1.0
443098,2018,Hải Phòng,Highlands Coffee,Yes,Yes,Yes,No,No,1.0,80.0,80.0,Seg.03 - Premium (VND 60K - VND 99K),17257,Silver,2.0,1.0,3.0,4.0
443098,2018,Hải Phòng,Cộng Cà Phê,Yes,Yes,Yes,No,No,2.0,50.0,100.0,Seg.02 - Mass Asp (VND 25K - VND 59K),17258,At-risk,2.0,1.0,2.0,2.0
443099,2018,Hải Phòng,Starbucks,Yes,Yes,Yes,Yes,No,4.0,80.0,320.0,Seg.03 - Premium (VND 60K - VND 99K),17264,Silver,3.0,2.0,3.0,4.0
443099,2018,Hải Phòng,Highlands Coffee,Yes,Yes,Yes,Yes,Yes,20.0,70.0,1400.0,Seg.03 - Premium (VND 60K - VND 99K),17266,Gold,4.0,4.0,3.0,5.0
443099,2018,Hải Phòng,Cộng Cà Phê,Yes,Yes,No,No,No,0.0,0.0,0.0,,17268,Churn,1.0,0.0,0.0,1.0
443123,2018,Hồ Chí Minh,Highlands Coffee,Yes,Yes,Yes,Yes,No,4.0,30.0,120.0,Seg.02 - Mass Asp (VND 25K - VND 59K),17270,Bronze,3.0,2.0,1.0,3.0
443346,2018,Hà Nội,Cộng Cà Phê,Yes,Yes,Yes,Yes,No,5.0,35.0,175.0,Seg.02 - Mass Asp (VND 25K - VND 59K),17285,Bronze,3.0,2.0,1.0,3.0
443346,2018,Hà Nội,Trung Nguyên,Yes,Yes,No,No,No,0.0,0.0,0.0,,17287,Churn,1.0,0.0,0.0,1.0
443560,2018,Hà Nội,Highlands Coffee,Yes,Yes,Yes,No,No,1.0,80.0,80.0,Seg.03 - Premium (VND 60K - VND 99K),17299,Silver,2.0,1.0,3.0,4.0
443560,2018,Hà Nội,Cộng Cà Phê,Yes,Yes,Yes,No,No,3.0,50.0,150.0,Seg.02 - Mass Asp (VND 25K - VND 59K),17300,At-risk,2.0,1.0,2.0,2.0
443561,2018,Hà Nội,Cộng Cà Phê,Yes,Yes,Yes,No,No,2.0,45.0,90.0,Seg.02 - Mass Asp (VND 25K - VND 59K),17303,At-risk,2.0,1.0,2.0,2.0
443561,2018,Hà Nội,Highlands Coffee,Yes,Yes,Yes,No,No,2.0,65.0,130.0,Seg.03 - Premium (VND 60K - VND 99K),17309,Silver,2.0,1.0,3.0,4.0
443562,2018,Hà Nội,Highlands Coffee,Yes,Yes,Yes,No,No,1.0,80.0,80.0,Seg.03 - Premium (VND 60K - VND 99K),17314,Silver,2.0,1.0,3.0,4.0
443562,2018,Hà Nội,Cộng Cà Phê,Yes,Yes,No,No,No,0.0,0.0,0.0,,17316,Churn,1.0,0.0,0.0,1.0
443563,2018,Hà Nội,Cộng Cà Phê,Yes,Yes,Yes,No,No,1.0,45.0,45.0,Seg.02 - Mass Asp (VND 25K - VND 59K),17320,At-risk,2.0,1.0,2.0,2.0
443563,2018,Hà Nội,Highlands Coffee,Yes,Yes,Yes,No,No,1.0,80.0,80.0,Seg.03 - Premium (VND 60K - VND 99K),17324,Silver,2.0,1.0,3.0,4.0
443565,2018,Hà Nội,Cộng Cà Phê,Yes,Yes,Yes,Yes,No,6.0,50.0,300.0,Seg.02 - Mass Asp (VND 25K - VND 59K),17332,Bronze,3.0,3.0,2.0,3.0
443567,2018,Hà Nội,Cộng Cà Phê,Yes,Yes,Yes,No,No,3.0,50.0,150.0,Seg.02 - Mass Asp (VND 25K - VND 59K),17345,At-risk,2.0,1.0,2.0,2.0
443567,2018,Hà Nội,Highlands Coffee,Yes,Yes,Yes,Yes,No,5.0,70.0,350.0,Seg.03 - Premium (VND 60K - VND 99K),17348,Silver,3.0,2.0,3.0,4.0
443567,2018,Hà Nội,The Coffee House,Yes,Yes,No,No,No,0.0,0.0,0.0,,17349,Churn,1.0,0.0,0.0,1.0
443588,2018,Hải Phòng,Highlands Coffee,Yes,Yes,Yes,No,No,2.0,60.0,120.0,Seg.03 - Premium (VND 60K - VND 99K),17352,Silver,2.0,1.0,3.0,4.0
443589,2018,Hải Phòng,Highlands Coffee,Yes,Yes,No,No,No,0.0,0.0,0.0,,17355,Churn,1.0,0.0,0.0,1.0
443590,2018,Hải Phòng,Highlands Coffee,Yes,Yes,Yes,Yes,No,5.0,60.0,300.0,Seg.03 - Premium (VND 60K - VND 99K),17360,Silver,3.0,2.0,3.0,4.0
443590,2018,Hải Phòng,Starbucks,Yes,Yes,No,No,No,0.0,0.0,0.0,,17363,Churn,1.0,0.0,0.0,1.0
443595,2018,Hà Nội,Highlands Coffee,Yes,Yes,Yes,No,No,2.0,29.0,58.0,Seg.02 - Mass Asp (VND 25K - VND 59K),17369,At-risk,2.0,1.0,1.0,2.0
443621,2018,Hải Phòng,Highlands Coffee,Yes,Yes,Yes,No,No,2.0,50.0,100.0,Seg.02 - Mass Asp (VND 25K - VND 59K),17411,At-risk,2.0,1.0,2.0,2.0
443622,2018,Hải Phòng,Highlands Coffee,Yes,Yes,Yes,No,No,3.0,60.0,180.0,Seg.03 - Premium (VND 60K - VND 99K),17419,Silver,2.0,1.0,3.0,4.0
443625,2018,Hải Phòng,Highlands Coffee,Yes,Yes,No,No,No,0.0,0.0,0.0,,17432,Churn,1.0,0.0,0.0,1.0
443626,2018,Hải Phòng,Highlands Coffee,Yes,Yes,Yes,No,No,2.0,70.0,140.0,Seg.03 - Premium (VND 60K - VND 99K),17437,Silver,2.0,1.0,3.0,4.0
443634,2018,Hải Phòng,Starbucks,Yes,Yes,No,No,No,0.0,0.0,0.0,,17454,Churn,1.0,0.0,0.0,1.0
443635,2018,Hải Phòng,Highlands Coffee,Yes,Yes,Yes,No,No,2.0,80.0,160.0,Seg.03 - Premium (VND 60K - VND 99K),17460,Silver,2.0,1.0,3.0,4.0
443636,2018,Hải Phòng,Highlands Coffee,Yes,Yes,No,No,No,0.0,0.0,0.0,,17462,Churn,1.0,0.0,0.0,1.0
443647,2018,Hà Nội,Highlands Coffee,Yes,Yes,Yes,No,No,1.0,85.0,85.0,Seg.03 - Premium (VND 60K - VND 99K),17472,Silver,2.0,1.0,4.0,4.0
443649,2018,Hà Nội,Cộng Cà Phê,Yes,Yes,No,No,No,0.0,0.0,0.0,,17482,Churn,1.0,0.0,0.0,1.0
443649,2018,Hà Nội,Highlands Coffee,Yes,Yes,Yes,No,No,2.0,70.0,140.0,Seg.03 - Premium (VND 60K - VND 99K),17483,Silver,2.0,1.0,3.0,4.0
443650,2018,Hà Nội,Highlands Coffee,Yes,Yes,Yes,No,No,1.0,50.0,50.0,Seg.02 - Mass Asp (VND 25K - VND 59K),17493,At-risk,2.0,1.0,2.0,2.0
443652,2018,Hà Nội,Highlands Coffee,Yes,Yes,No,No,No,0.0,0.0,0.0,,17500,Churn,1.0,0.0,0.0,1.0
443652,2018,Hà Nội,Trung Nguyên,Yes,Yes,Yes,Yes,No,4.0,50.0,200.0,Seg.02 - Mass Asp (VND 25K - VND 59K),17501,Bronze,3.0,2.0,2.0,3.0
443652,2018,Hà Nội,Cộng Cà Phê,Yes,Yes,No,No,No,0.0,0.0,0.0,,17504,Churn,1.0,0.0,0.0,1.0
443653,2018,Hà Nội,Cộng Cà Phê,Yes,Yes,No,No,No,0.0,0.0,0.0,,17505,Churn,1.0,0.0,0.0,1.0
443654,2018,Hà Nội,Highlands Coffee,Yes,Yes,Yes,No,No,1.0,49.0,49.0,Seg.02 - Mass Asp (VND 25K - VND 59K),17511,At-risk,2.0,1.0,2.0,2.0
443654,2018,Hà Nội,Trung Nguyên,Yes,Yes,Yes,No,No,2.0,40.0,80.0,Seg.02 - Mass Asp (VND 25K - VND 59K),17512,At-risk,2.0,1.0,2.0,2.0
443655,2018,Hà Nội,Highlands Coffee,Yes,Yes,Yes,No,No,3.0,58.0,174.0,Seg.02 - Mass Asp (VND 25K - VND 59K),17519,Silver,2.0,1.0,3.0,4.0
443657,2018,Hà Nội,Highlands Coffee,Yes,Yes,Yes,Yes,No,4.0,65.0,260.0,Seg.03 - Premium (VND 60K - VND 99K),17522,Silver,3.0,2.0,3.0,4.0
443657,2018,Hà Nội,Cộng Cà Phê,Yes,Yes,Yes,No,No,2.0,45.0,90.0,Seg.02 - Mass Asp (VND 25K - VND 59K),17524,At-risk,2.0,1.0,2.0,2.0
443659,2018,Hà Nội,Cộng Cà Phê,Yes,Yes,No,No,No,0.0,0.0,0.0,,17538,Churn,1.0,0.0,0.0,1.0
443660,2018,Hà Nội,Cộng Cà Phê,Yes,Yes,Yes,No,No,1.0,45.0,45.0,Seg.02 - Mass Asp (VND 25K - VND 59K),17541,At-risk,2.0,1.0,2.0,2.0
443660,2018,Hà Nội,Highlands Coffee,Yes,Yes,Yes,No,No,1.0,60.0,60.0,Seg.03 - Premium (VND 60K - VND 99K),17547,Silver,2.0,1.0,3.0,4.0
443711,2018,Hải Phòng,Highlands Coffee,Yes,Yes,Yes,No,No,2.0,60.0,120.0,Seg.03 - Premium (VND 60K - VND 99K),17558,Silver,2.0,1.0,3.0,4.0
443711,2018,Hải Phòng,Starbucks,Yes,Yes,No,No,No,0.0,0.0,0.0,,17564,Churn,1.0,0.0,0.0,1.0
443712,2018,Hải Phòng,Highlands Coffee,Yes,Yes,Yes,No,No,1.0,100.0,100.0,Seg.04 - Super Premium (VND 100K+),17567,Silver,2.0,1.0,4.0,4.0
443713,2018,Hải Phòng,Highlands Coffee,Yes,Yes,Yes,No,No,3.0,50.0,150.0,Seg.02 - Mass Asp (VND 25K - VND 59K),17569,At-risk,2.0,1.0,2.0,2.0
443721,2018,Hà Nội,Highlands Coffee,Yes,Yes,No,No,No,0.0,0.0,0.0,,17584,Churn,1.0,0.0,0.0,1.0
443722,2018,Hà Nội,Cộng Cà Phê,Yes,Yes,No,No,No,0.0,0.0,0.0,,17589,Churn,1.0,0.0,0.0,1.0
443722,2018,Hà Nội,Highlands Coffee,Yes,Yes,Yes,No,No,2.0,50.0,100.0,Seg.02 - Mass Asp (VND 25K - VND 59K),17590,At-risk,2.0,1.0,2.0,2.0
443723,2018,Hà Nội,Highlands Coffee,Yes,Yes,No,No,No,0.0,0.0,0.0,,17595,Churn,1.0,0.0,0.0,1.0
443723,2018,Hà Nội,Cộng Cà Phê,Yes,Yes,Yes,No,No,3.0,50.0,150.0,Seg.02 - Mass Asp (VND 25K - VND 59K),17597,At-risk,2.0,1.0,2.0,2.0
443723,2018,Hà Nội,Trung Nguyên,Yes,Yes,No,No,No,0.0,0.0,0.0,,17599,Churn,1.0,0.0,0.0,1.0
443724,2018,Hà Nội,Highlands Coffee,Yes,Yes,No,No,No,0.0,0.0,0.0,,17606,Churn,1.0,0.0,0.0,1.0
443724,2018,Hà Nội,Cộng Cà Phê,Yes,Yes,No,No,No,0.0,0.0,0.0,,17607,Churn,1.0,0.0,0.0,1.0
443727,2018,Hà Nội,Highlands Coffee,Yes,Yes,Yes,Yes,No,5.0,50.0,250.0,Seg.02 - Mass Asp (VND 25K - VND 59K),17629,Bronze,3.0,2.0,2.0,3.0
443727,2018,Hà Nội,Cộng Cà Phê,Yes,Yes,Yes,No,No,2.0,40.0,80.0,Seg.02 - Mass Asp (VND 25K - VND 59K),17631,At-risk,2.0,1.0,2.0,2.0
443730,2018,Hà Nội,Cộng Cà Phê,Yes,Yes,No,No,No,0.0,0.0,0.0,,17649,Churn,1.0,0.0,0.0,1.0
443730,2018,Hà Nội,Highlands Coffee,Yes,Yes,No,No,No,0.0,0.0,0.0,,17650,Churn,1.0,0.0,0.0,1.0
443731,2018,Hà Nội,The Coffee House,Yes,Yes,No,No,No,0.0,0.0,0.0,,17658,Churn,1.0,0.0,0.0,1.0
443731,2018,Hà Nội,Cộng Cà Phê,Yes,Yes,Yes,No,No,1.0,50.0,50.0,Seg.02 - Mass Asp (VND 25K - VND 59K),17659,At-risk,2.0,1.0,2.0,2.0
443731,2018,Hà Nội,Highlands Coffee,Yes,Yes,Yes,No,No,3.0,60.0,180.0,Seg.03 - Premium (VND 60K - VND 99K),17661,Silver,2.0,1.0,3.0,4.0
443734,2018,Hà Nội,The Coffee House,Yes,Yes,No,No,No,0.0,0.0,0.0,,17665,Churn,1.0,0.0,0.0,1.0
443734,2018,Hà Nội,Highlands Coffee,Yes,Yes,No,No,No,0.0,0.0,0.0,,17670,Churn,1.0,0.0,0.0,1.0
443734,2018,Hà Nội,Cộng Cà Phê,Yes,Yes,Yes,Yes,No,4.0,45.0,180.0,Seg.02 - Mass Asp (VND 25K - VND 59K),17675,Bronze,3.0,2.0,2.0,3.0
443735,2018,Hà Nội,Highlands Coffee,Yes,Yes,No,No,No,0.0,0.0,0.0,,17676,Churn,1.0,0.0,0.0,1.0
443735,2018,Hà Nội,Cộng Cà Phê,Yes,Yes,No,No,No,0.0,0.0,0.0,,17682,Churn,1.0,0.0,0.0,1.0
443736,2018,Hà Nội,Highlands Coffee,Yes,Yes,No,No,No,0.0,0.0,0.0,,17690,Churn,1.0,0.0,0.0,1.0
443737,2018,Hà Nội,Highlands Coffee,Yes,Yes,No,No,No,0.0,0.0,0.0,,17693,Churn,1.0,0.0,0.0,1.0
443737,2018,Hà Nội,The Coffee House,Yes,Yes,Yes,Yes,No,4.0,40.0,160.0,Seg.02 - Mass Asp (VND 25K - VND 59K),17694,Bronze,3.0,2.0,2.0,3.0
443737,2018,Hà Nội,Cộng Cà Phê,Yes,Yes,No,No,No,0.0,0.0,0.0,,17696,Churn,1.0,0.0,0.0,1.0
443841,2018,Hồ Chí Minh,Highlands Coffee,Yes,Yes,Yes,Yes,No,15.0,65.0,975.0,Seg.03 - Premium (VND 60K - VND 99K),17720,Gold,3.0,4.0,3.0,5.0
443997,2018,Hà Nội,The Coffee House,Yes,Yes,Yes,No,No,2.0,45.0,90.0,Seg.02 - Mass Asp (VND 25K - VND 59K),17746,At-risk,2.0,1.0,2.0,2.0
443997,2018,Hà Nội,Cộng Cà Phê,Yes,Yes,No,No,No,0.0,0.0,0.0,,17747,Churn,1.0,0.0,0.0,1.0
443997,2018,Hà Nội,Highlands Coffee,Yes,Yes,Yes,No,No,2.0,50.0,100.0,Seg.02 - Mass Asp (VND 25K - VND 59K),17750,At-risk,2.0,1.0,2.0,2.0
443999,2018,Hà Nội,Starbucks,Yes,Yes,Yes,No,No,3.0,50.0,150.0,Seg.02 - Mass Asp (VND 25K - VND 59K),17761,At-risk,2.0,1.0,2.0,2.0
443999,2018,Hà Nội,Cộng Cà Phê,Yes,Yes,No,No,No,0.0,0.0,0.0,,17763,Churn,1.0,0.0,0.0,1.0
443999,2018,Hà Nội,Highlands Coffee,Yes,Yes,Yes,Yes,No,5.0,50.0,250.0,Seg.02 - Mass Asp (VND 25K - VND 59K),17764,Bronze,3.0,2.0,2.0,3.0
444000,2018,Hà Nội,Cộng Cà Phê,Yes,Yes,Yes,No,No,1.0,30.0,30.0,Seg.02 - Mass Asp (VND 25K - VND 59K),17770,At-risk,2.0,1.0,1.0,2.0
444000,2018,Hà Nội,Highlands Coffee,Yes,Yes,No,No,No,0.0,0.0,0.0,,17773,Churn,1.0,0.0,0.0,1.0
444077,2018,Hà Nội,Cộng Cà Phê,Yes,Yes,Yes,Yes,No,12.0,65.0,780.0,Seg.03 - Premium (VND 60K - VND 99K),17808,Gold,3.0,4.0,3.0,5.0
444079,2018,Hà Nội,Cộng Cà Phê,Yes,Yes,Yes,No,No,1.0,65.0,65.0,Seg.03 - Premium (VND 60K - VND 99K),17816,Silver,2.0,1.0,3.0,4.0
444110,2018,Nha Trang,Highlands Coffee,Yes,Yes,Yes,No,No,3.0,50.0,150.0,Seg.02 - Mass Asp (VND 25K - VND 59K),17840,At-risk,2.0,1.0,2.0,2.0
444177,2018,Hải Phòng,Highlands Coffee,Yes,Yes,Yes,Yes,No,5.0,40.0,200.0,Seg.02 - Mass Asp (VND 25K - VND 59K),17856,Bronze,3.0,2.0,2.0,3.0
444184,2018,Hồ Chí Minh,Highlands Coffee,Yes,Yes,Yes,Yes,No,8.0,29.0,232.0,Seg.02 - Mass Asp (VND 25K - VND 59K),17859,Gold,3.0,4.0,1.0,5.0
444184,2018,Hồ Chí Minh,The Coffee House,Yes,Yes,Yes,Yes,No,8.0,29.0,232.0,Seg.02 - Mass Asp (VND 25K - VND 59K),17861,Gold,3.0,4.0,1.0,5.0
444184,2018,Hồ Chí Minh,Phúc Long,Yes,Yes,No,No,No,0.0,0.0,0.0,,17864,Churn,1.0,0.0,0.0,1.0
444227,2018,Hải Phòng,Highlands Coffee,Yes,Yes,No,No,No,0.0,0.0,0.0,,17867,Churn,1.0,0.0,0.0,1.0
444303,2018,Đà Nẵng,Highlands Coffee,Yes,Yes,Yes,No,No,2.0,49.0,98.0,Seg.02 - Mass Asp (VND 25K - VND 59K),17879,At-risk,2.0,1.0,2.0,2.0
444303,2018,Đà Nẵng,The Coffee House,Yes,Yes,Yes,No,No,1.0,39.0,39.0,Seg.02 - Mass Asp (VND 25K - VND 59K),17880,At-risk,2.0,1.0,2.0,2.0
444303,2018,Đà Nẵng,Starbucks,Yes,Yes,No,No,No,0.0,0.0,0.0,,17881,Churn,1.0,0.0,0.0,1.0
444388,2018,Hồ Chí Minh,The Coffee House,Yes,Yes,Yes,No,No,1.0,45.0,45.0,Seg.02 - Mass Asp (VND 25K - VND 59K),17883,At-risk,2.0,1.0,2.0,2.0
444411,2018,Hồ Chí Minh,Highlands Coffee,Yes,Yes,No,No,No,0.0,0.0,0.0,,17896,Churn,1.0,0.0,0.0,1.0
444425,2018,Hà Nội,Highlands Coffee,Yes,Yes,Yes,No,No,1.0,50.0,50.0,Seg.02 - Mass Asp (VND 25K - VND 59K),17902,At-risk,2.0,1.0,2.0,2.0
444455,2018,Hà Nội,Cộng Cà Phê,Yes,Yes,Yes,No,No,1.0,45.0,45.0,Seg.02 - Mass Asp (VND 25K - VND 59K),17961,At-risk,2.0,1.0,2.0,2.0
444457,2018,Hà Nội,The Coffee House,Yes,Yes,No,No,No,0.0,0.0,0.0,,17979,Churn,1.0,0.0,0.0,1.0
444457,2018,Hà Nội,Highlands Coffee,Yes,Yes,Yes,Yes,No,4.0,50.0,200.0,Seg.02 - Mass Asp (VND 25K - VND 59K),17982,Bronze,3.0,2.0,2.0,3.0
444458,2018,Hà Nội,Cộng Cà Phê,Yes,Yes,No,No,No,0.0,0.0,0.0,,17988,Churn,1.0,0.0,0.0,1.0
444459,2018,Hà Nội,Highlands Coffee,Yes,Yes,Yes,No,No,1.0,50.0,50.0,Seg.02 - Mass Asp (VND 25K - VND 59K),17993,At-risk,2.0,1.0,2.0,2.0
444459,2018,Hà Nội,The Coffee House,Yes,Yes,No,No,No,0.0,0.0,0.0,,18002,Churn,1.0,0.0,0.0,1.0
444463,2018,Hà Nội,Highlands Coffee,Yes,Yes,Yes,No,No,3.0,60.0,180.0,Seg.03 - Premium (VND 60K - VND 99K),18017,Silver,2.0,1.0,3.0,4.0
444474,2018,Hồ Chí Minh,Trung Nguyên,Yes,Yes,No,No,No,0.0,0.0,0.0,,18035,Churn,1.0,0.0,0.0,1.0
444561,2018,Hà Nội,Highlands Coffee,Yes,Yes,Yes,Yes,No,6.0,60.0,360.0,Seg.03 - Premium (VND 60K - VND 99K),18050,Gold,3.0,3.0,3.0,5.0
444561,2018,Hà Nội,Cộng Cà Phê,Yes,Yes,Yes,Yes,No,4.0,45.0,180.0,Seg.02 - Mass Asp (VND 25K - VND 59K),18052,Bronze,3.0,2.0,2.0,3.0
444561,2018,Hà Nội,The Coffee House,Yes,Yes,No,No,No,0.0,0.0,0.0,,18056,Churn,1.0,0.0,0.0,1.0
444610,2018,Hồ Chí Minh,Highlands Coffee,Yes,Yes,Yes,No,No,3.0,29.0,87.0,Seg.02 - Mass Asp (VND 25K - VND 59K),18132,At-risk,2.0,1.0,1.0,2.0
444611,2018,Nha Trang,Highlands Coffee,Yes,Yes,No,No,No,0.0,0.0,0.0,,18133,Churn,1.0,0.0,0.0,1.0
444633,2018,Hồ Chí Minh,Highlands Coffee,Yes,Yes,No,No,No,0.0,0.0,0.0,,18165,Churn,1.0,0.0,0.0,1.0
444636,2018,Hà Nội,The Coffee House,Yes,Yes,Yes,Yes,No,4.0,55.0,220.0,Seg.02 - Mass Asp (VND 25K - VND 59K),18175,Bronze,3.0,2.0,2.0,3.0
444636,2018,Hà Nội,Cộng Cà Phê,Yes,Yes,Yes,Yes,No,6.0,65.0,390.0,Seg.03 - Premium (VND 60K - VND 99K),18176,Gold,3.0,3.0,3.0,5.0
444669,2018,Hà Nội,Trung Nguyên,Yes,Yes,Yes,No,No,2.0,55.0,110.0,Seg.02 - Mass Asp (VND 25K - VND 59K),18193,At-risk,2.0,1.0,2.0,2.0
444669,2018,Hà Nội,Starbucks,Yes,Yes,Yes,No,No,2.0,70.0,140.0,Seg.03 - Premium (VND 60K - VND 99K),18197,Silver,2.0,1.0,3.0,4.0
444670,2018,Hà Nội,Cộng Cà Phê,Yes,Yes,No,No,No,0.0,0.0,0.0,,18203,Churn,1.0,0.0,0.0,1.0
444671,2018,Hà Nội,Highlands Coffee,Yes,Yes,Yes,No,No,3.0,29.0,87.0,Seg.02 - Mass Asp (VND 25K - VND 59K),18215,At-risk,2.0,1.0,1.0,2.0
444672,2018,Hà Nội,Highlands Coffee,Yes,Yes,Yes,No,No,2.0,55.0,110.0,Seg.02 - Mass Asp (VND 25K - VND 59K),18223,At-risk,2.0,1.0,2.0,2.0
444673,2018,Hà Nội,Cộng Cà Phê,Yes,Yes,Yes,Yes,No,6.0,45.0,270.0,Seg.02 - Mass Asp (VND 25K - VND 59K),18234,Bronze,3.0,3.0,2.0,3.0
444673,2018,Hà Nội,Highlands Coffee,Yes,Yes,No,No,No,0.0,0.0,0.0,,18236,Churn,1.0,0.0,0.0,1.0
444674,2018,Hà Nội,Cộng Cà Phê,Yes,Yes,Yes,Yes,No,4.0,50.0,200.0,Seg.02 - Mass Asp (VND 25K - VND 59K),18240,Bronze,3.0,2.0,2.0,3.0
444674,2018,Hà Nội,Highlands Coffee,Yes,Yes,No,No,No,0.0,0.0,0.0,,18249,Churn,1.0,0.0,0.0,1.0
444675,2018,Hà Nội,Highlands Coffee,Yes,Yes,Yes,No,No,2.0,39.0,78.0,Seg.02 - Mass Asp (VND 25K - VND 59K),18253,At-risk,2.0,1.0,2.0,2.0
444676,2018,Hà Nội,Highlands Coffee,Yes,Yes,Yes,Yes,No,5.0,50.0,250.0,Seg.02 - Mass Asp (VND 25K - VND 59K),18268,Bronze,3.0,2.0,2.0,3.0
444677,2018,Hà Nội,Cộng Cà Phê,Yes,Yes,Yes,No,No,1.0,40.0,40.0,Seg.02 - Mass Asp (VND 25K - VND 59K),18274,At-risk,2.0,1.0,2.0,2.0
444678,2018,Hà Nội,Trung Nguyên,Yes,Yes,No,No,No,0.0,0.0,0.0,,18281,Churn,1.0,0.0,0.0,1.0
444678,2018,Hà Nội,Highlands Coffee,Yes,Yes,Yes,No,No,3.0,39.0,117.0,Seg.02 - Mass Asp (VND 25K - VND 59K),18282,At-risk,2.0,1.0,2.0,2.0
444678,2018,Hà Nội,Starbucks,Yes,Yes,Yes,Yes,No,5.0,72.0,360.0,Seg.03 - Premium (VND 60K - VND 99K),18285,Silver,3.0,2.0,3.0,4.0
444679,2018,Hà Nội,Highlands Coffee,Yes,Yes,No,No,No,0.0,0.0,0.0,,18296,Churn,1.0,0.0,0.0,1.0
444679,2018,Hà Nội,Cộng Cà Phê,Yes,Yes,Yes,No,No,3.0,45.0,135.0,Seg.02 - Mass Asp (VND 25K - VND 59K),18298,At-risk,2.0,1.0,2.0,2.0
444680,2018,Hà Nội,Highlands Coffee,Yes,Yes,No,No,No,0.0,0.0,0.0,,18304,Churn,1.0,0.0,0.0,1.0
444681,2018,Hà Nội,Cộng Cà Phê,Yes,Yes,Yes,No,No,2.0,45.0,90.0,Seg.02 - Mass Asp (VND 25K - VND 59K),18305,At-risk,2.0,1.0,2.0,2.0
444682,2018,Hà Nội,Cộng Cà Phê,Yes,Yes,No,No,No,0.0,0.0,0.0,,18317,Churn,1.0,0.0,0.0,1.0
444682,2018,Hà Nội,Highlands Coffee,Yes,Yes,No,No,No,0.0,0.0,0.0,,18318,Churn,1.0,0.0,0.0,1.0
444693,2018,Hải Phòng,Highlands Coffee,Yes,Yes,Yes,Yes,No,8.0,60.0,480.0,Seg.03 - Premium (VND 60K - VND 99K),18342,Gold,3.0,4.0,3.0,5.0
444693,2018,Hải Phòng,Starbucks,Yes,Yes,Yes,No,No,2.0,120.0,240.0,Seg.04 - Super Premium (VND 100K+),18343,Silver,2.0,1.0,4.0,4.0
444693,2018,Hải Phòng,Cộng Cà Phê,Yes,Yes,No,No,No,0.0,0.0,0.0,,18344,Churn,1.0,0.0,0.0,1.0
444696,2018,Đà Nẵng,Highlands Coffee,Yes,Yes,Yes,Yes,No,4.0,49.0,196.0,Seg.02 - Mass Asp (VND 25K - VND 59K),18350,Bronze,3.0,2.0,2.0,3.0
444696,2018,Đà Nẵng,The Coffee House,Yes,Yes,No,No,No,0.0,0.0,0.0,,18356,Churn,1.0,0.0,0.0,1.0
444699,2018,Hồ Chí Minh,Highlands Coffee,Yes,Yes,No,No,No,0.0,0.0,0.0,,18366,Churn,1.0,0.0,0.0,1.0
444707,2018,Hồ Chí Minh,Highlands Coffee,Yes,Yes,Yes,No,No,2.0,60.0,120.0,Seg.03 - Premium (VND 60K - VND 99K),18371,Silver,2.0,1.0,3.0,4.0
444707,2018,Hồ Chí Minh,Trung Nguyên,Yes,Yes,Yes,Yes,No,8.0,100.0,800.0,Seg.04 - Super Premium (VND 100K+),18372,Gold,3.0,4.0,4.0,5.0
444729,2018,Hà Nội,Highlands Coffee,Yes,Yes,Yes,No,No,1.0,50.0,50.0,Seg.02 - Mass Asp (VND 25K - VND 59K),18387,At-risk,2.0,1.0,2.0,2.0
444824,2018,Hải Phòng,Starbucks,Yes,Yes,Yes,No,No,3.0,69.0,207.0,Seg.03 - Premium (VND 60K - VND 99K),18415,Silver,2.0,1.0,3.0,4.0
444824,2018,Hải Phòng,Highlands Coffee,Yes,Yes,Yes,Yes,No,7.0,49.0,343.0,Seg.02 - Mass Asp (VND 25K - VND 59K),18418,Bronze,3.0,3.0,2.0,3.0
444914,2018,Đà Nẵng,Highlands Coffee,Yes,Yes,Yes,No,No,1.0,39.0,39.0,Seg.02 - Mass Asp (VND 25K - VND 59K),18423,At-risk,2.0,1.0,2.0,2.0
444955,2018,Hải Phòng,Cộng Cà Phê,Yes,Yes,Yes,No,No,2.0,45.0,90.0,Seg.02 - Mass Asp (VND 25K - VND 59K),18435,At-risk,2.0,1.0,2.0,2.0
444955,2018,Hải Phòng,Highlands Coffee,Yes,Yes,Yes,No,No,3.0,39.0,117.0,Seg.02 - Mass Asp (VND 25K - VND 59K),18437,At-risk,2.0,1.0,2.0,2.0
445000,2018,Đà Nẵng,Highlands Coffee,Yes,Yes,Yes,Yes,No,10.0,50.0,500.0,Seg.02 - Mass Asp (VND 25K - VND 59K),18455,Gold,3.0,4.0,2.0,5.0
445059,2018,Hải Phòng,Highlands Coffee,Yes,Yes,Yes,No,No,1.0,50.0,50.0,Seg.02 - Mass Asp (VND 25K - VND 59K),18482,At-risk,2.0,1.0,2.0,2.0
445125,2018,Hồ Chí Minh,Highlands Coffee,Yes,Yes,No,No,No,0.0,0.0,0.0,,18523,Churn,1.0,0.0,0.0,1.0
445216,2018,Hải Phòng,Trung Nguyên,Yes,Yes,Yes,No,No,3.0,35.0,105.0,Seg.02 - Mass Asp (VND 25K - VND 59K),18557,At-risk,2.0,1.0,1.0,2.0
445217,2018,Hà Nội,The Coffee House,Yes,Yes,Yes,No,No,3.0,35.0,105.0,Seg.02 - Mass Asp (VND 25K - VND 59K),18559,At-risk,2.0,1.0,1.0,2.0
445217,2018,Hà Nội,Cộng Cà Phê,Yes,Yes,Yes,No,No,1.0,35.0,35.0,Seg.02 - Mass Asp (VND 25K - VND 59K),18562,At-risk,2.0,1.0,1.0,2.0
445252,2018,Hải Phòng,Highlands Coffee,Yes,Yes,Yes,Yes,No,5.0,60.0,300.0,Seg.03 - Premium (VND 60K - VND 99K),18566,Silver,3.0,2.0,3.0,4.0
445272,2018,Hải Phòng,Highlands Coffee,Yes,Yes,No,No,No,0.0,0.0,0.0,,18581,Churn,1.0,0.0,0.0,1.0
445303,2018,Hải Phòng,Highlands Coffee,Yes,Yes,No,No,No,0.0,0.0,0.0,,18642,Churn,1.0,0.0,0.0,1.0
445304,2018,Hải Phòng,Highlands Coffee,Yes,Yes,No,No,No,0.0,0.0,0.0,,18651,Churn,1.0,0.0,0.0,1.0
445305,2018,Hải Phòng,Trung Nguyên,Yes,Yes,No,No,No,0.0,0.0,0.0,,18654,Churn,1.0,0.0,0.0,1.0
445305,2018,Hải Phòng,Highlands Coffee,Yes,Yes,No,No,No,0.0,0.0,0.0,,18657,Churn,1.0,0.0,0.0,1.0
445306,2018,Hải Phòng,Highlands Coffee,Yes,Yes,No,No,No,0.0,0.0,0.0,,18658,Churn,1.0,0.0,0.0,1.0
445306,2018,Hải Phòng,Cộng Cà Phê,Yes,Yes,No,No,No,0.0,0.0,0.0,,18665,Churn,1.0,0.0,0.0,1.0
445308,2018,Hải Phòng,Highlands Coffee,Yes,Yes,No,No,No,0.0,0.0,0.0,,18669,Churn,1.0,0.0,0.0,1.0
445323,2018,Hải Phòng,Highlands Coffee,Yes,Yes,Yes,No,No,1.0,59.0,59.0,Seg.02 - Mass Asp (VND 25K - VND 59K),18707,Silver,2.0,1.0,3.0,4.0
445323,2018,Hải Phòng,Trung Nguyên,Yes,Yes,No,No,No,0.0,0.0,0.0,,18708,Churn,1.0,0.0,0.0,1.0
445324,2018,Hải Phòng,Highlands Coffee,Yes,Yes,Yes,No,No,1.0,100.0,100.0,Seg.04 - Super Premium (VND 100K+),18713,Silver,2.0,1.0,4.0,4.0
445324,2018,Hải Phòng,Starbucks,Yes,Yes,No,No,No,0.0,0.0,0.0,,18715,Churn,1.0,0.0,0.0,1.0
445325,2018,Hải Phòng,Highlands Coffee,Yes,Yes,Yes,No,No,1.0,100.0,100.0,Seg.04 - Super Premium (VND 100K+),18717,Silver,2.0,1.0,4.0,4.0
445325,2018,Hải Phòng,Starbucks,Yes,Yes,No,No,No,0.0,0.0,0.0,,18720,Churn,1.0,0.0,0.0,1.0
445326,2018,Hải Phòng,Highlands Coffee,Yes,Yes,No,No,No,0.0,0.0,0.0,,18727,Churn,1.0,0.0,0.0,1.0
445327,2018,Hải Phòng,Highlands Coffee,Yes,Yes,Yes,No,No,3.0,50.0,150.0,Seg.02 - Mass Asp (VND 25K - VND 59K),18729,At-risk,2.0,1.0,2.0,2.0
445327,2018,Hải Phòng,Cộng Cà Phê,Yes,Yes,No,No,No,0.0,0.0,0.0,,18732,Churn,1.0,0.0,0.0,1.0
445328,2018,Hải Phòng,Highlands Coffee,Yes,Yes,No,No,No,0.0,0.0,0.0,,18738,Churn,1.0,0.0,0.0,1.0
445330,2018,Hồ Chí Minh,Trung Nguyên,Yes,Yes,Yes,No,No,3.0,50.0,150.0,Seg.02 - Mass Asp (VND 25K - VND 59K),18747,At-risk,2.0,1.0,2.0,2.0
445333,2018,Hồ Chí Minh,The Coffee House,Yes,Yes,No,No,No,0.0,0.0,0.0,,18763,Churn,1.0,0.0,0.0,1.0
445334,2018,Hồ Chí Minh,Trung Nguyên,Yes,Yes,Yes,Yes,No,7.0,55.0,385.0,Seg.02 - Mass Asp (VND 25K - VND 59K),18775,Bronze,3.0,3.0,2.0,3.0
445339,2018,Hải Phòng,Highlands Coffee,Yes,Yes,Yes,No,No,1.0,69.0,69.0,Seg.03 - Premium (VND 60K - VND 99K),18801,Silver,2.0,1.0,3.0,4.0
445340,2018,Hải Phòng,Highlands Coffee,Yes,Yes,No,No,No,0.0,0.0,0.0,,18807,Churn,1.0,0.0,0.0,1.0
445371,2018,Đà Nẵng,Highlands Coffee,Yes,Yes,No,No,No,0.0,0.0,0.0,,18819,Churn,1.0,0.0,0.0,1.0
445381,2018,Hải Phòng,Highlands Coffee,Yes,Yes,No,No,No,0.0,0.0,0.0,,18824,Churn,1.0,0.0,0.0,1.0
445381,2018,Hải Phòng,Cộng Cà Phê,Yes,Yes,Yes,Yes,No,4.0,45.0,180.0,Seg.02 - Mass Asp (VND 25K - VND 59K),18825,Bronze,3.0,2.0,2.0,3.0
445394,2018,Nha Trang,Cộng Cà Phê,Yes,Yes,Yes,No,No,2.0,35.0,70.0,Seg.02 - Mass Asp (VND 25K - VND 59K),18837,At-risk,2.0,1.0,1.0,2.0
445482,2018,Hải Phòng,Highlands Coffee,Yes,Yes,No,No,No,0.0,0.0,0.0,,18847,Churn,1.0,0.0,0.0,1.0
445517,2018,Hồ Chí Minh,Highlands Coffee,Yes,Yes,Yes,No,No,2.0,39.0,78.0,Seg.02 - Mass Asp (VND 25K - VND 59K),18855,At-risk,2.0,1.0,2.0,2.0
445607,2018,Hà Nội,Highlands Coffee,Yes,Yes,No,No,No,0.0,0.0,0.0,,18871,Churn,1.0,0.0,0.0,1.0
445607,2018,Hà Nội,Cộng Cà Phê,Yes,Yes,Yes,No,No,2.0,50.0,100.0,Seg.02 - Mass Asp (VND 25K - VND 59K),18873,At-risk,2.0,1.0,2.0,2.0
445662,2018,Hải Phòng,Highlands Coffee,Yes,Yes,Yes,No,No,2.0,60.0,120.0,Seg.03 - Premium (VND 60K - VND 99K),18879,Silver,2.0,1.0,3.0,4.0
445676,2018,Hồ Chí Minh,Trung Nguyên,Yes,Yes,No,No,No,0.0,0.0,0.0,,18880,Churn,1.0,0.0,0.0,1.0
445699,2018,Hải Phòng,Cộng Cà Phê,Yes,Yes,Yes,No,No,1.0,45.0,45.0,Seg.02 - Mass Asp (VND 25K - VND 59K),18884,At-risk,2.0,1.0,2.0,2.0
445812,2018,Hà Nội,Cộng Cà Phê,Yes,Yes,Yes,No,No,1.0,40.0,40.0,Seg.02 - Mass Asp (VND 25K - VND 59K),18907,At-risk,2.0,1.0,2.0,2.0
445812,2018,Hà Nội,Highlands Coffee,Yes,Yes,Yes,No,No,3.0,60.0,180.0,Seg.03 - Premium (VND 60K - VND 99K),18911,Silver,2.0,1.0,3.0,4.0
445818,2018,Hồ Chí Minh,The Coffee House,Yes,Yes,Yes,No,No,2.0,45.0,90.0,Seg.02 - Mass Asp (VND 25K - VND 59K),18918,At-risk,2.0,1.0,2.0,2.0
445819,2018,Hồ Chí Minh,Trung Nguyên,Yes,Yes,No,No,No,0.0,0.0,0.0,,18930,Churn,1.0,0.0,0.0,1.0
445831,2018,Hà Nội,The Coffee House,Yes,Yes,No,No,No,0.0,0.0,0.0,,18933,Churn,1.0,0.0,0.0,1.0
445831,2018,Hà Nội,Cộng Cà Phê,Yes,Yes,Yes,No,No,3.0,40.0,120.0,Seg.02 - Mass Asp (VND 25K - VND 59K),18934,At-risk,2.0,1.0,2.0,2.0
445831,2018,Hà Nội,Highlands Coffee,Yes,Yes,No,No,No,0.0,0.0,0.0,,18936,Churn,1.0,0.0,0.0,1.0
445834,2018,Nha Trang,Highlands Coffee,Yes,Yes,Yes,Yes,No,4.0,75.0,300.0,Seg.03 - Premium (VND 60K - VND 99K),18948,Silver,3.0,2.0,3.0,4.0
445860,2018,Hà Nội,Highlands Coffee,Yes,Yes,Yes,No,No,1.0,60.0,60.0,Seg.03 - Premium (VND 60K - VND 99K),18957,Silver,2.0,1.0,3.0,4.0
445860,2018,Hà Nội,Cộng Cà Phê,Yes,Yes,Yes,No,No,2.0,50.0,100.0,Seg.02 - Mass Asp (VND 25K - VND 59K),18959,At-risk,2.0,1.0,2.0,2.0
445864,2018,Hà Nội,Cộng Cà Phê,Yes,Yes,No,No,No,0.0,0.0,0.0,,18967,Churn,1.0,0.0,0.0,1.0
445864,2018,Hà Nội,Highlands Coffee,Yes,Yes,No,No,No,0.0,0.0,0.0,,18975,Churn,1.0,0.0,0.0,1.0
445884,2018,Đà Nẵng,Highlands Coffee,Yes,Yes,No,No,No,0.0,0.0,0.0,,18977,Churn,1.0,0.0,0.0,1.0
445884,2018,Đà Nẵng,The Coffee House,Yes,Yes,Yes,Yes,No,5.0,59.0,295.0,Seg.02 - Mass Asp (VND 25K - VND 59K),18978,Silver,3.0,2.0,3.0,4.0
445912,2018,Hải Phòng,Highlands Coffee,Yes,Yes,Yes,No,No,2.0,50.0,100.0,Seg.02 - Mass Asp (VND 25K - VND 59K),18982,At-risk,2.0,1.0,2.0,2.0
445912,2018,Hải Phòng,Cộng Cà Phê,Yes,Yes,Yes,No,No,2.0,50.0,100.0,Seg.02 - Mass Asp (VND 25K - VND 59K),18983,At-risk,2.0,1.0,2.0,2.0
445912,2018,Hải Phòng,Starbucks,Yes,Yes,No,No,No,0.0,0.0,0.0,,18984,Churn,1.0,0.0,0.0,1.0
445913,2018,Hải Phòng,Highlands Coffee,Yes,Yes,Yes,No,No,2.0,50.0,100.0,Seg.02 - Mass Asp (VND 25K - VND 59K),18988,At-risk,2.0,1.0,2.0,2.0
445914,2018,Hải Phòng,Highlands Coffee,Yes,Yes,No,No,No,0.0,0.0,0.0,,18996,Churn,1.0,0.0,0.0,1.0
445926,2018,Đà Nẵng,Highlands Coffee,Yes,Yes,Yes,Yes,No,5.0,39.0,195.0,Seg.02 - Mass Asp (VND 25K - VND 59K),18998,Bronze,3.0,2.0,2.0,3.0
445969,2018,Hà Nội,Cộng Cà Phê,Yes,Yes,No,No,No,0.0,0.0,0.0,,19010,Churn,1.0,0.0,0.0,1.0
445969,2018,Hà Nội,The Coffee House,Yes,Yes,Yes,No,No,1.0,50.0,50.0,Seg.02 - Mass Asp (VND 25K - VND 59K),19013,At-risk,2.0,1.0,2.0,2.0
445982,2018,Hà Nội,The Coffee House,Yes,Yes,Yes,Yes,No,4.0,55.0,220.0,Seg.02 - Mass Asp (VND 25K - VND 59K),19020,Bronze,3.0,2.0,2.0,3.0
445986,2018,Hồ Chí Minh,Trung Nguyên,Yes,Yes,No,No,No,0.0,0.0,0.0,,19025,Churn,1.0,0.0,0.0,1.0
445986,2018,Hồ Chí Minh,Highlands Coffee,Yes,Yes,No,No,No,0.0,0.0,0.0,,19028,Churn,1.0,0.0,0.0,1.0
445991,2018,Nha Trang,Trung Nguyên,Yes,Yes,Yes,No,No,1.0,25.0,25.0,Seg.02 - Mass Asp (VND 25K - VND 59K),19031,At-risk,2.0,1.0,1.0,2.0
446018,2018,Hồ Chí Minh,Highlands Coffee,Yes,Yes,No,No,No,0.0,0.0,0.0,,19040,Churn,1.0,0.0,0.0,1.0
446075,2018,Hà Nội,Cộng Cà Phê,Yes,Yes,Yes,Yes,No,4.0,55.0,220.0,Seg.02 - Mass Asp (VND 25K - VND 59K),19054,Bronze,3.0,2.0,2.0,3.0
446075,2018,Hà Nội,The Coffee House,Yes,Yes,Yes,Yes,No,7.0,65.0,455.0,Seg.03 - Premium (VND 60K - VND 99K),19060,Gold,3.0,3.0,3.0,5.0
446094,2018,Hà Nội,Trung Nguyên,Yes,Yes,Yes,Yes,No,4.0,40.0,160.0,Seg.02 - Mass Asp (VND 25K - VND 59K),19074,Bronze,3.0,2.0,2.0,3.0
446096,2018,Hà Nội,Highlands Coffee,Yes,Yes,Yes,Yes,No,4.0,65.0,260.0,Seg.03 - Premium (VND 60K - VND 99K),19080,Silver,3.0,2.0,3.0,4.0
446100,2018,Hồ Chí Minh,Trung Nguyên,Yes,Yes,No,No,No,0.0,0.0,0.0,,19090,Churn,1.0,0.0,0.0,1.0
446158,2018,Hồ Chí Minh,Highlands Coffee,Yes,Yes,Yes,No,No,1.0,56.0,56.0,Seg.02 - Mass Asp (VND 25K - VND 59K),19109,Silver,2.0,1.0,3.0,4.0
446158,2018,Hồ Chí Minh,Phúc Long,Yes,Yes,Yes,No,No,3.0,50.0,150.0,Seg.02 - Mass Asp (VND 25K - VND 59K),19110,At-risk,2.0,1.0,2.0,2.0
446169,2018,Hà Nội,The Coffee House,Yes,Yes,Yes,No,No,2.0,55.0,110.0,Seg.02 - Mass Asp (VND 25K - VND 59K),19126,At-risk,2.0,1.0,2.0,2.0
446169,2018,Hà Nội,Cộng Cà Phê,Yes,Yes,Yes,No,No,1.0,60.0,60.0,Seg.03 - Premium (VND 60K - VND 99K),19128,Silver,2.0,1.0,3.0,4.0
446177,2018,Hà Nội,Cộng Cà Phê,Yes,Yes,No,No,No,0.0,0.0,0.0,,19133,Churn,1.0,0.0,0.0,1.0
446177,2018,Hà Nội,The Coffee House,Yes,Yes,No,No,No,0.0,0.0,0.0,,19134,Churn,1.0,0.0,0.0,1.0
446179,2018,Hồ Chí Minh,Trung Nguyên,Yes,Yes,Yes,No,No,1.0,70.0,70.0,Seg.03 - Premium (VND 60K - VND 99K),19143,Silver,2.0,1.0,3.0,4.0
446179,2018,Hồ Chí Minh,Highlands Coffee,Yes,Yes,Yes,Yes,No,9.0,50.0,450.0,Seg.02 - Mass Asp (VND 25K - VND 59K),19144,Gold,3.0,4.0,2.0,5.0
446181,2018,Hà Nội,The Coffee House,Yes,Yes,No,No,No,0.0,0.0,0.0,,19148,Churn,1.0,0.0,0.0,1.0
446181,2018,Hà Nội,Trung Nguyên,Yes,Yes,No,No,No,0.0,0.0,0.0,,19151,Churn,1.0,0.0,0.0,1.0
446184,2018,Hồ Chí Minh,Trung Nguyên,Yes,Yes,No,No,No,0.0,0.0,0.0,,19155,Churn,1.0,0.0,0.0,1.0
446184,2018,Hồ Chí Minh,Highlands Coffee,Yes,Yes,Yes,No,No,3.0,50.0,150.0,Seg.02 - Mass Asp (VND 25K - VND 59K),19156,At-risk,2.0,1.0,2.0,2.0
446184,2018,Hồ Chí Minh,Phúc Long,Yes,Yes,No,No,No,0.0,0.0,0.0,,19158,Churn,1.0,0.0,0.0,1.0
446187,2018,Nha Trang,Highlands Coffee,Yes,Yes,No,No,No,0.0,0.0,0.0,,19161,Churn,1.0,0.0,0.0,1.0
446197,2018,Hà Nội,Cộng Cà Phê,Yes,Yes,Yes,Yes,No,5.0,35.0,175.0,Seg.02 - Mass Asp (VND 25K - VND 59K),19183,Bronze,3.0,2.0,1.0,3.0
446197,2018,Hà Nội,Highlands Coffee,Yes,Yes,No,No,No,0.0,0.0,0.0,,19184,Churn,1.0,0.0,0.0,1.0
446235,2018,Hải Phòng,Highlands Coffee,Yes,Yes,No,No,No,0.0,0.0,0.0,,19199,Churn,1.0,0.0,0.0,1.0
446238,2018,Hà Nội,Starbucks,Yes,Yes,Yes,No,No,1.0,100.0,100.0,Seg.04 - Super Premium (VND 100K+),19214,Silver,2.0,1.0,4.0,4.0
446245,2018,Nha Trang,Highlands Coffee,Yes,Yes,Yes,Yes,No,4.0,68.0,272.0,Seg.03 - Premium (VND 60K - VND 99K),19217,Silver,3.0,2.0,3.0,4.0
446251,2018,Hà Nội,Starbucks,Yes,Yes,No,No,No,0.0,0.0,0.0,,19228,Churn,1.0,0.0,0.0,1.0
446251,2018,Hà Nội,Highlands Coffee,Yes,Yes,Yes,No,No,3.0,50.0,150.0,Seg.02 - Mass Asp (VND 25K - VND 59K),19229,At-risk,2.0,1.0,2.0,2.0
446251,2018,Hà Nội,The Coffee House,Yes,Yes,Yes,No,No,1.0,50.0,50.0,Seg.02 - Mass Asp (VND 25K - VND 59K),19233,At-risk,2.0,1.0,2.0,2.0
446254,2018,Hồ Chí Minh,Highlands Coffee,Yes,Yes,Yes,Yes,No,4.0,50.0,200.0,Seg.02 - Mass Asp (VND 25K - VND 59K),19235,Bronze,3.0,2.0,2.0,3.0
446260,2018,Hà Nội,Cộng Cà Phê,Yes,Yes,Yes,No,No,3.0,35.0,105.0,Seg.02 - Mass Asp (VND 25K - VND 59K),19244,At-risk,2.0,1.0,1.0,2.0
446260,2018,Hà Nội,Highlands Coffee,Yes,Yes,No,No,No,0.0,0.0,0.0,,19247,Churn,1.0,0.0,0.0,1.0
446284,2018,Nha Trang,Highlands Coffee,Yes,Yes,Yes,Yes,No,8.0,29.0,232.0,Seg.02 - Mass Asp (VND 25K - VND 59K),19266,Gold,3.0,4.0,1.0,5.0
446290,2018,Hồ Chí Minh,The Coffee House,Yes,Yes,Yes,No,No,3.0,69.0,207.0,Seg.03 - Premium (VND 60K - VND 99K),19267,Silver,2.0,1.0,3.0,4.0
446292,2018,Hà Nội,Starbucks,Yes,Yes,Yes,Yes,No,4.0,120.0,480.0,Seg.04 - Super Premium (VND 100K+),19279,Silver,3.0,2.0,4.0,4.0
446292,2018,Hà Nội,Cộng Cà Phê,Yes,Yes,No,No,No,0.0,0.0,0.0,,19283,Churn,1.0,0.0,0.0,1.0
446300,2018,Đà Nẵng,Highlands Coffee,Yes,Yes,No,No,No,0.0,0.0,0.0,,19286,Churn,1.0,0.0,0.0,1.0
446300,2018,Đà Nẵng,Trung Nguyên,Yes,Yes,No,No,No,0.0,0.0,0.0,,19289,Churn,1.0,0.0,0.0,1.0
446301,2018,Hà Nội,Cộng Cà Phê,Yes,Yes,No,No,No,0.0,0.0,0.0,,19290,Churn,1.0,0.0,0.0,1.0
446301,2018,Hà Nội,Highlands Coffee,Yes,Yes,No,No,No,0.0,0.0,0.0,,19291,Churn,1.0,0.0,0.0,1.0
446305,2018,Hà Nội,Starbucks,Yes,Yes,Yes,Yes,No,4.0,110.0,440.0,Seg.04 - Super Premium (VND 100K+),19300,Silver,3.0,2.0,4.0,4.0
446305,2018,Hà Nội,Highlands Coffee,Yes,Yes,No,No,No,0.0,0.0,0.0,,19301,Churn,1.0,0.0,0.0,1.0
446336,2018,Hồ Chí Minh,Phúc Long,Yes,Yes,No,No,No,0.0,0.0,0.0,,19312,Churn,1.0,0.0,0.0,1.0
446336,2018,Hồ Chí Minh,Highlands Coffee,Yes,Yes,Yes,Yes,No,8.0,60.0,480.0,Seg.03 - Premium (VND 60K - VND 99K),19314,Gold,3.0,4.0,3.0,5.0
446343,2018,Nha Trang,Highlands Coffee,Yes,Yes,Yes,No,No,3.0,40.0,120.0,Seg.02 - Mass Asp (VND 25K - VND 59K),19319,At-risk,2.0,1.0,2.0,2.0
446355,2018,Đà Nẵng,Highlands Coffee,Yes,Yes,Yes,No,No,1.0,59.0,59.0,Seg.02 - Mass Asp (VND 25K - VND 59K),19323,Silver,2.0,1.0,3.0,4.0
446358,2018,Đà Nẵng,The Coffee House,Yes,Yes,Yes,No,No,2.0,49.0,98.0,Seg.02 - Mass Asp (VND 25K - VND 59K),19326,At-risk,2.0,1.0,2.0,2.0
446358,2018,Đà Nẵng,Highlands Coffee,Yes,Yes,No,No,No,0.0,0.0,0.0,,19328,Churn,1.0,0.0,0.0,1.0
446381,2018,Hà Nội,Highlands Coffee,Yes,Yes,Yes,No,No,2.0,35.0,70.0,Seg.02 - Mass Asp (VND 25K - VND 59K),19351,At-risk,2.0,1.0,1.0,2.0
446390,2018,Hà Nội,Highlands Coffee,Yes,Yes,No,No,No,0.0,0.0,0.0,,19354,Churn,1.0,0.0,0.0,1.0
446390,2018,Hà Nội,Cộng Cà Phê,Yes,Yes,Yes,No,No,1.0,40.0,40.0,Seg.02 - Mass Asp (VND 25K - VND 59K),19359,At-risk,2.0,1.0,2.0,2.0
446390,2018,Hà Nội,The Coffee House,Yes,Yes,Yes,Yes,No,5.0,35.0,175.0,Seg.02 - Mass Asp (VND 25K - VND 59K),19360,Bronze,3.0,2.0,1.0,3.0
446400,2018,Hải Phòng,Cộng Cà Phê,Yes,Yes,Yes,No,No,2.0,50.0,100.0,Seg.02 - Mass Asp (VND 25K - VND 59K),19368,At-risk,2.0,1.0,2.0,2.0
446408,2018,Nha Trang,Cộng Cà Phê,Yes,Yes,Yes,No,No,1.0,30.0,30.0,Seg.02 - Mass Asp (VND 25K - VND 59K),19370,At-risk,2.0,1.0,1.0,2.0
446408,2018,Nha Trang,Highlands Coffee,Yes,Yes,Yes,No,No,1.0,50.0,50.0,Seg.02 - Mass Asp (VND 25K - VND 59K),19372,At-risk,2.0,1.0,2.0,2.0
446437,2018,Hồ Chí Minh,Trung Nguyên,Yes,Yes,Yes,Yes,No,15.0,100.0,1500.0,Seg.04 - Super Premium (VND 100K+),19375,Gold,3.0,4.0,4.0,5.0
446445,2018,Hải Phòng,Highlands Coffee,Yes,Yes,Yes,Yes,No,4.0,50.0,200.0,Seg.02 - Mass Asp (VND 25K - VND 59K),19378,Bronze,3.0,2.0,2.0,3.0
446446,2018,Hải Phòng,Highlands Coffee,Yes,Yes,Yes,Yes,No,9.0,59.0,531.0,Seg.02 - Mass Asp (VND 25K - VND 59K),19384,Gold,3.0,4.0,3.0,5.0
446447,2018,Hải Phòng,Highlands Coffee,Yes,Yes,Yes,Yes,No,15.0,50.0,750.0,Seg.02 - Mass Asp (VND 25K - VND 59K),19391,Gold,3.0,4.0,2.0,5.0
446448,2018,Hải Phòng,Highlands Coffee,Yes,Yes,Yes,No,No,3.0,50.0,150.0,Seg.02 - Mass Asp (VND 25K - VND 59K),19401,At-risk,2.0,1.0,2.0,2.0
446449,2018,Hải Phòng,Highlands Coffee,Yes,Yes,Yes,Yes,No,8.0,49.0,392.0,Seg.02 - Mass Asp (VND 25K - VND 59K),19409,Gold,3.0,4.0,2.0,5.0
446463,2018,Hải Phòng,Highlands Coffee,Yes,Yes,No,No,No,0.0,0.0,0.0,,19419,Churn,1.0,0.0,0.0,1.0
446474,2018,Hải Phòng,Trung Nguyên,Yes,Yes,Yes,Yes,No,4.0,30.0,120.0,Seg.02 - Mass Asp (VND 25K - VND 59K),19426,Bronze,3.0,2.0,1.0,3.0
446501,2018,Nha Trang,Highlands Coffee,Yes,Yes,Yes,Yes,No,7.0,49.0,343.0,Seg.02 - Mass Asp (VND 25K - VND 59K),19440,Bronze,3.0,3.0,2.0,3.0
446503,2018,Đà Nẵng,Highlands Coffee,Yes,Yes,Yes,Yes,No,9.0,100.0,900.0,Seg.04 - Super Premium (VND 100K+),19452,Gold,3.0,4.0,4.0,5.0
446505,2018,Hà Nội,Highlands Coffee,Yes,Yes,No,No,No,0.0,0.0,0.0,,19459,Churn,1.0,0.0,0.0,1.0
446517,2018,Hà Nội,Highlands Coffee,Yes,Yes,Yes,Yes,No,4.0,60.0,240.0,Seg.03 - Premium (VND 60K - VND 99K),19467,Silver,3.0,2.0,3.0,4.0
446524,2018,Đà Nẵng,Highlands Coffee,Yes,Yes,No,No,No,0.0,0.0,0.0,,19473,Churn,1.0,0.0,0.0,1.0
446545,2018,Hà Nội,Starbucks,Yes,Yes,No,No,No,0.0,0.0,0.0,,19476,Churn,1.0,0.0,0.0,1.0
446545,2018,Hà Nội,Cộng Cà Phê,Yes,Yes,Yes,No,No,2.0,45.0,90.0,Seg.02 - Mass Asp (VND 25K - VND 59K),19478,At-risk,2.0,1.0,2.0,2.0
446545,2018,Hà Nội,Highlands Coffee,Yes,Yes,Yes,Yes,No,8.0,50.0,400.0,Seg.02 - Mass Asp (VND 25K - VND 59K),19480,Gold,3.0,4.0,2.0,5.0
446554,2018,Đà Nẵng,Highlands Coffee,Yes,Yes,Yes,Yes,No,6.0,80.0,480.0,Seg.03 - Premium (VND 60K - VND 99K),19491,Gold,3.0,3.0,3.0,5.0
446563,2018,Hà Nội,Cộng Cà Phê,Yes,Yes,No,No,No,0.0,0.0,0.0,,19497,Churn,1.0,0.0,0.0,1.0
446563,2018,Hà Nội,Highlands Coffee,Yes,Yes,Yes,Yes,No,5.0,50.0,250.0,Seg.02 - Mass Asp (VND 25K - VND 59K),19498,Bronze,3.0,2.0,2.0,3.0
446601,2018,Cần Thơ,Highlands Coffee,Yes,Yes,Yes,Yes,No,4.0,49.0,196.0,Seg.02 - Mass Asp (VND 25K - VND 59K),19504,Bronze,3.0,2.0,2.0,3.0
446634,2018,Hồ Chí Minh,The Coffee House,Yes,Yes,Yes,Yes,No,4.0,45.0,180.0,Seg.02 - Mass Asp (VND 25K - VND 59K),19514,Bronze,3.0,2.0,2.0,3.0
446649,2018,Đà Nẵng,Highlands Coffee,Yes,Yes,Yes,No,No,1.0,35.0,35.0,Seg.02 - Mass Asp (VND 25K - VND 59K),19519,At-risk,2.0,1.0,1.0,2.0
446669,2018,Hà Nội,Highlands Coffee,Yes,Yes,No,No,No,0.0,0.0,0.0,,19527,Churn,1.0,0.0,0.0,1.0
446669,2018,Hà Nội,Cộng Cà Phê,Yes,Yes,Yes,No,No,3.0,50.0,150.0,Seg.02 - Mass Asp (VND 25K - VND 59K),19531,At-risk,2.0,1.0,2.0,2.0
446701,2018,Nha Trang,Highlands Coffee,Yes,Yes,Yes,No,No,2.0,52.0,104.0,Seg.02 - Mass Asp (VND 25K - VND 59K),19541,At-risk,2.0,1.0,2.0,2.0
446712,2018,Hà Nội,Highlands Coffee,Yes,Yes,Yes,Yes,No,4.0,49.0,196.0,Seg.02 - Mass Asp (VND 25K - VND 59K),19549,Bronze,3.0,2.0,2.0,3.0
446712,2018,Hà Nội,Cộng Cà Phê,Yes,Yes,Yes,No,No,2.0,55.0,110.0,Seg.02 - Mass Asp (VND 25K - VND 59K),19550,At-risk,2.0,1.0,2.0,2.0
446714,2018,Hải Phòng,Highlands Coffee,Yes,Yes,Yes,No,No,3.0,70.0,210.0,Seg.03 - Premium (VND 60K - VND 99K),19560,Silver,2.0,1.0,3.0,4.0
446729,2018,Hải Phòng,Highlands Coffee,Yes,Yes,No,No,No,0.0,0.0,0.0,,19570,Churn,1.0,0.0,0.0,1.0
446818,2018,Hải Phòng,Trung Nguyên,Yes,Yes,No,No,No,0.0,0.0,0.0,,19578,Churn,1.0,0.0,0.0,1.0
446818,2018,Hải Phòng,Highlands Coffee,Yes,Yes,Yes,Yes,No,4.0,100.0,400.0,Seg.04 - Super Premium (VND 100K+),19579,Silver,3.0,2.0,4.0,4.0
446819,2018,Hải Phòng,Cộng Cà Phê,Yes,Yes,Yes,Yes,No,5.0,40.0,200.0,Seg.02 - Mass Asp (VND 25K - VND 59K),19580,Bronze,3.0,2.0,2.0,3.0
446819,2018,Hải Phòng,Highlands Coffee,Yes,Yes,No,No,No,0.0,0.0,0.0,,19582,Churn,1.0,0.0,0.0,1.0
446820,2018,Hải Phòng,Highlands Coffee,Yes,Yes,Yes,No,No,1.0,50.0,50.0,Seg.02 - Mass Asp (VND 25K - VND 59K),19584,At-risk,2.0,1.0,2.0,2.0
446821,2018,Hải Phòng,Highlands Coffee,Yes,Yes,Yes,Yes,No,8.0,50.0,400.0,Seg.02 - Mass Asp (VND 25K - VND 59K),19596,Gold,3.0,4.0,2.0,5.0
446822,2018,Hải Phòng,Highlands Coffee,Yes,Yes,Yes,Yes,No,4.0,49.0,196.0,Seg.02 - Mass Asp (VND 25K - VND 59K),19599,Bronze,3.0,2.0,2.0,3.0
446823,2018,Hải Phòng,Cộng Cà Phê,Yes,Yes,Yes,No,No,1.0,35.0,35.0,Seg.02 - Mass Asp (VND 25K - VND 59K),19607,At-risk,2.0,1.0,1.0,2.0
446823,2018,Hải Phòng,Highlands Coffee,Yes,Yes,Yes,No,No,3.0,50.0,150.0,Seg.02 - Mass Asp (VND 25K - VND 59K),19613,At-risk,2.0,1.0,2.0,2.0
446833,2018,Hải Phòng,Highlands Coffee,Yes,Yes,Yes,No,No,1.0,50.0,50.0,Seg.02 - Mass Asp (VND 25K - VND 59K),19619,At-risk,2.0,1.0,2.0,2.0
446859,2018,Hải Phòng,Highlands Coffee,Yes,Yes,Yes,No,No,2.0,50.0,100.0,Seg.02 - Mass Asp (VND 25K - VND 59K),19623,At-risk,2.0,1.0,2.0,2.0
446873,2018,Hải Phòng,Highlands Coffee,Yes,Yes,Yes,No,No,2.0,59.0,118.0,Seg.02 - Mass Asp (VND 25K - VND 59K),19655,Silver,2.0,1.0,3.0,4.0
446874,2018,Hải Phòng,Highlands Coffee,Yes,Yes,Yes,Yes,No,4.0,80.0,320.0,Seg.03 - Premium (VND 60K - VND 99K),19660,Silver,3.0,2.0,3.0,4.0
446875,2018,Hải Phòng,Starbucks,Yes,Yes,Yes,Yes,No,4.0,40.0,160.0,Seg.02 - Mass Asp (VND 25K - VND 59K),19664,Bronze,3.0,2.0,2.0,3.0
446875,2018,Hải Phòng,Highlands Coffee,Yes,Yes,Yes,Yes,No,4.0,45.0,180.0,Seg.02 - Mass Asp (VND 25K - VND 59K),19665,Bronze,3.0,2.0,2.0,3.0
446877,2018,Hải Phòng,The Coffee House,Yes,Yes,Yes,Yes,No,5.0,80.0,400.0,Seg.03 - Premium (VND 60K - VND 99K),19670,Silver,3.0,2.0,3.0,4.0
446877,2018,Hải Phòng,Highlands Coffee,Yes,Yes,No,No,No,0.0,0.0,0.0,,19672,Churn,1.0,0.0,0.0,1.0
446877,2018,Hải Phòng,Starbucks,Yes,Yes,No,No,No,0.0,0.0,0.0,,19673,Churn,1.0,0.0,0.0,1.0
446878,2018,Hải Phòng,Highlands Coffee,Yes,Yes,No,No,No,0.0,0.0,0.0,,19675,Churn,1.0,0.0,0.0,1.0
446878,2018,Hải Phòng,Trung Nguyên,Yes,Yes,No,No,No,0.0,0.0,0.0,,19678,Churn,1.0,0.0,0.0,1.0
446879,2018,Hải Phòng,Highlands Coffee,Yes,Yes,Yes,Yes,No,4.0,70.0,280.0,Seg.03 - Premium (VND 60K - VND 99K),19680,Silver,3.0,2.0,3.0,4.0
446883,2018,Hải Phòng,Highlands Coffee,Yes,Yes,No,No,No,0.0,0.0,0.0,,19698,Churn,1.0,0.0,0.0,1.0
446884,2018,Hải Phòng,Highlands Coffee,Yes,Yes,Yes,No,No,2.0,54.0,108.0,Seg.02 - Mass Asp (VND 25K - VND 59K),19704,At-risk,2.0,1.0,2.0,2.0
446908,2018,Hải Phòng,Trung Nguyên,Yes,Yes,No,No,No,0.0,0.0,0.0,,19708,Churn,1.0,0.0,0.0,1.0
446931,2018,Nha Trang,Trung Nguyên,Yes,Yes,Yes,Yes,No,12.0,30.0,360.0,Seg.02 - Mass Asp (VND 25K - VND 59K),19717,Gold,3.0,4.0,1.0,5.0
447005,2018,Nha Trang,Highlands Coffee,Yes,Yes,Yes,Yes,No,4.0,49.0,196.0,Seg.02 - Mass Asp (VND 25K - VND 59K),19720,Bronze,3.0,2.0,2.0,3.0
447005,2018,Nha Trang,Trung Nguyên,Yes,Yes,No,No,No,0.0,0.0,0.0,,19722,Churn,1.0,0.0,0.0,1.0
447016,2018,Hà Nội,Cộng Cà Phê,Yes,Yes,Yes,Yes,No,4.0,55.0,220.0,Seg.02 - Mass Asp (VND 25K - VND 59K),19726,Bronze,3.0,2.0,2.0,3.0
447016,2018,Hà Nội,The Coffee House,Yes,Yes,No,No,No,0.0,0.0,0.0,,19730,Churn,1.0,0.0,0.0,1.0
447016,2018,Hà Nội,Highlands Coffee,Yes,Yes,Yes,No,No,2.0,50.0,100.0,Seg.02 - Mass Asp (VND 25K - VND 59K),19733,At-risk,2.0,1.0,2.0,2.0
447018,2018,Hà Nội,Highlands Coffee,Yes,Yes,Yes,No,No,3.0,60.0,180.0,Seg.03 - Premium (VND 60K - VND 99K),19740,Silver,2.0,1.0,3.0,4.0
447018,2018,Hà Nội,Trung Nguyên,Yes,Yes,No,No,No,0.0,0.0,0.0,,19743,Churn,1.0,0.0,0.0,1.0
447018,2018,Hà Nội,Cộng Cà Phê,Yes,Yes,Yes,No,No,2.0,50.0,100.0,Seg.02 - Mass Asp (VND 25K - VND 59K),19744,At-risk,2.0,1.0,2.0,2.0
447076,2018,Đà Nẵng,Trung Nguyên,Yes,Yes,Yes,No,No,1.0,40.0,40.0,Seg.02 - Mass Asp (VND 25K - VND 59K),19758,At-risk,2.0,1.0,2.0,2.0
447107,2018,Hà Nội,Trung Nguyên,Yes,Yes,Yes,Yes,No,4.0,30.0,120.0,Seg.02 - Mass Asp (VND 25K - VND 59K),19759,Bronze,3.0,2.0,1.0,3.0
447139,2018,Hà Nội,Starbucks,Yes,Yes,No,No,No,0.0,0.0,0.0,,19767,Churn,1.0,0.0,0.0,1.0
447139,2018,Hà Nội,Highlands Coffee,Yes,Yes,Yes,Yes,No,4.0,60.0,240.0,Seg.03 - Premium (VND 60K - VND 99K),19768,Silver,3.0,2.0,3.0,4.0
447179,2018,Hồ Chí Minh,Trung Nguyên,Yes,Yes,No,No,No,0.0,0.0,0.0,,19775,Churn,1.0,0.0,0.0,1.0
447253,2018,Hồ Chí Minh,Trung Nguyên,Yes,Yes,No,No,No,0.0,0.0,0.0,,19789,Churn,1.0,0.0,0.0,1.0
447262,2018,Hà Nội,Trung Nguyên,Yes,Yes,No,No,No,0.0,0.0,0.0,,19790,Churn,1.0,0.0,0.0,1.0
447275,2018,Hà Nội,The Coffee House,Yes,Yes,Yes,No,No,1.0,40.0,40.0,Seg.02 - Mass Asp (VND 25K - VND 59K),19794,At-risk,2.0,1.0,2.0,2.0
447275,2018,Hà Nội,Highlands Coffee,Yes,Yes,No,No,No,0.0,0.0,0.0,,19798,Churn,1.0,0.0,0.0,1.0
447327,2018,Nha Trang,Trung Nguyên,Yes,Yes,No,No,No,0.0,0.0,0.0,,19799,Churn,1.0,0.0,0.0,1.0
447327,2018,Nha Trang,Cộng Cà Phê,Yes,Yes,Yes,No,No,3.0,50.0,150.0,Seg.02 - Mass Asp (VND 25K - VND 59K),19802,At-risk,2.0,1.0,2.0,2.0
447327,2018,Nha Trang,Highlands Coffee,Yes,Yes,Yes,Yes,No,5.0,49.0,245.0,Seg.02 - Mass Asp (VND 25K - VND 59K),19804,Bronze,3.0,2.0,2.0,3.0
447328,2018,Hà Nội,The Coffee House,Yes,Yes,No,No,No,0.0,0.0,0.0,,19811,Churn,1.0,0.0,0.0,1.0
447328,2018,Hà Nội,Cộng Cà Phê,Yes,Yes,Yes,No,No,1.0,45.0,45.0,Seg.02 - Mass Asp (VND 25K - VND 59K),19816,At-risk,2.0,1.0,2.0,2.0
447335,2018,Đà Nẵng,Highlands Coffee,Yes,Yes,Yes,Yes,No,8.0,29.0,232.0,Seg.02 - Mass Asp (VND 25K - VND 59K),19820,Gold,3.0,4.0,1.0,5.0
447335,2018,Đà Nẵng,Trung Nguyên,Yes,Yes,Yes,No,No,1.0,35.0,35.0,Seg.02 - Mass Asp (VND 25K - VND 59K),19821,At-risk,2.0,1.0,1.0,2.0
447338,2018,Đà Nẵng,Highlands Coffee,Yes,Yes,Yes,Yes,No,5.0,49.0,245.0,Seg.02 - Mass Asp (VND 25K - VND 59K),19825,Bronze,3.0,2.0,2.0,3.0
447349,2018,Hà Nội,Highlands Coffee,Yes,Yes,Yes,No,No,3.0,39.0,117.0,Seg.02 - Mass Asp (VND 25K - VND 59K),19833,At-risk,2.0,1.0,2.0,2.0
447355,2018,Hồ Chí Minh,Trung Nguyên,Yes,Yes,Yes,No,No,1.0,50.0,50.0,Seg.02 - Mass Asp (VND 25K - VND 59K),19837,At-risk,2.0,1.0,2.0,2.0
447355,2018,Hồ Chí Minh,Highlands Coffee,Yes,Yes,Yes,Yes,No,7.0,60.0,420.0,Seg.03 - Premium (VND 60K - VND 99K),19838,Gold,3.0,3.0,3.0,5.0
447367,2018,Hà Nội,Highlands Coffee,Yes,Yes,Yes,No,No,1.0,49.0,49.0,Seg.02 - Mass Asp (VND 25K - VND 59K),19844,At-risk,2.0,1.0,2.0,2.0
447367,2018,Hà Nội,The Coffee House,Yes,Yes,No,No,No,0.0,0.0,0.0,,19847,Churn,1.0,0.0,0.0,1.0
447367,2018,Hà Nội,Cộng Cà Phê,Yes,Yes,Yes,No,No,3.0,35.0,105.0,Seg.02 - Mass Asp (VND 25K - VND 59K),19848,At-risk,2.0,1.0,1.0,2.0
447415,2018,Đà Nẵng,Phúc Long,Yes,Yes,Yes,No,No,1.0,50.0,50.0,Seg.02 - Mass Asp (VND 25K - VND 59K),19850,At-risk,2.0,1.0,2.0,2.0
447415,2018,Đà Nẵng,Highlands Coffee,Yes,Yes,Yes,No,No,3.0,29.0,87.0,Seg.02 - Mass Asp (VND 25K - VND 59K),19851,At-risk,2.0,1.0,1.0,2.0
447415,2018,Đà Nẵng,The Coffee House,Yes,Yes,No,No,No,0.0,0.0,0.0,,19852,Churn,1.0,0.0,0.0,1.0
447415,2018,Đà Nẵng,Starbucks,Yes,Yes,No,No,No,0.0,0.0,0.0,,19856,Churn,1.0,0.0,0.0,1.0
447419,2018,Hà Nội,The Coffee House,Yes,Yes,No,No,No,0.0,0.0,0.0,,19866,Churn,1.0,0.0,0.0,1.0
447419,2018,Hà Nội,Highlands Coffee,Yes,Yes,Yes,No,No,2.0,59.0,118.0,Seg.02 - Mass Asp (VND 25K - VND 59K),19873,Silver,2.0,1.0,3.0,4.0
447419,2018,Hà Nội,Cộng Cà Phê,Yes,Yes,No,No,No,0.0,0.0,0.0,,19874,Churn,1.0,0.0,0.0,1.0
447439,2018,Hà Nội,Highlands Coffee,Yes,Yes,No,No,No,0.0,0.0,0.0,,19879,Churn,1.0,0.0,0.0,1.0
447444,2018,Hà Nội,Highlands Coffee,Yes,Yes,Yes,No,No,1.0,55.0,55.0,Seg.02 - Mass Asp (VND 25K - VND 59K),19890,At-risk,2.0,1.0,2.0,2.0
447444,2018,Hà Nội,The Coffee House,Yes,Yes,No,No,No,0.0,0.0,0.0,,19891,Churn,1.0,0.0,0.0,1.0
447506,2018,Hồ Chí Minh,Highlands Coffee,Yes,Yes,Yes,No,No,1.0,60.0,60.0,Seg.03 - Premium (VND 60K - VND 99K),19897,Silver,2.0,1.0,3.0,4.0
447506,2018,Hồ Chí Minh,Phúc Long,Yes,Yes,No,No,No,0.0,0.0,0.0,,19898,Churn,1.0,0.0,0.0,1.0
447544,2018,Đà Nẵng,Highlands Coffee,Yes,Yes,No,No,No,0.0,0.0,0.0,,19903,Churn,1.0,0.0,0.0,1.0
447572,2018,Đà Nẵng,Highlands Coffee,Yes,Yes,Yes,Yes,No,15.0,49.0,735.0,Seg.02 - Mass Asp (VND 25K - VND 59K),19920,Gold,3.0,4.0,2.0,5.0
447618,2018,Hà Nội,Highlands Coffee,Yes,Yes,Yes,No,No,1.0,60.0,60.0,Seg.03 - Premium (VND 60K - VND 99K),19924,Silver,2.0,1.0,3.0,4.0
447618,2018,Hà Nội,Cộng Cà Phê,Yes,Yes,No,No,No,0.0,0.0,0.0,,19925,Churn,1.0,0.0,0.0,1.0
447619,2018,Hà Nội,Highlands Coffee,Yes,Yes,Yes,No,No,3.0,50.0,150.0,Seg.02 - Mass Asp (VND 25K - VND 59K),19932,At-risk,2.0,1.0,2.0,2.0
447619,2018,Hà Nội,Cộng Cà Phê,Yes,Yes,No,No,No,0.0,0.0,0.0,,19933,Churn,1.0,0.0,0.0,1.0
447639,2018,Đà Nẵng,Highlands Coffee,Yes,Yes,No,No,No,0.0,0.0,0.0,,19945,Churn,1.0,0.0,0.0,1.0
447651,2018,Hải Phòng,Highlands Coffee,Yes,Yes,No,No,No,0.0,0.0,0.0,,19951,Churn,1.0,0.0,0.0,1.0
447653,2018,Hải Phòng,Highlands Coffee,Yes,Yes,No,No,No,0.0,0.0,0.0,,19958,Churn,1.0,0.0,0.0,1.0
447664,2018,Hà Nội,Highlands Coffee,Yes,Yes,Yes,No,No,3.0,60.0,180.0,Seg.03 - Premium (VND 60K - VND 99K),19991,Silver,2.0,1.0,3.0,4.0
447664,2018,Hà Nội,Cộng Cà Phê,Yes,Yes,No,No,No,0.0,0.0,0.0,,19992,Churn,1.0,0.0,0.0,1.0
447667,2018,Hà Nội,The Coffee House,Yes,Yes,No,No,No,0.0,0.0,0.0,,19998,Churn,1.0,0.0,0.0,1.0
447667,2018,Hà Nội,Cộng Cà Phê,Yes,Yes,Yes,Yes,No,5.0,45.0,225.0,Seg.02 - Mass Asp (VND 25K - VND 59K),20002,Bronze,3.0,2.0,2.0,3.0
447669,2018,Hà Nội,Cộng Cà Phê,Yes,Yes,No,No,No,0.0,0.0,0.0,,20007,Churn,1.0,0.0,0.0,1.0
447669,2018,Hà Nội,The Coffee House,Yes,Yes,No,No,No,0.0,0.0,0.0,,20010,Churn,1.0,0.0,0.0,1.0
447678,2018,Hải Phòng,Highlands Coffee,Yes,Yes,Yes,No,No,2.0,29.0,58.0,Seg.02 - Mass Asp (VND 25K - VND 59K),20014,At-risk,2.0,1.0,1.0,2.0
447685,2018,Hồ Chí Minh,Highlands Coffee,Yes,Yes,Yes,Yes,No,6.0,120.0,720.0,Seg.04 - Super Premium (VND 100K+),20018,Gold,3.0,3.0,4.0,5.0
447701,2018,Hà Nội,Cộng Cà Phê,Yes,Yes,Yes,No,No,1.0,65.0,65.0,Seg.03 - Premium (VND 60K - VND 99K),20043,Silver,2.0,1.0,3.0,4.0
447702,2018,Hà Nội,Cộng Cà Phê,Yes,Yes,Yes,No,No,3.0,40.0,120.0,Seg.02 - Mass Asp (VND 25K - VND 59K),20048,At-risk,2.0,1.0,2.0,2.0
447702,2018,Hà Nội,Highlands Coffee,Yes,Yes,No,No,No,0.0,0.0,0.0,,20054,Churn,1.0,0.0,0.0,1.0
447706,2018,Đà Nẵng,Highlands Coffee,Yes,Yes,Yes,Yes,No,10.0,100.0,1000.0,Seg.04 - Super Premium (VND 100K+),20063,Gold,3.0,4.0,4.0,5.0
447717,2018,Nha Trang,Highlands Coffee,Yes,Yes,Yes,No,No,2.0,60.0,120.0,Seg.03 - Premium (VND 60K - VND 99K),20083,Silver,2.0,1.0,3.0,4.0
447720,2018,Hà Nội,Highlands Coffee,Yes,Yes,No,No,No,0.0,0.0,0.0,,20086,Churn,1.0,0.0,0.0,1.0
447720,2018,Hà Nội,The Coffee House,Yes,Yes,Yes,Yes,No,4.0,50.0,200.0,Seg.02 - Mass Asp (VND 25K - VND 59K),20093,Bronze,3.0,2.0,2.0,3.0
447722,2018,Hà Nội,Highlands Coffee,Yes,Yes,Yes,Yes,No,4.0,49.0,196.0,Seg.02 - Mass Asp (VND 25K - VND 59K),20097,Bronze,3.0,2.0,2.0,3.0
447722,2018,Hà Nội,Cộng Cà Phê,Yes,Yes,No,No,No,0.0,0.0,0.0,,20103,Churn,1.0,0.0,0.0,1.0
447731,2018,Nha Trang,Highlands Coffee,Yes,Yes,Yes,No,No,3.0,49.0,147.0,Seg.02 - Mass Asp (VND 25K - VND 59K),20110,At-risk,2.0,1.0,2.0,2.0
447742,2018,Hà Nội,Highlands Coffee,Yes,Yes,Yes,Yes,No,4.0,65.0,260.0,Seg.03 - Premium (VND 60K - VND 99K),20127,Silver,3.0,2.0,3.0,4.0
447760,2018,Hà Nội,Cộng Cà Phê,Yes,Yes,Yes,Yes,No,4.0,45.0,180.0,Seg.02 - Mass Asp (VND 25K - VND 59K),20151,Bronze,3.0,2.0,2.0,3.0
447760,2018,Hà Nội,Trung Nguyên,Yes,Yes,No,No,No,0.0,0.0,0.0,,20152,Churn,1.0,0.0,0.0,1.0
447767,2018,Hà Nội,Cộng Cà Phê,Yes,Yes,Yes,No,No,3.0,50.0,150.0,Seg.02 - Mass Asp (VND 25K - VND 59K),20156,At-risk,2.0,1.0,2.0,2.0
447767,2018,Hà Nội,Highlands Coffee,Yes,Yes,Yes,Yes,No,4.0,60.0,240.0,Seg.03 - Premium (VND 60K - VND 99K),20157,Silver,3.0,2.0,3.0,4.0
447770,2018,Hà Nội,Cộng Cà Phê,Yes,Yes,No,No,No,0.0,0.0,0.0,,20172,Churn,1.0,0.0,0.0,1.0
447773,2018,Hà Nội,Cộng Cà Phê,Yes,Yes,No,No,No,0.0,0.0,0.0,,20176,Churn,1.0,0.0,0.0,1.0
447783,2018,Hồ Chí Minh,Trung Nguyên,Yes,Yes,Yes,Yes,No,4.0,45.0,180.0,Seg.02 - Mass Asp (VND 25K - VND 59K),20189,Bronze,3.0,2.0,2.0,3.0
447796,2018,Hà Nội,Starbucks,Yes,Yes,No,No,No,0.0,0.0,0.0,,20193,Churn,1.0,0.0,0.0,1.0
447796,2018,Hà Nội,Highlands Coffee,Yes,Yes,No,No,No,0.0,0.0,0.0,,20199,Churn,1.0,0.0,0.0,1.0
447816,2018,Hà Nội,Highlands Coffee,Yes,Yes,Yes,No,No,1.0,39.0,39.0,Seg.02 - Mass Asp (VND 25K - VND 59K),20202,At-risk,2.0,1.0,2.0,2.0
447816,2018,Hà Nội,Cộng Cà Phê,Yes,Yes,Yes,No,No,3.0,25.0,75.0,Seg.02 - Mass Asp (VND 25K - VND 59K),20205,At-risk,2.0,1.0,1.0,2.0
447857,2018,Hồ Chí Minh,Highlands Coffee,Yes,Yes,Yes,No,No,2.0,60.0,120.0,Seg.03 - Premium (VND 60K - VND 99K),20211,Silver,2.0,1.0,3.0,4.0
447945,2018,Hồ Chí Minh,The Coffee House,Yes,Yes,No,No,No,0.0,0.0,0.0,,20225,Churn,1.0,0.0,0.0,1.0
447945,2018,Hồ Chí Minh,Highlands Coffee,Yes,Yes,Yes,No,No,3.0,50.0,150.0,Seg.02 - Mass Asp (VND 25K - VND 59K),20227,At-risk,2.0,1.0,2.0,2.0
447945,2018,Hồ Chí Minh,Phúc Long,Yes,Yes,No,No,No,0.0,0.0,0.0,,20229,Churn,1.0,0.0,0.0,1.0
447981,2018,Nha Trang,Highlands Coffee,Yes,Yes,Yes,No,No,2.0,30.0,60.0,Seg.02 - Mass Asp (VND 25K - VND 59K),20239,At-risk,2.0,1.0,1.0,2.0
447984,2018,Hà Nội,Highlands Coffee,Yes,Yes,Yes,No,No,2.0,50.0,100.0,Seg.02 - Mass Asp (VND 25K - VND 59K),20243,At-risk,2.0,1.0,2.0,2.0
447984,2018,Hà Nội,The Coffee House,Yes,Yes,No,No,No,0.0,0.0,0.0,,20245,Churn,1.0,0.0,0.0,1.0
447984,2018,Hà Nội,Cộng Cà Phê,Yes,Yes,Yes,No,No,2.0,40.0,80.0,Seg.02 - Mass Asp (VND 25K - VND 59K),20246,At-risk,2.0,1.0,2.0,2.0
447989,2018,Đà Nẵng,Highlands Coffee,Yes,Yes,Yes,No,No,2.0,70.0,140.0,Seg.03 - Premium (VND 60K - VND 99K),20253,Silver,2.0,1.0,3.0,4.0
447989,2018,Đà Nẵng,Trung Nguyên,Yes,Yes,Yes,No,No,2.0,50.0,100.0,Seg.02 - Mass Asp (VND 25K - VND 59K),20255,At-risk,2.0,1.0,2.0,2.0
447989,2018,Đà Nẵng,Phúc Long,Yes,Yes,No,No,No,0.0,0.0,0.0,,20260,Churn,1.0,0.0,0.0,1.0
447991,2018,Hà Nội,Cộng Cà Phê,Yes,Yes,No,No,No,0.0,0.0,0.0,,20265,Churn,1.0,0.0,0.0,1.0
447991,2018,Hà Nội,Highlands Coffee,Yes,Yes,Yes,No,No,2.0,39.0,78.0,Seg.02 - Mass Asp (VND 25K - VND 59K),20268,At-risk,2.0,1.0,2.0,2.0
447992,2018,Hà Nội,Highlands Coffee,Yes,Yes,Yes,No,No,1.0,29.0,29.0,Seg.02 - Mass Asp (VND 25K - VND 59K),20279,At-risk,2.0,1.0,1.0,2.0
447995,2018,Hà Nội,Cộng Cà Phê,Yes,Yes,Yes,No,No,3.0,40.0,120.0,Seg.02 - Mass Asp (VND 25K - VND 59K),20282,At-risk,2.0,1.0,2.0,2.0
447995,2018,Hà Nội,The Coffee House,Yes,Yes,Yes,No,No,1.0,45.0,45.0,Seg.02 - Mass Asp (VND 25K - VND 59K),20283,At-risk,2.0,1.0,2.0,2.0
448004,2018,Hồ Chí Minh,Highlands Coffee,Yes,Yes,Yes,Yes,No,8.0,54.0,432.0,Seg.02 - Mass Asp (VND 25K - VND 59K),20296,Gold,3.0,4.0,2.0,5.0
448004,2018,Hồ Chí Minh,Phúc Long,Yes,Yes,Yes,Yes,No,4.0,65.0,260.0,Seg.03 - Premium (VND 60K - VND 99K),20300,Silver,3.0,2.0,3.0,4.0
448004,2018,Hồ Chí Minh,Trung Nguyên,Yes,Yes,Yes,No,No,2.0,45.0,90.0,Seg.02 - Mass Asp (VND 25K - VND 59K),20302,At-risk,2.0,1.0,2.0,2.0
448031,2018,Hồ Chí Minh,Phúc Long,Yes,Yes,Yes,No,No,3.0,45.0,135.0,Seg.02 - Mass Asp (VND 25K - VND 59K),20306,At-risk,2.0,1.0,2.0,2.0
448071,2018,Hà Nội,Cộng Cà Phê,Yes,Yes,No,No,No,0.0,0.0,0.0,,20314,Churn,1.0,0.0,0.0,1.0
448073,2018,Hà Nội,Cộng Cà Phê,Yes,Yes,Yes,No,No,1.0,45.0,45.0,Seg.02 - Mass Asp (VND 25K - VND 59K),20323,At-risk,2.0,1.0,2.0,2.0
448073,2018,Hà Nội,Highlands Coffee,Yes,Yes,Yes,Yes,No,6.0,65.0,390.0,Seg.03 - Premium (VND 60K - VND 99K),20324,Gold,3.0,3.0,3.0,5.0
448079,2018,Hà Nội,Highlands Coffee,Yes,Yes,Yes,Yes,No,4.0,50.0,200.0,Seg.02 - Mass Asp (VND 25K - VND 59K),20331,Bronze,3.0,2.0,2.0,3.0
448113,2018,Hà Nội,Highlands Coffee,Yes,Yes,Yes,No,No,1.0,39.0,39.0,Seg.02 - Mass Asp (VND 25K - VND 59K),20343,At-risk,2.0,1.0,2.0,2.0
448116,2018,Hà Nội,Highlands Coffee,Yes,Yes,No,No,No,0.0,0.0,0.0,,20351,Churn,1.0,0.0,0.0,1.0
448120,2018,Hồ Chí Minh,Highlands Coffee,Yes,Yes,No,No,No,0.0,0.0,0.0,,20359,Churn,1.0,0.0,0.0,1.0
448120,2018,Hồ Chí Minh,The Coffee House,Yes,Yes,Yes,Yes,No,12.0,49.0,588.0,Seg.02 - Mass Asp (VND 25K - VND 59K),20360,Gold,3.0,4.0,2.0,5.0
448120,2018,Hồ Chí Minh,Phúc Long,Yes,Yes,No,No,No,0.0,0.0,0.0,,20362,Churn,1.0,0.0,0.0,1.0
448120,2018,Hồ Chí Minh,Trung Nguyên,Yes,Yes,No,No,No,0.0,0.0,0.0,,20363,Churn,1.0,0.0,0.0,1.0
448123,2018,Hà Nội,Cộng Cà Phê,Yes,Yes,No,No,No,0.0,0.0,0.0,,20372,Churn,1.0,0.0,0.0,1.0
448123,2018,Hà Nội,Highlands Coffee,Yes,Yes,Yes,Yes,No,4.0,50.0,200.0,Seg.02 - Mass Asp (VND 25K - VND 59K),20374,Bronze,3.0,2.0,2.0,3.0
448125,2018,Hồ Chí Minh,Highlands Coffee,Yes,Yes,No,No,No,0.0,0.0,0.0,,20386,Churn,1.0,0.0,0.0,1.0
448161,2018,Hà Nội,Highlands Coffee,Yes,Yes,No,No,No,0.0,0.0,0.0,,20405,Churn,1.0,0.0,0.0,1.0
448161,2018,Hà Nội,Cộng Cà Phê,Yes,Yes,Yes,Yes,No,4.0,35.0,140.0,Seg.02 - Mass Asp (VND 25K - VND 59K),20410,Bronze,3.0,2.0,1.0,3.0
448219,2018,Hải Phòng,Highlands Coffee,Yes,Yes,No,No,No,0.0,0.0,0.0,,20437,Churn,1.0,0.0,0.0,1.0
448220,2018,Hải Phòng,Highlands Coffee,Yes,Yes,Yes,Yes,No,6.0,35.0,210.0,Seg.02 - Mass Asp (VND 25K - VND 59K),20443,Bronze,3.0,3.0,1.0,3.0
448221,2018,Hải Phòng,Highlands Coffee,Yes,Yes,Yes,Yes,No,6.0,49.0,294.0,Seg.02 - Mass Asp (VND 25K - VND 59K),20446,Bronze,3.0,3.0,2.0,3.0
448221,2018,Hải Phòng,Starbucks,Yes,Yes,Yes,No,No,2.0,95.0,190.0,Seg.03 - Premium (VND 60K - VND 99K),20449,Silver,2.0,1.0,4.0,4.0
448222,2018,Hải Phòng,Highlands Coffee,Yes,Yes,Yes,No,No,2.0,49.0,98.0,Seg.02 - Mass Asp (VND 25K - VND 59K),20455,At-risk,2.0,1.0,2.0,2.0
448225,2018,Hải Phòng,Highlands Coffee,Yes,Yes,No,No,No,0.0,0.0,0.0,,20474,Churn,1.0,0.0,0.0,1.0
448243,2018,Hà Nội,Highlands Coffee,Yes,Yes,No,No,No,0.0,0.0,0.0,,20480,Churn,1.0,0.0,0.0,1.0
448258,2018,Hồ Chí Minh,Trung Nguyên,Yes,Yes,No,No,No,0.0,0.0,0.0,,20491,Churn,1.0,0.0,0.0,1.0
448260,2018,Hồ Chí Minh,Trung Nguyên,Yes,Yes,No,No,No,0.0,0.0,0.0,,20507,Churn,1.0,0.0,0.0,1.0
448271,2018,Hồ Chí Minh,Highlands Coffee,Yes,Yes,No,No,No,0.0,0.0,0.0,,20522,Churn,1.0,0.0,0.0,1.0
448271,2018,Hồ Chí Minh,Cộng Cà Phê,Yes,Yes,Yes,No,No,2.0,50.0,100.0,Seg.02 - Mass Asp (VND 25K - VND 59K),20523,At-risk,2.0,1.0,2.0,2.0
448298,2018,Hà Nội,Highlands Coffee,Yes,Yes,Yes,Yes,No,4.0,49.0,196.0,Seg.02 - Mass Asp (VND 25K - VND 59K),20527,Bronze,3.0,2.0,2.0,3.0
448298,2018,Hà Nội,Cộng Cà Phê,Yes,Yes,Yes,Yes,No,4.0,50.0,200.0,Seg.02 - Mass Asp (VND 25K - VND 59K),20529,Bronze,3.0,2.0,2.0,3.0
448298,2018,Hà Nội,The Coffee House,Yes,Yes,No,No,No,0.0,0.0,0.0,,20531,Churn,1.0,0.0,0.0,1.0
448300,2018,Hà Nội,Cộng Cà Phê,Yes,Yes,Yes,No,No,3.0,60.0,180.0,Seg.03 - Premium (VND 60K - VND 99K),20538,Silver,2.0,1.0,3.0,4.0
448300,2018,Hà Nội,Highlands Coffee,Yes,Yes,No,No,No,0.0,0.0,0.0,,20546,Churn,1.0,0.0,0.0,1.0
448300,2018,Hà Nội,Trung Nguyên,Yes,Yes,No,No,No,0.0,0.0,0.0,,20548,Churn,1.0,0.0,0.0,1.0
448393,2018,Hồ Chí Minh,Highlands Coffee,Yes,Yes,Yes,No,No,1.0,60.0,60.0,Seg.03 - Premium (VND 60K - VND 99K),20555,Silver,2.0,1.0,3.0,4.0
448417,2018,Hà Nội,Highlands Coffee,Yes,Yes,Yes,Yes,No,4.0,49.0,196.0,Seg.02 - Mass Asp (VND 25K - VND 59K),20563,Bronze,3.0,2.0,2.0,3.0
448467,2018,Hà Nội,Trung Nguyên,Yes,Yes,No,No,No,0.0,0.0,0.0,,20566,Churn,1.0,0.0,0.0,1.0
448502,2018,Đà Nẵng,Highlands Coffee,Yes,Yes,No,No,No,0.0,0.0,0.0,,20583,Churn,1.0,0.0,0.0,1.0
448524,2018,Hà Nội,Highlands Coffee,Yes,Yes,No,No,No,0.0,0.0,0.0,,20599,Churn,1.0,0.0,0.0,1.0
448536,2018,Hà Nội,Highlands Coffee,Yes,Yes,No,No,No,0.0,0.0,0.0,,20607,Churn,1.0,0.0,0.0,1.0
448536,2018,Hà Nội,Starbucks,Yes,Yes,Yes,Yes,No,7.0,70.0,490.0,Seg.03 - Premium (VND 60K - VND 99K),20611,Gold,3.0,3.0,3.0,5.0
448536,2018,Hà Nội,The Coffee House,Yes,Yes,Yes,No,No,3.0,50.0,150.0,Seg.02 - Mass Asp (VND 25K - VND 59K),20613,At-risk,2.0,1.0,2.0,2.0
448578,2018,Hà Nội,Highlands Coffee,Yes,Yes,Yes,Yes,No,5.0,49.0,245.0,Seg.02 - Mass Asp (VND 25K - VND 59K),20619,Bronze,3.0,2.0,2.0,3.0
448578,2018,Hà Nội,Cộng Cà Phê,Yes,Yes,No,No,No,0.0,0.0,0.0,,20623,Churn,1.0,0.0,0.0,1.0
448587,2018,Hà Nội,Highlands Coffee,Yes,Yes,Yes,No,No,2.0,50.0,100.0,Seg.02 - Mass Asp (VND 25K - VND 59K),20628,At-risk,2.0,1.0,2.0,2.0
448613,2018,Hồ Chí Minh,Highlands Coffee,Yes,Yes,No,No,No,0.0,0.0,0.0,,20633,Churn,1.0,0.0,0.0,1.0
448613,2018,Hồ Chí Minh,The Coffee House,Yes,Yes,No,No,No,0.0,0.0,0.0,,20636,Churn,1.0,0.0,0.0,1.0
448666,2018,Hà Nội,Cộng Cà Phê,Yes,Yes,No,No,No,0.0,0.0,0.0,,20650,Churn,1.0,0.0,0.0,1.0
448666,2018,Hà Nội,Highlands Coffee,Yes,Yes,Yes,No,No,1.0,60.0,60.0,Seg.03 - Premium (VND 60K - VND 99K),20651,Silver,2.0,1.0,3.0,4.0
448681,2018,Hồ Chí Minh,Highlands Coffee,Yes,Yes,Yes,Yes,No,4.0,39.0,156.0,Seg.02 - Mass Asp (VND 25K - VND 59K),20660,Bronze,3.0,2.0,2.0,3.0
448681,2018,Hồ Chí Minh,Phúc Long,Yes,Yes,No,No,No,0.0,0.0,0.0,,20661,Churn,1.0,0.0,0.0,1.0
448689,2018,Hà Nội,Highlands Coffee,Yes,Yes,No,No,No,0.0,0.0,0.0,,20669,Churn,1.0,0.0,0.0,1.0
448729,2018,Đà Nẵng,The Coffee House,Yes,Yes,No,No,No,0.0,0.0,0.0,,20681,Churn,1.0,0.0,0.0,1.0
448729,2018,Đà Nẵng,Highlands Coffee,Yes,Yes,Yes,Yes,No,5.0,100.0,500.0,Seg.04 - Super Premium (VND 100K+),20682,Silver,3.0,2.0,4.0,4.0
448822,2018,Hồ Chí Minh,Highlands Coffee,Yes,Yes,Yes,Yes,No,4.0,39.0,156.0,Seg.02 - Mass Asp (VND 25K - VND 59K),20689,Bronze,3.0,2.0,2.0,3.0
448824,2018,Hà Nội,Trung Nguyên,Yes,Yes,Yes,No,No,2.0,30.0,60.0,Seg.02 - Mass Asp (VND 25K - VND 59K),20692,At-risk,2.0,1.0,1.0,2.0
448824,2018,Hà Nội,Highlands Coffee,Yes,Yes,No,No,No,0.0,0.0,0.0,,20694,Churn,1.0,0.0,0.0,1.0
448824,2018,Hà Nội,Cộng Cà Phê,Yes,Yes,No,No,No,0.0,0.0,0.0,,20699,Churn,1.0,0.0,0.0,1.0
448832,2018,Đà Nẵng,Phúc Long,Yes,Yes,Yes,Yes,No,10.0,36.0,360.0,Seg.02 - Mass Asp (VND 25K - VND 59K),20704,Gold,3.0,4.0,2.0,5.0
448833,2018,Hà Nội,Highlands Coffee,Yes,Yes,Yes,No,No,2.0,29.0,58.0,Seg.02 - Mass Asp (VND 25K - VND 59K),20712,At-risk,2.0,1.0,1.0,2.0
448845,2018,Đà Nẵng,Highlands Coffee,Yes,Yes,No,No,No,0.0,0.0,0.0,,20723,Churn,1.0,0.0,0.0,1.0
448859,2018,Hồ Chí Minh,Trung Nguyên,Yes,Yes,No,No,No,0.0,0.0,0.0,,20729,Churn,1.0,0.0,0.0,1.0
448895,2018,Hà Nội,Highlands Coffee,Yes,Yes,No,No,No,0.0,0.0,0.0,,20731,Churn,1.0,0.0,0.0,1.0
448895,2018,Hà Nội,Cộng Cà Phê,Yes,Yes,Yes,No,No,1.0,50.0,50.0,Seg.02 - Mass Asp (VND 25K - VND 59K),20734,At-risk,2.0,1.0,2.0,2.0
448896,2018,Hà Nội,Starbucks,Yes,Yes,Yes,No,No,2.0,110.0,220.0,Seg.04 - Super Premium (VND 100K+),20742,Silver,2.0,1.0,4.0,4.0
448896,2018,Hà Nội,Highlands Coffee,Yes,Yes,Yes,Yes,No,6.0,80.0,480.0,Seg.03 - Premium (VND 60K - VND 99K),20744,Gold,3.0,3.0,3.0,5.0
448897,2018,Hà Nội,Highlands Coffee,Yes,Yes,Yes,Yes,No,4.0,65.0,260.0,Seg.03 - Premium (VND 60K - VND 99K),20746,Silver,3.0,2.0,3.0,4.0
448897,2018,Hà Nội,Cộng Cà Phê,Yes,Yes,No,No,No,0.0,0.0,0.0,,20747,Churn,1.0,0.0,0.0,1.0
448898,2018,Hồ Chí Minh,The Coffee House,Yes,Yes,Yes,No,No,2.0,60.0,120.0,Seg.03 - Premium (VND 60K - VND 99K),20761,Silver,2.0,1.0,3.0,4.0
448899,2018,Hà Nội,Cộng Cà Phê,Yes,Yes,No,No,No,0.0,0.0,0.0,,20762,Churn,1.0,0.0,0.0,1.0
448899,2018,Hà Nội,Highlands Coffee,Yes,Yes,No,No,No,0.0,0.0,0.0,,20764,Churn,1.0,0.0,0.0,1.0
448899,2018,Hà Nội,Starbucks,Yes,Yes,Yes,No,No,1.0,50.0,50.0,Seg.02 - Mass Asp (VND 25K - VND 59K),20770,At-risk,2.0,1.0,2.0,2.0
448902,2018,Hà Nội,Highlands Coffee,Yes,Yes,Yes,No,No,2.0,50.0,100.0,Seg.02 - Mass Asp (VND 25K - VND 59K),20779,At-risk,2.0,1.0,2.0,2.0
448902,2018,Hà Nội,Cộng Cà Phê,Yes,Yes,Yes,Yes,No,5.0,45.0,225.0,Seg.02 - Mass Asp (VND 25K - VND 59K),20780,Bronze,3.0,2.0,2.0,3.0
448930,2018,Hà Nội,Cộng Cà Phê,Yes,Yes,No,No,No,0.0,0.0,0.0,,20815,Churn,1.0,0.0,0.0,1.0
448964,2018,Hà Nội,Cộng Cà Phê,Yes,Yes,No,No,No,0.0,0.0,0.0,,20845,Churn,1.0,0.0,0.0,1.0
448966,2018,Hồ Chí Minh,Highlands Coffee,Yes,Yes,Yes,Yes,No,6.0,49.0,294.0,Seg.02 - Mass Asp (VND 25K - VND 59K),20852,Bronze,3.0,3.0,2.0,3.0
448966,2018,Hồ Chí Minh,Starbucks,Yes,Yes,Yes,No,No,2.0,45.0,90.0,Seg.02 - Mass Asp (VND 25K - VND 59K),20856,At-risk,2.0,1.0,2.0,2.0
448966,2018,Hồ Chí Minh,The Coffee House,Yes,Yes,No,No,No,0.0,0.0,0.0,,20862,Churn,1.0,0.0,0.0,1.0
448972,2018,Hồ Chí Minh,Cộng Cà Phê,Yes,Yes,Yes,Yes,No,4.0,50.0,200.0,Seg.02 - Mass Asp (VND 25K - VND 59K),20870,Bronze,3.0,2.0,2.0,3.0
448972,2018,Hồ Chí Minh,Phúc Long,Yes,Yes,Yes,No,No,2.0,40.0,80.0,Seg.02 - Mass Asp (VND 25K - VND 59K),20872,At-risk,2.0,1.0,2.0,2.0
448972,2018,Hồ Chí Minh,The Coffee House,Yes,Yes,Yes,No,No,2.0,50.0,100.0,Seg.02 - Mass Asp (VND 25K - VND 59K),20875,At-risk,2.0,1.0,2.0,2.0
448986,2018,Hà Nội,Cộng Cà Phê,Yes,Yes,Yes,No,No,1.0,35.0,35.0,Seg.02 - Mass Asp (VND 25K - VND 59K),20887,At-risk,2.0,1.0,1.0,2.0
448986,2018,Hà Nội,The Coffee House,Yes,Yes,Yes,No,No,3.0,40.0,120.0,Seg.02 - Mass Asp (VND 25K - VND 59K),20888,At-risk,2.0,1.0,2.0,2.0
448994,2018,Hà Nội,Highlands Coffee,Yes,Yes,Yes,Yes,No,5.0,80.0,400.0,Seg.03 - Premium (VND 60K - VND 99K),20900,Silver,3.0,2.0,3.0,4.0
448994,2018,Hà Nội,Cộng Cà Phê,Yes,Yes,Yes,No,No,3.0,60.0,180.0,Seg.03 - Premium (VND 60K - VND 99K),20901,Silver,2.0,1.0,3.0,4.0
449026,2018,Hồ Chí Minh,Phúc Long,Yes,Yes,Yes,No,No,3.0,40.0,120.0,Seg.02 - Mass Asp (VND 25K - VND 59K),20935,At-risk,2.0,1.0,2.0,2.0
449026,2018,Hồ Chí Minh,The Coffee House,Yes,Yes,Yes,No,No,1.0,55.0,55.0,Seg.02 - Mass Asp (VND 25K - VND 59K),20936,At-risk,2.0,1.0,2.0,2.0
449031,2018,Hồ Chí Minh,Phúc Long,Yes,Yes,Yes,Yes,No,5.0,35.0,175.0,Seg.02 - Mass Asp (VND 25K - VND 59K),20940,Bronze,3.0,2.0,1.0,3.0
449031,2018,Hồ Chí Minh,The Coffee House,Yes,Yes,Yes,No,No,2.0,35.0,70.0,Seg.02 - Mass Asp (VND 25K - VND 59K),20941,At-risk,2.0,1.0,1.0,2.0
449038,2018,Hà Nội,Trung Nguyên,Yes,Yes,Yes,Yes,No,5.0,30.0,150.0,Seg.02 - Mass Asp (VND 25K - VND 59K),20969,Bronze,3.0,2.0,1.0,3.0
449038,2018,Hà Nội,Highlands Coffee,Yes,Yes,Yes,No,No,3.0,39.0,117.0,Seg.02 - Mass Asp (VND 25K - VND 59K),20973,At-risk,2.0,1.0,2.0,2.0
449061,2018,Hồ Chí Minh,Trung Nguyên,Yes,Yes,No,No,No,0.0,0.0,0.0,,20983,Churn,1.0,0.0,0.0,1.0
449067,2018,Hồ Chí Minh,The Coffee House,Yes,Yes,No,No,No,0.0,0.0,0.0,,20985,Churn,1.0,0.0,0.0,1.0
449067,2018,Hồ Chí Minh,Trung Nguyên,Yes,Yes,Yes,No,No,3.0,55.0,165.0,Seg.02 - Mass Asp (VND 25K - VND 59K),20986,At-risk,2.0,1.0,2.0,2.0
449090,2018,Nha Trang,Trung Nguyên,Yes,Yes,No,No,No,0.0,0.0,0.0,,20997,Churn,1.0,0.0,0.0,1.0
449119,2018,Hà Nội,Highlands Coffee,Yes,Yes,Yes,No,No,2.0,50.0,100.0,Seg.02 - Mass Asp (VND 25K - VND 59K),21014,At-risk,2.0,1.0,2.0,2.0
449119,2018,Hà Nội,Cộng Cà Phê,Yes,Yes,Yes,No,No,2.0,50.0,100.0,Seg.02 - Mass Asp (VND 25K - VND 59K),21017,At-risk,2.0,1.0,2.0,2.0
449119,2018,Hà Nội,The Coffee House,Yes,Yes,No,No,No,0.0,0.0,0.0,,21018,Churn,1.0,0.0,0.0,1.0
449137,2018,Nha Trang,Highlands Coffee,Yes,Yes,Yes,No,No,2.0,50.0,100.0,Seg.02 - Mass Asp (VND 25K - VND 59K),21031,At-risk,2.0,1.0,2.0,2.0
449249,2018,Hà Nội,Cộng Cà Phê,Yes,Yes,No,No,No,0.0,0.0,0.0,,21042,Churn,1.0,0.0,0.0,1.0
449249,2018,Hà Nội,Highlands Coffee,Yes,Yes,No,No,No,0.0,0.0,0.0,,21044,Churn,1.0,0.0,0.0,1.0
449270,2018,Hà Nội,Highlands Coffee,Yes,Yes,Yes,No,No,2.0,29.0,58.0,Seg.02 - Mass Asp (VND 25K - VND 59K),21058,At-risk,2.0,1.0,1.0,2.0
449311,2018,Hồ Chí Minh,Phúc Long,Yes,Yes,No,No,No,0.0,0.0,0.0,,21071,Churn,1.0,0.0,0.0,1.0
449311,2018,Hồ Chí Minh,The Coffee House,Yes,Yes,Yes,Yes,No,4.0,76.0,304.0,Seg.03 - Premium (VND 60K - VND 99K),21073,Silver,3.0,2.0,3.0,4.0
449311,2018,Hồ Chí Minh,Highlands Coffee,Yes,Yes,Yes,No,No,1.0,90.0,90.0,Seg.03 - Premium (VND 60K - VND 99K),21078,Silver,2.0,1.0,4.0,4.0
449340,2018,Hà Nội,Cộng Cà Phê,Yes,Yes,No,No,No,0.0,0.0,0.0,,21086,Churn,1.0,0.0,0.0,1.0
449340,2018,Hà Nội,The Coffee House,Yes,Yes,No,No,No,0.0,0.0,0.0,,21088,Churn,1.0,0.0,0.0,1.0
449340,2018,Hà Nội,Highlands Coffee,Yes,Yes,Yes,No,No,1.0,65.0,65.0,Seg.03 - Premium (VND 60K - VND 99K),21089,Silver,2.0,1.0,3.0,4.0
449355,2018,Hà Nội,Highlands Coffee,Yes,Yes,Yes,Yes,No,4.0,49.0,196.0,Seg.02 - Mass Asp (VND 25K - VND 59K),21092,Bronze,3.0,2.0,2.0,3.0
449424,2018,Nha Trang,Highlands Coffee,Yes,Yes,Yes,Yes,No,4.0,50.0,200.0,Seg.02 - Mass Asp (VND 25K - VND 59K),21103,Bronze,3.0,2.0,2.0,3.0
449430,2018,Hồ Chí Minh,The Coffee House,Yes,Yes,Yes,No,No,1.0,50.0,50.0,Seg.02 - Mass Asp (VND 25K - VND 59K),21119,At-risk,2.0,1.0,2.0,2.0
449430,2018,Hồ Chí Minh,Highlands Coffee,Yes,Yes,Yes,No,No,3.0,30.0,90.0,Seg.02 - Mass Asp (VND 25K - VND 59K),21125,At-risk,2.0,1.0,1.0,2.0
449470,2018,Hồ Chí Minh,Highlands Coffee,Yes,Yes,No,No,No,0.0,0.0,0.0,,21138,Churn,1.0,0.0,0.0,1.0
449477,2018,Hồ Chí Minh,Highlands Coffee,Yes,Yes,No,No,No,0.0,0.0,0.0,,21166,Churn,1.0,0.0,0.0,1.0
449498,2018,Hải Phòng,Cộng Cà Phê,Yes,Yes,No,No,No,0.0,0.0,0.0,,21173,Churn,1.0,0.0,0.0,1.0
449498,2018,Hải Phòng,Highlands Coffee,Yes,Yes,Yes,No,No,2.0,35.0,70.0,Seg.02 - Mass Asp (VND 25K - VND 59K),21174,At-risk,2.0,1.0,1.0,2.0
449499,2018,Hải Phòng,Highlands Coffee,Yes,Yes,Yes,No,No,2.0,49.0,98.0,Seg.02 - Mass Asp (VND 25K - VND 59K),21181,At-risk,2.0,1.0,2.0,2.0
449500,2018,Hải Phòng,Highlands Coffee,Yes,Yes,Yes,No,No,2.0,35.0,70.0,Seg.02 - Mass Asp (VND 25K - VND 59K),21184,At-risk,2.0,1.0,1.0,2.0
449501,2018,Hải Phòng,Cộng Cà Phê,Yes,Yes,No,No,No,0.0,0.0,0.0,,21193,Churn,1.0,0.0,0.0,1.0
449501,2018,Hải Phòng,Highlands Coffee,Yes,Yes,Yes,Yes,No,10.0,35.0,350.0,Seg.02 - Mass Asp (VND 25K - VND 59K),21195,Gold,3.0,4.0,1.0,5.0
449502,2018,Hải Phòng,Highlands Coffee,Yes,Yes,Yes,Yes,No,15.0,58.0,870.0,Seg.02 - Mass Asp (VND 25K - VND 59K),21197,Gold,3.0,4.0,3.0,5.0
449502,2018,Hải Phòng,Starbucks,Yes,Yes,Yes,No,No,1.0,95.0,95.0,Seg.03 - Premium (VND 60K - VND 99K),21198,Silver,2.0,1.0,4.0,4.0
449503,2018,Hải Phòng,Cộng Cà Phê,Yes,Yes,Yes,No,No,1.0,45.0,45.0,Seg.02 - Mass Asp (VND 25K - VND 59K),21202,At-risk,2.0,1.0,2.0,2.0
449503,2018,Hải Phòng,Starbucks,Yes,Yes,No,No,No,0.0,0.0,0.0,,21205,Churn,1.0,0.0,0.0,1.0
449503,2018,Hải Phòng,Highlands Coffee,Yes,Yes,Yes,Yes,No,7.0,58.0,406.0,Seg.02 - Mass Asp (VND 25K - VND 59K),21206,Gold,3.0,3.0,3.0,5.0
449504,2018,Hải Phòng,Highlands Coffee,Yes,Yes,Yes,Yes,No,4.0,49.0,196.0,Seg.02 - Mass Asp (VND 25K - VND 59K),21210,Bronze,3.0,2.0,2.0,3.0
449505,2018,Hải Phòng,Highlands Coffee,Yes,Yes,Yes,No,No,3.0,50.0,150.0,Seg.02 - Mass Asp (VND 25K - VND 59K),21211,At-risk,2.0,1.0,2.0,2.0
449505,2018,Hải Phòng,Cộng Cà Phê,Yes,Yes,No,No,No,0.0,0.0,0.0,,21212,Churn,1.0,0.0,0.0,1.0
449520,2018,Nha Trang,Highlands Coffee,Yes,Yes,Yes,No,No,1.0,60.0,60.0,Seg.03 - Premium (VND 60K - VND 99K),21222,Silver,2.0,1.0,3.0,4.0
449533,2018,Hà Nội,Trung Nguyên,Yes,Yes,Yes,No,No,3.0,40.0,120.0,Seg.02 - Mass Asp (VND 25K - VND 59K),21229,At-risk,2.0,1.0,2.0,2.0
449535,2018,Hà Nội,Highlands Coffee,Yes,Yes,Yes,Yes,No,4.0,49.0,196.0,Seg.02 - Mass Asp (VND 25K - VND 59K),21232,Bronze,3.0,2.0,2.0,3.0
449535,2018,Hà Nội,Cộng Cà Phê,Yes,Yes,No,No,No,0.0,0.0,0.0,,21236,Churn,1.0,0.0,0.0,1.0
449535,2018,Hà Nội,The Coffee House,Yes,Yes,Yes,No,No,1.0,40.0,40.0,Seg.02 - Mass Asp (VND 25K - VND 59K),21239,At-risk,2.0,1.0,2.0,2.0
449535,2018,Hà Nội,Trung Nguyên,Yes,Yes,No,No,No,0.0,0.0,0.0,,21240,Churn,1.0,0.0,0.0,1.0
449566,2018,Hà Nội,Highlands Coffee,Yes,Yes,No,No,No,0.0,0.0,0.0,,21244,Churn,1.0,0.0,0.0,1.0
449582,2018,Nha Trang,Highlands Coffee,Yes,Yes,No,No,No,0.0,0.0,0.0,,21256,Churn,1.0,0.0,0.0,1.0
449587,2018,Đà Nẵng,Highlands Coffee,Yes,Yes,No,No,No,0.0,0.0,0.0,,21266,Churn,1.0,0.0,0.0,1.0
449622,2018,Hồ Chí Minh,Highlands Coffee,Yes,Yes,Yes,No,No,2.0,60.0,120.0,Seg.03 - Premium (VND 60K - VND 99K),21270,Silver,2.0,1.0,3.0,4.0
449622,2018,Hồ Chí Minh,Starbucks,Yes,Yes,No,No,No,0.0,0.0,0.0,,21271,Churn,1.0,0.0,0.0,1.0
449622,2018,Hồ Chí Minh,The Coffee House,Yes,Yes,No,No,No,0.0,0.0,0.0,,21276,Churn,1.0,0.0,0.0,1.0
449681,2018,Hà Nội,Cộng Cà Phê,Yes,Yes,Yes,Yes,No,5.0,45.0,225.0,Seg.02 - Mass Asp (VND 25K - VND 59K),21304,Bronze,3.0,2.0,2.0,3.0
449681,2018,Hà Nội,Highlands Coffee,Yes,Yes,No,No,No,0.0,0.0,0.0,,21306,Churn,1.0,0.0,0.0,1.0
449681,2018,Hà Nội,Trung Nguyên,Yes,Yes,No,No,No,0.0,0.0,0.0,,21308,Churn,1.0,0.0,0.0,1.0
449682,2018,Hà Nội,The Coffee House,Yes,Yes,Yes,Yes,No,4.0,40.0,160.0,Seg.02 - Mass Asp (VND 25K - VND 59K),21312,Bronze,3.0,2.0,2.0,3.0
449682,2018,Hà Nội,Highlands Coffee,Yes,Yes,No,No,No,0.0,0.0,0.0,,21314,Churn,1.0,0.0,0.0,1.0
449727,2018,Hà Nội,Highlands Coffee,Yes,Yes,Yes,No,No,1.0,50.0,50.0,Seg.02 - Mass Asp (VND 25K - VND 59K),21336,At-risk,2.0,1.0,2.0,2.0
449734,2018,Đà Nẵng,Highlands Coffee,Yes,Yes,No,No,No,0.0,0.0,0.0,,21340,Churn,1.0,0.0,0.0,1.0
449796,2018,Đà Nẵng,Highlands Coffee,Yes,Yes,No,No,No,0.0,0.0,0.0,,21360,Churn,1.0,0.0,0.0,1.0
449797,2018,Đà Nẵng,Highlands Coffee,Yes,Yes,No,No,No,0.0,0.0,0.0,,21368,Churn,1.0,0.0,0.0,1.0
449822,2018,Hà Nội,Highlands Coffee,Yes,Yes,Yes,Yes,Yes,16.0,100.0,1600.0,Seg.04 - Super Premium (VND 100K+),21374,Gold,4.0,4.0,4.0,5.0
449822,2018,Hà Nội,Cộng Cà Phê,Yes,Yes,Yes,Yes,No,4.0,50.0,200.0,Seg.02 - Mass Asp (VND 25K - VND 59K),21375,Bronze,3.0,2.0,2.0,3.0
449822,2018,Hà Nội,Starbucks,Yes,Yes,No,No,No,0.0,0.0,0.0,,21378,Churn,1.0,0.0,0.0,1.0
449830,2018,Hà Nội,Highlands Coffee,Yes,Yes,Yes,Yes,No,5.0,35.0,175.0,Seg.02 - Mass Asp (VND 25K - VND 59K),21383,Bronze,3.0,2.0,1.0,3.0
449889,2018,Nha Trang,Highlands Coffee,Yes,Yes,No,No,No,0.0,0.0,0.0,,21397,Churn,1.0,0.0,0.0,1.0
449904,2018,Hồ Chí Minh,Highlands Coffee,Yes,Yes,No,No,No,0.0,0.0,0.0,,21416,Churn,1.0,0.0,0.0,1.0
449969,2018,Hà Nội,Trung Nguyên,Yes,Yes,No,No,No,0.0,0.0,0.0,,21419,Churn,1.0,0.0,0.0,1.0
449969,2018,Hà Nội,Highlands Coffee,Yes,Yes,Yes,No,No,3.0,60.0,180.0,Seg.03 - Premium (VND 60K - VND 99K),21421,Silver,2.0,1.0,3.0,4.0
449969,2018,Hà Nội,Cộng Cà Phê,Yes,Yes,Yes,No,No,2.0,50.0,100.0,Seg.02 - Mass Asp (VND 25K - VND 59K),21424,At-risk,2.0,1.0,2.0,2.0
449992,2018,Hải Phòng,Highlands Coffee,Yes,Yes,Yes,No,No,3.0,49.0,147.0,Seg.02 - Mass Asp (VND 25K - VND 59K),21438,At-risk,2.0,1.0,2.0,2.0
449992,2018,Hải Phòng,Starbucks,Yes,Yes,No,No,No,0.0,0.0,0.0,,21440,Churn,1.0,0.0,0.0,1.0
449992,2018,Hải Phòng,Cộng Cà Phê,Yes,Yes,No,No,No,0.0,0.0,0.0,,21441,Churn,1.0,0.0,0.0,1.0
449994,2018,Hải Phòng,Highlands Coffee,Yes,Yes,Yes,No,No,2.0,59.0,118.0,Seg.02 - Mass Asp (VND 25K - VND 59K),21453,Silver,2.0,1.0,3.0,4.0
449995,2018,Hải Phòng,Highlands Coffee,Yes,Yes,No,No,No,0.0,0.0,0.0,,21461,Churn,1.0,0.0,0.0,1.0
449997,2018,Hải Phòng,Starbucks,Yes,Yes,No,No,No,0.0,0.0,0.0,,21478,Churn,1.0,0.0,0.0,1.0
449997,2018,Hải Phòng,Highlands Coffee,Yes,Yes,Yes,No,No,2.0,50.0,100.0,Seg.02 - Mass Asp (VND 25K - VND 59K),21479,At-risk,2.0,1.0,2.0,2.0
449997,2018,Hải Phòng,Cộng Cà Phê,Yes,Yes,Yes,No,No,2.0,40.0,80.0,Seg.02 - Mass Asp (VND 25K - VND 59K),21480,At-risk,2.0,1.0,2.0,2.0
450050,2018,Đà Nẵng,Phúc Long,Yes,Yes,Yes,No,No,2.0,40.0,80.0,Seg.02 - Mass Asp (VND 25K - VND 59K),21494,At-risk,2.0,1.0,2.0,2.0
450050,2018,Đà Nẵng,Highlands Coffee,Yes,Yes,Yes,No,No,2.0,50.0,100.0,Seg.02 - Mass Asp (VND 25K - VND 59K),21496,At-risk,2.0,1.0,2.0,2.0
450075,2018,Hà Nội,Cộng Cà Phê,Yes,Yes,Yes,No,No,2.0,40.0,80.0,Seg.02 - Mass Asp (VND 25K - VND 59K),21501,At-risk,2.0,1.0,2.0,2.0
450100,2018,Nha Trang,Highlands Coffee,Yes,Yes,Yes,No,No,2.0,49.0,98.0,Seg.02 - Mass Asp (VND 25K - VND 59K),21511,At-risk,2.0,1.0,2.0,2.0
450107,2018,Đà Nẵng,Highlands Coffee,Yes,Yes,Yes,Yes,No,8.0,49.0,392.0,Seg.02 - Mass Asp (VND 25K - VND 59K),21518,Gold,3.0,4.0,2.0,5.0
450107,2018,Đà Nẵng,The Coffee House,Yes,Yes,No,No,No,0.0,0.0,0.0,,21519,Churn,1.0,0.0,0.0,1.0
450119,2018,Hà Nội,Highlands Coffee,Yes,Yes,Yes,Yes,No,5.0,50.0,250.0,Seg.02 - Mass Asp (VND 25K - VND 59K),21526,Bronze,3.0,2.0,2.0,3.0
450119,2018,Hà Nội,The Coffee House,Yes,Yes,Yes,No,No,3.0,45.0,135.0,Seg.02 - Mass Asp (VND 25K - VND 59K),21532,At-risk,2.0,1.0,2.0,2.0
450130,2018,Hà Nội,Highlands Coffee,Yes,Yes,No,No,No,0.0,0.0,0.0,,21537,Churn,1.0,0.0,0.0,1.0
450170,2018,Đà Nẵng,Cộng Cà Phê,Yes,Yes,Yes,No,No,1.0,40.0,40.0,Seg.02 - Mass Asp (VND 25K - VND 59K),21585,At-risk,2.0,1.0,2.0,2.0
450170,2018,Đà Nẵng,The Coffee House,Yes,Yes,Yes,No,No,2.0,35.0,70.0,Seg.02 - Mass Asp (VND 25K - VND 59K),21596,At-risk,2.0,1.0,1.0,2.0
450171,2018,Hồ Chí Minh,Highlands Coffee,Yes,Yes,Yes,Yes,No,4.0,80.0,320.0,Seg.03 - Premium (VND 60K - VND 99K),21598,Silver,3.0,2.0,3.0,4.0
450171,2018,Hồ Chí Minh,Phúc Long,Yes,Yes,No,No,No,0.0,0.0,0.0,,21600,Churn,1.0,0.0,0.0,1.0
450201,2018,Đà Nẵng,Highlands Coffee,Yes,Yes,Yes,No,No,2.0,29.0,58.0,Seg.02 - Mass Asp (VND 25K - VND 59K),21614,At-risk,2.0,1.0,1.0,2.0
450247,2018,Đà Nẵng,Highlands Coffee,Yes,Yes,Yes,No,No,3.0,50.0,150.0,Seg.02 - Mass Asp (VND 25K - VND 59K),21635,At-risk,2.0,1.0,2.0,2.0
450247,2018,Đà Nẵng,Trung Nguyên,Yes,Yes,Yes,No,No,1.0,40.0,40.0,Seg.02 - Mass Asp (VND 25K - VND 59K),21638,At-risk,2.0,1.0,2.0,2.0
450252,2018,Nha Trang,Highlands Coffee,Yes,Yes,No,No,No,0.0,0.0,0.0,,21644,Churn,1.0,0.0,0.0,1.0
450427,2018,Đà Nẵng,Highlands Coffee,Yes,Yes,Yes,No,No,1.0,60.0,60.0,Seg.03 - Premium (VND 60K - VND 99K),21686,Silver,2.0,1.0,3.0,4.0
450427,2018,Đà Nẵng,The Coffee House,Yes,Yes,No,No,No,0.0,0.0,0.0,,21687,Churn,1.0,0.0,0.0,1.0
450427,2018,Đà Nẵng,Trung Nguyên,Yes,Yes,No,No,No,0.0,0.0,0.0,,21689,Churn,1.0,0.0,0.0,1.0
450460,2018,Hồ Chí Minh,Trung Nguyên,Yes,Yes,Yes,Yes,No,4.0,45.0,180.0,Seg.02 - Mass Asp (VND 25K - VND 59K),21695,Bronze,3.0,2.0,2.0,3.0
450460,2018,Hồ Chí Minh,Phúc Long,Yes,Yes,No,No,No,0.0,0.0,0.0,,21702,Churn,1.0,0.0,0.0,1.0
450499,2018,Nha Trang,Highlands Coffee,Yes,Yes,Yes,Yes,No,5.0,39.0,195.0,Seg.02 - Mass Asp (VND 25K - VND 59K),21705,Bronze,3.0,2.0,2.0,3.0
450499,2018,Nha Trang,Trung Nguyên,Yes,Yes,Yes,No,No,2.0,25.0,50.0,Seg.02 - Mass Asp (VND 25K - VND 59K),21707,At-risk,2.0,1.0,1.0,2.0
450529,2018,Đà Nẵng,Highlands Coffee,Yes,Yes,Yes,Yes,No,4.0,49.0,196.0,Seg.02 - Mass Asp (VND 25K - VND 59K),21716,Bronze,3.0,2.0,2.0,3.0
450663,2018,Đà Nẵng,Highlands Coffee,Yes,Yes,Yes,No,No,2.0,59.0,118.0,Seg.02 - Mass Asp (VND 25K - VND 59K),21722,Silver,2.0,1.0,3.0,4.0
450758,2018,Đà Nẵng,Phúc Long,Yes,Yes,Yes,No,No,1.0,50.0,50.0,Seg.02 - Mass Asp (VND 25K - VND 59K),21769,At-risk,2.0,1.0,2.0,2.0
450758,2018,Đà Nẵng,Highlands Coffee,Yes,Yes,Yes,No,No,2.0,29.0,58.0,Seg.02 - Mass Asp (VND 25K - VND 59K),21770,At-risk,2.0,1.0,1.0,2.0
450796,2018,Hà Nội,Highlands Coffee,Yes,Yes,No,No,No,0.0,0.0,0.0,,21771,Churn,1.0,0.0,0.0,1.0
450796,2018,Hà Nội,Cộng Cà Phê,Yes,Yes,No,No,No,0.0,0.0,0.0,,21776,Churn,1.0,0.0,0.0,1.0
450797,2018,Hà Nội,Cộng Cà Phê,Yes,Yes,Yes,No,No,1.0,40.0,40.0,Seg.02 - Mass Asp (VND 25K - VND 59K),21780,At-risk,2.0,1.0,2.0,2.0
450797,2018,Hà Nội,Highlands Coffee,Yes,Yes,Yes,No,No,1.0,60.0,60.0,Seg.03 - Premium (VND 60K - VND 99K),21781,Silver,2.0,1.0,3.0,4.0
450797,2018,Hà Nội,The Coffee House,Yes,Yes,No,No,No,0.0,0.0,0.0,,21786,Churn,1.0,0.0,0.0,1.0
450798,2018,Hà Nội,Cộng Cà Phê,Yes,Yes,No,No,No,0.0,0.0,0.0,,21788,Churn,1.0,0.0,0.0,1.0
450798,2018,Hà Nội,The Coffee House,Yes,Yes,Yes,No,No,3.0,40.0,120.0,Seg.02 - Mass Asp (VND 25K - VND 59K),21793,At-risk,2.0,1.0,2.0,2.0
450798,2018,Hà Nội,Highlands Coffee,Yes,Yes,Yes,No,No,1.0,50.0,50.0,Seg.02 - Mass Asp (VND 25K - VND 59K),21794,At-risk,2.0,1.0,2.0,2.0
450805,2018,Hà Nội,Cộng Cà Phê,Yes,Yes,Yes,Yes,No,5.0,45.0,225.0,Seg.02 - Mass Asp (VND 25K - VND 59K),21809,Bronze,3.0,2.0,2.0,3.0
450805,2018,Hà Nội,Highlands Coffee,Yes,Yes,Yes,No,No,3.0,50.0,150.0,Seg.02 - Mass Asp (VND 25K - VND 59K),21810,At-risk,2.0,1.0,2.0,2.0
450806,2018,Hà Nội,Cộng Cà Phê,Yes,Yes,No,No,No,0.0,0.0,0.0,,21815,Churn,1.0,0.0,0.0,1.0
450806,2018,Hà Nội,Highlands Coffee,Yes,Yes,No,No,No,0.0,0.0,0.0,,21817,Churn,1.0,0.0,0.0,1.0
450806,2018,Hà Nội,Trung Nguyên,Yes,Yes,Yes,No,No,3.0,30.0,90.0,Seg.02 - Mass Asp (VND 25K - VND 59K),21821,At-risk,2.0,1.0,1.0,2.0
450807,2018,Hà Nội,Highlands Coffee,Yes,Yes,Yes,Yes,No,5.0,49.0,245.0,Seg.02 - Mass Asp (VND 25K - VND 59K),21824,Bronze,3.0,2.0,2.0,3.0
450807,2018,Hà Nội,Cộng Cà Phê,Yes,Yes,No,No,No,0.0,0.0,0.0,,21826,Churn,1.0,0.0,0.0,1.0
450808,2018,Hà Nội,Trung Nguyên,Yes,Yes,No,No,No,0.0,0.0,0.0,,21835,Churn,1.0,0.0,0.0,1.0
450808,2018,Hà Nội,Highlands Coffee,Yes,Yes,Yes,Yes,No,4.0,39.0,156.0,Seg.02 - Mass Asp (VND 25K - VND 59K),21841,Bronze,3.0,2.0,2.0,3.0
450809,2018,Hà Nội,Highlands Coffee,Yes,Yes,No,No,No,0.0,0.0,0.0,,21848,Churn,1.0,0.0,0.0,1.0
450809,2018,Hà Nội,The Coffee House,Yes,Yes,Yes,No,No,1.0,50.0,50.0,Seg.02 - Mass Asp (VND 25K - VND 59K),21850,At-risk,2.0,1.0,2.0,2.0
450809,2018,Hà Nội,Cộng Cà Phê,Yes,Yes,Yes,No,No,3.0,50.0,150.0,Seg.02 - Mass Asp (VND 25K - VND 59K),21852,At-risk,2.0,1.0,2.0,2.0
450810,2018,Hà Nội,Cộng Cà Phê,Yes,Yes,Yes,No,No,2.0,50.0,100.0,Seg.02 - Mass Asp (VND 25K - VND 59K),21863,At-risk,2.0,1.0,2.0,2.0
450810,2018,Hà Nội,Highlands Coffee,Yes,Yes,Yes,No,No,3.0,49.0,147.0,Seg.02 - Mass Asp (VND 25K - VND 59K),21864,At-risk,2.0,1.0,2.0,2.0
450812,2018,Hà Nội,Highlands Coffee,Yes,Yes,No,No,No,0.0,0.0,0.0,,21874,Churn,1.0,0.0,0.0,1.0
450812,2018,Hà Nội,Cộng Cà Phê,Yes,Yes,Yes,No,No,2.0,50.0,100.0,Seg.02 - Mass Asp (VND 25K - VND 59K),21883,At-risk,2.0,1.0,2.0,2.0
450834,2018,Hải Phòng,Highlands Coffee,Yes,Yes,Yes,No,No,2.0,50.0,100.0,Seg.02 - Mass Asp (VND 25K - VND 59K),21916,At-risk,2.0,1.0,2.0,2.0
450873,2018,Đà Nẵng,Highlands Coffee,Yes,Yes,Yes,Yes,No,8.0,29.0,232.0,Seg.02 - Mass Asp (VND 25K - VND 59K),21931,Gold,3.0,4.0,1.0,5.0
450932,2018,Đà Nẵng,Highlands Coffee,Yes,Yes,Yes,No,No,2.0,30.0,60.0,Seg.02 - Mass Asp (VND 25K - VND 59K),21942,At-risk,2.0,1.0,1.0,2.0
450970,2018,Hà Nội,Trung Nguyên,Yes,Yes,No,No,No,0.0,0.0,0.0,,21968,Churn,1.0,0.0,0.0,1.0
450971,2018,Hà Nội,Cộng Cà Phê,Yes,Yes,Yes,No,No,3.0,45.0,135.0,Seg.02 - Mass Asp (VND 25K - VND 59K),21976,At-risk,2.0,1.0,2.0,2.0
450973,2018,Hà Nội,The Coffee House,Yes,Yes,No,No,No,0.0,0.0,0.0,,21985,Churn,1.0,0.0,0.0,1.0
450973,2018,Hà Nội,Highlands Coffee,Yes,Yes,Yes,Yes,No,4.0,50.0,200.0,Seg.02 - Mass Asp (VND 25K - VND 59K),21990,Bronze,3.0,2.0,2.0,3.0
450990,2018,Nha Trang,Highlands Coffee,Yes,Yes,Yes,No,No,1.0,49.0,49.0,Seg.02 - Mass Asp (VND 25K - VND 59K),21995,At-risk,2.0,1.0,2.0,2.0
451008,2018,Hà Nội,Highlands Coffee,Yes,Yes,Yes,No,No,3.0,60.0,180.0,Seg.03 - Premium (VND 60K - VND 99K),22005,Silver,2.0,1.0,3.0,4.0
451071,2018,Hồ Chí Minh,The Coffee House,Yes,Yes,No,No,No,0.0,0.0,0.0,,22034,Churn,1.0,0.0,0.0,1.0
451074,2018,Đà Nẵng,Highlands Coffee,Yes,Yes,Yes,No,No,2.0,40.0,80.0,Seg.02 - Mass Asp (VND 25K - VND 59K),22035,At-risk,2.0,1.0,2.0,2.0
451074,2018,Đà Nẵng,Trung Nguyên,Yes,Yes,No,No,No,0.0,0.0,0.0,,22038,Churn,1.0,0.0,0.0,1.0
451098,2018,Đà Nẵng,Highlands Coffee,Yes,Yes,Yes,No,No,2.0,29.0,58.0,Seg.02 - Mass Asp (VND 25K - VND 59K),22054,At-risk,2.0,1.0,1.0,2.0
451143,2018,Nha Trang,Highlands Coffee,Yes,Yes,Yes,Yes,No,5.0,30.0,150.0,Seg.02 - Mass Asp (VND 25K - VND 59K),22068,Bronze,3.0,2.0,1.0,3.0
451147,2018,Hà Nội,Highlands Coffee,Yes,Yes,Yes,Yes,No,4.0,50.0,200.0,Seg.02 - Mass Asp (VND 25K - VND 59K),22076,Bronze,3.0,2.0,2.0,3.0
451174,2018,Đà Nẵng,Highlands Coffee,Yes,Yes,Yes,No,No,1.0,35.0,35.0,Seg.02 - Mass Asp (VND 25K - VND 59K),22079,At-risk,2.0,1.0,1.0,2.0
451174,2018,Đà Nẵng,Phúc Long,Yes,Yes,No,No,No,0.0,0.0,0.0,,22080,Churn,1.0,0.0,0.0,1.0
451174,2018,Đà Nẵng,The Coffee House,Yes,Yes,Yes,Yes,No,4.0,30.0,120.0,Seg.02 - Mass Asp (VND 25K - VND 59K),22082,Bronze,3.0,2.0,1.0,3.0
451174,2018,Đà Nẵng,Trung Nguyên,Yes,Yes,No,No,No,0.0,0.0,0.0,,22084,Churn,1.0,0.0,0.0,1.0
451174,2018,Đà Nẵng,Starbucks,Yes,Yes,No,No,No,0.0,0.0,0.0,,22089,Churn,1.0,0.0,0.0,1.0
451250,2018,Đà Nẵng,Highlands Coffee,Yes,Yes,Yes,Yes,No,4.0,40.0,160.0,Seg.02 - Mass Asp (VND 25K - VND 59K),22113,Bronze,3.0,2.0,2.0,3.0
451332,2018,Hà Nội,Highlands Coffee,Yes,Yes,No,No,No,0.0,0.0,0.0,,22125,Churn,1.0,0.0,0.0,1.0
451350,2018,Nha Trang,Highlands Coffee,Yes,Yes,Yes,Yes,No,10.0,50.0,500.0,Seg.02 - Mass Asp (VND 25K - VND 59K),22138,Gold,3.0,4.0,2.0,5.0
451351,2018,Nha Trang,Highlands Coffee,Yes,Yes,Yes,Yes,No,5.0,59.0,295.0,Seg.02 - Mass Asp (VND 25K - VND 59K),22146,Silver,3.0,2.0,3.0,4.0
451358,2018,Đà Nẵng,Highlands Coffee,Yes,Yes,No,No,No,0.0,0.0,0.0,,22157,Churn,1.0,0.0,0.0,1.0
451360,2018,Hồ Chí Minh,The Coffee House,Yes,Yes,No,No,No,0.0,0.0,0.0,,22167,Churn,1.0,0.0,0.0,1.0
451360,2018,Hồ Chí Minh,Trung Nguyên,Yes,Yes,Yes,Yes,No,9.0,36.0,324.0,Seg.02 - Mass Asp (VND 25K - VND 59K),22171,Gold,3.0,4.0,2.0,5.0
451364,2018,Nha Trang,Highlands Coffee,Yes,Yes,No,No,No,0.0,0.0,0.0,,22175,Churn,1.0,0.0,0.0,1.0
451364,2018,Nha Trang,Trung Nguyên,Yes,Yes,No,No,No,0.0,0.0,0.0,,22177,Churn,1.0,0.0,0.0,1.0
451374,2018,Nha Trang,Cộng Cà Phê,Yes,Yes,No,No,No,0.0,0.0,0.0,,22181,Churn,1.0,0.0,0.0,1.0
451374,2018,Nha Trang,Trung Nguyên,Yes,Yes,No,No,No,0.0,0.0,0.0,,22184,Churn,1.0,0.0,0.0,1.0
451374,2018,Nha Trang,Highlands Coffee,Yes,Yes,Yes,No,No,2.0,49.0,98.0,Seg.02 - Mass Asp (VND 25K - VND 59K),22185,At-risk,2.0,1.0,2.0,2.0
451389,2018,Đà Nẵng,Highlands Coffee,Yes,Yes,Yes,Yes,No,10.0,39.0,390.0,Seg.02 - Mass Asp (VND 25K - VND 59K),22195,Gold,3.0,4.0,2.0,5.0
451390,2018,Hồ Chí Minh,Highlands Coffee,Yes,Yes,No,No,No,0.0,0.0,0.0,,22206,Churn,1.0,0.0,0.0,1.0
451393,2018,Hồ Chí Minh,Phúc Long,Yes,Yes,Yes,Yes,No,4.0,50.0,200.0,Seg.02 - Mass Asp (VND 25K - VND 59K),22215,Bronze,3.0,2.0,2.0,3.0
451395,2018,Hồ Chí Minh,Highlands Coffee,Yes,Yes,No,No,No,0.0,0.0,0.0,,22226,Churn,1.0,0.0,0.0,1.0
451396,2018,Hồ Chí Minh,Highlands Coffee,Yes,Yes,Yes,Yes,No,8.0,40.0,320.0,Seg.02 - Mass Asp (VND 25K - VND 59K),22230,Gold,3.0,4.0,2.0,5.0
451397,2018,Hồ Chí Minh,The Coffee House,Yes,Yes,Yes,Yes,No,4.0,60.0,240.0,Seg.03 - Premium (VND 60K - VND 99K),22237,Silver,3.0,2.0,3.0,4.0
451398,2018,Hồ Chí Minh,Phúc Long,Yes,Yes,Yes,Yes,No,4.0,60.0,240.0,Seg.03 - Premium (VND 60K - VND 99K),22249,Silver,3.0,2.0,3.0,4.0
451399,2018,Hồ Chí Minh,Highlands Coffee,Yes,Yes,No,No,No,0.0,0.0,0.0,,22260,Churn,1.0,0.0,0.0,1.0
451399,2018,Hồ Chí Minh,Phúc Long,Yes,Yes,No,No,No,0.0,0.0,0.0,,22267,Churn,1.0,0.0,0.0,1.0
451409,2018,Hà Nội,Highlands Coffee,Yes,Yes,Yes,Yes,No,5.0,70.0,350.0,Seg.03 - Premium (VND 60K - VND 99K),22269,Silver,3.0,2.0,3.0,4.0
451409,2018,Hà Nội,The Coffee House,Yes,Yes,No,No,No,0.0,0.0,0.0,,22270,Churn,1.0,0.0,0.0,1.0
451409,2018,Hà Nội,Cộng Cà Phê,Yes,Yes,Yes,No,No,1.0,50.0,50.0,Seg.02 - Mass Asp (VND 25K - VND 59K),22275,At-risk,2.0,1.0,2.0,2.0
451411,2018,Hà Nội,Cộng Cà Phê,Yes,Yes,Yes,No,No,3.0,50.0,150.0,Seg.02 - Mass Asp (VND 25K - VND 59K),22286,At-risk,2.0,1.0,2.0,2.0
451411,2018,Hà Nội,Highlands Coffee,Yes,Yes,No,No,No,0.0,0.0,0.0,,22287,Churn,1.0,0.0,0.0,1.0
451412,2018,Hà Nội,Cộng Cà Phê,Yes,Yes,No,No,No,0.0,0.0,0.0,,22292,Churn,1.0,0.0,0.0,1.0
451420,2018,Hà Nội,Highlands Coffee,Yes,Yes,No,No,No,0.0,0.0,0.0,,22304,Churn,1.0,0.0,0.0,1.0
451420,2018,Hà Nội,The Coffee House,Yes,Yes,Yes,No,No,1.0,30.0,30.0,Seg.02 - Mass Asp (VND 25K - VND 59K),22307,At-risk,2.0,1.0,1.0,2.0
451423,2018,Hà Nội,Highlands Coffee,Yes,Yes,Yes,Yes,No,4.0,60.0,240.0,Seg.03 - Premium (VND 60K - VND 99K),22322,Silver,3.0,2.0,3.0,4.0
451423,2018,Hà Nội,Cộng Cà Phê,Yes,Yes,No,No,No,0.0,0.0,0.0,,22325,Churn,1.0,0.0,0.0,1.0
451424,2018,Hà Nội,Cộng Cà Phê,Yes,Yes,No,No,No,0.0,0.0,0.0,,22326,Churn,1.0,0.0,0.0,1.0
451426,2018,Hồ Chí Minh,Phúc Long,Yes,Yes,Yes,Yes,Yes,16.0,35.0,560.0,Seg.02 - Mass Asp (VND 25K - VND 59K),22333,Gold,4.0,4.0,1.0,5.0
451450,2018,Hồ Chí Minh,The Coffee House,Yes,Yes,Yes,No,No,1.0,30.0,30.0,Seg.02 - Mass Asp (VND 25K - VND 59K),22354,At-risk,2.0,1.0,1.0,2.0
451450,2018,Hồ Chí Minh,Highlands Coffee,Yes,Yes,No,No,No,0.0,0.0,0.0,,22357,Churn,1.0,0.0,0.0,1.0
451455,2018,Đà Nẵng,Highlands Coffee,Yes,Yes,Yes,Yes,No,10.0,100.0,1000.0,Seg.04 - Super Premium (VND 100K+),22377,Gold,3.0,4.0,4.0,5.0
451456,2018,Đà Nẵng,Trung Nguyên,Yes,Yes,No,No,No,0.0,0.0,0.0,,22380,Churn,1.0,0.0,0.0,1.0
451456,2018,Đà Nẵng,Highlands Coffee,Yes,Yes,Yes,No,No,2.0,49.0,98.0,Seg.02 - Mass Asp (VND 25K - VND 59K),22382,At-risk,2.0,1.0,2.0,2.0
451461,2018,Hồ Chí Minh,Highlands Coffee,Yes,Yes,Yes,No,No,3.0,60.0,180.0,Seg.03 - Premium (VND 60K - VND 99K),22386,Silver,2.0,1.0,3.0,4.0
451461,2018,Hồ Chí Minh,The Coffee House,Yes,Yes,Yes,No,No,1.0,60.0,60.0,Seg.03 - Premium (VND 60K - VND 99K),22395,Silver,2.0,1.0,3.0,4.0
451462,2018,Hồ Chí Minh,Highlands Coffee,Yes,Yes,Yes,No,No,2.0,100.0,200.0,Seg.04 - Super Premium (VND 100K+),22399,Silver,2.0,1.0,4.0,4.0
451462,2018,Hồ Chí Minh,The Coffee House,Yes,Yes,Yes,No,No,1.0,80.0,80.0,Seg.03 - Premium (VND 60K - VND 99K),22403,Silver,2.0,1.0,3.0,4.0
451475,2018,Hồ Chí Minh,The Coffee House,Yes,Yes,Yes,No,No,1.0,50.0,50.0,Seg.02 - Mass Asp (VND 25K - VND 59K),22410,At-risk,2.0,1.0,2.0,2.0
451475,2018,Hồ Chí Minh,Phúc Long,Yes,Yes,Yes,No,No,2.0,50.0,100.0,Seg.02 - Mass Asp (VND 25K - VND 59K),22413,At-risk,2.0,1.0,2.0,2.0
451483,2018,Hồ Chí Minh,Highlands Coffee,Yes,Yes,No,No,No,0.0,0.0,0.0,,22422,Churn,1.0,0.0,0.0,1.0
451484,2018,Đà Nẵng,Highlands Coffee,Yes,Yes,No,No,No,0.0,0.0,0.0,,22430,Churn,1.0,0.0,0.0,1.0
451487,2018,Nha Trang,Highlands Coffee,Yes,Yes,Yes,No,No,1.0,39.0,39.0,Seg.02 - Mass Asp (VND 25K - VND 59K),22441,At-risk,2.0,1.0,2.0,2.0
451504,2018,Hồ Chí Minh,Highlands Coffee,Yes,Yes,Yes,Yes,No,5.0,49.0,245.0,Seg.02 - Mass Asp (VND 25K - VND 59K),22453,Bronze,3.0,2.0,2.0,3.0
451524,2018,Hồ Chí Minh,Highlands Coffee,Yes,Yes,Yes,Yes,No,6.0,59.0,354.0,Seg.02 - Mass Asp (VND 25K - VND 59K),22476,Gold,3.0,3.0,3.0,5.0
451524,2018,Hồ Chí Minh,The Coffee House,Yes,Yes,No,No,No,0.0,0.0,0.0,,22477,Churn,1.0,0.0,0.0,1.0
451546,2018,Nha Trang,Trung Nguyên,Yes,Yes,No,No,No,0.0,0.0,0.0,,22493,Churn,1.0,0.0,0.0,1.0
451546,2018,Nha Trang,Highlands Coffee,Yes,Yes,Yes,Yes,Yes,20.0,39.0,780.0,Seg.02 - Mass Asp (VND 25K - VND 59K),22494,Gold,4.0,4.0,2.0,5.0
451568,2018,Hồ Chí Minh,The Coffee House,Yes,Yes,Yes,Yes,No,5.0,35.0,175.0,Seg.02 - Mass Asp (VND 25K - VND 59K),22506,Bronze,3.0,2.0,1.0,3.0
451591,2018,Hà Nội,Highlands Coffee,Yes,Yes,Yes,No,No,3.0,49.0,147.0,Seg.02 - Mass Asp (VND 25K - VND 59K),22539,At-risk,2.0,1.0,2.0,2.0
451600,2018,Đà Nẵng,Highlands Coffee,Yes,Yes,Yes,Yes,No,4.0,45.0,180.0,Seg.02 - Mass Asp (VND 25K - VND 59K),22545,Bronze,3.0,2.0,2.0,3.0
451693,2018,Đà Nẵng,Phúc Long,Yes,Yes,Yes,No,No,1.0,50.0,50.0,Seg.02 - Mass Asp (VND 25K - VND 59K),22579,At-risk,2.0,1.0,2.0,2.0
451693,2018,Đà Nẵng,Highlands Coffee,Yes,Yes,Yes,Yes,No,5.0,59.0,295.0,Seg.02 - Mass Asp (VND 25K - VND 59K),22584,Silver,3.0,2.0,3.0,4.0
451749,2018,Đà Nẵng,Highlands Coffee,Yes,Yes,Yes,Yes,No,8.0,50.0,400.0,Seg.02 - Mass Asp (VND 25K - VND 59K),22613,Gold,3.0,4.0,2.0,5.0
451750,2018,Đà Nẵng,Highlands Coffee,Yes,Yes,Yes,Yes,Yes,20.0,40.0,800.0,Seg.02 - Mass Asp (VND 25K - VND 59K),22618,Gold,4.0,4.0,2.0,5.0
451775,2018,Hồ Chí Minh,Highlands Coffee,Yes,Yes,Yes,Yes,No,9.0,35.0,315.0,Seg.02 - Mass Asp (VND 25K - VND 59K),22632,Gold,3.0,4.0,1.0,5.0
451815,2018,Hồ Chí Minh,Highlands Coffee,Yes,Yes,Yes,No,No,2.0,39.0,78.0,Seg.02 - Mass Asp (VND 25K - VND 59K),22643,At-risk,2.0,1.0,2.0,2.0
451839,2018,Hồ Chí Minh,The Coffee House,Yes,Yes,No,No,No,0.0,0.0,0.0,,22648,Churn,1.0,0.0,0.0,1.0
451839,2018,Hồ Chí Minh,Highlands Coffee,Yes,Yes,Yes,No,No,1.0,39.0,39.0,Seg.02 - Mass Asp (VND 25K - VND 59K),22653,At-risk,2.0,1.0,2.0,2.0
451842,2018,Hồ Chí Minh,Highlands Coffee,Yes,Yes,Yes,Yes,No,6.0,39.0,234.0,Seg.02 - Mass Asp (VND 25K - VND 59K),22683,Bronze,3.0,3.0,2.0,3.0
451845,2018,Hồ Chí Minh,Trung Nguyên,Yes,Yes,Yes,Yes,No,6.0,35.0,210.0,Seg.02 - Mass Asp (VND 25K - VND 59K),22698,Bronze,3.0,3.0,1.0,3.0
451846,2018,Hồ Chí Minh,Highlands Coffee,Yes,Yes,No,No,No,0.0,0.0,0.0,,22701,Churn,1.0,0.0,0.0,1.0
451847,2018,Hà Nội,Highlands Coffee,Yes,Yes,Yes,No,No,1.0,50.0,50.0,Seg.02 - Mass Asp (VND 25K - VND 59K),22716,At-risk,2.0,1.0,2.0,2.0
451848,2018,Hà Nội,Trung Nguyên,Yes,Yes,Yes,No,No,1.0,30.0,30.0,Seg.02 - Mass Asp (VND 25K - VND 59K),22723,At-risk,2.0,1.0,1.0,2.0
451848,2018,Hà Nội,Highlands Coffee,Yes,Yes,Yes,No,No,2.0,60.0,120.0,Seg.03 - Premium (VND 60K - VND 99K),22728,Silver,2.0,1.0,3.0,4.0
451849,2018,Hà Nội,Highlands Coffee,Yes,Yes,Yes,Yes,No,4.0,70.0,280.0,Seg.03 - Premium (VND 60K - VND 99K),22730,Silver,3.0,2.0,3.0,4.0
451849,2018,Hà Nội,The Coffee House,Yes,Yes,No,No,No,0.0,0.0,0.0,,22734,Churn,1.0,0.0,0.0,1.0
451850,2018,Hà Nội,Highlands Coffee,Yes,Yes,No,No,No,0.0,0.0,0.0,,22735,Churn,1.0,0.0,0.0,1.0
451850,2018,Hà Nội,Cộng Cà Phê,Yes,Yes,Yes,Yes,No,4.0,50.0,200.0,Seg.02 - Mass Asp (VND 25K - VND 59K),22737,Bronze,3.0,2.0,2.0,3.0
451851,2018,Hà Nội,Highlands Coffee,Yes,Yes,Yes,No,No,2.0,70.0,140.0,Seg.03 - Premium (VND 60K - VND 99K),22746,Silver,2.0,1.0,3.0,4.0
451851,2018,Hà Nội,Trung Nguyên,Yes,Yes,No,No,No,0.0,0.0,0.0,,22747,Churn,1.0,0.0,0.0,1.0
451851,2018,Hà Nội,Cộng Cà Phê,Yes,Yes,Yes,Yes,No,4.0,50.0,200.0,Seg.02 - Mass Asp (VND 25K - VND 59K),22749,Bronze,3.0,2.0,2.0,3.0
451851,2018,Hà Nội,The Coffee House,Yes,Yes,No,No,No,0.0,0.0,0.0,,22750,Churn,1.0,0.0,0.0,1.0
451852,2018,Hà Nội,Highlands Coffee,Yes,Yes,Yes,No,No,2.0,60.0,120.0,Seg.03 - Premium (VND 60K - VND 99K),22763,Silver,2.0,1.0,3.0,4.0
451853,2018,Hà Nội,Highlands Coffee,Yes,Yes,Yes,No,No,1.0,70.0,70.0,Seg.03 - Premium (VND 60K - VND 99K),22767,Silver,2.0,1.0,3.0,4.0
451853,2018,Hà Nội,Cộng Cà Phê,Yes,Yes,No,No,No,0.0,0.0,0.0,,22769,Churn,1.0,0.0,0.0,1.0
451855,2018,Hà Nội,The Coffee House,Yes,Yes,Yes,No,No,1.0,60.0,60.0,Seg.03 - Premium (VND 60K - VND 99K),22780,Silver,2.0,1.0,3.0,4.0
451857,2018,Hà Nội,Cộng Cà Phê,Yes,Yes,Yes,No,No,3.0,55.0,165.0,Seg.02 - Mass Asp (VND 25K - VND 59K),22794,At-risk,2.0,1.0,2.0,2.0
451858,2018,Hồ Chí Minh,The Coffee House,Yes,Yes,No,No,No,0.0,0.0,0.0,,22799,Churn,1.0,0.0,0.0,1.0
451858,2018,Hồ Chí Minh,Highlands Coffee,Yes,Yes,Yes,No,No,3.0,39.0,117.0,Seg.02 - Mass Asp (VND 25K - VND 59K),22805,At-risk,2.0,1.0,2.0,2.0
451859,2018,Hồ Chí Minh,Highlands Coffee,Yes,Yes,No,No,No,0.0,0.0,0.0,,22809,Churn,1.0,0.0,0.0,1.0
451859,2018,Hồ Chí Minh,Trung Nguyên,Yes,Yes,Yes,Yes,Yes,25.0,35.0,875.0,Seg.02 - Mass Asp (VND 25K - VND 59K),22813,Gold,4.0,4.0,1.0,5.0
451860,2018,Hồ Chí Minh,The Coffee House,Yes,Yes,No,No,No,0.0,0.0,0.0,,22821,Churn,1.0,0.0,0.0,1.0
451860,2018,Hồ Chí Minh,Highlands Coffee,Yes,Yes,No,No,No,0.0,0.0,0.0,,22829,Churn,1.0,0.0,0.0,1.0
451862,2018,Hồ Chí Minh,The Coffee House,Yes,Yes,No,No,No,0.0,0.0,0.0,,22840,Churn,1.0,0.0,0.0,1.0
451871,2018,Hà Nội,Highlands Coffee,Yes,Yes,Yes,No,No,3.0,60.0,180.0,Seg.03 - Premium (VND 60K - VND 99K),22866,Silver,2.0,1.0,3.0,4.0
451872,2018,Hà Nội,Cộng Cà Phê,Yes,Yes,No,No,No,0.0,0.0,0.0,,22872,Churn,1.0,0.0,0.0,1.0
451872,2018,Hà Nội,Starbucks,Yes,Yes,Yes,Yes,No,4.0,90.0,360.0,Seg.03 - Premium (VND 60K - VND 99K),22873,Silver,3.0,2.0,4.0,4.0
451874,2018,Hà Nội,Highlands Coffee,Yes,Yes,No,No,No,0.0,0.0,0.0,,22883,Churn,1.0,0.0,0.0,1.0
451875,2018,Hà Nội,Highlands Coffee,Yes,Yes,No,No,No,0.0,0.0,0.0,,22890,Churn,1.0,0.0,0.0,1.0
451875,2018,Hà Nội,Cộng Cà Phê,Yes,Yes,No,No,No,0.0,0.0,0.0,,22894,Churn,1.0,0.0,0.0,1.0
451876,2018,Hà Nội,Highlands Coffee,Yes,Yes,Yes,No,No,3.0,60.0,180.0,Seg.03 - Premium (VND 60K - VND 99K),22901,Silver,2.0,1.0,3.0,4.0
451878,2018,Hà Nội,Starbucks,Yes,Yes,Yes,No,No,2.0,70.0,140.0,Seg.03 - Premium (VND 60K - VND 99K),22919,Silver,2.0,1.0,3.0,4.0
451878,2018,Hà Nội,Highlands Coffee,Yes,Yes,Yes,No,No,1.0,55.0,55.0,Seg.02 - Mass Asp (VND 25K - VND 59K),22921,At-risk,2.0,1.0,2.0,2.0
451881,2018,Hà Nội,The Coffee House,Yes,Yes,No,No,No,0.0,0.0,0.0,,22950,Churn,1.0,0.0,0.0,1.0
451881,2018,Hà Nội,Highlands Coffee,Yes,Yes,Yes,No,No,3.0,55.0,165.0,Seg.02 - Mass Asp (VND 25K - VND 59K),22951,At-risk,2.0,1.0,2.0,2.0
451881,2018,Hà Nội,Cộng Cà Phê,Yes,Yes,Yes,Yes,No,5.0,40.0,200.0,Seg.02 - Mass Asp (VND 25K - VND 59K),22952,Bronze,3.0,2.0,2.0,3.0
451888,2018,Hà Nội,Highlands Coffee,Yes,Yes,No,No,No,0.0,0.0,0.0,,22958,Churn,1.0,0.0,0.0,1.0
451889,2018,Hà Nội,Highlands Coffee,Yes,Yes,Yes,No,No,3.0,39.0,117.0,Seg.02 - Mass Asp (VND 25K - VND 59K),22965,At-risk,2.0,1.0,2.0,2.0
451889,2018,Hà Nội,Trung Nguyên,Yes,Yes,Yes,Yes,No,5.0,35.0,175.0,Seg.02 - Mass Asp (VND 25K - VND 59K),22967,Bronze,3.0,2.0,1.0,3.0
451890,2018,Hà Nội,Cộng Cà Phê,Yes,Yes,Yes,No,No,1.0,50.0,50.0,Seg.02 - Mass Asp (VND 25K - VND 59K),22985,At-risk,2.0,1.0,2.0,2.0
451891,2018,Hà Nội,Highlands Coffee,Yes,Yes,No,No,No,0.0,0.0,0.0,,22989,Churn,1.0,0.0,0.0,1.0
451892,2018,Hà Nội,Highlands Coffee,Yes,Yes,Yes,No,No,3.0,49.0,147.0,Seg.02 - Mass Asp (VND 25K - VND 59K),23002,At-risk,2.0,1.0,2.0,2.0
451893,2018,Hà Nội,Cộng Cà Phê,Yes,Yes,Yes,No,No,3.0,45.0,135.0,Seg.02 - Mass Asp (VND 25K - VND 59K),23015,At-risk,2.0,1.0,2.0,2.0
451893,2018,Hà Nội,Highlands Coffee,Yes,Yes,No,No,No,0.0,0.0,0.0,,23016,Churn,1.0,0.0,0.0,1.0
451895,2018,Hồ Chí Minh,Trung Nguyên,Yes,Yes,No,No,No,0.0,0.0,0.0,,23031,Churn,1.0,0.0,0.0,1.0
451896,2018,Hồ Chí Minh,The Coffee House,Yes,Yes,Yes,No,No,3.0,50.0,150.0,Seg.02 - Mass Asp (VND 25K - VND 59K),23042,At-risk,2.0,1.0,2.0,2.0
451896,2018,Hồ Chí Minh,Phúc Long,Yes,Yes,Yes,No,No,1.0,45.0,45.0,Seg.02 - Mass Asp (VND 25K - VND 59K),23045,At-risk,2.0,1.0,2.0,2.0
451899,2018,Hà Nội,Highlands Coffee,Yes,Yes,No,No,No,0.0,0.0,0.0,,23072,Churn,1.0,0.0,0.0,1.0
451899,2018,Hà Nội,Cộng Cà Phê,Yes,Yes,No,No,No,0.0,0.0,0.0,,23073,Churn,1.0,0.0,0.0,1.0
451900,2018,Hà Nội,Cộng Cà Phê,Yes,Yes,Yes,No,No,2.0,40.0,80.0,Seg.02 - Mass Asp (VND 25K - VND 59K),23079,At-risk,2.0,1.0,2.0,2.0
451900,2018,Hà Nội,Highlands Coffee,Yes,Yes,No,No,No,0.0,0.0,0.0,,23080,Churn,1.0,0.0,0.0,1.0
451901,2018,Hà Nội,Highlands Coffee,Yes,Yes,Yes,No,No,2.0,50.0,100.0,Seg.02 - Mass Asp (VND 25K - VND 59K),23085,At-risk,2.0,1.0,2.0,2.0
451901,2018,Hà Nội,Cộng Cà Phê,Yes,Yes,No,No,No,0.0,0.0,0.0,,23093,Churn,1.0,0.0,0.0,1.0
451903,2018,Hà Nội,Cộng Cà Phê,Yes,Yes,No,No,No,0.0,0.0,0.0,,23104,Churn,1.0,0.0,0.0,1.0
451903,2018,Hà Nội,Highlands Coffee,Yes,Yes,No,No,No,0.0,0.0,0.0,,23107,Churn,1.0,0.0,0.0,1.0
451904,2018,Hà Nội,The Coffee House,Yes,Yes,No,No,No,0.0,0.0,0.0,,23111,Churn,1.0,0.0,0.0,1.0
451904,2018,Hà Nội,Highlands Coffee,Yes,Yes,Yes,No,No,1.0,50.0,50.0,Seg.02 - Mass Asp (VND 25K - VND 59K),23116,At-risk,2.0,1.0,2.0,2.0
451905,2018,Hà Nội,Cộng Cà Phê,Yes,Yes,No,No,No,0.0,0.0,0.0,,23120,Churn,1.0,0.0,0.0,1.0
451905,2018,Hà Nội,Highlands Coffee,Yes,Yes,No,No,No,0.0,0.0,0.0,,23122,Churn,1.0,0.0,0.0,1.0
451906,2018,Hà Nội,Highlands Coffee,Yes,Yes,No,No,No,0.0,0.0,0.0,,23134,Churn,1.0,0.0,0.0,1.0
451909,2018,Hà Nội,Cộng Cà Phê,Yes,Yes,No,No,No,0.0,0.0,0.0,,23147,Churn,1.0,0.0,0.0,1.0
451909,2018,Hà Nội,Highlands Coffee,Yes,Yes,Yes,No,No,3.0,50.0,150.0,Seg.02 - Mass Asp (VND 25K - VND 59K),23149,At-risk,2.0,1.0,2.0,2.0
451910,2018,Hà Nội,The Coffee House,Yes,Yes,No,No,No,0.0,0.0,0.0,,23154,Churn,1.0,0.0,0.0,1.0
451910,2018,Hà Nội,Cộng Cà Phê,Yes,Yes,Yes,No,No,2.0,50.0,100.0,Seg.02 - Mass Asp (VND 25K - VND 59K),23159,At-risk,2.0,1.0,2.0,2.0
451910,2018,Hà Nội,Highlands Coffee,Yes,Yes,Yes,No,No,2.0,50.0,100.0,Seg.02 - Mass Asp (VND 25K - VND 59K),23160,At-risk,2.0,1.0,2.0,2.0
451911,2018,Hà Nội,Highlands Coffee,Yes,Yes,No,No,No,0.0,0.0,0.0,,23164,Churn,1.0,0.0,0.0,1.0
451911,2018,Hà Nội,Cộng Cà Phê,Yes,Yes,Yes,Yes,No,4.0,40.0,160.0,Seg.02 - Mass Asp (VND 25K - VND 59K),23167,Bronze,3.0,2.0,2.0,3.0
451912,2018,Hà Nội,Highlands Coffee,Yes,Yes,No,No,No,0.0,0.0,0.0,,23171,Churn,1.0,0.0,0.0,1.0
451912,2018,Hà Nội,Cộng Cà Phê,Yes,Yes,No,No,No,0.0,0.0,0.0,,23173,Churn,1.0,0.0,0.0,1.0
451916,2018,Hồ Chí Minh,Highlands Coffee,Yes,Yes,No,No,No,0.0,0.0,0.0,,23194,Churn,1.0,0.0,0.0,1.0
451918,2018,Hồ Chí Minh,Trung Nguyên,Yes,Yes,No,No,No,0.0,0.0,0.0,,23199,Churn,1.0,0.0,0.0,1.0
451935,2018,Hải Phòng,Highlands Coffee,Yes,Yes,Yes,Yes,No,4.0,35.0,140.0,Seg.02 - Mass Asp (VND 25K - VND 59K),23204,Bronze,3.0,2.0,1.0,3.0
451939,2018,Hà Nội,Cộng Cà Phê,Yes,Yes,No,No,No,0.0,0.0,0.0,,23219,Churn,1.0,0.0,0.0,1.0
451939,2018,Hà Nội,Highlands Coffee,Yes,Yes,No,No,No,0.0,0.0,0.0,,23224,Churn,1.0,0.0,0.0,1.0
451941,2018,Hà Nội,Cộng Cà Phê,Yes,Yes,Yes,Yes,No,4.0,55.0,220.0,Seg.02 - Mass Asp (VND 25K - VND 59K),23225,Bronze,3.0,2.0,2.0,3.0
451941,2018,Hà Nội,Starbucks,Yes,Yes,No,No,No,0.0,0.0,0.0,,23226,Churn,1.0,0.0,0.0,1.0
451941,2018,Hà Nội,The Coffee House,Yes,Yes,No,No,No,0.0,0.0,0.0,,23228,Churn,1.0,0.0,0.0,1.0
451941,2018,Hà Nội,Highlands Coffee,Yes,Yes,No,No,No,0.0,0.0,0.0,,23229,Churn,1.0,0.0,0.0,1.0
451979,2018,Hồ Chí Minh,The Coffee House,Yes,Yes,No,No,No,0.0,0.0,0.0,,23240,Churn,1.0,0.0,0.0,1.0
451979,2018,Hồ Chí Minh,Highlands Coffee,Yes,Yes,Yes,Yes,No,10.0,60.0,600.0,Seg.03 - Premium (VND 60K - VND 99K),23241,Gold,3.0,4.0,3.0,5.0
451979,2018,Hồ Chí Minh,Starbucks,Yes,Yes,No,No,No,0.0,0.0,0.0,,23245,Churn,1.0,0.0,0.0,1.0
452012,2018,Hà Nội,Cộng Cà Phê,Yes,Yes,No,No,No,0.0,0.0,0.0,,23277,Churn,1.0,0.0,0.0,1.0
452039,2018,Hồ Chí Minh,The Coffee House,Yes,Yes,Yes,No,No,3.0,40.0,120.0,Seg.02 - Mass Asp (VND 25K - VND 59K),23299,At-risk,2.0,1.0,2.0,2.0
452039,2018,Hồ Chí Minh,Highlands Coffee,Yes,Yes,No,No,No,0.0,0.0,0.0,,23306,Churn,1.0,0.0,0.0,1.0
452079,2018,Hồ Chí Minh,Highlands Coffee,Yes,Yes,Yes,Yes,No,5.0,55.0,275.0,Seg.02 - Mass Asp (VND 25K - VND 59K),23316,Bronze,3.0,2.0,2.0,3.0
452095,2018,Hà Nội,Trung Nguyên,Yes,Yes,Yes,Yes,No,4.0,40.0,160.0,Seg.02 - Mass Asp (VND 25K - VND 59K),23325,Bronze,3.0,2.0,2.0,3.0
452098,2018,Hà Nội,Highlands Coffee,Yes,Yes,Yes,Yes,No,4.0,65.0,260.0,Seg.03 - Premium (VND 60K - VND 99K),23332,Silver,3.0,2.0,3.0,4.0
452099,2018,Đà Nẵng,Highlands Coffee,Yes,Yes,Yes,No,No,1.0,49.0,49.0,Seg.02 - Mass Asp (VND 25K - VND 59K),23336,At-risk,2.0,1.0,2.0,2.0
452099,2018,Đà Nẵng,Cộng Cà Phê,Yes,Yes,Yes,No,No,3.0,30.0,90.0,Seg.02 - Mass Asp (VND 25K - VND 59K),23346,At-risk,2.0,1.0,1.0,2.0
452125,2018,Hà Nội,Highlands Coffee,Yes,Yes,Yes,No,No,1.0,29.0,29.0,Seg.02 - Mass Asp (VND 25K - VND 59K),23362,At-risk,2.0,1.0,1.0,2.0
452134,2018,Hà Nội,Starbucks,Yes,Yes,No,No,No,0.0,0.0,0.0,,23366,Churn,1.0,0.0,0.0,1.0
452134,2018,Hà Nội,The Coffee House,Yes,Yes,Yes,No,No,3.0,40.0,120.0,Seg.02 - Mass Asp (VND 25K - VND 59K),23367,At-risk,2.0,1.0,2.0,2.0
452134,2018,Hà Nội,Highlands Coffee,Yes,Yes,No,No,No,0.0,0.0,0.0,,23370,Churn,1.0,0.0,0.0,1.0
452134,2018,Hà Nội,Cộng Cà Phê,Yes,Yes,Yes,No,No,1.0,40.0,40.0,Seg.02 - Mass Asp (VND 25K - VND 59K),23371,At-risk,2.0,1.0,2.0,2.0
452162,2018,Hồ Chí Minh,Highlands Coffee,Yes,Yes,No,No,No,0.0,0.0,0.0,,23373,Churn,1.0,0.0,0.0,1.0
452162,2018,Hồ Chí Minh,Trung Nguyên,Yes,Yes,No,No,No,0.0,0.0,0.0,,23379,Churn,1.0,0.0,0.0,1.0
452199,2018,Hà Nội,The Coffee House,Yes,Yes,No,No,No,0.0,0.0,0.0,,23383,Churn,1.0,0.0,0.0,1.0
452199,2018,Hà Nội,Cộng Cà Phê,Yes,Yes,No,No,No,0.0,0.0,0.0,,23386,Churn,1.0,0.0,0.0,1.0
452199,2018,Hà Nội,Highlands Coffee,Yes,Yes,Yes,Yes,No,4.0,45.0,180.0,Seg.02 - Mass Asp (VND 25K - VND 59K),23389,Bronze,3.0,2.0,2.0,3.0
452225,2018,Hà Nội,Starbucks,Yes,Yes,No,No,No,0.0,0.0,0.0,,23393,Churn,1.0,0.0,0.0,1.0
452225,2018,Hà Nội,The Coffee House,Yes,Yes,Yes,Yes,No,4.0,55.0,220.0,Seg.02 - Mass Asp (VND 25K - VND 59K),23398,Bronze,3.0,2.0,2.0,3.0
452225,2018,Hà Nội,Highlands Coffee,Yes,Yes,No,No,No,0.0,0.0,0.0,,23400,Churn,1.0,0.0,0.0,1.0
452239,2018,Đà Nẵng,Highlands Coffee,Yes,Yes,Yes,No,No,3.0,49.0,147.0,Seg.02 - Mass Asp (VND 25K - VND 59K),23406,At-risk,2.0,1.0,2.0,2.0
452258,2018,Hồ Chí Minh,Highlands Coffee,Yes,Yes,No,No,No,0.0,0.0,0.0,,23410,Churn,1.0,0.0,0.0,1.0
452258,2018,Hồ Chí Minh,Phúc Long,Yes,Yes,Yes,No,No,3.0,50.0,150.0,Seg.02 - Mass Asp (VND 25K - VND 59K),23411,At-risk,2.0,1.0,2.0,2.0
452258,2018,Hồ Chí Minh,The Coffee House,Yes,Yes,Yes,No,No,1.0,45.0,45.0,Seg.02 - Mass Asp (VND 25K - VND 59K),23412,At-risk,2.0,1.0,2.0,2.0
452268,2018,Đà Nẵng,Highlands Coffee,Yes,Yes,Yes,No,No,1.0,54.0,54.0,Seg.02 - Mass Asp (VND 25K - VND 59K),23422,At-risk,2.0,1.0,2.0,2.0
452277,2018,Hồ Chí Minh,Highlands Coffee,Yes,Yes,Yes,No,No,2.0,59.0,118.0,Seg.02 - Mass Asp (VND 25K - VND 59K),23439,Silver,2.0,1.0,3.0,4.0
452277,2018,Hồ Chí Minh,The Coffee House,Yes,Yes,Yes,No,No,1.0,50.0,50.0,Seg.02 - Mass Asp (VND 25K - VND 59K),23445,At-risk,2.0,1.0,2.0,2.0
452302,2018,Hà Nội,Highlands Coffee,Yes,Yes,No,No,No,0.0,0.0,0.0,,23454,Churn,1.0,0.0,0.0,1.0
452302,2018,Hà Nội,Cộng Cà Phê,Yes,Yes,No,No,No,0.0,0.0,0.0,,23458,Churn,1.0,0.0,0.0,1.0
452304,2018,Hà Nội,Highlands Coffee,Yes,Yes,Yes,No,No,1.0,39.0,39.0,Seg.02 - Mass Asp (VND 25K - VND 59K),23461,At-risk,2.0,1.0,2.0,2.0
452304,2018,Hà Nội,Cộng Cà Phê,Yes,Yes,Yes,No,No,3.0,45.0,135.0,Seg.02 - Mass Asp (VND 25K - VND 59K),23462,At-risk,2.0,1.0,2.0,2.0
452306,2018,Hà Nội,Cộng Cà Phê,Yes,Yes,Yes,No,No,2.0,45.0,90.0,Seg.02 - Mass Asp (VND 25K - VND 59K),23473,At-risk,2.0,1.0,2.0,2.0
452317,2018,Hồ Chí Minh,Highlands Coffee,Yes,Yes,No,No,No,0.0,0.0,0.0,,23481,Churn,1.0,0.0,0.0,1.0
452317,2018,Hồ Chí Minh,Trung Nguyên,Yes,Yes,No,No,No,0.0,0.0,0.0,,23485,Churn,1.0,0.0,0.0,1.0
452319,2018,Đà Nẵng,Highlands Coffee,Yes,Yes,Yes,No,No,2.0,29.0,58.0,Seg.02 - Mass Asp (VND 25K - VND 59K),23491,At-risk,2.0,1.0,1.0,2.0
452332,2018,Hà Nội,Highlands Coffee,Yes,Yes,Yes,Yes,No,4.0,49.0,196.0,Seg.02 - Mass Asp (VND 25K - VND 59K),23495,Bronze,3.0,2.0,2.0,3.0
452375,2018,Hà Nội,Trung Nguyên,Yes,Yes,Yes,No,No,3.0,35.0,105.0,Seg.02 - Mass Asp (VND 25K - VND 59K),23534,At-risk,2.0,1.0,1.0,2.0
452375,2018,Hà Nội,Highlands Coffee,Yes,Yes,No,No,No,0.0,0.0,0.0,,23539,Churn,1.0,0.0,0.0,1.0
452378,2018,Hồ Chí Minh,Phúc Long,Yes,Yes,Yes,No,No,3.0,50.0,150.0,Seg.02 - Mass Asp (VND 25K - VND 59K),23543,At-risk,2.0,1.0,2.0,2.0
452378,2018,Hồ Chí Minh,Highlands Coffee,Yes,Yes,Yes,Yes,No,6.0,49.0,294.0,Seg.02 - Mass Asp (VND 25K - VND 59K),23546,Bronze,3.0,3.0,2.0,3.0
452411,2018,Đà Nẵng,Phúc Long,Yes,Yes,Yes,Yes,No,6.0,55.0,330.0,Seg.02 - Mass Asp (VND 25K - VND 59K),23580,Bronze,3.0,3.0,2.0,3.0
452411,2018,Đà Nẵng,Highlands Coffee,Yes,Yes,Yes,No,No,1.0,49.0,49.0,Seg.02 - Mass Asp (VND 25K - VND 59K),23588,At-risk,2.0,1.0,2.0,2.0
452437,2018,Hà Nội,Highlands Coffee,Yes,Yes,Yes,No,No,2.0,65.0,130.0,Seg.03 - Premium (VND 60K - VND 99K),23600,Silver,2.0,1.0,3.0,4.0
452437,2018,Hà Nội,The Coffee House,Yes,Yes,No,No,No,0.0,0.0,0.0,,23603,Churn,1.0,0.0,0.0,1.0
452453,2018,Hà Nội,Cộng Cà Phê,Yes,Yes,No,No,No,0.0,0.0,0.0,,23609,Churn,1.0,0.0,0.0,1.0
452471,2018,Hồ Chí Minh,The Coffee House,Yes,Yes,Yes,No,No,2.0,22.0,44.0,Seg.01 - Mass (<VND 25K),23614,At-risk,2.0,1.0,1.0,2.0
452471,2018,Hồ Chí Minh,Highlands Coffee,Yes,Yes,Yes,Yes,No,7.0,49.0,343.0,Seg.02 - Mass Asp (VND 25K - VND 59K),23617,Bronze,3.0,3.0,2.0,3.0
452487,2018,Đà Nẵng,Highlands Coffee,Yes,Yes,Yes,No,No,3.0,49.0,147.0,Seg.02 - Mass Asp (VND 25K - VND 59K),23623,At-risk,2.0,1.0,2.0,2.0
452510,2018,Hồ Chí Minh,Starbucks,Yes,Yes,Yes,Yes,No,4.0,60.0,240.0,Seg.03 - Premium (VND 60K - VND 99K),23635,Silver,3.0,2.0,3.0,4.0
452510,2018,Hồ Chí Minh,The Coffee House,Yes,Yes,No,No,No,0.0,0.0,0.0,,23638,Churn,1.0,0.0,0.0,1.0
452517,2018,Hà Nội,Highlands Coffee,Yes,Yes,Yes,Yes,No,4.0,55.0,220.0,Seg.02 - Mass Asp (VND 25K - VND 59K),23652,Bronze,3.0,2.0,2.0,3.0
452517,2018,Hà Nội,Starbucks,Yes,Yes,No,No,No,0.0,0.0,0.0,,23654,Churn,1.0,0.0,0.0,1.0
452522,2018,Hà Nội,The Coffee House,Yes,Yes,Yes,No,No,1.0,45.0,45.0,Seg.02 - Mass Asp (VND 25K - VND 59K),23663,At-risk,2.0,1.0,2.0,2.0
452523,2018,Hà Nội,Highlands Coffee,Yes,Yes,Yes,No,No,3.0,60.0,180.0,Seg.03 - Premium (VND 60K - VND 99K),23677,Silver,2.0,1.0,3.0,4.0
452530,2018,Hồ Chí Minh,Highlands Coffee,Yes,Yes,Yes,Yes,No,11.0,69.0,759.0,Seg.03 - Premium (VND 60K - VND 99K),23691,Gold,3.0,4.0,3.0,5.0
452530,2018,Hồ Chí Minh,The Coffee House,Yes,Yes,No,No,No,0.0,0.0,0.0,,23692,Churn,1.0,0.0,0.0,1.0
452532,2018,Hà Nội,Highlands Coffee,Yes,Yes,Yes,No,No,1.0,60.0,60.0,Seg.03 - Premium (VND 60K - VND 99K),23697,Silver,2.0,1.0,3.0,4.0
452532,2018,Hà Nội,Cộng Cà Phê,Yes,Yes,Yes,No,No,3.0,50.0,150.0,Seg.02 - Mass Asp (VND 25K - VND 59K),23700,At-risk,2.0,1.0,2.0,2.0
452541,2018,Hà Nội,The Coffee House,Yes,Yes,No,No,No,0.0,0.0,0.0,,23716,Churn,1.0,0.0,0.0,1.0
452572,2018,Nha Trang,Highlands Coffee,Yes,Yes,Yes,No,No,1.0,49.0,49.0,Seg.02 - Mass Asp (VND 25K - VND 59K),23735,At-risk,2.0,1.0,2.0,2.0
452577,2018,Hà Nội,Highlands Coffee,Yes,Yes,Yes,Yes,No,4.0,80.0,320.0,Seg.03 - Premium (VND 60K - VND 99K),23739,Silver,3.0,2.0,3.0,4.0
452577,2018,Hà Nội,Cộng Cà Phê,Yes,Yes,No,No,No,0.0,0.0,0.0,,23740,Churn,1.0,0.0,0.0,1.0
452586,2018,Hà Nội,Highlands Coffee,Yes,Yes,No,No,No,0.0,0.0,0.0,,23748,Churn,1.0,0.0,0.0,1.0
452586,2018,Hà Nội,Cộng Cà Phê,Yes,Yes,No,No,No,0.0,0.0,0.0,,23749,Churn,1.0,0.0,0.0,1.0
452588,2018,Hồ Chí Minh,Starbucks,Yes,Yes,No,No,No,0.0,0.0,0.0,,23756,Churn,1.0,0.0,0.0,1.0
452588,2018,Hồ Chí Minh,The Coffee House,Yes,Yes,Yes,No,No,3.0,40.0,120.0,Seg.02 - Mass Asp (VND 25K - VND 59K),23759,At-risk,2.0,1.0,2.0,2.0
452589,2018,Hồ Chí Minh,Highlands Coffee,Yes,Yes,Yes,Yes,No,5.0,35.0,175.0,Seg.02 - Mass Asp (VND 25K - VND 59K),23763,Bronze,3.0,2.0,1.0,3.0
452595,2018,Hà Nội,Highlands Coffee,Yes,Yes,Yes,No,No,3.0,50.0,150.0,Seg.02 - Mass Asp (VND 25K - VND 59K),23769,At-risk,2.0,1.0,2.0,2.0
452595,2018,Hà Nội,Cộng Cà Phê,Yes,Yes,Yes,Yes,No,5.0,45.0,225.0,Seg.02 - Mass Asp (VND 25K - VND 59K),23770,Bronze,3.0,2.0,2.0,3.0
452625,2018,Hà Nội,Highlands Coffee,Yes,Yes,Yes,No,No,3.0,49.0,147.0,Seg.02 - Mass Asp (VND 25K - VND 59K),23785,At-risk,2.0,1.0,2.0,2.0
452625,2018,Hà Nội,Cộng Cà Phê,Yes,Yes,No,No,No,0.0,0.0,0.0,,23791,Churn,1.0,0.0,0.0,1.0
452632,2018,Hà Nội,Highlands Coffee,Yes,Yes,No,No,No,0.0,0.0,0.0,,23802,Churn,1.0,0.0,0.0,1.0
452635,2018,Hà Nội,Trung Nguyên,Yes,Yes,Yes,Yes,No,5.0,40.0,200.0,Seg.02 - Mass Asp (VND 25K - VND 59K),23806,Bronze,3.0,2.0,2.0,3.0
452635,2018,Hà Nội,Cộng Cà Phê,Yes,Yes,No,No,No,0.0,0.0,0.0,,23808,Churn,1.0,0.0,0.0,1.0
452635,2018,Hà Nội,Highlands Coffee,Yes,Yes,Yes,No,No,3.0,50.0,150.0,Seg.02 - Mass Asp (VND 25K - VND 59K),23809,At-risk,2.0,1.0,2.0,2.0
452636,2018,Hồ Chí Minh,The Coffee House,Yes,Yes,No,No,No,0.0,0.0,0.0,,23812,Churn,1.0,0.0,0.0,1.0
452636,2018,Hồ Chí Minh,Highlands Coffee,Yes,Yes,Yes,Yes,No,4.0,55.0,220.0,Seg.02 - Mass Asp (VND 25K - VND 59K),23813,Bronze,3.0,2.0,2.0,3.0
452636,2018,Hồ Chí Minh,Trung Nguyên,Yes,Yes,No,No,No,0.0,0.0,0.0,,23818,Churn,1.0,0.0,0.0,1.0
452648,2018,Đà Nẵng,Highlands Coffee,Yes,Yes,No,No,No,0.0,0.0,0.0,,23832,Churn,1.0,0.0,0.0,1.0
452650,2018,Hồ Chí Minh,Highlands Coffee,Yes,Yes,Yes,No,No,3.0,50.0,150.0,Seg.02 - Mass Asp (VND 25K - VND 59K),23833,At-risk,2.0,1.0,2.0,2.0
452650,2018,Hồ Chí Minh,The Coffee House,Yes,Yes,No,No,No,0.0,0.0,0.0,,23843,Churn,1.0,0.0,0.0,1.0
452707,2018,Hà Nội,Cộng Cà Phê,Yes,Yes,No,No,No,0.0,0.0,0.0,,23863,Churn,1.0,0.0,0.0,1.0
452707,2018,Hà Nội,Highlands Coffee,Yes,Yes,Yes,Yes,No,6.0,59.0,354.0,Seg.02 - Mass Asp (VND 25K - VND 59K),23866,Gold,3.0,3.0,3.0,5.0
452709,2018,Nha Trang,Cộng Cà Phê,Yes,Yes,No,No,No,0.0,0.0,0.0,,23869,Churn,1.0,0.0,0.0,1.0
452709,2018,Nha Trang,Highlands Coffee,Yes,Yes,No,No,No,0.0,0.0,0.0,,23871,Churn,1.0,0.0,0.0,1.0
452721,2018,Nha Trang,Highlands Coffee,Yes,Yes,Yes,Yes,No,8.0,60.0,480.0,Seg.03 - Premium (VND 60K - VND 99K),23878,Gold,3.0,4.0,3.0,5.0
452721,2018,Nha Trang,Cộng Cà Phê,Yes,Yes,No,No,No,0.0,0.0,0.0,,23880,Churn,1.0,0.0,0.0,1.0
452721,2018,Nha Trang,Starbucks,Yes,Yes,Yes,No,No,2.0,110.0,220.0,Seg.04 - Super Premium (VND 100K+),23881,Silver,2.0,1.0,4.0,4.0
452745,2018,Hồ Chí Minh,Highlands Coffee,Yes,Yes,No,No,No,0.0,0.0,0.0,,23885,Churn,1.0,0.0,0.0,1.0
452745,2018,Hồ Chí Minh,Trung Nguyên,Yes,Yes,No,No,No,0.0,0.0,0.0,,23888,Churn,1.0,0.0,0.0,1.0
452745,2018,Hồ Chí Minh,Phúc Long,Yes,Yes,No,No,No,0.0,0.0,0.0,,23889,Churn,1.0,0.0,0.0,1.0
452747,2018,Hà Nội,Highlands Coffee,Yes,Yes,Yes,No,No,1.0,80.0,80.0,Seg.03 - Premium (VND 60K - VND 99K),23894,Silver,2.0,1.0,3.0,4.0
452749,2018,Hà Nội,Cộng Cà Phê,Yes,Yes,No,No,No,0.0,0.0,0.0,,23900,Churn,1.0,0.0,0.0,1.0
452749,2018,Hà Nội,Highlands Coffee,Yes,Yes,No,No,No,0.0,0.0,0.0,,23903,Churn,1.0,0.0,0.0,1.0
452761,2018,Hà Nội,Cộng Cà Phê,Yes,Yes,No,No,No,0.0,0.0,0.0,,23912,Churn,1.0,0.0,0.0,1.0
452761,2018,Hà Nội,Highlands Coffee,Yes,Yes,No,No,No,0.0,0.0,0.0,,23913,Churn,1.0,0.0,0.0,1.0
452767,2018,Hà Nội,Highlands Coffee,Yes,Yes,No,No,No,0.0,0.0,0.0,,23928,Churn,1.0,0.0,0.0,1.0
452767,2018,Hà Nội,Cộng Cà Phê,Yes,Yes,No,No,No,0.0,0.0,0.0,,23929,Churn,1.0,0.0,0.0,1.0
452831,2018,Hồ Chí Minh,The Coffee House,Yes,Yes,Yes,No,No,2.0,35.0,70.0,Seg.02 - Mass Asp (VND 25K - VND 59K),23937,At-risk,2.0,1.0,1.0,2.0
452831,2018,Hồ Chí Minh,Highlands Coffee,Yes,Yes,Yes,No,No,2.0,29.0,58.0,Seg.02 - Mass Asp (VND 25K - VND 59K),23939,At-risk,2.0,1.0,1.0,2.0
452848,2018,Hà Nội,Cộng Cà Phê,Yes,Yes,Yes,Yes,No,5.0,45.0,225.0,Seg.02 - Mass Asp (VND 25K - VND 59K),23944,Bronze,3.0,2.0,2.0,3.0
452848,2018,Hà Nội,Highlands Coffee,Yes,Yes,Yes,No,No,3.0,39.0,117.0,Seg.02 - Mass Asp (VND 25K - VND 59K),23951,At-risk,2.0,1.0,2.0,2.0
452880,2018,Hồ Chí Minh,Highlands Coffee,Yes,Yes,Yes,Yes,No,13.0,50.0,650.0,Seg.02 - Mass Asp (VND 25K - VND 59K),23953,Gold,3.0,4.0,2.0,5.0
452922,2018,Hà Nội,Cộng Cà Phê,Yes,Yes,No,No,No,0.0,0.0,0.0,,23961,Churn,1.0,0.0,0.0,1.0
452922,2018,Hà Nội,Highlands Coffee,Yes,Yes,No,No,No,0.0,0.0,0.0,,23964,Churn,1.0,0.0,0.0,1.0
452926,2018,Hồ Chí Minh,Highlands Coffee,Yes,Yes,Yes,Yes,No,12.0,59.0,708.0,Seg.02 - Mass Asp (VND 25K - VND 59K),23975,Gold,3.0,4.0,3.0,5.0
452926,2018,Hồ Chí Minh,Starbucks,Yes,Yes,Yes,Yes,No,4.0,55.0,220.0,Seg.02 - Mass Asp (VND 25K - VND 59K),23977,Bronze,3.0,2.0,2.0,3.0
452949,2018,Hồ Chí Minh,Highlands Coffee,Yes,Yes,Yes,No,No,1.0,29.0,29.0,Seg.02 - Mass Asp (VND 25K - VND 59K),23994,At-risk,2.0,1.0,1.0,2.0
452949,2018,Hồ Chí Minh,The Coffee House,Yes,Yes,Yes,No,No,1.0,35.0,35.0,Seg.02 - Mass Asp (VND 25K - VND 59K),23997,At-risk,2.0,1.0,1.0,2.0
452990,2018,Hà Nội,Starbucks,Yes,Yes,No,No,No,0.0,0.0,0.0,,24008,Churn,1.0,0.0,0.0,1.0
452990,2018,Hà Nội,Highlands Coffee,Yes,Yes,Yes,No,No,3.0,40.0,120.0,Seg.02 - Mass Asp (VND 25K - VND 59K),24010,At-risk,2.0,1.0,2.0,2.0
452990,2018,Hà Nội,Cộng Cà Phê,Yes,Yes,No,No,No,0.0,0.0,0.0,,24016,Churn,1.0,0.0,0.0,1.0
453023,2018,Hà Nội,Cộng Cà Phê,Yes,Yes,Yes,No,No,3.0,45.0,135.0,Seg.02 - Mass Asp (VND 25K - VND 59K),24028,At-risk,2.0,1.0,2.0,2.0
453023,2018,Hà Nội,Highlands Coffee,Yes,Yes,Yes,No,No,1.0,80.0,80.0,Seg.03 - Premium (VND 60K - VND 99K),24030,Silver,2.0,1.0,3.0,4.0
453024,2018,Hà Nội,Cộng Cà Phê,Yes,Yes,Yes,No,No,1.0,40.0,40.0,Seg.02 - Mass Asp (VND 25K - VND 59K),24037,At-risk,2.0,1.0,2.0,2.0
453024,2018,Hà Nội,Highlands Coffee,Yes,Yes,Yes,No,No,1.0,49.0,49.0,Seg.02 - Mass Asp (VND 25K - VND 59K),24038,At-risk,2.0,1.0,2.0,2.0
453082,2018,Hồ Chí Minh,Highlands Coffee,Yes,Yes,Yes,Yes,No,4.0,50.0,200.0,Seg.02 - Mass Asp (VND 25K - VND 59K),24045,Bronze,3.0,2.0,2.0,3.0
453083,2018,Hồ Chí Minh,Highlands Coffee,Yes,Yes,Yes,Yes,No,4.0,50.0,200.0,Seg.02 - Mass Asp (VND 25K - VND 59K),24049,Bronze,3.0,2.0,2.0,3.0
453084,2018,Hồ Chí Minh,Trung Nguyên,Yes,Yes,No,No,No,0.0,0.0,0.0,,24058,Churn,1.0,0.0,0.0,1.0
453084,2018,Hồ Chí Minh,Highlands Coffee,Yes,Yes,Yes,Yes,No,4.0,50.0,200.0,Seg.02 - Mass Asp (VND 25K - VND 59K),24060,Bronze,3.0,2.0,2.0,3.0
453085,2018,Hồ Chí Minh,Highlands Coffee,Yes,Yes,Yes,No,No,2.0,50.0,100.0,Seg.02 - Mass Asp (VND 25K - VND 59K),24061,At-risk,2.0,1.0,2.0,2.0
453087,2018,Hồ Chí Minh,The Coffee House,Yes,Yes,No,No,No,0.0,0.0,0.0,,24073,Churn,1.0,0.0,0.0,1.0
453087,2018,Hồ Chí Minh,Highlands Coffee,Yes,Yes,Yes,Yes,No,4.0,40.0,160.0,Seg.02 - Mass Asp (VND 25K - VND 59K),24080,Bronze,3.0,2.0,2.0,3.0
453119,2018,Nha Trang,Cộng Cà Phê,Yes,Yes,Yes,Yes,No,4.0,30.0,120.0,Seg.02 - Mass Asp (VND 25K - VND 59K),24086,Bronze,3.0,2.0,1.0,3.0
453119,2018,Nha Trang,Highlands Coffee,Yes,Yes,No,No,No,0.0,0.0,0.0,,24089,Churn,1.0,0.0,0.0,1.0
453120,2018,Nha Trang,Trung Nguyên,Yes,Yes,No,No,No,0.0,0.0,0.0,,24093,Churn,1.0,0.0,0.0,1.0
453120,2018,Nha Trang,Highlands Coffee,Yes,Yes,Yes,No,No,2.0,49.0,98.0,Seg.02 - Mass Asp (VND 25K - VND 59K),24094,At-risk,2.0,1.0,2.0,2.0
453148,2018,Nha Trang,Highlands Coffee,Yes,Yes,No,No,No,0.0,0.0,0.0,,24098,Churn,1.0,0.0,0.0,1.0
453250,2018,Nha Trang,Highlands Coffee,Yes,Yes,Yes,Yes,No,6.0,49.0,294.0,Seg.02 - Mass Asp (VND 25K - VND 59K),24114,Bronze,3.0,3.0,2.0,3.0
453267,2018,Hà Nội,Trung Nguyên,Yes,Yes,Yes,Yes,No,6.0,40.0,240.0,Seg.02 - Mass Asp (VND 25K - VND 59K),24123,Bronze,3.0,3.0,2.0,3.0
453285,2018,Hà Nội,The Coffee House,Yes,Yes,Yes,No,No,3.0,60.0,180.0,Seg.03 - Premium (VND 60K - VND 99K),24130,Silver,2.0,1.0,3.0,4.0
453285,2018,Hà Nội,Cộng Cà Phê,Yes,Yes,No,No,No,0.0,0.0,0.0,,24131,Churn,1.0,0.0,0.0,1.0
453299,2018,Đà Nẵng,Highlands Coffee,Yes,Yes,Yes,No,No,1.0,49.0,49.0,Seg.02 - Mass Asp (VND 25K - VND 59K),24144,At-risk,2.0,1.0,2.0,2.0
453351,2018,Hà Nội,The Coffee House,Yes,Yes,No,No,No,0.0,0.0,0.0,,24150,Churn,1.0,0.0,0.0,1.0
453351,2018,Hà Nội,Cộng Cà Phê,Yes,Yes,No,No,No,0.0,0.0,0.0,,24151,Churn,1.0,0.0,0.0,1.0
453351,2018,Hà Nội,Highlands Coffee,Yes,Yes,Yes,Yes,No,4.0,65.0,260.0,Seg.03 - Premium (VND 60K - VND 99K),24157,Silver,3.0,2.0,3.0,4.0
453399,2018,Hà Nội,Cộng Cà Phê,Yes,Yes,No,No,No,0.0,0.0,0.0,,24173,Churn,1.0,0.0,0.0,1.0
453399,2018,Hà Nội,Highlands Coffee,Yes,Yes,Yes,No,No,3.0,49.0,147.0,Seg.02 - Mass Asp (VND 25K - VND 59K),24177,At-risk,2.0,1.0,2.0,2.0
453400,2018,Hà Nội,Cộng Cà Phê,Yes,Yes,No,No,No,0.0,0.0,0.0,,24180,Churn,1.0,0.0,0.0,1.0
453404,2018,Nha Trang,Trung Nguyên,Yes,Yes,No,No,No,0.0,0.0,0.0,,24187,Churn,1.0,0.0,0.0,1.0
453418,2018,Hà Nội,Starbucks,Yes,Yes,Yes,Yes,No,4.0,60.0,240.0,Seg.03 - Premium (VND 60K - VND 99K),24206,Silver,3.0,2.0,3.0,4.0
453418,2018,Hà Nội,Highlands Coffee,Yes,Yes,Yes,No,No,3.0,60.0,180.0,Seg.03 - Premium (VND 60K - VND 99K),24210,Silver,2.0,1.0,3.0,4.0
453418,2018,Hà Nội,Cộng Cà Phê,Yes,Yes,No,No,No,0.0,0.0,0.0,,24212,Churn,1.0,0.0,0.0,1.0
453460,2018,Hồ Chí Minh,The Coffee House,Yes,Yes,No,No,No,0.0,0.0,0.0,,24215,Churn,1.0,0.0,0.0,1.0
453461,2018,Đà Nẵng,Highlands Coffee,Yes,Yes,Yes,Yes,No,10.0,55.0,550.0,Seg.02 - Mass Asp (VND 25K - VND 59K),24222,Gold,3.0,4.0,2.0,5.0
453461,2018,Đà Nẵng,The Coffee House,Yes,Yes,No,No,No,0.0,0.0,0.0,,24224,Churn,1.0,0.0,0.0,1.0
453506,2018,Hà Nội,Cộng Cà Phê,Yes,Yes,Yes,No,No,3.0,40.0,120.0,Seg.02 - Mass Asp (VND 25K - VND 59K),24239,At-risk,2.0,1.0,2.0,2.0
453506,2018,Hà Nội,The Coffee House,Yes,Yes,No,No,No,0.0,0.0,0.0,,24241,Churn,1.0,0.0,0.0,1.0
453506,2018,Hà Nội,Highlands Coffee,Yes,Yes,Yes,Yes,No,5.0,55.0,275.0,Seg.02 - Mass Asp (VND 25K - VND 59K),24242,Bronze,3.0,2.0,2.0,3.0
453550,2018,Nha Trang,Highlands Coffee,Yes,Yes,Yes,Yes,No,4.0,59.0,236.0,Seg.02 - Mass Asp (VND 25K - VND 59K),24250,Silver,3.0,2.0,3.0,4.0
453561,2018,Hồ Chí Minh,Phúc Long,Yes,Yes,No,No,No,0.0,0.0,0.0,,24261,Churn,1.0,0.0,0.0,1.0
453568,2018,Hồ Chí Minh,Highlands Coffee,Yes,Yes,Yes,Yes,No,4.0,49.0,196.0,Seg.02 - Mass Asp (VND 25K - VND 59K),24267,Bronze,3.0,2.0,2.0,3.0
453573,2018,Hà Nội,The Coffee House,Yes,Yes,Yes,No,No,1.0,50.0,50.0,Seg.02 - Mass Asp (VND 25K - VND 59K),24290,At-risk,2.0,1.0,2.0,2.0
453573,2018,Hà Nội,Highlands Coffee,Yes,Yes,No,No,No,0.0,0.0,0.0,,24298,Churn,1.0,0.0,0.0,1.0
453579,2018,Hà Nội,The Coffee House,Yes,Yes,No,No,No,0.0,0.0,0.0,,24330,Churn,1.0,0.0,0.0,1.0
453579,2018,Hà Nội,Highlands Coffee,Yes,Yes,Yes,Yes,No,5.0,60.0,300.0,Seg.03 - Premium (VND 60K - VND 99K),24335,Silver,3.0,2.0,3.0,4.0
453598,2018,Hồ Chí Minh,Highlands Coffee,Yes,Yes,Yes,No,No,1.0,49.0,49.0,Seg.02 - Mass Asp (VND 25K - VND 59K),24341,At-risk,2.0,1.0,2.0,2.0
453598,2018,Hồ Chí Minh,Phúc Long,Yes,Yes,No,No,No,0.0,0.0,0.0,,24346,Churn,1.0,0.0,0.0,1.0
453615,2018,Hà Nội,Highlands Coffee,Yes,Yes,Yes,Yes,No,6.0,60.0,360.0,Seg.03 - Premium (VND 60K - VND 99K),24359,Gold,3.0,3.0,3.0,5.0
453615,2018,Hà Nội,Cộng Cà Phê,Yes,Yes,No,No,No,0.0,0.0,0.0,,24360,Churn,1.0,0.0,0.0,1.0
453621,2018,Đà Nẵng,Highlands Coffee,Yes,Yes,No,No,No,0.0,0.0,0.0,,24369,Churn,1.0,0.0,0.0,1.0
453637,2018,Cần Thơ,Highlands Coffee,Yes,Yes,Yes,Yes,No,10.0,35.0,350.0,Seg.02 - Mass Asp (VND 25K - VND 59K),24379,Gold,3.0,4.0,1.0,5.0
453659,2018,Hà Nội,Highlands Coffee,Yes,Yes,Yes,No,No,1.0,55.0,55.0,Seg.02 - Mass Asp (VND 25K - VND 59K),24397,At-risk,2.0,1.0,2.0,2.0
453659,2018,Hà Nội,Cộng Cà Phê,Yes,Yes,No,No,No,0.0,0.0,0.0,,24400,Churn,1.0,0.0,0.0,1.0
453666,2018,Đà Nẵng,Trung Nguyên,Yes,Yes,No,No,No,0.0,0.0,0.0,,24405,Churn,1.0,0.0,0.0,1.0
453685,2018,Hồ Chí Minh,The Coffee House,Yes,Yes,Yes,No,No,2.0,53.0,106.0,Seg.02 - Mass Asp (VND 25K - VND 59K),24415,At-risk,2.0,1.0,2.0,2.0
453685,2018,Hồ Chí Minh,Highlands Coffee,Yes,Yes,No,No,No,0.0,0.0,0.0,,24419,Churn,1.0,0.0,0.0,1.0
453726,2018,Nha Trang,Trung Nguyên,Yes,Yes,No,No,No,0.0,0.0,0.0,,24431,Churn,1.0,0.0,0.0,1.0
453731,2018,Hồ Chí Minh,Highlands Coffee,Yes,Yes,Yes,No,No,1.0,39.0,39.0,Seg.02 - Mass Asp (VND 25K - VND 59K),24440,At-risk,2.0,1.0,2.0,2.0
453738,2018,Hà Nội,Trung Nguyên,Yes,Yes,Yes,Yes,No,4.0,35.0,140.0,Seg.02 - Mass Asp (VND 25K - VND 59K),24447,Bronze,3.0,2.0,1.0,3.0
453739,2018,Hà Nội,Cộng Cà Phê,Yes,Yes,No,No,No,0.0,0.0,0.0,,24448,Churn,1.0,0.0,0.0,1.0
453739,2018,Hà Nội,Highlands Coffee,Yes,Yes,Yes,Yes,No,6.0,50.0,300.0,Seg.02 - Mass Asp (VND 25K - VND 59K),24453,Bronze,3.0,3.0,2.0,3.0
453741,2018,Hồ Chí Minh,The Coffee House,Yes,Yes,No,No,No,0.0,0.0,0.0,,24454,Churn,1.0,0.0,0.0,1.0
453741,2018,Hồ Chí Minh,Highlands Coffee,Yes,Yes,No,No,No,0.0,0.0,0.0,,24455,Churn,1.0,0.0,0.0,1.0
453757,2018,Hà Nội,The Coffee House,Yes,Yes,Yes,Yes,No,4.0,55.0,220.0,Seg.02 - Mass Asp (VND 25K - VND 59K),24469,Bronze,3.0,2.0,2.0,3.0
453757,2018,Hà Nội,Highlands Coffee,Yes,Yes,Yes,Yes,No,4.0,39.0,156.0,Seg.02 - Mass Asp (VND 25K - VND 59K),24470,Bronze,3.0,2.0,2.0,3.0
453757,2018,Hà Nội,Cộng Cà Phê,Yes,Yes,No,No,No,0.0,0.0,0.0,,24476,Churn,1.0,0.0,0.0,1.0
453758,2018,Hồ Chí Minh,Highlands Coffee,Yes,Yes,No,No,No,0.0,0.0,0.0,,24483,Churn,1.0,0.0,0.0,1.0
453758,2018,Hồ Chí Minh,The Coffee House,Yes,Yes,No,No,No,0.0,0.0,0.0,,24486,Churn,1.0,0.0,0.0,1.0
453782,2018,Đà Nẵng,Highlands Coffee,Yes,Yes,Yes,Yes,No,15.0,35.0,525.0,Seg.02 - Mass Asp (VND 25K - VND 59K),24533,Gold,3.0,4.0,1.0,5.0
453782,2018,Đà Nẵng,The Coffee House,Yes,Yes,Yes,Yes,No,5.0,50.0,250.0,Seg.02 - Mass Asp (VND 25K - VND 59K),24539,Bronze,3.0,2.0,2.0,3.0
453816,2018,Nha Trang,Highlands Coffee,Yes,Yes,Yes,No,No,2.0,48.0,96.0,Seg.02 - Mass Asp (VND 25K - VND 59K),24545,At-risk,2.0,1.0,2.0,2.0
453828,2018,Nha Trang,Highlands Coffee,Yes,Yes,No,No,No,0.0,0.0,0.0,,24552,Churn,1.0,0.0,0.0,1.0
453828,2018,Nha Trang,Cộng Cà Phê,Yes,Yes,No,No,No,0.0,0.0,0.0,,24555,Churn,1.0,0.0,0.0,1.0
453828,2018,Nha Trang,Trung Nguyên,Yes,Yes,No,No,No,0.0,0.0,0.0,,24558,Churn,1.0,0.0,0.0,1.0
453843,2018,Nha Trang,Highlands Coffee,Yes,Yes,No,No,No,0.0,0.0,0.0,,24562,Churn,1.0,0.0,0.0,1.0
453846,2018,Nha Trang,Highlands Coffee,Yes,Yes,Yes,Yes,No,4.0,59.0,236.0,Seg.02 - Mass Asp (VND 25K - VND 59K),24566,Silver,3.0,2.0,3.0,4.0
453868,2018,Hà Nội,Cộng Cà Phê,Yes,Yes,Yes,No,No,3.0,45.0,135.0,Seg.02 - Mass Asp (VND 25K - VND 59K),24572,At-risk,2.0,1.0,2.0,2.0
453868,2018,Hà Nội,Highlands Coffee,Yes,Yes,Yes,No,No,1.0,50.0,50.0,Seg.02 - Mass Asp (VND 25K - VND 59K),24576,At-risk,2.0,1.0,2.0,2.0
453884,2018,Đà Nẵng,Highlands Coffee,Yes,Yes,Yes,No,No,3.0,50.0,150.0,Seg.02 - Mass Asp (VND 25K - VND 59K),24586,At-risk,2.0,1.0,2.0,2.0
453884,2018,Đà Nẵng,The Coffee House,Yes,Yes,Yes,No,No,1.0,50.0,50.0,Seg.02 - Mass Asp (VND 25K - VND 59K),24588,At-risk,2.0,1.0,2.0,2.0
453885,2018,Nha Trang,Trung Nguyên,Yes,Yes,No,No,No,0.0,0.0,0.0,,24591,Churn,1.0,0.0,0.0,1.0
453885,2018,Nha Trang,Highlands Coffee,Yes,Yes,Yes,No,No,3.0,49.0,147.0,Seg.02 - Mass Asp (VND 25K - VND 59K),24592,At-risk,2.0,1.0,2.0,2.0
453896,2018,Nha Trang,Highlands Coffee,Yes,Yes,Yes,No,No,2.0,54.0,108.0,Seg.02 - Mass Asp (VND 25K - VND 59K),24596,At-risk,2.0,1.0,2.0,2.0
453936,2018,Hà Nội,Highlands Coffee,Yes,Yes,Yes,Yes,No,5.0,49.0,245.0,Seg.02 - Mass Asp (VND 25K - VND 59K),24607,Bronze,3.0,2.0,2.0,3.0
453936,2018,Hà Nội,The Coffee House,Yes,Yes,No,No,No,0.0,0.0,0.0,,24609,Churn,1.0,0.0,0.0,1.0
453950,2018,Hồ Chí Minh,The Coffee House,Yes,Yes,No,No,No,0.0,0.0,0.0,,24615,Churn,1.0,0.0,0.0,1.0
453950,2018,Hồ Chí Minh,Highlands Coffee,Yes,Yes,Yes,No,No,2.0,75.0,150.0,Seg.03 - Premium (VND 60K - VND 99K),24623,Silver,2.0,1.0,3.0,4.0
453950,2018,Hồ Chí Minh,Phúc Long,Yes,Yes,No,No,No,0.0,0.0,0.0,,24624,Churn,1.0,0.0,0.0,1.0
453991,2018,Nha Trang,Trung Nguyên,Yes,Yes,Yes,Yes,No,4.0,40.0,160.0,Seg.02 - Mass Asp (VND 25K - VND 59K),24628,Bronze,3.0,2.0,2.0,3.0
453994,2018,Hà Nội,Cộng Cà Phê,Yes,Yes,No,No,No,0.0,0.0,0.0,,24631,Churn,1.0,0.0,0.0,1.0
453994,2018,Hà Nội,Highlands Coffee,Yes,Yes,No,No,No,0.0,0.0,0.0,,24639,Churn,1.0,0.0,0.0,1.0
454037,2018,Hồ Chí Minh,Highlands Coffee,Yes,Yes,Yes,Yes,No,4.0,55.0,220.0,Seg.02 - Mass Asp (VND 25K - VND 59K),24645,Bronze,3.0,2.0,2.0,3.0
454079,2018,Hà Nội,Trung Nguyên,Yes,Yes,No,No,No,0.0,0.0,0.0,,24653,Churn,1.0,0.0,0.0,1.0
454079,2018,Hà Nội,Highlands Coffee,Yes,Yes,Yes,Yes,No,4.0,29.0,116.0,Seg.02 - Mass Asp (VND 25K - VND 59K),24654,Bronze,3.0,2.0,1.0,3.0
454102,2018,Hồ Chí Minh,Highlands Coffee,Yes,Yes,Yes,Yes,No,8.0,50.0,400.0,Seg.02 - Mass Asp (VND 25K - VND 59K),24661,Gold,3.0,4.0,2.0,5.0
454102,2018,Hồ Chí Minh,Phúc Long,Yes,Yes,No,No,No,0.0,0.0,0.0,,24665,Churn,1.0,0.0,0.0,1.0
454122,2018,Đà Nẵng,Highlands Coffee,Yes,Yes,No,No,No,0.0,0.0,0.0,,24676,Churn,1.0,0.0,0.0,1.0
454274,2018,Hồ Chí Minh,Highlands Coffee,Yes,Yes,Yes,Yes,No,4.0,50.0,200.0,Seg.02 - Mass Asp (VND 25K - VND 59K),24724,Bronze,3.0,2.0,2.0,3.0
454275,2018,Hồ Chí Minh,Trung Nguyên,Yes,Yes,No,No,No,0.0,0.0,0.0,,24736,Churn,1.0,0.0,0.0,1.0
454276,2018,Hồ Chí Minh,Highlands Coffee,Yes,Yes,Yes,No,No,1.0,80.0,80.0,Seg.03 - Premium (VND 60K - VND 99K),24751,Silver,2.0,1.0,3.0,4.0
454292,2018,Hồ Chí Minh,Highlands Coffee,Yes,Yes,Yes,Yes,No,4.0,50.0,200.0,Seg.02 - Mass Asp (VND 25K - VND 59K),24768,Bronze,3.0,2.0,2.0,3.0
454331,2018,Nha Trang,Highlands Coffee,Yes,Yes,No,No,No,0.0,0.0,0.0,,24788,Churn,1.0,0.0,0.0,1.0
454332,2018,Hồ Chí Minh,Trung Nguyên,Yes,Yes,No,No,No,0.0,0.0,0.0,,24791,Churn,1.0,0.0,0.0,1.0
454333,2018,Hồ Chí Minh,Highlands Coffee,Yes,Yes,No,No,No,0.0,0.0,0.0,,24798,Churn,1.0,0.0,0.0,1.0
454334,2018,Hồ Chí Minh,Trung Nguyên,Yes,Yes,Yes,Yes,No,4.0,50.0,200.0,Seg.02 - Mass Asp (VND 25K - VND 59K),24805,Bronze,3.0,2.0,2.0,3.0
454422,2018,Nha Trang,Highlands Coffee,Yes,Yes,Yes,No,No,2.0,35.0,70.0,Seg.02 - Mass Asp (VND 25K - VND 59K),24832,At-risk,2.0,1.0,1.0,2.0
454567,2018,Hà Nội,Highlands Coffee,Yes,Yes,Yes,Yes,No,5.0,49.0,245.0,Seg.02 - Mass Asp (VND 25K - VND 59K),24859,Bronze,3.0,2.0,2.0,3.0
454579,2018,Đà Nẵng,Highlands Coffee,Yes,Yes,No,No,No,0.0,0.0,0.0,,24874,Churn,1.0,0.0,0.0,1.0
454604,2018,Nha Trang,Highlands Coffee,Yes,Yes,Yes,Yes,No,7.0,49.0,343.0,Seg.02 - Mass Asp (VND 25K - VND 59K),24886,Bronze,3.0,3.0,2.0,3.0
454672,2018,Hà Nội,Highlands Coffee,Yes,Yes,No,No,No,0.0,0.0,0.0,,24900,Churn,1.0,0.0,0.0,1.0
454673,2018,Hồ Chí Minh,Highlands Coffee,Yes,Yes,Yes,Yes,No,8.0,29.0,232.0,Seg.02 - Mass Asp (VND 25K - VND 59K),24913,Gold,3.0,4.0,1.0,5.0
454692,2018,Hà Nội,Cộng Cà Phê,Yes,Yes,Yes,No,No,2.0,45.0,90.0,Seg.02 - Mass Asp (VND 25K - VND 59K),24925,At-risk,2.0,1.0,2.0,2.0
454703,2018,Hồ Chí Minh,Highlands Coffee,Yes,Yes,Yes,No,No,2.0,40.0,80.0,Seg.02 - Mass Asp (VND 25K - VND 59K),24934,At-risk,2.0,1.0,2.0,2.0
454721,2018,Nha Trang,Trung Nguyên,Yes,Yes,Yes,No,No,1.0,25.0,25.0,Seg.02 - Mass Asp (VND 25K - VND 59K),24966,At-risk,2.0,1.0,1.0,2.0
454721,2018,Nha Trang,Highlands Coffee,Yes,Yes,Yes,No,No,1.0,39.0,39.0,Seg.02 - Mass Asp (VND 25K - VND 59K),24969,At-risk,2.0,1.0,2.0,2.0
454736,2018,Hà Nội,Cộng Cà Phê,Yes,Yes,Yes,Yes,No,10.0,55.0,550.0,Seg.02 - Mass Asp (VND 25K - VND 59K),24973,Gold,3.0,4.0,2.0,5.0
454736,2018,Hà Nội,Highlands Coffee,Yes,Yes,Yes,No,No,3.0,60.0,180.0,Seg.03 - Premium (VND 60K - VND 99K),24976,Silver,2.0,1.0,3.0,4.0
454753,2018,Hà Nội,Starbucks,Yes,Yes,No,No,No,0.0,0.0,0.0,,25004,Churn,1.0,0.0,0.0,1.0
454753,2018,Hà Nội,Cộng Cà Phê,Yes,Yes,Yes,Yes,No,6.0,50.0,300.0,Seg.02 - Mass Asp (VND 25K - VND 59K),25005,Bronze,3.0,3.0,2.0,3.0
454790,2018,Hồ Chí Minh,Highlands Coffee,Yes,Yes,Yes,No,No,1.0,49.0,49.0,Seg.02 - Mass Asp (VND 25K - VND 59K),25036,At-risk,2.0,1.0,2.0,2.0
454790,2018,Hồ Chí Minh,Trung Nguyên,Yes,Yes,No,No,No,0.0,0.0,0.0,,25038,Churn,1.0,0.0,0.0,1.0
454790,2018,Hồ Chí Minh,The Coffee House,Yes,Yes,No,No,No,0.0,0.0,0.0,,25041,Churn,1.0,0.0,0.0,1.0
454792,2018,Hà Nội,Cộng Cà Phê,Yes,Yes,Yes,No,No,3.0,35.0,105.0,Seg.02 - Mass Asp (VND 25K - VND 59K),25050,At-risk,2.0,1.0,1.0,2.0
454793,2018,Hà Nội,The Coffee House,Yes,Yes,Yes,No,No,2.0,50.0,100.0,Seg.02 - Mass Asp (VND 25K - VND 59K),25054,At-risk,2.0,1.0,2.0,2.0
454793,2018,Hà Nội,Highlands Coffee,Yes,Yes,Yes,Yes,No,8.0,65.0,520.0,Seg.03 - Premium (VND 60K - VND 99K),25062,Gold,3.0,4.0,3.0,5.0
454805,2018,Nha Trang,Highlands Coffee,Yes,Yes,No,No,No,0.0,0.0,0.0,,25070,Churn,1.0,0.0,0.0,1.0
454854,2018,Hà Nội,Highlands Coffee,Yes,Yes,Yes,Yes,No,4.0,70.0,280.0,Seg.03 - Premium (VND 60K - VND 99K),25091,Silver,3.0,2.0,3.0,4.0
454860,2018,Hồ Chí Minh,Highlands Coffee,Yes,Yes,Yes,Yes,No,7.0,35.0,245.0,Seg.02 - Mass Asp (VND 25K - VND 59K),25097,Bronze,3.0,3.0,1.0,3.0
454860,2018,Hồ Chí Minh,The Coffee House,Yes,Yes,No,No,No,0.0,0.0,0.0,,25100,Churn,1.0,0.0,0.0,1.0
454887,2018,Hà Nội,Highlands Coffee,Yes,Yes,No,No,No,0.0,0.0,0.0,,25108,Churn,1.0,0.0,0.0,1.0
454887,2018,Hà Nội,Trung Nguyên,Yes,Yes,Yes,No,No,2.0,30.0,60.0,Seg.02 - Mass Asp (VND 25K - VND 59K),25115,At-risk,2.0,1.0,1.0,2.0
454898,2018,Nha Trang,Highlands Coffee,Yes,Yes,Yes,No,No,3.0,50.0,150.0,Seg.02 - Mass Asp (VND 25K - VND 59K),25118,At-risk,2.0,1.0,2.0,2.0
454912,2018,Hà Nội,Highlands Coffee,Yes,Yes,Yes,No,No,2.0,55.0,110.0,Seg.02 - Mass Asp (VND 25K - VND 59K),25127,At-risk,2.0,1.0,2.0,2.0
454913,2018,Hồ Chí Minh,Trung Nguyên,Yes,Yes,No,No,No,0.0,0.0,0.0,,25136,Churn,1.0,0.0,0.0,1.0
454919,2018,Đà Nẵng,Highlands Coffee,Yes,Yes,Yes,No,No,3.0,29.0,87.0,Seg.02 - Mass Asp (VND 25K - VND 59K),25159,At-risk,2.0,1.0,1.0,2.0
454952,2018,Nha Trang,Highlands Coffee,Yes,Yes,Yes,No,No,1.0,49.0,49.0,Seg.02 - Mass Asp (VND 25K - VND 59K),25184,At-risk,2.0,1.0,2.0,2.0
454958,2018,Hồ Chí Minh,Phúc Long,Yes,Yes,No,No,No,0.0,0.0,0.0,,25198,Churn,1.0,0.0,0.0,1.0
454958,2018,Hồ Chí Minh,Highlands Coffee,Yes,Yes,Yes,No,No,2.0,50.0,100.0,Seg.02 - Mass Asp (VND 25K - VND 59K),25199,At-risk,2.0,1.0,2.0,2.0
454969,2018,Hà Nội,Highlands Coffee,Yes,Yes,No,No,No,0.0,0.0,0.0,,25205,Churn,1.0,0.0,0.0,1.0
454976,2018,Nha Trang,Cộng Cà Phê,Yes,Yes,No,No,No,0.0,0.0,0.0,,25212,Churn,1.0,0.0,0.0,1.0
454979,2018,Đà Nẵng,Phúc Long,Yes,Yes,Yes,No,No,2.0,100.0,200.0,Seg.04 - Super Premium (VND 100K+),25221,Silver,2.0,1.0,4.0,4.0
454979,2018,Đà Nẵng,The Coffee House,Yes,Yes,Yes,No,No,2.0,80.0,160.0,Seg.03 - Premium (VND 60K - VND 99K),25224,Silver,2.0,1.0,3.0,4.0
454979,2018,Đà Nẵng,Highlands Coffee,Yes,Yes,Yes,Yes,No,6.0,100.0,600.0,Seg.04 - Super Premium (VND 100K+),25225,Gold,3.0,3.0,4.0,5.0
454980,2018,Hà Nội,The Coffee House,Yes,Yes,No,No,No,0.0,0.0,0.0,,25226,Churn,1.0,0.0,0.0,1.0
454980,2018,Hà Nội,Cộng Cà Phê,Yes,Yes,Yes,No,No,1.0,50.0,50.0,Seg.02 - Mass Asp (VND 25K - VND 59K),25228,At-risk,2.0,1.0,2.0,2.0
454985,2018,Hồ Chí Minh,The Coffee House,Yes,Yes,No,No,No,0.0,0.0,0.0,,25246,Churn,1.0,0.0,0.0,1.0
455004,2018,Hà Nội,Highlands Coffee,Yes,Yes,No,No,No,0.0,0.0,0.0,,25253,Churn,1.0,0.0,0.0,1.0
455007,2018,Hà Nội,Cộng Cà Phê,Yes,Yes,No,No,No,0.0,0.0,0.0,,25262,Churn,1.0,0.0,0.0,1.0
455007,2018,Hà Nội,Highlands Coffee,Yes,Yes,No,No,No,0.0,0.0,0.0,,25265,Churn,1.0,0.0,0.0,1.0
455007,2018,Hà Nội,The Coffee House,Yes,Yes,Yes,Yes,No,4.0,50.0,200.0,Seg.02 - Mass Asp (VND 25K - VND 59K),25266,Bronze,3.0,2.0,2.0,3.0
455010,2018,Hà Nội,Starbucks,Yes,Yes,Yes,No,No,1.0,120.0,120.0,Seg.04 - Super Premium (VND 100K+),25275,Silver,2.0,1.0,4.0,4.0
455061,2018,Hà Nội,The Coffee House,Yes,Yes,No,No,No,0.0,0.0,0.0,,25289,Churn,1.0,0.0,0.0,1.0
455070,2018,Hồ Chí Minh,Highlands Coffee,Yes,Yes,No,No,No,0.0,0.0,0.0,,25303,Churn,1.0,0.0,0.0,1.0
455145,2018,Nha Trang,Highlands Coffee,Yes,Yes,Yes,No,No,2.0,35.0,70.0,Seg.02 - Mass Asp (VND 25K - VND 59K),25325,At-risk,2.0,1.0,1.0,2.0
455197,2018,Nha Trang,Cộng Cà Phê,Yes,Yes,Yes,No,No,2.0,35.0,70.0,Seg.02 - Mass Asp (VND 25K - VND 59K),25339,At-risk,2.0,1.0,1.0,2.0
455197,2018,Nha Trang,Highlands Coffee,Yes,Yes,Yes,Yes,No,12.0,49.0,588.0,Seg.02 - Mass Asp (VND 25K - VND 59K),25340,Gold,3.0,4.0,2.0,5.0
455225,2018,Đà Nẵng,Highlands Coffee,Yes,Yes,No,No,No,0.0,0.0,0.0,,25348,Churn,1.0,0.0,0.0,1.0
455232,2018,Hồ Chí Minh,Highlands Coffee,Yes,Yes,No,No,No,0.0,0.0,0.0,,25354,Churn,1.0,0.0,0.0,1.0
455259,2018,Nha Trang,Highlands Coffee,Yes,Yes,Yes,No,No,2.0,69.0,138.0,Seg.03 - Premium (VND 60K - VND 99K),25358,Silver,2.0,1.0,3.0,4.0
455274,2018,Hồ Chí Minh,Highlands Coffee,Yes,Yes,No,No,No,0.0,0.0,0.0,,25361,Churn,1.0,0.0,0.0,1.0
455274,2018,Hồ Chí Minh,The Coffee House,Yes,Yes,Yes,No,No,3.0,30.0,90.0,Seg.02 - Mass Asp (VND 25K - VND 59K),25365,At-risk,2.0,1.0,1.0,2.0
455330,2018,Hà Nội,Highlands Coffee,Yes,Yes,Yes,No,No,3.0,55.0,165.0,Seg.02 - Mass Asp (VND 25K - VND 59K),25386,At-risk,2.0,1.0,2.0,2.0
455330,2018,Hà Nội,The Coffee House,Yes,Yes,Yes,No,No,1.0,50.0,50.0,Seg.02 - Mass Asp (VND 25K - VND 59K),25390,At-risk,2.0,1.0,2.0,2.0
455349,2018,Nha Trang,Highlands Coffee,Yes,Yes,Yes,No,No,1.0,49.0,49.0,Seg.02 - Mass Asp (VND 25K - VND 59K),25402,At-risk,2.0,1.0,2.0,2.0
455439,2018,Hà Nội,Cộng Cà Phê,Yes,Yes,No,No,No,0.0,0.0,0.0,,25421,Churn,1.0,0.0,0.0,1.0
455439,2018,Hà Nội,Highlands Coffee,Yes,Yes,No,No,No,0.0,0.0,0.0,,25423,Churn,1.0,0.0,0.0,1.0
455443,2018,Hà Nội,Highlands Coffee,Yes,Yes,No,No,No,0.0,0.0,0.0,,25434,Churn,1.0,0.0,0.0,1.0
455443,2018,Hà Nội,Cộng Cà Phê,Yes,Yes,Yes,No,No,2.0,40.0,80.0,Seg.02 - Mass Asp (VND 25K - VND 59K),25436,At-risk,2.0,1.0,2.0,2.0
455461,2018,Nha Trang,Highlands Coffee,Yes,Yes,Yes,No,No,3.0,35.0,105.0,Seg.02 - Mass Asp (VND 25K - VND 59K),25443,At-risk,2.0,1.0,1.0,2.0
455491,2018,Hồ Chí Minh,The Coffee House,Yes,Yes,Yes,No,No,2.0,50.0,100.0,Seg.02 - Mass Asp (VND 25K - VND 59K),25459,At-risk,2.0,1.0,2.0,2.0
455537,2018,Nha Trang,Highlands Coffee,Yes,Yes,Yes,No,No,2.0,40.0,80.0,Seg.02 - Mass Asp (VND 25K - VND 59K),25473,At-risk,2.0,1.0,2.0,2.0
455550,2018,Hồ Chí Minh,The Coffee House,Yes,Yes,No,No,No,0.0,0.0,0.0,,25483,Churn,1.0,0.0,0.0,1.0
455550,2018,Hồ Chí Minh,Trung Nguyên,Yes,Yes,Yes,Yes,No,10.0,55.0,550.0,Seg.02 - Mass Asp (VND 25K - VND 59K),25485,Gold,3.0,4.0,2.0,5.0
455550,2018,Hồ Chí Minh,Highlands Coffee,Yes,Yes,No,No,No,0.0,0.0,0.0,,25488,Churn,1.0,0.0,0.0,1.0
455587,2018,Hà Nội,Highlands Coffee,Yes,Yes,No,No,No,0.0,0.0,0.0,,25511,Churn,1.0,0.0,0.0,1.0
455604,2018,Hà Nội,The Coffee House,Yes,Yes,Yes,No,No,2.0,50.0,100.0,Seg.02 - Mass Asp (VND 25K - VND 59K),25512,At-risk,2.0,1.0,2.0,2.0
455712,2018,Hà Nội,Highlands Coffee,Yes,Yes,Yes,No,No,3.0,40.0,120.0,Seg.02 - Mass Asp (VND 25K - VND 59K),25537,At-risk,2.0,1.0,2.0,2.0
455716,2018,Hà Nội,Highlands Coffee,Yes,Yes,No,No,No,0.0,0.0,0.0,,25545,Churn,1.0,0.0,0.0,1.0
455716,2018,Hà Nội,Cộng Cà Phê,Yes,Yes,No,No,No,0.0,0.0,0.0,,25546,Churn,1.0,0.0,0.0,1.0
455719,2018,Hà Nội,Cộng Cà Phê,Yes,Yes,No,No,No,0.0,0.0,0.0,,25556,Churn,1.0,0.0,0.0,1.0
455719,2018,Hà Nội,Highlands Coffee,Yes,Yes,No,No,No,0.0,0.0,0.0,,25558,Churn,1.0,0.0,0.0,1.0
455770,2018,Hà Nội,Highlands Coffee,Yes,Yes,Yes,Yes,No,4.0,45.0,180.0,Seg.02 - Mass Asp (VND 25K - VND 59K),25575,Bronze,3.0,2.0,2.0,3.0
455806,2018,Hà Nội,Cộng Cà Phê,Yes,Yes,No,No,No,0.0,0.0,0.0,,25579,Churn,1.0,0.0,0.0,1.0
455806,2018,Hà Nội,Highlands Coffee,Yes,Yes,No,No,No,0.0,0.0,0.0,,25582,Churn,1.0,0.0,0.0,1.0
455807,2018,Hà Nội,Highlands Coffee,Yes,Yes,Yes,No,No,2.0,50.0,100.0,Seg.02 - Mass Asp (VND 25K - VND 59K),25593,At-risk,2.0,1.0,2.0,2.0
455807,2018,Hà Nội,Cộng Cà Phê,Yes,Yes,Yes,No,No,3.0,50.0,150.0,Seg.02 - Mass Asp (VND 25K - VND 59K),25594,At-risk,2.0,1.0,2.0,2.0
455808,2018,Hà Nội,Highlands Coffee,Yes,Yes,Yes,Yes,No,8.0,40.0,320.0,Seg.02 - Mass Asp (VND 25K - VND 59K),25604,Gold,3.0,4.0,2.0,5.0
455808,2018,Hà Nội,Cộng Cà Phê,Yes,Yes,Yes,No,No,2.0,50.0,100.0,Seg.02 - Mass Asp (VND 25K - VND 59K),25608,At-risk,2.0,1.0,2.0,2.0
455809,2018,Hà Nội,Cộng Cà Phê,Yes,Yes,No,No,No,0.0,0.0,0.0,,25609,Churn,1.0,0.0,0.0,1.0
455809,2018,Hà Nội,Highlands Coffee,Yes,Yes,No,No,No,0.0,0.0,0.0,,25615,Churn,1.0,0.0,0.0,1.0
455815,2018,Hồ Chí Minh,Highlands Coffee,Yes,Yes,Yes,No,No,3.0,100.0,300.0,Seg.04 - Super Premium (VND 100K+),25626,Silver,2.0,1.0,4.0,4.0
455816,2018,Hồ Chí Minh,Highlands Coffee,Yes,Yes,Yes,Yes,No,4.0,40.0,160.0,Seg.02 - Mass Asp (VND 25K - VND 59K),25640,Bronze,3.0,2.0,2.0,3.0
455840,2018,Hồ Chí Minh,Highlands Coffee,Yes,Yes,No,No,No,0.0,0.0,0.0,,25656,Churn,1.0,0.0,0.0,1.0
455898,2018,Hà Nội,Highlands Coffee,Yes,Yes,No,No,No,0.0,0.0,0.0,,25661,Churn,1.0,0.0,0.0,1.0
455898,2018,Hà Nội,Cộng Cà Phê,Yes,Yes,No,No,No,0.0,0.0,0.0,,25662,Churn,1.0,0.0,0.0,1.0
456027,2018,Nha Trang,Highlands Coffee,Yes,Yes,No,No,No,0.0,0.0,0.0,,25688,Churn,1.0,0.0,0.0,1.0
456053,2018,Hà Nội,The Coffee House,Yes,Yes,Yes,No,No,1.0,45.0,45.0,Seg.02 - Mass Asp (VND 25K - VND 59K),25699,At-risk,2.0,1.0,2.0,2.0
456053,2018,Hà Nội,Highlands Coffee,Yes,Yes,Yes,No,No,1.0,50.0,50.0,Seg.02 - Mass Asp (VND 25K - VND 59K),25700,At-risk,2.0,1.0,2.0,2.0
456067,2018,Nha Trang,Highlands Coffee,Yes,Yes,No,No,No,0.0,0.0,0.0,,25704,Churn,1.0,0.0,0.0,1.0
456103,2018,Nha Trang,Trung Nguyên,Yes,Yes,No,No,No,0.0,0.0,0.0,,25710,Churn,1.0,0.0,0.0,1.0
456103,2018,Nha Trang,Highlands Coffee,Yes,Yes,Yes,No,No,2.0,49.0,98.0,Seg.02 - Mass Asp (VND 25K - VND 59K),25712,At-risk,2.0,1.0,2.0,2.0
456151,2018,Hà Nội,Cộng Cà Phê,Yes,Yes,No,No,No,0.0,0.0,0.0,,25744,Churn,1.0,0.0,0.0,1.0
456151,2018,Hà Nội,Highlands Coffee,Yes,Yes,Yes,No,No,3.0,60.0,180.0,Seg.03 - Premium (VND 60K - VND 99K),25745,Silver,2.0,1.0,3.0,4.0
456167,2018,Hồ Chí Minh,The Coffee House,Yes,Yes,No,No,No,0.0,0.0,0.0,,25757,Churn,1.0,0.0,0.0,1.0
456167,2018,Hồ Chí Minh,Highlands Coffee,Yes,Yes,Yes,Yes,No,10.0,39.0,390.0,Seg.02 - Mass Asp (VND 25K - VND 59K),25758,Gold,3.0,4.0,2.0,5.0
456175,2018,Hà Nội,Highlands Coffee,Yes,Yes,No,No,No,0.0,0.0,0.0,,25766,Churn,1.0,0.0,0.0,1.0
456175,2018,Hà Nội,Cộng Cà Phê,Yes,Yes,Yes,No,No,3.0,48.0,144.0,Seg.02 - Mass Asp (VND 25K - VND 59K),25769,At-risk,2.0,1.0,2.0,2.0
456232,2018,Hồ Chí Minh,Trung Nguyên,Yes,Yes,No,No,No,0.0,0.0,0.0,,25777,Churn,1.0,0.0,0.0,1.0
456256,2018,Hà Nội,Cộng Cà Phê,Yes,Yes,No,No,No,0.0,0.0,0.0,,25783,Churn,1.0,0.0,0.0,1.0
456256,2018,Hà Nội,Trung Nguyên,Yes,Yes,Yes,No,No,1.0,35.0,35.0,Seg.02 - Mass Asp (VND 25K - VND 59K),25787,At-risk,2.0,1.0,1.0,2.0
456256,2018,Hà Nội,Highlands Coffee,Yes,Yes,Yes,No,No,2.0,45.0,90.0,Seg.02 - Mass Asp (VND 25K - VND 59K),25788,At-risk,2.0,1.0,2.0,2.0
456257,2018,Đà Nẵng,Trung Nguyên,Yes,Yes,Yes,Yes,No,8.0,30.0,240.0,Seg.02 - Mass Asp (VND 25K - VND 59K),25793,Gold,3.0,4.0,1.0,5.0
456260,2018,Hồ Chí Minh,Trung Nguyên,Yes,Yes,No,No,No,0.0,0.0,0.0,,25803,Churn,1.0,0.0,0.0,1.0
456394,2018,Đà Nẵng,Highlands Coffee,Yes,Yes,Yes,Yes,No,8.0,70.0,560.0,Seg.03 - Premium (VND 60K - VND 99K),25830,Gold,3.0,4.0,3.0,5.0
456501,2018,Hồ Chí Minh,Highlands Coffee,Yes,Yes,Yes,Yes,No,5.0,29.0,145.0,Seg.02 - Mass Asp (VND 25K - VND 59K),25848,Bronze,3.0,2.0,1.0,3.0
456538,2018,Hồ Chí Minh,Highlands Coffee,Yes,Yes,No,No,No,0.0,0.0,0.0,,25870,Churn,1.0,0.0,0.0,1.0
456538,2018,Hồ Chí Minh,The Coffee House,Yes,Yes,No,No,No,0.0,0.0,0.0,,25875,Churn,1.0,0.0,0.0,1.0
456538,2018,Hồ Chí Minh,Phúc Long,Yes,Yes,Yes,Yes,No,8.0,50.0,400.0,Seg.02 - Mass Asp (VND 25K - VND 59K),25878,Gold,3.0,4.0,2.0,5.0
456548,2018,Hồ Chí Minh,Highlands Coffee,Yes,Yes,No,No,No,0.0,0.0,0.0,,25887,Churn,1.0,0.0,0.0,1.0
456548,2018,Hồ Chí Minh,The Coffee House,Yes,Yes,No,No,No,0.0,0.0,0.0,,25897,Churn,1.0,0.0,0.0,1.0
456549,2018,Hồ Chí Minh,Highlands Coffee,Yes,Yes,Yes,No,No,2.0,49.0,98.0,Seg.02 - Mass Asp (VND 25K - VND 59K),25903,At-risk,2.0,1.0,2.0,2.0
456562,2018,Hà Nội,Highlands Coffee,Yes,Yes,Yes,No,No,2.0,70.0,140.0,Seg.03 - Premium (VND 60K - VND 99K),25913,Silver,2.0,1.0,3.0,4.0
456562,2018,Hà Nội,The Coffee House,Yes,Yes,Yes,Yes,No,6.0,60.0,360.0,Seg.03 - Premium (VND 60K - VND 99K),25918,Gold,3.0,3.0,3.0,5.0
456563,2018,Hà Nội,Highlands Coffee,Yes,Yes,Yes,No,No,1.0,60.0,60.0,Seg.03 - Premium (VND 60K - VND 99K),25921,Silver,2.0,1.0,3.0,4.0
456563,2018,Hà Nội,Cộng Cà Phê,Yes,Yes,Yes,No,No,1.0,50.0,50.0,Seg.02 - Mass Asp (VND 25K - VND 59K),25923,At-risk,2.0,1.0,2.0,2.0
456563,2018,Hà Nội,The Coffee House,Yes,Yes,No,No,No,0.0,0.0,0.0,,25929,Churn,1.0,0.0,0.0,1.0
456564,2018,Hà Nội,Highlands Coffee,Yes,Yes,Yes,No,No,1.0,60.0,60.0,Seg.03 - Premium (VND 60K - VND 99K),25934,Silver,2.0,1.0,3.0,4.0
456565,2018,Nha Trang,Highlands Coffee,Yes,Yes,Yes,No,No,1.0,49.0,49.0,Seg.02 - Mass Asp (VND 25K - VND 59K),25944,At-risk,2.0,1.0,2.0,2.0
456571,2018,Hồ Chí Minh,Highlands Coffee,Yes,Yes,Yes,Yes,No,6.0,50.0,300.0,Seg.02 - Mass Asp (VND 25K - VND 59K),25958,Bronze,3.0,3.0,2.0,3.0
456572,2018,Hồ Chí Minh,Highlands Coffee,Yes,Yes,Yes,Yes,No,6.0,50.0,300.0,Seg.02 - Mass Asp (VND 25K - VND 59K),25964,Bronze,3.0,3.0,2.0,3.0
456572,2018,Hồ Chí Minh,The Coffee House,Yes,Yes,No,No,No,0.0,0.0,0.0,,25965,Churn,1.0,0.0,0.0,1.0
456582,2018,Hồ Chí Minh,Trung Nguyên,Yes,Yes,No,No,No,0.0,0.0,0.0,,25979,Churn,1.0,0.0,0.0,1.0
456582,2018,Hồ Chí Minh,The Coffee House,Yes,Yes,Yes,Yes,No,8.0,35.0,280.0,Seg.02 - Mass Asp (VND 25K - VND 59K),25980,Gold,3.0,4.0,1.0,5.0
456584,2018,Hồ Chí Minh,Trung Nguyên,Yes,Yes,Yes,No,No,1.0,30.0,30.0,Seg.02 - Mass Asp (VND 25K - VND 59K),25999,At-risk,2.0,1.0,1.0,2.0
456588,2018,Nha Trang,Highlands Coffee,Yes,Yes,Yes,No,No,1.0,49.0,49.0,Seg.02 - Mass Asp (VND 25K - VND 59K),26003,At-risk,2.0,1.0,2.0,2.0
456735,2018,Nha Trang,Trung Nguyên,Yes,Yes,No,No,No,0.0,0.0,0.0,,26044,Churn,1.0,0.0,0.0,1.0
456740,2018,Đà Nẵng,Highlands Coffee,Yes,Yes,Yes,Yes,No,8.0,49.0,392.0,Seg.02 - Mass Asp (VND 25K - VND 59K),26058,Gold,3.0,4.0,2.0,5.0
456760,2018,Hà Nội,Highlands Coffee,Yes,Yes,Yes,Yes,No,8.0,45.0,360.0,Seg.02 - Mass Asp (VND 25K - VND 59K),26063,Gold,3.0,4.0,2.0,5.0
456760,2018,Hà Nội,Cộng Cà Phê,Yes,Yes,Yes,Yes,No,5.0,50.0,250.0,Seg.02 - Mass Asp (VND 25K - VND 59K),26072,Bronze,3.0,2.0,2.0,3.0
456777,2018,Nha Trang,Trung Nguyên,Yes,Yes,No,No,No,0.0,0.0,0.0,,26075,Churn,1.0,0.0,0.0,1.0
456787,2018,Hồ Chí Minh,Trung Nguyên,Yes,Yes,Yes,Yes,Yes,21.0,35.0,735.0,Seg.02 - Mass Asp (VND 25K - VND 59K),26086,Gold,4.0,4.0,1.0,5.0
456808,2018,Hồ Chí Minh,Trung Nguyên,Yes,Yes,No,No,No,0.0,0.0,0.0,,26096,Churn,1.0,0.0,0.0,1.0
456809,2018,Hồ Chí Minh,The Coffee House,Yes,Yes,Yes,No,No,2.0,45.0,90.0,Seg.02 - Mass Asp (VND 25K - VND 59K),26104,At-risk,2.0,1.0,2.0,2.0
456826,2018,Hồ Chí Minh,Highlands Coffee,Yes,Yes,No,No,No,0.0,0.0,0.0,,26111,Churn,1.0,0.0,0.0,1.0
456880,2018,Hồ Chí Minh,Highlands Coffee,Yes,Yes,No,No,No,0.0,0.0,0.0,,26134,Churn,1.0,0.0,0.0,1.0
456910,2018,Nha Trang,Trung Nguyên,Yes,Yes,Yes,Yes,No,5.0,30.0,150.0,Seg.02 - Mass Asp (VND 25K - VND 59K),26143,Bronze,3.0,2.0,1.0,3.0
456937,2018,Hà Nội,Cộng Cà Phê,Yes,Yes,No,No,No,0.0,0.0,0.0,,26153,Churn,1.0,0.0,0.0,1.0
456937,2018,Hà Nội,Highlands Coffee,Yes,Yes,No,No,No,0.0,0.0,0.0,,26156,Churn,1.0,0.0,0.0,1.0
456943,2018,Hà Nội,Highlands Coffee,Yes,Yes,No,No,No,0.0,0.0,0.0,,26161,Churn,1.0,0.0,0.0,1.0
456947,2018,Hà Nội,Trung Nguyên,Yes,Yes,Yes,Yes,No,10.0,45.0,450.0,Seg.02 - Mass Asp (VND 25K - VND 59K),26170,Gold,3.0,4.0,2.0,5.0
456947,2018,Hà Nội,Highlands Coffee,Yes,Yes,No,No,No,0.0,0.0,0.0,,26173,Churn,1.0,0.0,0.0,1.0
456954,2018,Hà Nội,Highlands Coffee,Yes,Yes,No,No,No,0.0,0.0,0.0,,26176,Churn,1.0,0.0,0.0,1.0
456954,2018,Hà Nội,Cộng Cà Phê,Yes,Yes,No,No,No,0.0,0.0,0.0,,26179,Churn,1.0,0.0,0.0,1.0
457102,2018,Đà Nẵng,Highlands Coffee,Yes,Yes,Yes,Yes,No,6.0,50.0,300.0,Seg.02 - Mass Asp (VND 25K - VND 59K),26213,Bronze,3.0,3.0,2.0,3.0
457102,2018,Đà Nẵng,The Coffee House,Yes,Yes,No,No,No,0.0,0.0,0.0,,26217,Churn,1.0,0.0,0.0,1.0
457104,2018,Nha Trang,Highlands Coffee,Yes,Yes,Yes,No,No,3.0,50.0,150.0,Seg.02 - Mass Asp (VND 25K - VND 59K),26228,At-risk,2.0,1.0,2.0,2.0
457128,2018,Hà Nội,Highlands Coffee,Yes,Yes,No,No,No,0.0,0.0,0.0,,26229,Churn,1.0,0.0,0.0,1.0
457128,2018,Hà Nội,The Coffee House,Yes,Yes,Yes,Yes,No,4.0,35.0,140.0,Seg.02 - Mass Asp (VND 25K - VND 59K),26236,Bronze,3.0,2.0,1.0,3.0
457153,2018,Đà Nẵng,Highlands Coffee,Yes,Yes,No,No,No,0.0,0.0,0.0,,26243,Churn,1.0,0.0,0.0,1.0
457153,2018,Đà Nẵng,Trung Nguyên,Yes,Yes,No,No,No,0.0,0.0,0.0,,26253,Churn,1.0,0.0,0.0,1.0
457214,2018,Hà Nội,Highlands Coffee,Yes,Yes,Yes,Yes,No,6.0,85.0,510.0,Seg.03 - Premium (VND 60K - VND 99K),26281,Gold,3.0,3.0,4.0,5.0
457214,2018,Hà Nội,Cộng Cà Phê,Yes,Yes,Yes,No,No,1.0,65.0,65.0,Seg.03 - Premium (VND 60K - VND 99K),26282,Silver,2.0,1.0,3.0,4.0
457216,2018,Hà Nội,Cộng Cà Phê,Yes,Yes,No,No,No,0.0,0.0,0.0,,26291,Churn,1.0,0.0,0.0,1.0
457287,2018,Hồ Chí Minh,The Coffee House,Yes,Yes,Yes,Yes,No,4.0,45.0,180.0,Seg.02 - Mass Asp (VND 25K - VND 59K),26323,Bronze,3.0,2.0,2.0,3.0
457287,2018,Hồ Chí Minh,Highlands Coffee,Yes,Yes,No,No,No,0.0,0.0,0.0,,26324,Churn,1.0,0.0,0.0,1.0
457289,2018,Hồ Chí Minh,Highlands Coffee,Yes,Yes,Yes,Yes,No,6.0,50.0,300.0,Seg.02 - Mass Asp (VND 25K - VND 59K),26344,Bronze,3.0,3.0,2.0,3.0
457290,2018,Hồ Chí Minh,Highlands Coffee,Yes,Yes,Yes,Yes,No,5.0,50.0,250.0,Seg.02 - Mass Asp (VND 25K - VND 59K),26360,Bronze,3.0,2.0,2.0,3.0
457291,2018,Hồ Chí Minh,The Coffee House,Yes,Yes,No,No,No,0.0,0.0,0.0,,26369,Churn,1.0,0.0,0.0,1.0
457300,2018,Hồ Chí Minh,Trung Nguyên,Yes,Yes,Yes,No,No,2.0,50.0,100.0,Seg.02 - Mass Asp (VND 25K - VND 59K),26376,At-risk,2.0,1.0,2.0,2.0
457301,2018,Hồ Chí Minh,The Coffee House,Yes,Yes,No,No,No,0.0,0.0,0.0,,26385,Churn,1.0,0.0,0.0,1.0
457302,2018,Hồ Chí Minh,Highlands Coffee,Yes,Yes,Yes,No,No,1.0,59.0,59.0,Seg.02 - Mass Asp (VND 25K - VND 59K),26393,Silver,2.0,1.0,3.0,4.0
457303,2018,Hồ Chí Minh,Trung Nguyên,Yes,Yes,No,No,No,0.0,0.0,0.0,,26410,Churn,1.0,0.0,0.0,1.0
457338,2018,Hồ Chí Minh,Highlands Coffee,Yes,Yes,Yes,Yes,No,10.0,39.0,390.0,Seg.02 - Mass Asp (VND 25K - VND 59K),26427,Gold,3.0,4.0,2.0,5.0
457419,2018,Hồ Chí Minh,Highlands Coffee,Yes,Yes,No,No,No,0.0,0.0,0.0,,26432,Churn,1.0,0.0,0.0,1.0
457477,2018,Đà Nẵng,Highlands Coffee,Yes,Yes,Yes,Yes,No,5.0,50.0,250.0,Seg.02 - Mass Asp (VND 25K - VND 59K),26446,Bronze,3.0,2.0,2.0,3.0
457498,2018,Hồ Chí Minh,The Coffee House,Yes,Yes,Yes,No,No,2.0,60.0,120.0,Seg.03 - Premium (VND 60K - VND 99K),26457,Silver,2.0,1.0,3.0,4.0
457517,2018,Hồ Chí Minh,Highlands Coffee,Yes,Yes,No,No,No,0.0,0.0,0.0,,26465,Churn,1.0,0.0,0.0,1.0
457554,2018,Hồ Chí Minh,Highlands Coffee,Yes,Yes,Yes,Yes,No,4.0,50.0,200.0,Seg.02 - Mass Asp (VND 25K - VND 59K),26478,Bronze,3.0,2.0,2.0,3.0
457554,2018,Hồ Chí Minh,Cộng Cà Phê,Yes,Yes,No,No,No,0.0,0.0,0.0,,26480,Churn,1.0,0.0,0.0,1.0
457554,2018,Hồ Chí Minh,Starbucks,Yes,Yes,Yes,No,No,1.0,40.0,40.0,Seg.02 - Mass Asp (VND 25K - VND 59K),26483,At-risk,2.0,1.0,2.0,2.0
457570,2018,Hồ Chí Minh,Highlands Coffee,Yes,Yes,Yes,No,No,2.0,50.0,100.0,Seg.02 - Mass Asp (VND 25K - VND 59K),26492,At-risk,2.0,1.0,2.0,2.0
457571,2018,Hồ Chí Minh,Highlands Coffee,Yes,Yes,Yes,No,No,3.0,60.0,180.0,Seg.03 - Premium (VND 60K - VND 99K),26497,Silver,2.0,1.0,3.0,4.0
457583,2018,Hồ Chí Minh,Highlands Coffee,Yes,Yes,Yes,No,No,2.0,50.0,100.0,Seg.02 - Mass Asp (VND 25K - VND 59K),26514,At-risk,2.0,1.0,2.0,2.0
457601,2018,Hồ Chí Minh,Highlands Coffee,Yes,Yes,Yes,Yes,No,4.0,50.0,200.0,Seg.02 - Mass Asp (VND 25K - VND 59K),26526,Bronze,3.0,2.0,2.0,3.0
457601,2018,Hồ Chí Minh,The Coffee House,Yes,Yes,No,No,No,0.0,0.0,0.0,,26527,Churn,1.0,0.0,0.0,1.0
457601,2018,Hồ Chí Minh,Phúc Long,Yes,Yes,No,No,No,0.0,0.0,0.0,,26528,Churn,1.0,0.0,0.0,1.0
457602,2018,Hồ Chí Minh,Highlands Coffee,Yes,Yes,No,No,No,0.0,0.0,0.0,,26529,Churn,1.0,0.0,0.0,1.0
457602,2018,Hồ Chí Minh,Phúc Long,Yes,Yes,No,No,No,0.0,0.0,0.0,,26532,Churn,1.0,0.0,0.0,1.0
457622,2018,Đà Nẵng,Highlands Coffee,Yes,Yes,No,No,No,0.0,0.0,0.0,,26554,Churn,1.0,0.0,0.0,1.0
457627,2018,Hồ Chí Minh,Phúc Long,Yes,Yes,No,No,No,0.0,0.0,0.0,,26558,Churn,1.0,0.0,0.0,1.0
457627,2018,Hồ Chí Minh,Highlands Coffee,Yes,Yes,Yes,No,No,3.0,50.0,150.0,Seg.02 - Mass Asp (VND 25K - VND 59K),26560,At-risk,2.0,1.0,2.0,2.0
457637,2018,Hồ Chí Minh,Trung Nguyên,Yes,Yes,Yes,No,No,3.0,50.0,150.0,Seg.02 - Mass Asp (VND 25K - VND 59K),26571,At-risk,2.0,1.0,2.0,2.0
457714,2018,Hồ Chí Minh,Highlands Coffee,Yes,Yes,Yes,Yes,No,4.0,49.0,196.0,Seg.02 - Mass Asp (VND 25K - VND 59K),26599,Bronze,3.0,2.0,2.0,3.0
457718,2018,Hồ Chí Minh,Highlands Coffee,Yes,Yes,Yes,Yes,Yes,20.0,65.0,1300.0,Seg.03 - Premium (VND 60K - VND 99K),26609,Gold,4.0,4.0,3.0,5.0
457718,2018,Hồ Chí Minh,Trung Nguyên,Yes,Yes,No,No,No,0.0,0.0,0.0,,26620,Churn,1.0,0.0,0.0,1.0
457771,2018,Hồ Chí Minh,Trung Nguyên,Yes,Yes,No,No,No,0.0,0.0,0.0,,26627,Churn,1.0,0.0,0.0,1.0
457783,2018,Hồ Chí Minh,Highlands Coffee,Yes,Yes,Yes,Yes,No,6.0,55.0,330.0,Seg.02 - Mass Asp (VND 25K - VND 59K),26648,Bronze,3.0,3.0,2.0,3.0
458002,2018,Hồ Chí Minh,Highlands Coffee,Yes,Yes,No,No,No,0.0,0.0,0.0,,26677,Churn,1.0,0.0,0.0,1.0
458046,2018,Hồ Chí Minh,Highlands Coffee,Yes,Yes,No,No,No,0.0,0.0,0.0,,26690,Churn,1.0,0.0,0.0,1.0
458059,2018,Hà Nội,Highlands Coffee,Yes,Yes,Yes,No,No,2.0,50.0,100.0,Seg.02 - Mass Asp (VND 25K - VND 59K),26702,At-risk,2.0,1.0,2.0,2.0
458059,2018,Hà Nội,Trung Nguyên,Yes,Yes,Yes,No,No,2.0,40.0,80.0,Seg.02 - Mass Asp (VND 25K - VND 59K),26709,At-risk,2.0,1.0,2.0,2.0
458063,2018,Hà Nội,Highlands Coffee,Yes,Yes,No,No,No,0.0,0.0,0.0,,26710,Churn,1.0,0.0,0.0,1.0
458063,2018,Hà Nội,Trung Nguyên,Yes,Yes,Yes,No,No,2.0,40.0,80.0,Seg.02 - Mass Asp (VND 25K - VND 59K),26717,At-risk,2.0,1.0,2.0,2.0
458085,2018,Hồ Chí Minh,Highlands Coffee,Yes,Yes,Yes,No,No,3.0,50.0,150.0,Seg.02 - Mass Asp (VND 25K - VND 59K),26718,At-risk,2.0,1.0,2.0,2.0
458086,2018,Hồ Chí Minh,Highlands Coffee,Yes,Yes,Yes,No,No,2.0,40.0,80.0,Seg.02 - Mass Asp (VND 25K - VND 59K),26732,At-risk,2.0,1.0,2.0,2.0
458088,2018,Hồ Chí Minh,Starbucks,Yes,Yes,Yes,No,No,3.0,40.0,120.0,Seg.02 - Mass Asp (VND 25K - VND 59K),26744,At-risk,2.0,1.0,2.0,2.0
458090,2018,Hồ Chí Minh,Highlands Coffee,Yes,Yes,Yes,Yes,No,4.0,40.0,160.0,Seg.02 - Mass Asp (VND 25K - VND 59K),26747,Bronze,3.0,2.0,2.0,3.0
458090,2018,Hồ Chí Minh,The Coffee House,Yes,Yes,Yes,Yes,No,4.0,40.0,160.0,Seg.02 - Mass Asp (VND 25K - VND 59K),26750,Bronze,3.0,2.0,2.0,3.0
458091,2018,Hồ Chí Minh,Highlands Coffee,Yes,Yes,No,No,No,0.0,0.0,0.0,,26753,Churn,1.0,0.0,0.0,1.0
458095,2018,Hồ Chí Minh,Highlands Coffee,Yes,Yes,Yes,No,No,3.0,50.0,150.0,Seg.02 - Mass Asp (VND 25K - VND 59K),26769,At-risk,2.0,1.0,2.0,2.0
458096,2018,Hồ Chí Minh,Trung Nguyên,Yes,Yes,No,No,No,0.0,0.0,0.0,,26775,Churn,1.0,0.0,0.0,1.0
458096,2018,Hồ Chí Minh,Highlands Coffee,Yes,Yes,Yes,Yes,No,10.0,50.0,500.0,Seg.02 - Mass Asp (VND 25K - VND 59K),26776,Gold,3.0,4.0,2.0,5.0
458100,2018,Hồ Chí Minh,Highlands Coffee,Yes,Yes,No,No,No,0.0,0.0,0.0,,26790,Churn,1.0,0.0,0.0,1.0
458101,2018,Hồ Chí Minh,Highlands Coffee,Yes,Yes,Yes,No,No,1.0,58.0,58.0,Seg.02 - Mass Asp (VND 25K - VND 59K),26804,Silver,2.0,1.0,3.0,4.0
458126,2018,Hồ Chí Minh,Highlands Coffee,Yes,Yes,Yes,No,No,3.0,49.0,147.0,Seg.02 - Mass Asp (VND 25K - VND 59K),26824,At-risk,2.0,1.0,2.0,2.0
458206,2018,Hà Nội,Highlands Coffee,Yes,Yes,Yes,Yes,No,8.0,60.0,480.0,Seg.03 - Premium (VND 60K - VND 99K),26845,Gold,3.0,4.0,3.0,5.0
458207,2018,Hà Nội,Cộng Cà Phê,Yes,Yes,No,No,No,0.0,0.0,0.0,,26851,Churn,1.0,0.0,0.0,1.0
458208,2018,Hà Nội,Cộng Cà Phê,Yes,Yes,Yes,Yes,No,4.0,40.0,160.0,Seg.02 - Mass Asp (VND 25K - VND 59K),26863,Bronze,3.0,2.0,2.0,3.0
458210,2018,Hà Nội,Highlands Coffee,Yes,Yes,No,No,No,0.0,0.0,0.0,,26868,Churn,1.0,0.0,0.0,1.0
458210,2018,Hà Nội,Cộng Cà Phê,Yes,Yes,No,No,No,0.0,0.0,0.0,,26870,Churn,1.0,0.0,0.0,1.0
458230,2018,Hà Nội,Highlands Coffee,Yes,Yes,Yes,Yes,No,7.0,80.0,560.0,Seg.03 - Premium (VND 60K - VND 99K),26875,Gold,3.0,3.0,3.0,5.0
458230,2018,Hà Nội,Starbucks,Yes,Yes,Yes,No,No,3.0,100.0,300.0,Seg.04 - Super Premium (VND 100K+),26877,Silver,2.0,1.0,4.0,4.0
458231,2018,Hà Nội,Starbucks,Yes,Yes,No,No,No,0.0,0.0,0.0,,26888,Churn,1.0,0.0,0.0,1.0
458231,2018,Hà Nội,The Coffee House,Yes,Yes,Yes,Yes,No,4.0,60.0,240.0,Seg.03 - Premium (VND 60K - VND 99K),26889,Silver,3.0,2.0,3.0,4.0
458245,2018,Hồ Chí Minh,The Coffee House,Yes,Yes,Yes,No,No,3.0,40.0,120.0,Seg.02 - Mass Asp (VND 25K - VND 59K),26911,At-risk,2.0,1.0,2.0,2.0
458245,2018,Hồ Chí Minh,Highlands Coffee,Yes,Yes,Yes,No,No,1.0,50.0,50.0,Seg.02 - Mass Asp (VND 25K - VND 59K),26912,At-risk,2.0,1.0,2.0,2.0
458247,2018,Hồ Chí Minh,Starbucks,Yes,Yes,No,No,No,0.0,0.0,0.0,,26928,Churn,1.0,0.0,0.0,1.0
458250,2018,Hồ Chí Minh,Highlands Coffee,Yes,Yes,No,No,No,0.0,0.0,0.0,,26946,Churn,1.0,0.0,0.0,1.0
458251,2018,Hồ Chí Minh,Highlands Coffee,Yes,Yes,Yes,Yes,No,6.0,39.0,234.0,Seg.02 - Mass Asp (VND 25K - VND 59K),26959,Bronze,3.0,3.0,2.0,3.0
458253,2018,Hồ Chí Minh,Phúc Long,Yes,Yes,Yes,No,No,1.0,70.0,70.0,Seg.03 - Premium (VND 60K - VND 99K),26966,Silver,2.0,1.0,3.0,4.0
458253,2018,Hồ Chí Minh,Highlands Coffee,Yes,Yes,Yes,No,No,1.0,100.0,100.0,Seg.04 - Super Premium (VND 100K+),26967,Silver,2.0,1.0,4.0,4.0
458253,2018,Hồ Chí Minh,Cộng Cà Phê,Yes,Yes,No,No,No,0.0,0.0,0.0,,26975,Churn,1.0,0.0,0.0,1.0
458269,2018,Hồ Chí Minh,Highlands Coffee,Yes,Yes,Yes,Yes,No,6.0,49.0,294.0,Seg.02 - Mass Asp (VND 25K - VND 59K),26978,Bronze,3.0,3.0,2.0,3.0
458270,2018,Hồ Chí Minh,Highlands Coffee,Yes,Yes,No,No,No,0.0,0.0,0.0,,26982,Churn,1.0,0.0,0.0,1.0
458273,2018,Hồ Chí Minh,Highlands Coffee,Yes,Yes,No,No,No,0.0,0.0,0.0,,27009,Churn,1.0,0.0,0.0,1.0
458280,2018,Nha Trang,Trung Nguyên,Yes,Yes,No,No,No,0.0,0.0,0.0,,27014,Churn,1.0,0.0,0.0,1.0
458351,2018,Hồ Chí Minh,Highlands Coffee,Yes,Yes,No,No,No,0.0,0.0,0.0,,27038,Churn,1.0,0.0,0.0,1.0
458352,2018,Hồ Chí Minh,Trung Nguyên,Yes,Yes,No,No,No,0.0,0.0,0.0,,27042,Churn,1.0,0.0,0.0,1.0
458361,2018,Hà Nội,Highlands Coffee,Yes,Yes,Yes,No,No,2.0,100.0,200.0,Seg.04 - Super Premium (VND 100K+),27051,Silver,2.0,1.0,4.0,4.0
458361,2018,Hà Nội,The Coffee House,Yes,Yes,Yes,No,No,3.0,50.0,150.0,Seg.02 - Mass Asp (VND 25K - VND 59K),27052,At-risk,2.0,1.0,2.0,2.0
458361,2018,Hà Nội,Cộng Cà Phê,Yes,Yes,No,No,No,0.0,0.0,0.0,,27053,Churn,1.0,0.0,0.0,1.0
458399,2018,Hồ Chí Minh,Highlands Coffee,Yes,Yes,Yes,Yes,No,8.0,65.0,520.0,Seg.03 - Premium (VND 60K - VND 99K),27064,Gold,3.0,4.0,3.0,5.0
458419,2018,Nha Trang,Highlands Coffee,Yes,Yes,Yes,Yes,Yes,27.0,50.0,1350.0,Seg.02 - Mass Asp (VND 25K - VND 59K),27072,Gold,4.0,4.0,2.0,5.0
458436,2018,Hồ Chí Minh,Trung Nguyên,Yes,Yes,No,No,No,0.0,0.0,0.0,,27075,Churn,1.0,0.0,0.0,1.0
458507,2018,Nha Trang,Highlands Coffee,Yes,Yes,Yes,Yes,No,10.0,39.0,390.0,Seg.02 - Mass Asp (VND 25K - VND 59K),27108,Gold,3.0,4.0,2.0,5.0
458545,2018,Hà Nội,The Coffee House,Yes,Yes,No,No,No,0.0,0.0,0.0,,27115,Churn,1.0,0.0,0.0,1.0
458546,2018,Hồ Chí Minh,Highlands Coffee,Yes,Yes,Yes,Yes,No,5.0,49.0,245.0,Seg.02 - Mass Asp (VND 25K - VND 59K),27121,Bronze,3.0,2.0,2.0,3.0
458546,2018,Hồ Chí Minh,The Coffee House,Yes,Yes,No,No,No,0.0,0.0,0.0,,27126,Churn,1.0,0.0,0.0,1.0
458630,2018,Hồ Chí Minh,Trung Nguyên,Yes,Yes,No,No,No,0.0,0.0,0.0,,27166,Churn,1.0,0.0,0.0,1.0
458630,2018,Hồ Chí Minh,Highlands Coffee,Yes,Yes,Yes,No,No,2.0,55.0,110.0,Seg.02 - Mass Asp (VND 25K - VND 59K),27170,At-risk,2.0,1.0,2.0,2.0
458644,2018,Đà Nẵng,Highlands Coffee,Yes,Yes,Yes,Yes,No,5.0,65.0,325.0,Seg.03 - Premium (VND 60K - VND 99K),27180,Silver,3.0,2.0,3.0,4.0
458644,2018,Đà Nẵng,The Coffee House,Yes,Yes,Yes,No,No,2.0,59.0,118.0,Seg.02 - Mass Asp (VND 25K - VND 59K),27181,Silver,2.0,1.0,3.0,4.0
458710,2018,Nha Trang,Highlands Coffee,Yes,Yes,No,No,No,0.0,0.0,0.0,,27192,Churn,1.0,0.0,0.0,1.0
458719,2018,Nha Trang,Highlands Coffee,Yes,Yes,Yes,Yes,No,4.0,50.0,200.0,Seg.02 - Mass Asp (VND 25K - VND 59K),27200,Bronze,3.0,2.0,2.0,3.0
458770,2018,Hồ Chí Minh,Highlands Coffee,Yes,Yes,Yes,No,No,3.0,55.0,165.0,Seg.02 - Mass Asp (VND 25K - VND 59K),27217,At-risk,2.0,1.0,2.0,2.0
458770,2018,Hồ Chí Minh,Trung Nguyên,Yes,Yes,No,No,No,0.0,0.0,0.0,,27218,Churn,1.0,0.0,0.0,1.0
458778,2018,Hồ Chí Minh,Highlands Coffee,Yes,Yes,Yes,Yes,No,10.0,50.0,500.0,Seg.02 - Mass Asp (VND 25K - VND 59K),27232,Gold,3.0,4.0,2.0,5.0
458782,2018,Đà Nẵng,The Coffee House,Yes,Yes,No,No,No,0.0,0.0,0.0,,27241,Churn,1.0,0.0,0.0,1.0
458782,2018,Đà Nẵng,Highlands Coffee,Yes,Yes,Yes,Yes,No,10.0,49.0,490.0,Seg.02 - Mass Asp (VND 25K - VND 59K),27244,Gold,3.0,4.0,2.0,5.0
458791,2018,Nha Trang,Highlands Coffee,Yes,Yes,Yes,No,No,3.0,49.0,147.0,Seg.02 - Mass Asp (VND 25K - VND 59K),27260,At-risk,2.0,1.0,2.0,2.0
458797,2018,Hồ Chí Minh,Trung Nguyên,Yes,Yes,No,No,No,0.0,0.0,0.0,,27265,Churn,1.0,0.0,0.0,1.0
458803,2018,Nha Trang,Highlands Coffee,Yes,Yes,Yes,No,No,1.0,59.0,59.0,Seg.02 - Mass Asp (VND 25K - VND 59K),27273,Silver,2.0,1.0,3.0,4.0
458807,2018,Nha Trang,Highlands Coffee,Yes,Yes,Yes,Yes,No,4.0,40.0,160.0,Seg.02 - Mass Asp (VND 25K - VND 59K),27274,Bronze,3.0,2.0,2.0,3.0
458847,2018,Nha Trang,Highlands Coffee,Yes,Yes,Yes,No,No,1.0,39.0,39.0,Seg.02 - Mass Asp (VND 25K - VND 59K),27287,At-risk,2.0,1.0,2.0,2.0
458884,2018,Đà Nẵng,The Coffee House,Yes,Yes,Yes,No,No,2.0,40.0,80.0,Seg.02 - Mass Asp (VND 25K - VND 59K),27300,At-risk,2.0,1.0,2.0,2.0
458884,2018,Đà Nẵng,Highlands Coffee,Yes,Yes,Yes,No,No,3.0,40.0,120.0,Seg.02 - Mass Asp (VND 25K - VND 59K),27301,At-risk,2.0,1.0,2.0,2.0
458907,2018,Hà Nội,Highlands Coffee,Yes,Yes,Yes,Yes,No,4.0,49.0,196.0,Seg.02 - Mass Asp (VND 25K - VND 59K),27343,Bronze,3.0,2.0,2.0,3.0
458909,2018,Nha Trang,Highlands Coffee,Yes,Yes,Yes,Yes,No,8.0,59.0,472.0,Seg.02 - Mass Asp (VND 25K - VND 59K),27350,Gold,3.0,4.0,3.0,5.0
458932,2018,Hồ Chí Minh,Highlands Coffee,Yes,Yes,Yes,Yes,No,4.0,55.0,220.0,Seg.02 - Mass Asp (VND 25K - VND 59K),27358,Bronze,3.0,2.0,2.0,3.0
458977,2018,Hồ Chí Minh,The Coffee House,Yes,Yes,No,No,No,0.0,0.0,0.0,,27388,Churn,1.0,0.0,0.0,1.0
458977,2018,Hồ Chí Minh,Highlands Coffee,Yes,Yes,No,No,No,0.0,0.0,0.0,,27394,Churn,1.0,0.0,0.0,1.0
459025,2018,Hồ Chí Minh,Highlands Coffee,Yes,Yes,Yes,No,No,3.0,49.0,147.0,Seg.02 - Mass Asp (VND 25K - VND 59K),27401,At-risk,2.0,1.0,2.0,2.0
459038,2018,Hà Nội,Highlands Coffee,Yes,Yes,Yes,No,No,1.0,36.0,36.0,Seg.02 - Mass Asp (VND 25K - VND 59K),27411,At-risk,2.0,1.0,2.0,2.0
459054,2018,Hà Nội,Cộng Cà Phê,Yes,Yes,Yes,Yes,No,5.0,45.0,225.0,Seg.02 - Mass Asp (VND 25K - VND 59K),27427,Bronze,3.0,2.0,2.0,3.0
459113,2018,Hồ Chí Minh,The Coffee House,Yes,Yes,Yes,Yes,No,4.0,70.0,280.0,Seg.03 - Premium (VND 60K - VND 99K),27438,Silver,3.0,2.0,3.0,4.0
459113,2018,Hồ Chí Minh,Highlands Coffee,Yes,Yes,No,No,No,0.0,0.0,0.0,,27439,Churn,1.0,0.0,0.0,1.0
459121,2018,Hà Nội,Highlands Coffee,Yes,Yes,No,No,No,0.0,0.0,0.0,,27456,Churn,1.0,0.0,0.0,1.0
459147,2018,Hồ Chí Minh,Phúc Long,Yes,Yes,Yes,No,No,2.0,45.0,90.0,Seg.02 - Mass Asp (VND 25K - VND 59K),27462,At-risk,2.0,1.0,2.0,2.0
459147,2018,Hồ Chí Minh,Highlands Coffee,Yes,Yes,Yes,Yes,No,4.0,29.0,116.0,Seg.02 - Mass Asp (VND 25K - VND 59K),27465,Bronze,3.0,2.0,1.0,3.0
459161,2018,Hồ Chí Minh,Highlands Coffee,Yes,Yes,Yes,No,No,2.0,55.0,110.0,Seg.02 - Mass Asp (VND 25K - VND 59K),27475,At-risk,2.0,1.0,2.0,2.0
459161,2018,Hồ Chí Minh,Phúc Long,Yes,Yes,No,No,No,0.0,0.0,0.0,,27477,Churn,1.0,0.0,0.0,1.0
459161,2018,Hồ Chí Minh,Starbucks,Yes,Yes,Yes,No,No,2.0,55.0,110.0,Seg.02 - Mass Asp (VND 25K - VND 59K),27480,At-risk,2.0,1.0,2.0,2.0
459274,2018,Hồ Chí Minh,Highlands Coffee,Yes,Yes,Yes,Yes,No,4.0,29.0,116.0,Seg.02 - Mass Asp (VND 25K - VND 59K),27491,Bronze,3.0,2.0,1.0,3.0
459289,2018,Đà Nẵng,Highlands Coffee,Yes,Yes,Yes,Yes,No,12.0,50.0,600.0,Seg.02 - Mass Asp (VND 25K - VND 59K),27503,Gold,3.0,4.0,2.0,5.0
459292,2018,Hà Nội,Highlands Coffee,Yes,Yes,Yes,Yes,No,4.0,29.0,116.0,Seg.02 - Mass Asp (VND 25K - VND 59K),27509,Bronze,3.0,2.0,1.0,3.0
459316,2018,Hồ Chí Minh,Starbucks,Yes,Yes,Yes,Yes,No,4.0,65.0,260.0,Seg.03 - Premium (VND 60K - VND 99K),27511,Silver,3.0,2.0,3.0,4.0
459316,2018,Hồ Chí Minh,Trung Nguyên,Yes,Yes,No,No,No,0.0,0.0,0.0,,27513,Churn,1.0,0.0,0.0,1.0
459356,2018,Hồ Chí Minh,Highlands Coffee,Yes,Yes,Yes,Yes,No,5.0,29.0,145.0,Seg.02 - Mass Asp (VND 25K - VND 59K),27528,Bronze,3.0,2.0,1.0,3.0
459480,2018,Hồ Chí Minh,Highlands Coffee,Yes,Yes,Yes,Yes,No,4.0,49.0,196.0,Seg.02 - Mass Asp (VND 25K - VND 59K),27529,Bronze,3.0,2.0,2.0,3.0
459480,2018,Hồ Chí Minh,Starbucks,Yes,Yes,No,No,No,0.0,0.0,0.0,,27533,Churn,1.0,0.0,0.0,1.0
459516,2018,Hà Nội,The Coffee House,Yes,Yes,No,No,No,0.0,0.0,0.0,,27553,Churn,1.0,0.0,0.0,1.0
459630,2018,Hồ Chí Minh,Highlands Coffee,Yes,Yes,No,No,No,0.0,0.0,0.0,,27561,Churn,1.0,0.0,0.0,1.0
459630,2018,Hồ Chí Minh,The Coffee House,Yes,Yes,Yes,Yes,No,5.0,40.0,200.0,Seg.02 - Mass Asp (VND 25K - VND 59K),27567,Bronze,3.0,2.0,2.0,3.0
459635,2018,Hồ Chí Minh,Highlands Coffee,Yes,Yes,No,No,No,0.0,0.0,0.0,,27579,Churn,1.0,0.0,0.0,1.0
459635,2018,Hồ Chí Minh,Phúc Long,Yes,Yes,Yes,Yes,No,8.0,45.0,360.0,Seg.02 - Mass Asp (VND 25K - VND 59K),27581,Gold,3.0,4.0,2.0,5.0
459636,2018,Hồ Chí Minh,Highlands Coffee,Yes,Yes,Yes,Yes,No,8.0,55.0,440.0,Seg.02 - Mass Asp (VND 25K - VND 59K),27584,Gold,3.0,4.0,2.0,5.0
459641,2018,Hồ Chí Minh,Highlands Coffee,Yes,Yes,No,No,No,0.0,0.0,0.0,,27590,Churn,1.0,0.0,0.0,1.0
459659,2018,Hà Nội,Cộng Cà Phê,Yes,Yes,Yes,No,No,3.0,45.0,135.0,Seg.02 - Mass Asp (VND 25K - VND 59K),27597,At-risk,2.0,1.0,2.0,2.0
459660,2018,Hà Nội,Cộng Cà Phê,Yes,Yes,No,No,No,0.0,0.0,0.0,,27602,Churn,1.0,0.0,0.0,1.0
459660,2018,Hà Nội,The Coffee House,Yes,Yes,No,No,No,0.0,0.0,0.0,,27606,Churn,1.0,0.0,0.0,1.0
459661,2018,Hà Nội,The Coffee House,Yes,Yes,No,No,No,0.0,0.0,0.0,,27612,Churn,1.0,0.0,0.0,1.0
459676,2018,Hà Nội,Trung Nguyên,Yes,Yes,Yes,No,No,3.0,30.0,90.0,Seg.02 - Mass Asp (VND 25K - VND 59K),27624,At-risk,2.0,1.0,1.0,2.0
459676,2018,Hà Nội,Cộng Cà Phê,Yes,Yes,No,No,No,0.0,0.0,0.0,,27627,Churn,1.0,0.0,0.0,1.0
459676,2018,Hà Nội,Highlands Coffee,Yes,Yes,Yes,No,No,2.0,39.0,78.0,Seg.02 - Mass Asp (VND 25K - VND 59K),27628,At-risk,2.0,1.0,2.0,2.0
459681,2018,Hồ Chí Minh,Highlands Coffee,Yes,Yes,Yes,No,No,3.0,60.0,180.0,Seg.03 - Premium (VND 60K - VND 99K),27638,Silver,2.0,1.0,3.0,4.0
459682,2018,Hồ Chí Minh,Highlands Coffee,Yes,Yes,Yes,Yes,No,4.0,40.0,160.0,Seg.02 - Mass Asp (VND 25K - VND 59K),27649,Bronze,3.0,2.0,2.0,3.0
459693,2018,Hồ Chí Minh,Highlands Coffee,Yes,Yes,No,No,No,0.0,0.0,0.0,,27650,Churn,1.0,0.0,0.0,1.0
459706,2018,Hồ Chí Minh,Highlands Coffee,Yes,Yes,No,No,No,0.0,0.0,0.0,,27656,Churn,1.0,0.0,0.0,1.0
459709,2018,Hồ Chí Minh,Highlands Coffee,Yes,Yes,Yes,Yes,No,5.0,39.0,195.0,Seg.02 - Mass Asp (VND 25K - VND 59K),27666,Bronze,3.0,2.0,2.0,3.0
459712,2018,Hồ Chí Minh,Highlands Coffee,Yes,Yes,No,No,No,0.0,0.0,0.0,,27675,Churn,1.0,0.0,0.0,1.0
459712,2018,Hồ Chí Minh,Trung Nguyên,Yes,Yes,No,No,No,0.0,0.0,0.0,,27677,Churn,1.0,0.0,0.0,1.0
459780,2018,Hà Nội,Highlands Coffee,Yes,Yes,No,No,No,0.0,0.0,0.0,,27686,Churn,1.0,0.0,0.0,1.0
459783,2018,Hà Nội,Cộng Cà Phê,Yes,Yes,No,No,No,0.0,0.0,0.0,,27693,Churn,1.0,0.0,0.0,1.0
459806,2018,Hồ Chí Minh,Highlands Coffee,Yes,Yes,Yes,No,No,2.0,50.0,100.0,Seg.02 - Mass Asp (VND 25K - VND 59K),27703,At-risk,2.0,1.0,2.0,2.0
459806,2018,Hồ Chí Minh,The Coffee House,Yes,Yes,No,No,No,0.0,0.0,0.0,,27708,Churn,1.0,0.0,0.0,1.0
459811,2018,Hồ Chí Minh,Highlands Coffee,Yes,Yes,Yes,Yes,Yes,25.0,50.0,1250.0,Seg.02 - Mass Asp (VND 25K - VND 59K),27717,Gold,4.0,4.0,2.0,5.0
459834,2018,Hà Nội,Highlands Coffee,Yes,Yes,Yes,Yes,No,6.0,50.0,300.0,Seg.02 - Mass Asp (VND 25K - VND 59K),27721,Bronze,3.0,3.0,2.0,3.0
459834,2018,Hà Nội,Cộng Cà Phê,Yes,Yes,Yes,Yes,No,4.0,50.0,200.0,Seg.02 - Mass Asp (VND 25K - VND 59K),27726,Bronze,3.0,2.0,2.0,3.0
459877,2018,Hồ Chí Minh,Highlands Coffee,Yes,Yes,No,No,No,0.0,0.0,0.0,,27728,Churn,1.0,0.0,0.0,1.0
459877,2018,Hồ Chí Minh,Trung Nguyên,Yes,Yes,No,No,No,0.0,0.0,0.0,,27730,Churn,1.0,0.0,0.0,1.0
459884,2018,Hồ Chí Minh,Highlands Coffee,Yes,Yes,No,No,No,0.0,0.0,0.0,,27732,Churn,1.0,0.0,0.0,1.0
459898,2018,Đà Nẵng,Highlands Coffee,Yes,Yes,Yes,Yes,No,10.0,49.0,490.0,Seg.02 - Mass Asp (VND 25K - VND 59K),27746,Gold,3.0,4.0,2.0,5.0
459898,2018,Đà Nẵng,The Coffee House,Yes,Yes,No,No,No,0.0,0.0,0.0,,27748,Churn,1.0,0.0,0.0,1.0
459927,2018,Hà Nội,Cộng Cà Phê,Yes,Yes,Yes,No,No,2.0,50.0,100.0,Seg.02 - Mass Asp (VND 25K - VND 59K),27761,At-risk,2.0,1.0,2.0,2.0
459927,2018,Hà Nội,Highlands Coffee,Yes,Yes,Yes,Yes,No,8.0,39.0,312.0,Seg.02 - Mass Asp (VND 25K - VND 59K),27764,Gold,3.0,4.0,2.0,5.0
459934,2018,Hà Nội,Cộng Cà Phê,Yes,Yes,Yes,No,No,1.0,40.0,40.0,Seg.02 - Mass Asp (VND 25K - VND 59K),27776,At-risk,2.0,1.0,2.0,2.0
459935,2018,Hà Nội,Trung Nguyên,Yes,Yes,No,No,No,0.0,0.0,0.0,,27783,Churn,1.0,0.0,0.0,1.0
459969,2018,Đà Nẵng,Trung Nguyên,Yes,Yes,No,No,No,0.0,0.0,0.0,,27794,Churn,1.0,0.0,0.0,1.0
459970,2018,Hà Nội,The Coffee House,Yes,Yes,Yes,No,No,1.0,45.0,45.0,Seg.02 - Mass Asp (VND 25K - VND 59K),27799,At-risk,2.0,1.0,2.0,2.0
459970,2018,Hà Nội,Highlands Coffee,Yes,Yes,Yes,No,No,3.0,50.0,150.0,Seg.02 - Mass Asp (VND 25K - VND 59K),27802,At-risk,2.0,1.0,2.0,2.0
459972,2018,Hà Nội,Cộng Cà Phê,Yes,Yes,Yes,No,No,1.0,40.0,40.0,Seg.02 - Mass Asp (VND 25K - VND 59K),27811,At-risk,2.0,1.0,2.0,2.0
459972,2018,Hà Nội,Highlands Coffee,Yes,Yes,No,No,No,0.0,0.0,0.0,,27815,Churn,1.0,0.0,0.0,1.0
459972,2018,Hà Nội,The Coffee House,Yes,Yes,Yes,No,No,3.0,45.0,135.0,Seg.02 - Mass Asp (VND 25K - VND 59K),27818,At-risk,2.0,1.0,2.0,2.0
459974,2018,Hà Nội,Highlands Coffee,Yes,Yes,Yes,No,No,3.0,50.0,150.0,Seg.02 - Mass Asp (VND 25K - VND 59K),27829,At-risk,2.0,1.0,2.0,2.0
459975,2018,Hà Nội,Highlands Coffee,Yes,Yes,Yes,No,No,2.0,55.0,110.0,Seg.02 - Mass Asp (VND 25K - VND 59K),27838,At-risk,2.0,1.0,2.0,2.0
459985,2018,Đà Nẵng,Highlands Coffee,Yes,Yes,Yes,Yes,No,10.0,39.0,390.0,Seg.02 - Mass Asp (VND 25K - VND 59K),27849,Gold,3.0,4.0,2.0,5.0
460006,2018,Hà Nội,Starbucks,Yes,Yes,Yes,Yes,No,4.0,110.0,440.0,Seg.04 - Super Premium (VND 100K+),27859,Silver,3.0,2.0,4.0,4.0
460006,2018,Hà Nội,Cộng Cà Phê,Yes,Yes,Yes,Yes,No,6.0,65.0,390.0,Seg.03 - Premium (VND 60K - VND 99K),27860,Gold,3.0,3.0,3.0,5.0
460007,2018,Hà Nội,Trung Nguyên,Yes,Yes,No,No,No,0.0,0.0,0.0,,27863,Churn,1.0,0.0,0.0,1.0
460008,2018,Hà Nội,The Coffee House,Yes,Yes,Yes,No,No,3.0,55.0,165.0,Seg.02 - Mass Asp (VND 25K - VND 59K),27869,At-risk,2.0,1.0,2.0,2.0
460009,2018,Hà Nội,Trung Nguyên,Yes,Yes,No,No,No,0.0,0.0,0.0,,27877,Churn,1.0,0.0,0.0,1.0
460009,2018,Hà Nội,Cộng Cà Phê,Yes,Yes,Yes,No,No,3.0,30.0,90.0,Seg.02 - Mass Asp (VND 25K - VND 59K),27881,At-risk,2.0,1.0,1.0,2.0
460010,2018,Hà Nội,Highlands Coffee,Yes,Yes,Yes,No,No,1.0,65.0,65.0,Seg.03 - Premium (VND 60K - VND 99K),27883,Silver,2.0,1.0,3.0,4.0
460010,2018,Hà Nội,The Coffee House,Yes,Yes,No,No,No,0.0,0.0,0.0,,27889,Churn,1.0,0.0,0.0,1.0
460031,2018,Hà Nội,Highlands Coffee,Yes,Yes,Yes,Yes,No,7.0,49.0,343.0,Seg.02 - Mass Asp (VND 25K - VND 59K),27892,Bronze,3.0,3.0,2.0,3.0
460031,2018,Hà Nội,Trung Nguyên,Yes,Yes,No,No,No,0.0,0.0,0.0,,27897,Churn,1.0,0.0,0.0,1.0
460061,2018,Hà Nội,The Coffee House,Yes,Yes,No,No,No,0.0,0.0,0.0,,27909,Churn,1.0,0.0,0.0,1.0
460061,2018,Hà Nội,Cộng Cà Phê,Yes,Yes,Yes,No,No,3.0,35.0,105.0,Seg.02 - Mass Asp (VND 25K - VND 59K),27911,At-risk,2.0,1.0,1.0,2.0
460061,2018,Hà Nội,Highlands Coffee,Yes,Yes,Yes,Yes,No,6.0,65.0,390.0,Seg.03 - Premium (VND 60K - VND 99K),27914,Gold,3.0,3.0,3.0,5.0
460063,2018,Hà Nội,Cộng Cà Phê,Yes,Yes,No,No,No,0.0,0.0,0.0,,27916,Churn,1.0,0.0,0.0,1.0
460063,2018,Hà Nội,Trung Nguyên,Yes,Yes,No,No,No,0.0,0.0,0.0,,27917,Churn,1.0,0.0,0.0,1.0
460080,2018,Đà Nẵng,The Coffee House,Yes,Yes,Yes,Yes,No,5.0,45.0,225.0,Seg.02 - Mass Asp (VND 25K - VND 59K),27930,Bronze,3.0,2.0,2.0,3.0
460094,2018,Đà Nẵng,Highlands Coffee,Yes,Yes,Yes,Yes,No,9.0,49.0,441.0,Seg.02 - Mass Asp (VND 25K - VND 59K),27935,Gold,3.0,4.0,2.0,5.0
460096,2018,Hà Nội,Trung Nguyên,Yes,Yes,Yes,Yes,No,12.0,35.0,420.0,Seg.02 - Mass Asp (VND 25K - VND 59K),27938,Gold,3.0,4.0,1.0,5.0
460096,2018,Hà Nội,Cộng Cà Phê,Yes,Yes,Yes,No,No,3.0,35.0,105.0,Seg.02 - Mass Asp (VND 25K - VND 59K),27945,At-risk,2.0,1.0,1.0,2.0
460140,2018,Đà Nẵng,Highlands Coffee,Yes,Yes,Yes,Yes,No,10.0,50.0,500.0,Seg.02 - Mass Asp (VND 25K - VND 59K),27947,Gold,3.0,4.0,2.0,5.0
460141,2018,Hà Nội,Highlands Coffee,Yes,Yes,Yes,Yes,No,5.0,50.0,250.0,Seg.02 - Mass Asp (VND 25K - VND 59K),27958,Bronze,3.0,2.0,2.0,3.0
460141,2018,Hà Nội,Trung Nguyên,Yes,Yes,No,No,No,0.0,0.0,0.0,,27959,Churn,1.0,0.0,0.0,1.0
460160,2018,Hà Nội,Highlands Coffee,Yes,Yes,No,No,No,0.0,0.0,0.0,,27965,Churn,1.0,0.0,0.0,1.0
460160,2018,Hà Nội,The Coffee House,Yes,Yes,Yes,No,No,1.0,30.0,30.0,Seg.02 - Mass Asp (VND 25K - VND 59K),27967,At-risk,2.0,1.0,1.0,2.0
460160,2018,Hà Nội,Cộng Cà Phê,Yes,Yes,Yes,No,No,2.0,35.0,70.0,Seg.02 - Mass Asp (VND 25K - VND 59K),27970,At-risk,2.0,1.0,1.0,2.0
460164,2018,Hồ Chí Minh,Highlands Coffee,Yes,Yes,Yes,Yes,No,4.0,49.0,196.0,Seg.02 - Mass Asp (VND 25K - VND 59K),27971,Bronze,3.0,2.0,2.0,3.0
460164,2018,Hồ Chí Minh,Phúc Long,Yes,Yes,No,No,No,0.0,0.0,0.0,,27972,Churn,1.0,0.0,0.0,1.0
460164,2018,Hồ Chí Minh,Trung Nguyên,Yes,Yes,No,No,No,0.0,0.0,0.0,,27973,Churn,1.0,0.0,0.0,1.0
460166,2018,Hồ Chí Minh,Highlands Coffee,Yes,Yes,Yes,Yes,No,10.0,55.0,550.0,Seg.02 - Mass Asp (VND 25K - VND 59K),27979,Gold,3.0,4.0,2.0,5.0
460166,2018,Hồ Chí Minh,Trung Nguyên,Yes,Yes,No,No,No,0.0,0.0,0.0,,27983,Churn,1.0,0.0,0.0,1.0
460170,2018,Đà Nẵng,The Coffee House,Yes,Yes,Yes,No,No,3.0,78.0,234.0,Seg.03 - Premium (VND 60K - VND 99K),27984,Silver,2.0,1.0,3.0,4.0
460170,2018,Đà Nẵng,Highlands Coffee,Yes,Yes,Yes,Yes,No,10.0,120.0,1200.0,Seg.04 - Super Premium (VND 100K+),27989,Gold,3.0,4.0,4.0,5.0
460172,2018,Đà Nẵng,Highlands Coffee,Yes,Yes,Yes,Yes,No,15.0,29.0,435.0,Seg.02 - Mass Asp (VND 25K - VND 59K),27993,Gold,3.0,4.0,1.0,5.0
460180,2018,Hà Nội,Cộng Cà Phê,Yes,Yes,No,No,No,0.0,0.0,0.0,,27997,Churn,1.0,0.0,0.0,1.0
460180,2018,Hà Nội,Highlands Coffee,Yes,Yes,No,No,No,0.0,0.0,0.0,,28002,Churn,1.0,0.0,0.0,1.0
460192,2018,Đà Nẵng,Highlands Coffee,Yes,Yes,No,No,No,0.0,0.0,0.0,,28009,Churn,1.0,0.0,0.0,1.0
460192,2018,Đà Nẵng,Trung Nguyên,Yes,Yes,Yes,No,No,2.0,35.0,70.0,Seg.02 - Mass Asp (VND 25K - VND 59K),28016,At-risk,2.0,1.0,1.0,2.0
460194,2018,Hà Nội,Trung Nguyên,Yes,Yes,No,No,No,0.0,0.0,0.0,,28026,Churn,1.0,0.0,0.0,1.0
460194,2018,Hà Nội,Cộng Cà Phê,Yes,Yes,No,No,No,0.0,0.0,0.0,,28028,Churn,1.0,0.0,0.0,1.0
460194,2018,Hà Nội,Highlands Coffee,Yes,Yes,Yes,Yes,No,4.0,55.0,220.0,Seg.02 - Mass Asp (VND 25K - VND 59K),28029,Bronze,3.0,2.0,2.0,3.0
460207,2018,Đà Nẵng,Highlands Coffee,Yes,Yes,Yes,Yes,No,4.0,100.0,400.0,Seg.04 - Super Premium (VND 100K+),28036,Silver,3.0,2.0,4.0,4.0
460215,2018,Đà Nẵng,Highlands Coffee,Yes,Yes,Yes,Yes,No,4.0,50.0,200.0,Seg.02 - Mass Asp (VND 25K - VND 59K),28051,Bronze,3.0,2.0,2.0,3.0
460215,2018,Đà Nẵng,The Coffee House,Yes,Yes,Yes,No,No,2.0,45.0,90.0,Seg.02 - Mass Asp (VND 25K - VND 59K),28052,At-risk,2.0,1.0,2.0,2.0
460218,2018,Hà Nội,Highlands Coffee,Yes,Yes,No,No,No,0.0,0.0,0.0,,28054,Churn,1.0,0.0,0.0,1.0
460218,2018,Hà Nội,Cộng Cà Phê,Yes,Yes,No,No,No,0.0,0.0,0.0,,28055,Churn,1.0,0.0,0.0,1.0
460219,2018,Hà Nội,Cộng Cà Phê,Yes,Yes,Yes,No,No,1.0,40.0,40.0,Seg.02 - Mass Asp (VND 25K - VND 59K),28064,At-risk,2.0,1.0,2.0,2.0
460219,2018,Hà Nội,Highlands Coffee,Yes,Yes,Yes,Yes,No,5.0,50.0,250.0,Seg.02 - Mass Asp (VND 25K - VND 59K),28069,Bronze,3.0,2.0,2.0,3.0
460221,2018,Đà Nẵng,Highlands Coffee,Yes,Yes,Yes,Yes,No,4.0,50.0,200.0,Seg.02 - Mass Asp (VND 25K - VND 59K),28072,Bronze,3.0,2.0,2.0,3.0
460225,2018,Hồ Chí Minh,Trung Nguyên,Yes,Yes,No,No,No,0.0,0.0,0.0,,28087,Churn,1.0,0.0,0.0,1.0
460225,2018,Hồ Chí Minh,Highlands Coffee,Yes,Yes,No,No,No,0.0,0.0,0.0,,28090,Churn,1.0,0.0,0.0,1.0
460226,2018,Hồ Chí Minh,Highlands Coffee,Yes,Yes,No,No,No,0.0,0.0,0.0,,28091,Churn,1.0,0.0,0.0,1.0
460226,2018,Hồ Chí Minh,Trung Nguyên,Yes,Yes,No,No,No,0.0,0.0,0.0,,28092,Churn,1.0,0.0,0.0,1.0
460231,2018,Đà Nẵng,Trung Nguyên,Yes,Yes,No,No,No,0.0,0.0,0.0,,28107,Churn,1.0,0.0,0.0,1.0
460231,2018,Đà Nẵng,Highlands Coffee,Yes,Yes,No,No,No,0.0,0.0,0.0,,28108,Churn,1.0,0.0,0.0,1.0
460235,2018,Đà Nẵng,Highlands Coffee,Yes,Yes,Yes,Yes,No,4.0,78.0,312.0,Seg.03 - Premium (VND 60K - VND 99K),28118,Silver,3.0,2.0,3.0,4.0
460247,2018,Đà Nẵng,Highlands Coffee,Yes,Yes,No,No,No,0.0,0.0,0.0,,28124,Churn,1.0,0.0,0.0,1.0
460255,2018,Đà Nẵng,Highlands Coffee,Yes,Yes,Yes,Yes,No,4.0,100.0,400.0,Seg.04 - Super Premium (VND 100K+),28135,Silver,3.0,2.0,4.0,4.0
460260,2018,Đà Nẵng,Highlands Coffee,Yes,Yes,Yes,Yes,No,5.0,120.0,600.0,Seg.04 - Super Premium (VND 100K+),28149,Silver,3.0,2.0,4.0,4.0
460263,2018,Đà Nẵng,Cộng Cà Phê,Yes,Yes,No,No,No,0.0,0.0,0.0,,28150,Churn,1.0,0.0,0.0,1.0
460263,2018,Đà Nẵng,Phúc Long,Yes,Yes,Yes,No,No,1.0,55.0,55.0,Seg.02 - Mass Asp (VND 25K - VND 59K),28151,At-risk,2.0,1.0,2.0,2.0
460263,2018,Đà Nẵng,Highlands Coffee,Yes,Yes,Yes,No,No,1.0,50.0,50.0,Seg.02 - Mass Asp (VND 25K - VND 59K),28158,At-risk,2.0,1.0,2.0,2.0
460263,2018,Đà Nẵng,Trung Nguyên,Yes,Yes,No,No,No,0.0,0.0,0.0,,28159,Churn,1.0,0.0,0.0,1.0
460263,2018,Đà Nẵng,The Coffee House,Yes,Yes,Yes,No,No,1.0,60.0,60.0,Seg.03 - Premium (VND 60K - VND 99K),28162,Silver,2.0,1.0,3.0,4.0
460264,2018,Hồ Chí Minh,Highlands Coffee,Yes,Yes,Yes,No,No,2.0,60.0,120.0,Seg.03 - Premium (VND 60K - VND 99K),28166,Silver,2.0,1.0,3.0,4.0
460265,2018,Hồ Chí Minh,Highlands Coffee,Yes,Yes,Yes,No,No,2.0,60.0,120.0,Seg.03 - Premium (VND 60K - VND 99K),28169,Silver,2.0,1.0,3.0,4.0
460279,2018,Hồ Chí Minh,Highlands Coffee,Yes,Yes,No,No,No,0.0,0.0,0.0,,28181,Churn,1.0,0.0,0.0,1.0
460281,2018,Đà Nẵng,Highlands Coffee,Yes,Yes,No,No,No,0.0,0.0,0.0,,28187,Churn,1.0,0.0,0.0,1.0
460289,2018,Đà Nẵng,Trung Nguyên,Yes,Yes,Yes,No,No,3.0,32.0,96.0,Seg.02 - Mass Asp (VND 25K - VND 59K),28206,At-risk,2.0,1.0,1.0,2.0
460289,2018,Đà Nẵng,Highlands Coffee,Yes,Yes,No,No,No,0.0,0.0,0.0,,28207,Churn,1.0,0.0,0.0,1.0
460309,2018,Đà Nẵng,The Coffee House,Yes,Yes,Yes,Yes,No,4.0,49.0,196.0,Seg.02 - Mass Asp (VND 25K - VND 59K),28225,Bronze,3.0,2.0,2.0,3.0
460334,2018,Đà Nẵng,Highlands Coffee,Yes,Yes,Yes,No,No,2.0,45.0,90.0,Seg.02 - Mass Asp (VND 25K - VND 59K),28233,At-risk,2.0,1.0,2.0,2.0
460334,2018,Đà Nẵng,The Coffee House,Yes,Yes,No,No,No,0.0,0.0,0.0,,28235,Churn,1.0,0.0,0.0,1.0
460358,2018,Đà Nẵng,Highlands Coffee,Yes,Yes,Yes,Yes,No,4.0,50.0,200.0,Seg.02 - Mass Asp (VND 25K - VND 59K),28246,Bronze,3.0,2.0,2.0,3.0
460360,2018,Đà Nẵng,Highlands Coffee,Yes,Yes,Yes,No,No,3.0,49.0,147.0,Seg.02 - Mass Asp (VND 25K - VND 59K),28251,At-risk,2.0,1.0,2.0,2.0
460360,2018,Đà Nẵng,Phúc Long,Yes,Yes,Yes,No,No,1.0,60.0,60.0,Seg.03 - Premium (VND 60K - VND 99K),28252,Silver,2.0,1.0,3.0,4.0
460360,2018,Đà Nẵng,The Coffee House,Yes,Yes,No,No,No,0.0,0.0,0.0,,28254,Churn,1.0,0.0,0.0,1.0
460360,2018,Đà Nẵng,Starbucks,Yes,Yes,Yes,No,No,1.0,120.0,120.0,Seg.04 - Super Premium (VND 100K+),28255,Silver,2.0,1.0,4.0,4.0
460360,2018,Đà Nẵng,Trung Nguyên,Yes,Yes,No,No,No,0.0,0.0,0.0,,28263,Churn,1.0,0.0,0.0,1.0
460364,2018,Đà Nẵng,The Coffee House,Yes,Yes,No,No,No,0.0,0.0,0.0,,28266,Churn,1.0,0.0,0.0,1.0
460364,2018,Đà Nẵng,Highlands Coffee,Yes,Yes,Yes,Yes,No,4.0,120.0,480.0,Seg.04 - Super Premium (VND 100K+),28268,Silver,3.0,2.0,4.0,4.0
460364,2018,Đà Nẵng,Trung Nguyên,Yes,Yes,No,No,No,0.0,0.0,0.0,,28269,Churn,1.0,0.0,0.0,1.0
460367,2018,Đà Nẵng,Highlands Coffee,Yes,Yes,Yes,Yes,No,6.0,40.0,240.0,Seg.02 - Mass Asp (VND 25K - VND 59K),28273,Bronze,3.0,3.0,2.0,3.0
460380,2018,Đà Nẵng,Trung Nguyên,Yes,Yes,No,No,No,0.0,0.0,0.0,,28279,Churn,1.0,0.0,0.0,1.0
460393,2018,Đà Nẵng,Highlands Coffee,Yes,Yes,Yes,Yes,No,4.0,100.0,400.0,Seg.04 - Super Premium (VND 100K+),28285,Silver,3.0,2.0,4.0,4.0
460393,2018,Đà Nẵng,The Coffee House,Yes,Yes,Yes,No,No,1.0,78.0,78.0,Seg.03 - Premium (VND 60K - VND 99K),28287,Silver,2.0,1.0,3.0,4.0
460398,2018,Đà Nẵng,Highlands Coffee,Yes,Yes,Yes,Yes,No,6.0,50.0,300.0,Seg.02 - Mass Asp (VND 25K - VND 59K),28292,Bronze,3.0,3.0,2.0,3.0
460398,2018,Đà Nẵng,The Coffee House,Yes,Yes,Yes,No,No,1.0,50.0,50.0,Seg.02 - Mass Asp (VND 25K - VND 59K),28293,At-risk,2.0,1.0,2.0,2.0
460404,2018,Đà Nẵng,Highlands Coffee,Yes,Yes,Yes,No,No,3.0,40.0,120.0,Seg.02 - Mass Asp (VND 25K - VND 59K),28305,At-risk,2.0,1.0,2.0,2.0
460422,2018,Đà Nẵng,Highlands Coffee,Yes,Yes,No,No,No,0.0,0.0,0.0,,28312,Churn,1.0,0.0,0.0,1.0
460426,2018,Đà Nẵng,Highlands Coffee,Yes,Yes,No,No,No,0.0,0.0,0.0,,28324,Churn,1.0,0.0,0.0,1.0
460442,2018,Đà Nẵng,Highlands Coffee,Yes,Yes,Yes,Yes,No,4.0,50.0,200.0,Seg.02 - Mass Asp (VND 25K - VND 59K),28333,Bronze,3.0,2.0,2.0,3.0
460455,2018,Đà Nẵng,Highlands Coffee,Yes,Yes,Yes,Yes,No,8.0,50.0,400.0,Seg.02 - Mass Asp (VND 25K - VND 59K),28341,Gold,3.0,4.0,2.0,5.0
462776,2018,Hải Phòng,Highlands Coffee,Yes,Yes,Yes,Yes,No,15.0,69.0,1035.0,Seg.03 - Premium (VND 60K - VND 99K),28351,Gold,3.0,4.0,3.0,5.0
462884,2018,Hải Phòng,Starbucks,Yes,Yes,No,No,No,0.0,0.0,0.0,,28356,Churn,1.0,0.0,0.0,1.0
462884,2018,Hải Phòng,Highlands Coffee,Yes,Yes,Yes,Yes,No,4.0,50.0,200.0,Seg.02 - Mass Asp (VND 25K - VND 59K),28358,Bronze,3.0,2.0,2.0,3.0
462930,2018,Hải Phòng,Highlands Coffee,Yes,Yes,Yes,No,No,2.0,60.0,120.0,Seg.03 - Premium (VND 60K - VND 99K),28360,Silver,2.0,1.0,3.0,4.0
462930,2018,Hải Phòng,Starbucks,Yes,Yes,No,No,No,0.0,0.0,0.0,,28364,Churn,1.0,0.0,0.0,1.0
463037,2018,Hải Phòng,Highlands Coffee,Yes,Yes,Yes,No,No,3.0,120.0,360.0,Seg.04 - Super Premium (VND 100K+),28370,Silver,2.0,1.0,4.0,4.0
709124,2019,Đà Nẵng,Highlands Coffee,Yes,Yes,Yes,No,No,2.0,50.0,100.0,Seg.02 - Mass Asp (VND 25K - VND 59K),28373,At-risk,2.0,1.0,2.0,2.0
709124,2019,Đà Nẵng,Phúc Long,Yes,Yes,Yes,No,No,1.0,45.0,45.0,Seg.02 - Mass Asp (VND 25K - VND 59K),28380,At-risk,2.0,1.0,2.0,2.0
709124,2019,Đà Nẵng,The Coffee House,Yes,Yes,Yes,No,No,1.0,38.0,38.0,Seg.02 - Mass Asp (VND 25K - VND 59K),28384,At-risk,2.0,1.0,2.0,2.0
709124,2019,Đà Nẵng,Trung Nguyên,Yes,Yes,No,No,No,0.0,0.0,0.0,,28388,Churn,1.0,0.0,0.0,1.0
709345,2019,Đà Nẵng,Phúc Long,Yes,Yes,Yes,No,No,2.0,70.0,140.0,Seg.03 - Premium (VND 60K - VND 99K),28391,Silver,2.0,1.0,3.0,4.0
709345,2019,Đà Nẵng,Highlands Coffee,Yes,Yes,Yes,Yes,No,10.0,40.0,400.0,Seg.02 - Mass Asp (VND 25K - VND 59K),28393,Gold,3.0,4.0,2.0,5.0
709345,2019,Đà Nẵng,Trung Nguyên,Yes,Yes,Yes,Yes,No,5.0,20.0,100.0,Seg.01 - Mass (<VND 25K),28400,Bronze,3.0,2.0,1.0,3.0
709345,2019,Đà Nẵng,Cộng Cà Phê,Yes,Yes,Yes,No,No,1.0,20.0,20.0,Seg.01 - Mass (<VND 25K),28402,At-risk,2.0,1.0,1.0,2.0
709345,2019,Đà Nẵng,The Coffee House,Yes,Yes,Yes,No,No,3.0,50.0,150.0,Seg.02 - Mass Asp (VND 25K - VND 59K),28404,At-risk,2.0,1.0,2.0,2.0
709345,2019,Đà Nẵng,Starbucks,Yes,Yes,Yes,No,No,1.0,100.0,100.0,Seg.04 - Super Premium (VND 100K+),28407,Silver,2.0,1.0,4.0,4.0
724358,2019,Đà Nẵng,Trung Nguyên,Yes,Yes,Yes,Yes,No,4.0,40.0,160.0,Seg.02 - Mass Asp (VND 25K - VND 59K),28420,Bronze,3.0,2.0,2.0,3.0
724898,2019,Đà Nẵng,Highlands Coffee,Yes,Yes,Yes,No,No,2.0,100.0,200.0,Seg.04 - Super Premium (VND 100K+),28423,Silver,2.0,1.0,4.0,4.0
724898,2019,Đà Nẵng,Cộng Cà Phê,Yes,Yes,Yes,No,No,2.0,70.0,140.0,Seg.03 - Premium (VND 60K - VND 99K),28426,Silver,2.0,1.0,3.0,4.0
725076,2019,Hải Phòng,Highlands Coffee,Yes,Yes,Yes,No,No,1.0,39.0,39.0,Seg.02 - Mass Asp (VND 25K - VND 59K),28443,At-risk,2.0,1.0,2.0,2.0
726111,2019,Hà Nội,The Coffee House,Yes,Yes,No,No,No,0.0,0.0,0.0,,28486,Churn,1.0,0.0,0.0,1.0
726329,2019,Hải Phòng,Highlands Coffee,Yes,Yes,No,No,No,0.0,0.0,0.0,,28490,Churn,1.0,0.0,0.0,1.0
726771,2019,Hải Phòng,Highlands Coffee,Yes,Yes,Yes,No,No,1.0,39.0,39.0,Seg.02 - Mass Asp (VND 25K - VND 59K),28504,At-risk,2.0,1.0,2.0,2.0
727015,2019,Hà Nội,Cộng Cà Phê,Yes,Yes,Yes,Yes,No,4.0,60.0,240.0,Seg.03 - Premium (VND 60K - VND 99K),28524,Silver,3.0,2.0,3.0,4.0
727331,2019,Hải Phòng,Highlands Coffee,Yes,Yes,Yes,No,No,2.0,39.0,78.0,Seg.02 - Mass Asp (VND 25K - VND 59K),28534,At-risk,2.0,1.0,2.0,2.0
727611,2019,Hà Nội,Cộng Cà Phê,Yes,Yes,Yes,Yes,No,6.0,70.0,420.0,Seg.03 - Premium (VND 60K - VND 99K),28560,Gold,3.0,3.0,3.0,5.0
727622,2019,Hải Phòng,Highlands Coffee,Yes,Yes,Yes,No,No,3.0,70.0,210.0,Seg.03 - Premium (VND 60K - VND 99K),28566,Silver,2.0,1.0,3.0,4.0
727642,2019,Nha Trang,Trung Nguyên,Yes,Yes,Yes,Yes,No,7.0,20.0,140.0,Seg.01 - Mass (<VND 25K),28571,Bronze,3.0,3.0,1.0,3.0
727650,2019,Hà Nội,Cộng Cà Phê,Yes,Yes,Yes,Yes,No,6.0,40.0,240.0,Seg.02 - Mass Asp (VND 25K - VND 59K),28574,Bronze,3.0,3.0,2.0,3.0
727650,2019,Hà Nội,Highlands Coffee,Yes,Yes,Yes,No,No,1.0,50.0,50.0,Seg.02 - Mass Asp (VND 25K - VND 59K),28575,At-risk,2.0,1.0,2.0,2.0
727861,2019,Hải Phòng,Highlands Coffee,Yes,Yes,Yes,No,No,1.0,39.0,39.0,Seg.02 - Mass Asp (VND 25K - VND 59K),28590,At-risk,2.0,1.0,2.0,2.0
728002,2019,Hà Nội,Highlands Coffee,Yes,Yes,Yes,No,No,1.0,60.0,60.0,Seg.03 - Premium (VND 60K - VND 99K),28621,Silver,2.0,1.0,3.0,4.0
728113,2019,Hà Nội,Cộng Cà Phê,Yes,Yes,Yes,Yes,No,6.0,45.0,270.0,Seg.02 - Mass Asp (VND 25K - VND 59K),28632,Bronze,3.0,3.0,2.0,3.0
728177,2019,Hà Nội,Highlands Coffee,Yes,Yes,Yes,Yes,No,9.0,50.0,450.0,Seg.02 - Mass Asp (VND 25K - VND 59K),28652,Gold,3.0,4.0,2.0,5.0
728177,2019,Hà Nội,The Coffee House,Yes,Yes,No,No,No,0.0,0.0,0.0,,28654,Churn,1.0,0.0,0.0,1.0
728177,2019,Hà Nội,Cộng Cà Phê,Yes,Yes,No,No,No,0.0,0.0,0.0,,28657,Churn,1.0,0.0,0.0,1.0
728697,2019,Đà Nẵng,Highlands Coffee,Yes,Yes,No,No,No,0.0,0.0,0.0,,28669,Churn,1.0,0.0,0.0,1.0
729019,2019,Hồ Chí Minh,Highlands Coffee,Yes,Yes,No,No,No,0.0,0.0,0.0,,28680,Churn,1.0,0.0,0.0,1.0
729070,2019,Đà Nẵng,Highlands Coffee,Yes,Yes,Yes,No,No,1.0,39.0,39.0,Seg.02 - Mass Asp (VND 25K - VND 59K),28701,At-risk,2.0,1.0,2.0,2.0
729081,2019,Hà Nội,Highlands Coffee,Yes,Yes,No,No,No,0.0,0.0,0.0,,28706,Churn,1.0,0.0,0.0,1.0
729112,2019,Hà Nội,Highlands Coffee,Yes,Yes,No,No,No,0.0,0.0,0.0,,28714,Churn,1.0,0.0,0.0,1.0
729274,2019,Hải Phòng,Cộng Cà Phê,Yes,Yes,No,No,No,0.0,0.0,0.0,,28724,Churn,1.0,0.0,0.0,1.0
729674,2019,Hà Nội,Highlands Coffee,Yes,Yes,Yes,No,No,2.0,90.0,180.0,Seg.03 - Premium (VND 60K - VND 99K),28738,Silver,2.0,1.0,4.0,4.0
729704,2019,Nha Trang,Highlands Coffee,Yes,Yes,No,No,No,0.0,0.0,0.0,,28750,Churn,1.0,0.0,0.0,1.0
729919,2019,Hải Phòng,Highlands Coffee,Yes,Yes,No,No,No,0.0,0.0,0.0,,28770,Churn,1.0,0.0,0.0,1.0
729954,2019,Hà Nội,Cộng Cà Phê,Yes,Yes,Yes,No,No,2.0,25.0,50.0,Seg.02 - Mass Asp (VND 25K - VND 59K),28779,At-risk,2.0,1.0,1.0,2.0
730037,2019,Hà Nội,Highlands Coffee,Yes,Yes,Yes,No,No,3.0,80.0,240.0,Seg.03 - Premium (VND 60K - VND 99K),28783,Silver,2.0,1.0,3.0,4.0
730037,2019,Hà Nội,Cộng Cà Phê,Yes,Yes,No,No,No,0.0,0.0,0.0,,28787,Churn,1.0,0.0,0.0,1.0
730271,2019,Hà Nội,Cộng Cà Phê,Yes,Yes,Yes,No,No,1.0,30.0,30.0,Seg.02 - Mass Asp (VND 25K - VND 59K),28795,At-risk,2.0,1.0,1.0,2.0
730271,2019,Hà Nội,Highlands Coffee,Yes,Yes,Yes,No,No,3.0,30.0,90.0,Seg.02 - Mass Asp (VND 25K - VND 59K),28796,At-risk,2.0,1.0,1.0,2.0
730358,2019,Hải Phòng,The Coffee House,Yes,Yes,No,No,No,0.0,0.0,0.0,,28804,Churn,1.0,0.0,0.0,1.0
730358,2019,Hải Phòng,Highlands Coffee,Yes,Yes,Yes,No,No,2.0,45.0,90.0,Seg.02 - Mass Asp (VND 25K - VND 59K),28807,At-risk,2.0,1.0,2.0,2.0
730358,2019,Hải Phòng,Starbucks,Yes,Yes,Yes,No,No,1.0,70.0,70.0,Seg.03 - Premium (VND 60K - VND 99K),28808,Silver,2.0,1.0,3.0,4.0
730379,2019,Nha Trang,Highlands Coffee,Yes,Yes,Yes,Yes,No,4.0,40.0,160.0,Seg.02 - Mass Asp (VND 25K - VND 59K),28813,Bronze,3.0,2.0,2.0,3.0
730433,2019,Hà Nội,Cộng Cà Phê,Yes,Yes,No,No,No,0.0,0.0,0.0,,28823,Churn,1.0,0.0,0.0,1.0
730445,2019,Hà Nội,The Coffee House,Yes,Yes,No,No,No,0.0,0.0,0.0,,28830,Churn,1.0,0.0,0.0,1.0
730445,2019,Hà Nội,Highlands Coffee,Yes,Yes,Yes,No,No,2.0,100.0,200.0,Seg.04 - Super Premium (VND 100K+),28832,Silver,2.0,1.0,4.0,4.0
730445,2019,Hà Nội,Cộng Cà Phê,Yes,Yes,No,No,No,0.0,0.0,0.0,,28834,Churn,1.0,0.0,0.0,1.0
730605,2019,Hải Phòng,Trung Nguyên,Yes,Yes,No,No,No,0.0,0.0,0.0,,28869,Churn,1.0,0.0,0.0,1.0
730605,2019,Hải Phòng,Highlands Coffee,Yes,Yes,Yes,No,No,2.0,50.0,100.0,Seg.02 - Mass Asp (VND 25K - VND 59K),28870,At-risk,2.0,1.0,2.0,2.0
730669,2019,Nha Trang,Trung Nguyên,Yes,Yes,No,No,No,0.0,0.0,0.0,,28884,Churn,1.0,0.0,0.0,1.0
730669,2019,Nha Trang,Highlands Coffee,Yes,Yes,No,No,No,0.0,0.0,0.0,,28891,Churn,1.0,0.0,0.0,1.0
730804,2019,Hải Phòng,Cộng Cà Phê,Yes,Yes,No,No,No,0.0,0.0,0.0,,28894,Churn,1.0,0.0,0.0,1.0
730821,2019,Hải Phòng,Starbucks,Yes,Yes,No,No,No,0.0,0.0,0.0,,28903,Churn,1.0,0.0,0.0,1.0
730821,2019,Hải Phòng,The Coffee House,Yes,Yes,Yes,No,No,2.0,50.0,100.0,Seg.02 - Mass Asp (VND 25K - VND 59K),28904,At-risk,2.0,1.0,2.0,2.0
730821,2019,Hải Phòng,Highlands Coffee,Yes,Yes,Yes,No,No,2.0,55.0,110.0,Seg.02 - Mass Asp (VND 25K - VND 59K),28906,At-risk,2.0,1.0,2.0,2.0
730932,2019,Hà Nội,Highlands Coffee,Yes,Yes,Yes,Yes,No,4.0,70.0,280.0,Seg.03 - Premium (VND 60K - VND 99K),28925,Silver,3.0,2.0,3.0,4.0
730957,2019,Hà Nội,The Coffee House,Yes,Yes,No,No,No,0.0,0.0,0.0,,28931,Churn,1.0,0.0,0.0,1.0
730965,2019,Hà Nội,Highlands Coffee,Yes,Yes,Yes,Yes,No,6.0,60.0,360.0,Seg.03 - Premium (VND 60K - VND 99K),28941,Gold,3.0,3.0,3.0,5.0
730965,2019,Hà Nội,Cộng Cà Phê,Yes,Yes,Yes,No,No,2.0,70.0,140.0,Seg.03 - Premium (VND 60K - VND 99K),28944,Silver,2.0,1.0,3.0,4.0
730994,2019,Đà Nẵng,Highlands Coffee,Yes,Yes,Yes,Yes,No,4.0,50.0,200.0,Seg.02 - Mass Asp (VND 25K - VND 59K),28950,Bronze,3.0,2.0,2.0,3.0
731029,2019,Hải Phòng,Trung Nguyên,Yes,Yes,No,No,No,0.0,0.0,0.0,,28960,Churn,1.0,0.0,0.0,1.0
731070,2019,Hà Nội,Cộng Cà Phê,Yes,Yes,Yes,No,No,1.0,50.0,50.0,Seg.02 - Mass Asp (VND 25K - VND 59K),28966,At-risk,2.0,1.0,2.0,2.0
731070,2019,Hà Nội,Highlands Coffee,Yes,Yes,No,No,No,0.0,0.0,0.0,,28971,Churn,1.0,0.0,0.0,1.0
731084,2019,Hà Nội,Highlands Coffee,Yes,Yes,Yes,No,No,3.0,40.0,120.0,Seg.02 - Mass Asp (VND 25K - VND 59K),28979,At-risk,2.0,1.0,2.0,2.0
731107,2019,Nha Trang,Trung Nguyên,Yes,Yes,No,No,No,0.0,0.0,0.0,,28986,Churn,1.0,0.0,0.0,1.0
731148,2019,Hà Nội,Highlands Coffee,Yes,Yes,Yes,No,No,3.0,50.0,150.0,Seg.02 - Mass Asp (VND 25K - VND 59K),29004,At-risk,2.0,1.0,2.0,2.0
731177,2019,Đà Nẵng,Highlands Coffee,Yes,Yes,No,No,No,0.0,0.0,0.0,,29009,Churn,1.0,0.0,0.0,1.0
731177,2019,Đà Nẵng,The Coffee House,Yes,Yes,No,No,No,0.0,0.0,0.0,,29010,Churn,1.0,0.0,0.0,1.0
731268,2019,Hà Nội,Highlands Coffee,Yes,Yes,No,No,No,0.0,0.0,0.0,,29033,Churn,1.0,0.0,0.0,1.0
731475,2019,Hải Phòng,Cộng Cà Phê,Yes,Yes,No,No,No,0.0,0.0,0.0,,29063,Churn,1.0,0.0,0.0,1.0
731481,2019,Hà Nội,Cộng Cà Phê,Yes,Yes,No,No,No,0.0,0.0,0.0,,29072,Churn,1.0,0.0,0.0,1.0
731481,2019,Hà Nội,Highlands Coffee,Yes,Yes,Yes,No,No,3.0,60.0,180.0,Seg.03 - Premium (VND 60K - VND 99K),29075,Silver,2.0,1.0,3.0,4.0
731486,2019,Đà Nẵng,Starbucks,Yes,Yes,Yes,No,No,2.0,70.0,140.0,Seg.03 - Premium (VND 60K - VND 99K),29085,Silver,2.0,1.0,3.0,4.0
731486,2019,Đà Nẵng,Cộng Cà Phê,Yes,Yes,Yes,No,No,2.0,40.0,80.0,Seg.02 - Mass Asp (VND 25K - VND 59K),29088,At-risk,2.0,1.0,2.0,2.0
731486,2019,Đà Nẵng,Trung Nguyên,Yes,Yes,Yes,No,No,1.0,20.0,20.0,Seg.01 - Mass (<VND 25K),29090,At-risk,2.0,1.0,1.0,2.0
731486,2019,Đà Nẵng,Highlands Coffee,Yes,Yes,Yes,Yes,No,6.0,50.0,300.0,Seg.02 - Mass Asp (VND 25K - VND 59K),29092,Bronze,3.0,3.0,2.0,3.0
731526,2019,Hà Nội,Cộng Cà Phê,Yes,Yes,No,No,No,0.0,0.0,0.0,,29103,Churn,1.0,0.0,0.0,1.0
731526,2019,Hà Nội,Highlands Coffee,Yes,Yes,No,No,No,0.0,0.0,0.0,,29104,Churn,1.0,0.0,0.0,1.0
731691,2019,Hà Nội,Trung Nguyên,Yes,Yes,Yes,No,No,3.0,50.0,150.0,Seg.02 - Mass Asp (VND 25K - VND 59K),29117,At-risk,2.0,1.0,2.0,2.0
731691,2019,Hà Nội,Highlands Coffee,Yes,Yes,No,No,No,0.0,0.0,0.0,,29120,Churn,1.0,0.0,0.0,1.0
731740,2019,Hà Nội,The Coffee House,Yes,Yes,No,No,No,0.0,0.0,0.0,,29131,Churn,1.0,0.0,0.0,1.0
731932,2019,Hà Nội,Cộng Cà Phê,Yes,Yes,Yes,No,No,2.0,50.0,100.0,Seg.02 - Mass Asp (VND 25K - VND 59K),29158,At-risk,2.0,1.0,2.0,2.0
731932,2019,Hà Nội,Highlands Coffee,Yes,Yes,Yes,Yes,No,4.0,50.0,200.0,Seg.02 - Mass Asp (VND 25K - VND 59K),29161,Bronze,3.0,2.0,2.0,3.0
731972,2019,Hồ Chí Minh,Highlands Coffee,Yes,Yes,Yes,No,No,2.0,40.0,80.0,Seg.02 - Mass Asp (VND 25K - VND 59K),29166,At-risk,2.0,1.0,2.0,2.0
732669,2019,Hà Nội,Highlands Coffee,Yes,Yes,Yes,Yes,No,5.0,50.0,250.0,Seg.02 - Mass Asp (VND 25K - VND 59K),29220,Bronze,3.0,2.0,2.0,3.0
732706,2019,Hà Nội,Highlands Coffee,Yes,Yes,Yes,No,No,3.0,50.0,150.0,Seg.02 - Mass Asp (VND 25K - VND 59K),29221,At-risk,2.0,1.0,2.0,2.0
732706,2019,Hà Nội,Cộng Cà Phê,Yes,Yes,Yes,No,No,2.0,50.0,100.0,Seg.02 - Mass Asp (VND 25K - VND 59K),29227,At-risk,2.0,1.0,2.0,2.0
732720,2019,Hải Phòng,Highlands Coffee,Yes,Yes,Yes,Yes,No,8.0,50.0,400.0,Seg.02 - Mass Asp (VND 25K - VND 59K),29244,Gold,3.0,4.0,2.0,5.0
732732,2019,Hà Nội,Highlands Coffee,Yes,Yes,No,No,No,0.0,0.0,0.0,,29254,Churn,1.0,0.0,0.0,1.0
732817,2019,Nha Trang,Trung Nguyên,Yes,Yes,No,No,No,0.0,0.0,0.0,,29261,Churn,1.0,0.0,0.0,1.0
732821,2019,Hồ Chí Minh,The Coffee House,Yes,Yes,Yes,Yes,No,5.0,50.0,250.0,Seg.02 - Mass Asp (VND 25K - VND 59K),29266,Bronze,3.0,2.0,2.0,3.0
732821,2019,Hồ Chí Minh,Highlands Coffee,Yes,Yes,Yes,No,No,1.0,40.0,40.0,Seg.02 - Mass Asp (VND 25K - VND 59K),29273,At-risk,2.0,1.0,2.0,2.0
732944,2019,Hồ Chí Minh,Trung Nguyên,Yes,Yes,Yes,Yes,No,4.0,35.0,140.0,Seg.02 - Mass Asp (VND 25K - VND 59K),29280,Bronze,3.0,2.0,1.0,3.0
732944,2019,Hồ Chí Minh,Highlands Coffee,Yes,Yes,Yes,Yes,No,4.0,35.0,140.0,Seg.02 - Mass Asp (VND 25K - VND 59K),29284,Bronze,3.0,2.0,1.0,3.0
732958,2019,Hà Nội,Cộng Cà Phê,Yes,Yes,Yes,No,No,1.0,40.0,40.0,Seg.02 - Mass Asp (VND 25K - VND 59K),29285,At-risk,2.0,1.0,2.0,2.0
732958,2019,Hà Nội,Highlands Coffee,Yes,Yes,Yes,No,No,1.0,65.0,65.0,Seg.03 - Premium (VND 60K - VND 99K),29286,Silver,2.0,1.0,3.0,4.0
732959,2019,Hồ Chí Minh,The Coffee House,Yes,Yes,No,No,No,0.0,0.0,0.0,,29294,Churn,1.0,0.0,0.0,1.0
732959,2019,Hồ Chí Minh,Phúc Long,Yes,Yes,Yes,No,No,1.0,50.0,50.0,Seg.02 - Mass Asp (VND 25K - VND 59K),29301,At-risk,2.0,1.0,2.0,2.0
732959,2019,Hồ Chí Minh,Highlands Coffee,Yes,Yes,Yes,No,No,1.0,49.0,49.0,Seg.02 - Mass Asp (VND 25K - VND 59K),29302,At-risk,2.0,1.0,2.0,2.0
732986,2019,Đà Nẵng,Trung Nguyên,Yes,Yes,No,No,No,0.0,0.0,0.0,,29308,Churn,1.0,0.0,0.0,1.0
733009,2019,Nha Trang,Phúc Long,Yes,Yes,No,No,No,0.0,0.0,0.0,,29320,Churn,1.0,0.0,0.0,1.0
733144,2019,Đà Nẵng,Highlands Coffee,Yes,Yes,Yes,No,No,2.0,25.0,50.0,Seg.02 - Mass Asp (VND 25K - VND 59K),29324,At-risk,2.0,1.0,1.0,2.0
733422,2019,Hải Phòng,Highlands Coffee,Yes,Yes,Yes,No,No,2.0,30.0,60.0,Seg.02 - Mass Asp (VND 25K - VND 59K),29334,At-risk,2.0,1.0,1.0,2.0
733654,2019,Hồ Chí Minh,Trung Nguyên,Yes,Yes,Yes,Yes,No,4.0,25.0,100.0,Seg.02 - Mass Asp (VND 25K - VND 59K),29371,Bronze,3.0,2.0,1.0,3.0
733720,2019,Hà Nội,Highlands Coffee,Yes,Yes,Yes,No,No,2.0,50.0,100.0,Seg.02 - Mass Asp (VND 25K - VND 59K),29378,At-risk,2.0,1.0,2.0,2.0
733720,2019,Hà Nội,Cộng Cà Phê,Yes,Yes,Yes,Yes,No,4.0,50.0,200.0,Seg.02 - Mass Asp (VND 25K - VND 59K),29382,Bronze,3.0,2.0,2.0,3.0
733754,2019,Hồ Chí Minh,Highlands Coffee,Yes,Yes,Yes,Yes,No,8.0,39.0,312.0,Seg.02 - Mass Asp (VND 25K - VND 59K),29413,Gold,3.0,4.0,2.0,5.0
733800,2019,Hồ Chí Minh,Highlands Coffee,Yes,Yes,No,No,No,0.0,0.0,0.0,,29417,Churn,1.0,0.0,0.0,1.0
733800,2019,Hồ Chí Minh,The Coffee House,Yes,Yes,Yes,No,No,1.0,35.0,35.0,Seg.02 - Mass Asp (VND 25K - VND 59K),29421,At-risk,2.0,1.0,1.0,2.0
733941,2019,Hải Phòng,Trung Nguyên,Yes,Yes,Yes,Yes,No,4.0,25.0,100.0,Seg.02 - Mass Asp (VND 25K - VND 59K),29446,Bronze,3.0,2.0,1.0,3.0
733941,2019,Hải Phòng,Highlands Coffee,Yes,Yes,No,No,No,0.0,0.0,0.0,,29447,Churn,1.0,0.0,0.0,1.0
733945,2019,Hồ Chí Minh,Highlands Coffee,Yes,Yes,Yes,Yes,No,4.0,39.0,156.0,Seg.02 - Mass Asp (VND 25K - VND 59K),29450,Bronze,3.0,2.0,2.0,3.0
733945,2019,Hồ Chí Minh,Phúc Long,Yes,Yes,Yes,No,No,1.0,35.0,35.0,Seg.02 - Mass Asp (VND 25K - VND 59K),29455,At-risk,2.0,1.0,1.0,2.0
733952,2019,Hà Nội,The Coffee House,Yes,Yes,Yes,No,No,3.0,35.0,105.0,Seg.02 - Mass Asp (VND 25K - VND 59K),29459,At-risk,2.0,1.0,1.0,2.0
733952,2019,Hà Nội,Highlands Coffee,Yes,Yes,Yes,No,No,2.0,35.0,70.0,Seg.02 - Mass Asp (VND 25K - VND 59K),29464,At-risk,2.0,1.0,1.0,2.0
733985,2019,Hà Nội,Highlands Coffee,Yes,Yes,No,No,No,0.0,0.0,0.0,,29476,Churn,1.0,0.0,0.0,1.0
733985,2019,Hà Nội,Cộng Cà Phê,Yes,Yes,Yes,Yes,No,6.0,50.0,300.0,Seg.02 - Mass Asp (VND 25K - VND 59K),29480,Bronze,3.0,3.0,2.0,3.0
734042,2019,Hải Phòng,The Coffee House,Yes,Yes,No,No,No,0.0,0.0,0.0,,29490,Churn,1.0,0.0,0.0,1.0
734042,2019,Hải Phòng,Highlands Coffee,Yes,Yes,Yes,Yes,Yes,20.0,50.0,1000.0,Seg.02 - Mass Asp (VND 25K - VND 59K),29492,Gold,4.0,4.0,2.0,5.0
734112,2019,Hải Phòng,Highlands Coffee,Yes,Yes,Yes,No,No,2.0,50.0,100.0,Seg.02 - Mass Asp (VND 25K - VND 59K),29501,At-risk,2.0,1.0,2.0,2.0
734112,2019,Hải Phòng,The Coffee House,Yes,Yes,No,No,No,0.0,0.0,0.0,,29506,Churn,1.0,0.0,0.0,1.0
734147,2019,Cần Thơ,Highlands Coffee,Yes,Yes,Yes,Yes,No,15.0,50.0,750.0,Seg.02 - Mass Asp (VND 25K - VND 59K),29511,Gold,3.0,4.0,2.0,5.0
734147,2019,Cần Thơ,Trung Nguyên,Yes,Yes,Yes,Yes,No,8.0,60.0,480.0,Seg.03 - Premium (VND 60K - VND 99K),29515,Gold,3.0,4.0,3.0,5.0
734147,2019,Cần Thơ,The Coffee House,Yes,Yes,Yes,Yes,No,7.0,45.0,315.0,Seg.02 - Mass Asp (VND 25K - VND 59K),29517,Bronze,3.0,3.0,2.0,3.0
734255,2019,Hà Nội,Cộng Cà Phê,Yes,Yes,No,No,No,0.0,0.0,0.0,,29536,Churn,1.0,0.0,0.0,1.0
734255,2019,Hà Nội,Highlands Coffee,Yes,Yes,No,No,No,0.0,0.0,0.0,,29543,Churn,1.0,0.0,0.0,1.0
734310,2019,Hà Nội,Highlands Coffee,Yes,Yes,Yes,No,No,1.0,60.0,60.0,Seg.03 - Premium (VND 60K - VND 99K),29549,Silver,2.0,1.0,3.0,4.0
734438,2019,Hà Nội,Highlands Coffee,Yes,Yes,Yes,Yes,No,6.0,50.0,300.0,Seg.02 - Mass Asp (VND 25K - VND 59K),29568,Bronze,3.0,3.0,2.0,3.0
734438,2019,Hà Nội,Cộng Cà Phê,Yes,Yes,Yes,No,No,2.0,50.0,100.0,Seg.02 - Mass Asp (VND 25K - VND 59K),29571,At-risk,2.0,1.0,2.0,2.0
734518,2019,Hải Phòng,Starbucks,Yes,Yes,No,No,No,0.0,0.0,0.0,,29573,Churn,1.0,0.0,0.0,1.0
734518,2019,Hải Phòng,Highlands Coffee,Yes,Yes,Yes,Yes,No,4.0,50.0,200.0,Seg.02 - Mass Asp (VND 25K - VND 59K),29575,Bronze,3.0,2.0,2.0,3.0
734518,2019,Hải Phòng,The Coffee House,Yes,Yes,Yes,No,No,2.0,50.0,100.0,Seg.02 - Mass Asp (VND 25K - VND 59K),29580,At-risk,2.0,1.0,2.0,2.0
734563,2019,Hà Nội,Highlands Coffee,Yes,Yes,Yes,Yes,No,4.0,60.0,240.0,Seg.03 - Premium (VND 60K - VND 99K),29587,Silver,3.0,2.0,3.0,4.0
734754,2019,Hà Nội,Highlands Coffee,Yes,Yes,Yes,No,No,2.0,29.0,58.0,Seg.02 - Mass Asp (VND 25K - VND 59K),29625,At-risk,2.0,1.0,1.0,2.0
734754,2019,Hà Nội,The Coffee House,Yes,Yes,Yes,No,No,3.0,30.0,90.0,Seg.02 - Mass Asp (VND 25K - VND 59K),29628,At-risk,2.0,1.0,1.0,2.0
734754,2019,Hà Nội,Cộng Cà Phê,Yes,Yes,No,No,No,0.0,0.0,0.0,,29632,Churn,1.0,0.0,0.0,1.0
734867,2019,Hồ Chí Minh,Highlands Coffee,Yes,Yes,Yes,Yes,Yes,20.0,29.0,580.0,Seg.02 - Mass Asp (VND 25K - VND 59K),29642,Gold,4.0,4.0,1.0,5.0
734990,2019,Hải Phòng,Highlands Coffee,Yes,Yes,Yes,No,No,2.0,50.0,100.0,Seg.02 - Mass Asp (VND 25K - VND 59K),29659,At-risk,2.0,1.0,2.0,2.0
735026,2019,Hồ Chí Minh,Phúc Long,Yes,Yes,Yes,Yes,Yes,20.0,30.0,600.0,Seg.02 - Mass Asp (VND 25K - VND 59K),29673,Gold,4.0,4.0,1.0,5.0
735033,2019,Hồ Chí Minh,Highlands Coffee,Yes,Yes,Yes,Yes,No,12.0,30.0,360.0,Seg.02 - Mass Asp (VND 25K - VND 59K),29685,Gold,3.0,4.0,1.0,5.0
735059,2019,Hà Nội,Cộng Cà Phê,Yes,Yes,Yes,No,No,1.0,40.0,40.0,Seg.02 - Mass Asp (VND 25K - VND 59K),29709,At-risk,2.0,1.0,2.0,2.0
735066,2019,Hà Nội,Cộng Cà Phê,Yes,Yes,No,No,No,0.0,0.0,0.0,,29716,Churn,1.0,0.0,0.0,1.0
735066,2019,Hà Nội,Highlands Coffee,Yes,Yes,No,No,No,0.0,0.0,0.0,,29717,Churn,1.0,0.0,0.0,1.0
735105,2019,Hồ Chí Minh,The Coffee House,Yes,Yes,Yes,Yes,No,4.0,35.0,140.0,Seg.02 - Mass Asp (VND 25K - VND 59K),29728,Bronze,3.0,2.0,1.0,3.0
735138,2019,Hồ Chí Minh,Phúc Long,Yes,Yes,No,No,No,0.0,0.0,0.0,,29737,Churn,1.0,0.0,0.0,1.0
735138,2019,Hồ Chí Minh,The Coffee House,Yes,Yes,Yes,No,No,2.0,50.0,100.0,Seg.02 - Mass Asp (VND 25K - VND 59K),29744,At-risk,2.0,1.0,2.0,2.0
735683,2019,Đà Nẵng,Highlands Coffee,Yes,Yes,Yes,No,No,1.0,40.0,40.0,Seg.02 - Mass Asp (VND 25K - VND 59K),29749,At-risk,2.0,1.0,2.0,2.0
735683,2019,Đà Nẵng,The Coffee House,Yes,Yes,Yes,No,No,3.0,40.0,120.0,Seg.02 - Mass Asp (VND 25K - VND 59K),29756,At-risk,2.0,1.0,2.0,2.0
735957,2019,Hà Nội,Trung Nguyên,Yes,Yes,Yes,Yes,No,4.0,30.0,120.0,Seg.02 - Mass Asp (VND 25K - VND 59K),29766,Bronze,3.0,2.0,1.0,3.0
736421,2019,Hà Nội,The Coffee House,Yes,Yes,Yes,Yes,No,8.0,35.0,280.0,Seg.02 - Mass Asp (VND 25K - VND 59K),29789,Gold,3.0,4.0,1.0,5.0
736421,2019,Hà Nội,Cộng Cà Phê,Yes,Yes,Yes,No,No,2.0,40.0,80.0,Seg.02 - Mass Asp (VND 25K - VND 59K),29792,At-risk,2.0,1.0,2.0,2.0
736467,2019,Hà Nội,Cộng Cà Phê,Yes,Yes,Yes,Yes,No,6.0,40.0,240.0,Seg.02 - Mass Asp (VND 25K - VND 59K),29798,Bronze,3.0,3.0,2.0,3.0
736467,2019,Hà Nội,Trung Nguyên,Yes,Yes,No,No,No,0.0,0.0,0.0,,29804,Churn,1.0,0.0,0.0,1.0
736467,2019,Hà Nội,Highlands Coffee,Yes,Yes,Yes,No,No,2.0,40.0,80.0,Seg.02 - Mass Asp (VND 25K - VND 59K),29805,At-risk,2.0,1.0,2.0,2.0
736531,2019,Hải Phòng,Trung Nguyên,Yes,Yes,No,No,No,0.0,0.0,0.0,,29807,Churn,1.0,0.0,0.0,1.0
736531,2019,Hải Phòng,Highlands Coffee,Yes,Yes,No,No,No,0.0,0.0,0.0,,29810,Churn,1.0,0.0,0.0,1.0
736817,2019,Hồ Chí Minh,Highlands Coffee,Yes,Yes,Yes,No,No,1.0,50.0,50.0,Seg.02 - Mass Asp (VND 25K - VND 59K),29828,At-risk,2.0,1.0,2.0,2.0
737074,2019,Hà Nội,Trung Nguyên,Yes,Yes,Yes,No,No,3.0,30.0,90.0,Seg.02 - Mass Asp (VND 25K - VND 59K),29848,At-risk,2.0,1.0,1.0,2.0
737085,2019,Hồ Chí Minh,Phúc Long,Yes,Yes,Yes,No,No,2.0,60.0,120.0,Seg.03 - Premium (VND 60K - VND 99K),29850,Silver,2.0,1.0,3.0,4.0
737085,2019,Hồ Chí Minh,The Coffee House,Yes,Yes,No,No,No,0.0,0.0,0.0,,29857,Churn,1.0,0.0,0.0,1.0
737254,2019,Đà Nẵng,Highlands Coffee,Yes,Yes,Yes,Yes,No,6.0,30.0,180.0,Seg.02 - Mass Asp (VND 25K - VND 59K),29870,Bronze,3.0,3.0,1.0,3.0
737360,2019,Hồ Chí Minh,The Coffee House,Yes,Yes,No,No,No,0.0,0.0,0.0,,29889,Churn,1.0,0.0,0.0,1.0
737379,2019,Hồ Chí Minh,The Coffee House,Yes,Yes,Yes,No,No,2.0,50.0,100.0,Seg.02 - Mass Asp (VND 25K - VND 59K),29895,At-risk,2.0,1.0,2.0,2.0
737467,2019,Hà Nội,Cộng Cà Phê,Yes,Yes,No,No,No,0.0,0.0,0.0,,29940,Churn,1.0,0.0,0.0,1.0
737467,2019,Hà Nội,Starbucks,Yes,Yes,No,No,No,0.0,0.0,0.0,,29943,Churn,1.0,0.0,0.0,1.0
737467,2019,Hà Nội,Highlands Coffee,Yes,Yes,Yes,No,No,2.0,60.0,120.0,Seg.03 - Premium (VND 60K - VND 99K),29947,Silver,2.0,1.0,3.0,4.0
737716,2019,Hồ Chí Minh,The Coffee House,Yes,Yes,Yes,No,No,1.0,49.0,49.0,Seg.02 - Mass Asp (VND 25K - VND 59K),29979,At-risk,2.0,1.0,2.0,2.0
737758,2019,Hà Nội,Cộng Cà Phê,Yes,Yes,Yes,Yes,No,4.0,60.0,240.0,Seg.03 - Premium (VND 60K - VND 99K),30000,Silver,3.0,2.0,3.0,4.0
737851,2019,Hồ Chí Minh,Highlands Coffee,Yes,Yes,Yes,Yes,No,8.0,40.0,320.0,Seg.02 - Mass Asp (VND 25K - VND 59K),30027,Gold,3.0,4.0,2.0,5.0
737851,2019,Hồ Chí Minh,Trung Nguyên,Yes,Yes,Yes,No,No,2.0,40.0,80.0,Seg.02 - Mass Asp (VND 25K - VND 59K),30028,At-risk,2.0,1.0,2.0,2.0
737867,2019,Hải Phòng,Highlands Coffee,Yes,Yes,Yes,Yes,No,7.0,45.0,315.0,Seg.02 - Mass Asp (VND 25K - VND 59K),30042,Bronze,3.0,3.0,2.0,3.0
737867,2019,Hải Phòng,Starbucks,Yes,Yes,Yes,Yes,No,13.0,80.0,1040.0,Seg.03 - Premium (VND 60K - VND 99K),30043,Gold,3.0,4.0,3.0,5.0
737986,2019,Nha Trang,Highlands Coffee,Yes,Yes,Yes,No,No,1.0,35.0,35.0,Seg.02 - Mass Asp (VND 25K - VND 59K),30051,At-risk,2.0,1.0,1.0,2.0
738009,2019,Hà Nội,Trung Nguyên,Yes,Yes,Yes,No,No,2.0,40.0,80.0,Seg.02 - Mass Asp (VND 25K - VND 59K),30058,At-risk,2.0,1.0,2.0,2.0
738010,2019,Hà Nội,Cộng Cà Phê,Yes,Yes,Yes,No,No,2.0,30.0,60.0,Seg.02 - Mass Asp (VND 25K - VND 59K),30059,At-risk,2.0,1.0,1.0,2.0
738119,2019,Hồ Chí Minh,Highlands Coffee,Yes,Yes,No,No,No,0.0,0.0,0.0,,30086,Churn,1.0,0.0,0.0,1.0
738119,2019,Hồ Chí Minh,The Coffee House,Yes,Yes,Yes,Yes,No,6.0,35.0,210.0,Seg.02 - Mass Asp (VND 25K - VND 59K),30088,Bronze,3.0,3.0,1.0,3.0
738134,2019,Hồ Chí Minh,Phúc Long,Yes,Yes,Yes,Yes,No,6.0,30.0,180.0,Seg.02 - Mass Asp (VND 25K - VND 59K),30100,Bronze,3.0,3.0,1.0,3.0
738140,2019,Hồ Chí Minh,Phúc Long,Yes,Yes,Yes,No,No,1.0,60.0,60.0,Seg.03 - Premium (VND 60K - VND 99K),30118,Silver,2.0,1.0,3.0,4.0
738140,2019,Hồ Chí Minh,The Coffee House,Yes,Yes,No,No,No,0.0,0.0,0.0,,30120,Churn,1.0,0.0,0.0,1.0
738140,2019,Hồ Chí Minh,Highlands Coffee,Yes,Yes,Yes,No,No,2.0,49.0,98.0,Seg.02 - Mass Asp (VND 25K - VND 59K),30125,At-risk,2.0,1.0,2.0,2.0
738212,2019,Hải Phòng,Highlands Coffee,Yes,Yes,Yes,No,No,3.0,40.0,120.0,Seg.02 - Mass Asp (VND 25K - VND 59K),30137,At-risk,2.0,1.0,2.0,2.0
738225,2019,Hải Phòng,Starbucks,Yes,Yes,No,No,No,0.0,0.0,0.0,,30150,Churn,1.0,0.0,0.0,1.0
738307,2019,Hà Nội,Cộng Cà Phê,Yes,Yes,Yes,No,No,1.0,50.0,50.0,Seg.02 - Mass Asp (VND 25K - VND 59K),30161,At-risk,2.0,1.0,2.0,2.0
738307,2019,Hà Nội,Highlands Coffee,Yes,Yes,Yes,No,No,1.0,50.0,50.0,Seg.02 - Mass Asp (VND 25K - VND 59K),30170,At-risk,2.0,1.0,2.0,2.0
738426,2019,Hà Nội,Highlands Coffee,Yes,Yes,Yes,No,No,3.0,50.0,150.0,Seg.02 - Mass Asp (VND 25K - VND 59K),30197,At-risk,2.0,1.0,2.0,2.0
738426,2019,Hà Nội,Cộng Cà Phê,Yes,Yes,Yes,Yes,No,7.0,50.0,350.0,Seg.02 - Mass Asp (VND 25K - VND 59K),30203,Bronze,3.0,3.0,2.0,3.0
738426,2019,Hà Nội,Phúc Long,Yes,Yes,No,No,No,0.0,0.0,0.0,,30205,Churn,1.0,0.0,0.0,1.0
738435,2019,Hà Nội,Cộng Cà Phê,Yes,Yes,No,No,No,0.0,0.0,0.0,,30213,Churn,1.0,0.0,0.0,1.0
738435,2019,Hà Nội,Highlands Coffee,Yes,Yes,Yes,No,No,2.0,50.0,100.0,Seg.02 - Mass Asp (VND 25K - VND 59K),30214,At-risk,2.0,1.0,2.0,2.0
738508,2019,Hồ Chí Minh,Phúc Long,Yes,Yes,Yes,Yes,No,7.0,80.0,560.0,Seg.03 - Premium (VND 60K - VND 99K),30219,Gold,3.0,3.0,3.0,5.0
738508,2019,Hồ Chí Minh,Highlands Coffee,Yes,Yes,Yes,Yes,No,8.0,39.0,312.0,Seg.02 - Mass Asp (VND 25K - VND 59K),30223,Gold,3.0,4.0,2.0,5.0
738653,2019,Hà Nội,Cộng Cà Phê,Yes,Yes,Yes,No,No,2.0,50.0,100.0,Seg.02 - Mass Asp (VND 25K - VND 59K),30234,At-risk,2.0,1.0,2.0,2.0
738653,2019,Hà Nội,Highlands Coffee,Yes,Yes,Yes,No,No,3.0,60.0,180.0,Seg.03 - Premium (VND 60K - VND 99K),30237,Silver,2.0,1.0,3.0,4.0
738678,2019,Hà Nội,Highlands Coffee,Yes,Yes,Yes,Yes,No,4.0,70.0,280.0,Seg.03 - Premium (VND 60K - VND 99K),30241,Silver,3.0,2.0,3.0,4.0
738694,2019,Hà Nội,Highlands Coffee,Yes,Yes,No,No,No,0.0,0.0,0.0,,30248,Churn,1.0,0.0,0.0,1.0
738756,2019,Nha Trang,Trung Nguyên,Yes,Yes,No,No,No,0.0,0.0,0.0,,30255,Churn,1.0,0.0,0.0,1.0
738997,2019,Hà Nội,Cộng Cà Phê,Yes,Yes,Yes,Yes,No,5.0,45.0,225.0,Seg.02 - Mass Asp (VND 25K - VND 59K),30295,Bronze,3.0,2.0,2.0,3.0
738997,2019,Hà Nội,Starbucks,Yes,Yes,No,No,No,0.0,0.0,0.0,,30298,Churn,1.0,0.0,0.0,1.0
738997,2019,Hà Nội,Highlands Coffee,Yes,Yes,No,No,No,0.0,0.0,0.0,,30300,Churn,1.0,0.0,0.0,1.0
739167,2019,Nha Trang,Highlands Coffee,Yes,Yes,No,No,No,0.0,0.0,0.0,,30323,Churn,1.0,0.0,0.0,1.0
739189,2019,Nha Trang,Trung Nguyên,Yes,Yes,No,No,No,0.0,0.0,0.0,,30331,Churn,1.0,0.0,0.0,1.0
739272,2019,Hải Phòng,Highlands Coffee,Yes,Yes,Yes,No,No,1.0,29.0,29.0,Seg.02 - Mass Asp (VND 25K - VND 59K),30345,At-risk,2.0,1.0,1.0,2.0
739387,2019,Nha Trang,Highlands Coffee,Yes,Yes,Yes,No,No,1.0,29.0,29.0,Seg.02 - Mass Asp (VND 25K - VND 59K),30356,At-risk,2.0,1.0,1.0,2.0
739650,2019,Đà Nẵng,Highlands Coffee,Yes,Yes,Yes,Yes,No,5.0,100.0,500.0,Seg.04 - Super Premium (VND 100K+),30403,Silver,3.0,2.0,4.0,4.0
739650,2019,Đà Nẵng,The Coffee House,Yes,Yes,Yes,No,No,1.0,50.0,50.0,Seg.02 - Mass Asp (VND 25K - VND 59K),30407,At-risk,2.0,1.0,2.0,2.0
739650,2019,Đà Nẵng,Trung Nguyên,Yes,Yes,No,No,No,0.0,0.0,0.0,,30414,Churn,1.0,0.0,0.0,1.0
739856,2019,Hồ Chí Minh,The Coffee House,Yes,Yes,No,No,No,0.0,0.0,0.0,,30449,Churn,1.0,0.0,0.0,1.0
739856,2019,Hồ Chí Minh,Highlands Coffee,Yes,Yes,Yes,Yes,No,5.0,55.0,275.0,Seg.02 - Mass Asp (VND 25K - VND 59K),30452,Bronze,3.0,2.0,2.0,3.0
739856,2019,Hồ Chí Minh,Phúc Long,Yes,Yes,Yes,Yes,No,8.0,65.0,520.0,Seg.03 - Premium (VND 60K - VND 99K),30453,Gold,3.0,4.0,3.0,5.0
739939,2019,Hồ Chí Minh,The Coffee House,Yes,Yes,No,No,No,0.0,0.0,0.0,,30463,Churn,1.0,0.0,0.0,1.0
739972,2019,Hà Nội,Highlands Coffee,Yes,Yes,Yes,No,No,2.0,50.0,100.0,Seg.02 - Mass Asp (VND 25K - VND 59K),30490,At-risk,2.0,1.0,2.0,2.0
740084,2019,Hà Nội,Trung Nguyên,Yes,Yes,Yes,Yes,No,5.0,30.0,150.0,Seg.02 - Mass Asp (VND 25K - VND 59K),30498,Bronze,3.0,2.0,1.0,3.0
740497,2019,Hà Nội,Highlands Coffee,Yes,Yes,No,No,No,0.0,0.0,0.0,,30503,Churn,1.0,0.0,0.0,1.0
740497,2019,Hà Nội,Cộng Cà Phê,Yes,Yes,Yes,No,No,2.0,40.0,80.0,Seg.02 - Mass Asp (VND 25K - VND 59K),30505,At-risk,2.0,1.0,2.0,2.0
740785,2019,Hà Nội,Highlands Coffee,Yes,Yes,Yes,Yes,No,8.0,60.0,480.0,Seg.03 - Premium (VND 60K - VND 99K),30529,Gold,3.0,4.0,3.0,5.0
740785,2019,Hà Nội,Cộng Cà Phê,Yes,Yes,Yes,Yes,No,4.0,45.0,180.0,Seg.02 - Mass Asp (VND 25K - VND 59K),30530,Bronze,3.0,2.0,2.0,3.0
740785,2019,Hà Nội,The Coffee House,Yes,Yes,No,No,No,0.0,0.0,0.0,,30531,Churn,1.0,0.0,0.0,1.0
741218,2019,Đà Nẵng,Highlands Coffee,Yes,Yes,No,No,No,0.0,0.0,0.0,,30551,Churn,1.0,0.0,0.0,1.0
741281,2019,Hà Nội,The Coffee House,Yes,Yes,No,No,No,0.0,0.0,0.0,,30560,Churn,1.0,0.0,0.0,1.0
741281,2019,Hà Nội,Highlands Coffee,Yes,Yes,Yes,No,No,2.0,40.0,80.0,Seg.02 - Mass Asp (VND 25K - VND 59K),30561,At-risk,2.0,1.0,2.0,2.0
741281,2019,Hà Nội,Cộng Cà Phê,Yes,Yes,Yes,Yes,No,6.0,40.0,240.0,Seg.02 - Mass Asp (VND 25K - VND 59K),30565,Bronze,3.0,3.0,2.0,3.0
741584,2019,Hồ Chí Minh,The Coffee House,Yes,Yes,No,No,No,0.0,0.0,0.0,,30568,Churn,1.0,0.0,0.0,1.0
741584,2019,Hồ Chí Minh,Highlands Coffee,Yes,Yes,No,No,No,0.0,0.0,0.0,,30571,Churn,1.0,0.0,0.0,1.0
741655,2019,Hà Nội,Cộng Cà Phê,Yes,Yes,Yes,No,No,1.0,70.0,70.0,Seg.03 - Premium (VND 60K - VND 99K),30579,Silver,2.0,1.0,3.0,4.0
741655,2019,Hà Nội,Highlands Coffee,Yes,Yes,Yes,No,No,2.0,60.0,120.0,Seg.03 - Premium (VND 60K - VND 99K),30583,Silver,2.0,1.0,3.0,4.0
741729,2019,Hà Nội,Trung Nguyên,Yes,Yes,Yes,Yes,No,4.0,50.0,200.0,Seg.02 - Mass Asp (VND 25K - VND 59K),30613,Bronze,3.0,2.0,2.0,3.0
741732,2019,Hồ Chí Minh,Phúc Long,Yes,Yes,Yes,Yes,No,4.0,25.0,100.0,Seg.02 - Mass Asp (VND 25K - VND 59K),30615,Bronze,3.0,2.0,1.0,3.0
742021,2019,Hồ Chí Minh,The Coffee House,Yes,Yes,Yes,Yes,No,4.0,50.0,200.0,Seg.02 - Mass Asp (VND 25K - VND 59K),30629,Bronze,3.0,2.0,2.0,3.0
742021,2019,Hồ Chí Minh,Phúc Long,Yes,Yes,No,No,No,0.0,0.0,0.0,,30639,Churn,1.0,0.0,0.0,1.0
742021,2019,Hồ Chí Minh,Highlands Coffee,Yes,Yes,Yes,No,No,2.0,30.0,60.0,Seg.02 - Mass Asp (VND 25K - VND 59K),30642,At-risk,2.0,1.0,1.0,2.0
742205,2019,Hồ Chí Minh,Highlands Coffee,Yes,Yes,Yes,Yes,No,5.0,65.0,325.0,Seg.03 - Premium (VND 60K - VND 99K),30656,Silver,3.0,2.0,3.0,4.0
742205,2019,Hồ Chí Minh,Phúc Long,Yes,Yes,No,No,No,0.0,0.0,0.0,,30657,Churn,1.0,0.0,0.0,1.0
742309,2019,Hà Nội,Trung Nguyên,Yes,Yes,No,No,No,0.0,0.0,0.0,,30659,Churn,1.0,0.0,0.0,1.0
742309,2019,Hà Nội,Highlands Coffee,Yes,Yes,Yes,Yes,No,4.0,50.0,200.0,Seg.02 - Mass Asp (VND 25K - VND 59K),30661,Bronze,3.0,2.0,2.0,3.0
742309,2019,Hà Nội,Cộng Cà Phê,Yes,Yes,Yes,No,No,2.0,50.0,100.0,Seg.02 - Mass Asp (VND 25K - VND 59K),30667,At-risk,2.0,1.0,2.0,2.0
742309,2019,Hà Nội,The Coffee House,Yes,Yes,No,No,No,0.0,0.0,0.0,,30668,Churn,1.0,0.0,0.0,1.0
742385,2019,Hà Nội,Starbucks,Yes,Yes,Yes,No,No,1.0,50.0,50.0,Seg.02 - Mass Asp (VND 25K - VND 59K),30675,At-risk,2.0,1.0,2.0,2.0
742385,2019,Hà Nội,Highlands Coffee,Yes,Yes,Yes,Yes,No,4.0,35.0,140.0,Seg.02 - Mass Asp (VND 25K - VND 59K),30676,Bronze,3.0,2.0,1.0,3.0
742385,2019,Hà Nội,Cộng Cà Phê,Yes,Yes,Yes,No,No,1.0,30.0,30.0,Seg.02 - Mass Asp (VND 25K - VND 59K),30677,At-risk,2.0,1.0,1.0,2.0
742389,2019,Đà Nẵng,Highlands Coffee,Yes,Yes,No,No,No,0.0,0.0,0.0,,30685,Churn,1.0,0.0,0.0,1.0
742613,2019,Đà Nẵng,Highlands Coffee,Yes,Yes,Yes,No,No,3.0,70.0,210.0,Seg.03 - Premium (VND 60K - VND 99K),30723,Silver,2.0,1.0,3.0,4.0
742657,2019,Đà Nẵng,The Coffee House,Yes,Yes,Yes,Yes,No,6.0,50.0,300.0,Seg.02 - Mass Asp (VND 25K - VND 59K),30734,Bronze,3.0,3.0,2.0,3.0
742657,2019,Đà Nẵng,Phúc Long,Yes,Yes,No,No,No,0.0,0.0,0.0,,30735,Churn,1.0,0.0,0.0,1.0
742657,2019,Đà Nẵng,Highlands Coffee,Yes,Yes,Yes,No,No,1.0,50.0,50.0,Seg.02 - Mass Asp (VND 25K - VND 59K),30736,At-risk,2.0,1.0,2.0,2.0
742701,2019,Hà Nội,Highlands Coffee,Yes,Yes,Yes,No,No,2.0,50.0,100.0,Seg.02 - Mass Asp (VND 25K - VND 59K),30737,At-risk,2.0,1.0,2.0,2.0
742784,2019,Đà Nẵng,Highlands Coffee,Yes,Yes,Yes,Yes,No,4.0,30.0,120.0,Seg.02 - Mass Asp (VND 25K - VND 59K),30753,Bronze,3.0,2.0,1.0,3.0
742977,2019,Hải Phòng,Highlands Coffee,Yes,Yes,No,No,No,0.0,0.0,0.0,,30757,Churn,1.0,0.0,0.0,1.0
742978,2019,Hải Phòng,Highlands Coffee,Yes,Yes,Yes,Yes,No,4.0,39.0,156.0,Seg.02 - Mass Asp (VND 25K - VND 59K),30767,Bronze,3.0,2.0,2.0,3.0
743123,2019,Hà Nội,Highlands Coffee,Yes,Yes,No,No,No,0.0,0.0,0.0,,30779,Churn,1.0,0.0,0.0,1.0
743156,2019,Hà Nội,Cộng Cà Phê,Yes,Yes,Yes,Yes,No,4.0,40.0,160.0,Seg.02 - Mass Asp (VND 25K - VND 59K),30793,Bronze,3.0,2.0,2.0,3.0
743290,2019,Hồ Chí Minh,Highlands Coffee,Yes,Yes,No,No,No,0.0,0.0,0.0,,30827,Churn,1.0,0.0,0.0,1.0
743341,2019,Hải Phòng,Highlands Coffee,Yes,Yes,No,No,No,0.0,0.0,0.0,,30838,Churn,1.0,0.0,0.0,1.0
743355,2019,Đà Nẵng,Highlands Coffee,Yes,Yes,No,No,No,0.0,0.0,0.0,,30852,Churn,1.0,0.0,0.0,1.0
743362,2019,Hải Phòng,The Coffee House,Yes,Yes,No,No,No,0.0,0.0,0.0,,30854,Churn,1.0,0.0,0.0,1.0
743645,2019,Đà Nẵng,Trung Nguyên,Yes,Yes,Yes,No,No,3.0,20.0,60.0,Seg.01 - Mass (<VND 25K),30887,At-risk,2.0,1.0,1.0,2.0
743645,2019,Đà Nẵng,Starbucks,Yes,Yes,Yes,Yes,No,7.0,40.0,280.0,Seg.02 - Mass Asp (VND 25K - VND 59K),30893,Bronze,3.0,3.0,2.0,3.0
743669,2019,Hải Phòng,Highlands Coffee,Yes,Yes,No,No,No,0.0,0.0,0.0,,30895,Churn,1.0,0.0,0.0,1.0
743669,2019,Hải Phòng,The Coffee House,Yes,Yes,No,No,No,0.0,0.0,0.0,,30897,Churn,1.0,0.0,0.0,1.0
743936,2019,Đà Nẵng,Highlands Coffee,Yes,Yes,Yes,No,No,3.0,40.0,120.0,Seg.02 - Mass Asp (VND 25K - VND 59K),30925,At-risk,2.0,1.0,2.0,2.0
743936,2019,Đà Nẵng,The Coffee House,Yes,Yes,No,No,No,0.0,0.0,0.0,,30927,Churn,1.0,0.0,0.0,1.0
744137,2019,Đà Nẵng,Highlands Coffee,Yes,Yes,Yes,No,No,1.0,29.0,29.0,Seg.02 - Mass Asp (VND 25K - VND 59K),30957,At-risk,2.0,1.0,1.0,2.0
744276,2019,Hồ Chí Minh,The Coffee House,Yes,Yes,Yes,Yes,No,12.0,50.0,600.0,Seg.02 - Mass Asp (VND 25K - VND 59K),30986,Gold,3.0,4.0,2.0,5.0
744362,2019,Hà Nội,Highlands Coffee,Yes,Yes,Yes,No,No,1.0,60.0,60.0,Seg.03 - Premium (VND 60K - VND 99K),30998,Silver,2.0,1.0,3.0,4.0
744379,2019,Hà Nội,The Coffee House,Yes,Yes,No,No,No,0.0,0.0,0.0,,31008,Churn,1.0,0.0,0.0,1.0
744379,2019,Hà Nội,Highlands Coffee,Yes,Yes,Yes,No,No,2.0,40.0,80.0,Seg.02 - Mass Asp (VND 25K - VND 59K),31009,At-risk,2.0,1.0,2.0,2.0
744379,2019,Hà Nội,Cộng Cà Phê,Yes,Yes,Yes,Yes,No,8.0,40.0,320.0,Seg.02 - Mass Asp (VND 25K - VND 59K),31010,Gold,3.0,4.0,2.0,5.0
744379,2019,Hà Nội,Phúc Long,Yes,Yes,No,No,No,0.0,0.0,0.0,,31011,Churn,1.0,0.0,0.0,1.0
744391,2019,Hồ Chí Minh,Trung Nguyên,Yes,Yes,Yes,Yes,No,4.0,50.0,200.0,Seg.02 - Mass Asp (VND 25K - VND 59K),31016,Bronze,3.0,2.0,2.0,3.0
744398,2019,Hồ Chí Minh,Trung Nguyên,Yes,Yes,Yes,Yes,No,5.0,45.0,225.0,Seg.02 - Mass Asp (VND 25K - VND 59K),31027,Bronze,3.0,2.0,2.0,3.0
744570,2019,Hồ Chí Minh,Phúc Long,Yes,Yes,No,No,No,0.0,0.0,0.0,,31058,Churn,1.0,0.0,0.0,1.0
744570,2019,Hồ Chí Minh,Highlands Coffee,Yes,Yes,Yes,Yes,No,6.0,65.0,390.0,Seg.03 - Premium (VND 60K - VND 99K),31062,Gold,3.0,3.0,3.0,5.0
744702,2019,Hồ Chí Minh,Highlands Coffee,Yes,Yes,No,No,No,0.0,0.0,0.0,,31064,Churn,1.0,0.0,0.0,1.0
744702,2019,Hồ Chí Minh,Phúc Long,Yes,Yes,Yes,No,No,2.0,70.0,140.0,Seg.03 - Premium (VND 60K - VND 99K),31065,Silver,2.0,1.0,3.0,4.0
744702,2019,Hồ Chí Minh,The Coffee House,Yes,Yes,No,No,No,0.0,0.0,0.0,,31066,Churn,1.0,0.0,0.0,1.0
744783,2019,Hà Nội,Cộng Cà Phê,Yes,Yes,Yes,No,No,1.0,50.0,50.0,Seg.02 - Mass Asp (VND 25K - VND 59K),31075,At-risk,2.0,1.0,2.0,2.0
744783,2019,Hà Nội,Highlands Coffee,Yes,Yes,No,No,No,0.0,0.0,0.0,,31076,Churn,1.0,0.0,0.0,1.0
744935,2019,Đà Nẵng,The Coffee House,Yes,Yes,No,No,No,0.0,0.0,0.0,,31090,Churn,1.0,0.0,0.0,1.0
744935,2019,Đà Nẵng,Highlands Coffee,Yes,Yes,No,No,No,0.0,0.0,0.0,,31092,Churn,1.0,0.0,0.0,1.0
744991,2019,Hà Nội,Cộng Cà Phê,Yes,Yes,No,No,No,0.0,0.0,0.0,,31113,Churn,1.0,0.0,0.0,1.0
744991,2019,Hà Nội,Highlands Coffee,Yes,Yes,Yes,Yes,No,4.0,50.0,200.0,Seg.02 - Mass Asp (VND 25K - VND 59K),31116,Bronze,3.0,2.0,2.0,3.0
745008,2019,Hồ Chí Minh,Phúc Long,Yes,Yes,No,No,No,0.0,0.0,0.0,,31120,Churn,1.0,0.0,0.0,1.0
745008,2019,Hồ Chí Minh,The Coffee House,Yes,Yes,No,No,No,0.0,0.0,0.0,,31122,Churn,1.0,0.0,0.0,1.0
745008,2019,Hồ Chí Minh,Highlands Coffee,Yes,Yes,Yes,No,No,1.0,50.0,50.0,Seg.02 - Mass Asp (VND 25K - VND 59K),31124,At-risk,2.0,1.0,2.0,2.0
745139,2019,Hải Phòng,Highlands Coffee,Yes,Yes,Yes,No,No,2.0,50.0,100.0,Seg.02 - Mass Asp (VND 25K - VND 59K),31130,At-risk,2.0,1.0,2.0,2.0
745160,2019,Đà Nẵng,The Coffee House,Yes,Yes,Yes,Yes,No,5.0,200.0,1000.0,Seg.04 - Super Premium (VND 100K+),31140,Silver,3.0,2.0,4.0,4.0
745160,2019,Đà Nẵng,Highlands Coffee,Yes,Yes,No,No,No,0.0,0.0,0.0,,31141,Churn,1.0,0.0,0.0,1.0
745573,2019,Đà Nẵng,Highlands Coffee,Yes,Yes,Yes,No,No,1.0,40.0,40.0,Seg.02 - Mass Asp (VND 25K - VND 59K),31160,At-risk,2.0,1.0,2.0,2.0
745812,2019,Hồ Chí Minh,Phúc Long,Yes,Yes,No,No,No,0.0,0.0,0.0,,31201,Churn,1.0,0.0,0.0,1.0
745827,2019,Đà Nẵng,The Coffee House,Yes,Yes,Yes,No,No,2.0,40.0,80.0,Seg.02 - Mass Asp (VND 25K - VND 59K),31213,At-risk,2.0,1.0,2.0,2.0
745827,2019,Đà Nẵng,Phúc Long,Yes,Yes,No,No,No,0.0,0.0,0.0,,31214,Churn,1.0,0.0,0.0,1.0
745827,2019,Đà Nẵng,Highlands Coffee,Yes,Yes,Yes,Yes,No,5.0,50.0,250.0,Seg.02 - Mass Asp (VND 25K - VND 59K),31218,Bronze,3.0,2.0,2.0,3.0
746038,2019,Hồ Chí Minh,Highlands Coffee,Yes,Yes,Yes,No,No,1.0,50.0,50.0,Seg.02 - Mass Asp (VND 25K - VND 59K),31231,At-risk,2.0,1.0,2.0,2.0
746047,2019,Đà Nẵng,Cộng Cà Phê,Yes,Yes,Yes,No,No,3.0,50.0,150.0,Seg.02 - Mass Asp (VND 25K - VND 59K),31241,At-risk,2.0,1.0,2.0,2.0
746047,2019,Đà Nẵng,Highlands Coffee,Yes,Yes,No,No,No,0.0,0.0,0.0,,31243,Churn,1.0,0.0,0.0,1.0
746199,2019,Hà Nội,Trung Nguyên,Yes,Yes,Yes,No,No,3.0,70.0,210.0,Seg.03 - Premium (VND 60K - VND 99K),31248,Silver,2.0,1.0,3.0,4.0
746310,2019,Hà Nội,Highlands Coffee,Yes,Yes,No,No,No,0.0,0.0,0.0,,31256,Churn,1.0,0.0,0.0,1.0
746310,2019,Hà Nội,Cộng Cà Phê,Yes,Yes,Yes,Yes,No,7.0,35.0,245.0,Seg.02 - Mass Asp (VND 25K - VND 59K),31260,Bronze,3.0,3.0,1.0,3.0
746410,2019,Hà Nội,Trung Nguyên,Yes,Yes,Yes,No,No,3.0,40.0,120.0,Seg.02 - Mass Asp (VND 25K - VND 59K),31265,At-risk,2.0,1.0,2.0,2.0
746410,2019,Hà Nội,Highlands Coffee,Yes,Yes,Yes,No,No,1.0,40.0,40.0,Seg.02 - Mass Asp (VND 25K - VND 59K),31267,At-risk,2.0,1.0,2.0,2.0
746432,2019,Đà Nẵng,Highlands Coffee,Yes,Yes,Yes,Yes,Yes,20.0,50.0,1000.0,Seg.02 - Mass Asp (VND 25K - VND 59K),31282,Gold,4.0,4.0,2.0,5.0
746594,2019,Hà Nội,Highlands Coffee,Yes,Yes,No,No,No,0.0,0.0,0.0,,31293,Churn,1.0,0.0,0.0,1.0
746594,2019,Hà Nội,Cộng Cà Phê,Yes,Yes,Yes,No,No,3.0,50.0,150.0,Seg.02 - Mass Asp (VND 25K - VND 59K),31296,At-risk,2.0,1.0,2.0,2.0
746896,2019,Hà Nội,The Coffee House,Yes,Yes,Yes,Yes,No,4.0,40.0,160.0,Seg.02 - Mass Asp (VND 25K - VND 59K),31311,Bronze,3.0,2.0,2.0,3.0
746896,2019,Hà Nội,Cộng Cà Phê,Yes,Yes,Yes,No,No,2.0,50.0,100.0,Seg.02 - Mass Asp (VND 25K - VND 59K),31317,At-risk,2.0,1.0,2.0,2.0
746969,2019,Hà Nội,Phúc Long,Yes,Yes,No,No,No,0.0,0.0,0.0,,31324,Churn,1.0,0.0,0.0,1.0
746969,2019,Hà Nội,The Coffee House,Yes,Yes,Yes,No,No,1.0,40.0,40.0,Seg.02 - Mass Asp (VND 25K - VND 59K),31326,At-risk,2.0,1.0,2.0,2.0
746969,2019,Hà Nội,Highlands Coffee,Yes,Yes,Yes,Yes,No,5.0,60.0,300.0,Seg.03 - Premium (VND 60K - VND 99K),31331,Silver,3.0,2.0,3.0,4.0
746969,2019,Hà Nội,Starbucks,Yes,Yes,Yes,No,No,3.0,70.0,210.0,Seg.03 - Premium (VND 60K - VND 99K),31332,Silver,2.0,1.0,3.0,4.0
746969,2019,Hà Nội,Cộng Cà Phê,Yes,Yes,No,No,No,0.0,0.0,0.0,,31334,Churn,1.0,0.0,0.0,1.0
746996,2019,Hà Nội,Cộng Cà Phê,Yes,Yes,Yes,No,No,1.0,50.0,50.0,Seg.02 - Mass Asp (VND 25K - VND 59K),31335,At-risk,2.0,1.0,2.0,2.0
746996,2019,Hà Nội,The Coffee House,Yes,Yes,No,No,No,0.0,0.0,0.0,,31337,Churn,1.0,0.0,0.0,1.0
746996,2019,Hà Nội,Highlands Coffee,Yes,Yes,Yes,Yes,No,5.0,50.0,250.0,Seg.02 - Mass Asp (VND 25K - VND 59K),31338,Bronze,3.0,2.0,2.0,3.0
747134,2019,Hà Nội,Starbucks,Yes,Yes,Yes,No,No,2.0,75.0,150.0,Seg.03 - Premium (VND 60K - VND 99K),31356,Silver,2.0,1.0,3.0,4.0
747134,2019,Hà Nội,Highlands Coffee,Yes,Yes,Yes,No,No,2.0,50.0,100.0,Seg.02 - Mass Asp (VND 25K - VND 59K),31358,At-risk,2.0,1.0,2.0,2.0
747134,2019,Hà Nội,Cộng Cà Phê,Yes,Yes,Yes,Yes,No,5.0,50.0,250.0,Seg.02 - Mass Asp (VND 25K - VND 59K),31361,Bronze,3.0,2.0,2.0,3.0
747134,2019,Hà Nội,The Coffee House,Yes,Yes,No,No,No,0.0,0.0,0.0,,31362,Churn,1.0,0.0,0.0,1.0
747241,2019,Hà Nội,Highlands Coffee,Yes,Yes,Yes,No,No,2.0,50.0,100.0,Seg.02 - Mass Asp (VND 25K - VND 59K),31371,At-risk,2.0,1.0,2.0,2.0
747241,2019,Hà Nội,Cộng Cà Phê,Yes,Yes,Yes,No,No,2.0,50.0,100.0,Seg.02 - Mass Asp (VND 25K - VND 59K),31378,At-risk,2.0,1.0,2.0,2.0
747293,2019,Hà Nội,The Coffee House,Yes,Yes,No,No,No,0.0,0.0,0.0,,31392,Churn,1.0,0.0,0.0,1.0
747293,2019,Hà Nội,Highlands Coffee,Yes,Yes,Yes,Yes,No,5.0,40.0,200.0,Seg.02 - Mass Asp (VND 25K - VND 59K),31396,Bronze,3.0,2.0,2.0,3.0
747354,2019,Hồ Chí Minh,Highlands Coffee,Yes,Yes,Yes,Yes,No,10.0,40.0,400.0,Seg.02 - Mass Asp (VND 25K - VND 59K),31402,Gold,3.0,4.0,2.0,5.0
747383,2019,Hà Nội,Cộng Cà Phê,Yes,Yes,No,No,No,0.0,0.0,0.0,,31408,Churn,1.0,0.0,0.0,1.0
747383,2019,Hà Nội,Highlands Coffee,Yes,Yes,Yes,No,No,3.0,60.0,180.0,Seg.03 - Premium (VND 60K - VND 99K),31413,Silver,2.0,1.0,3.0,4.0
747411,2019,Hải Phòng,The Coffee House,Yes,Yes,No,No,No,0.0,0.0,0.0,,31439,Churn,1.0,0.0,0.0,1.0
747411,2019,Hải Phòng,Highlands Coffee,Yes,Yes,No,No,No,0.0,0.0,0.0,,31441,Churn,1.0,0.0,0.0,1.0
747544,2019,Hà Nội,Highlands Coffee,Yes,Yes,Yes,Yes,No,4.0,50.0,200.0,Seg.02 - Mass Asp (VND 25K - VND 59K),31443,Bronze,3.0,2.0,2.0,3.0
747553,2019,Hà Nội,Cộng Cà Phê,Yes,Yes,No,No,No,0.0,0.0,0.0,,31449,Churn,1.0,0.0,0.0,1.0
747578,2019,Hà Nội,Highlands Coffee,Yes,Yes,Yes,Yes,No,4.0,50.0,200.0,Seg.02 - Mass Asp (VND 25K - VND 59K),31455,Bronze,3.0,2.0,2.0,3.0
747636,2019,Hồ Chí Minh,Phúc Long,Yes,Yes,Yes,Yes,No,8.0,46.0,368.0,Seg.02 - Mass Asp (VND 25K - VND 59K),31464,Gold,3.0,4.0,2.0,5.0
747694,2019,Hà Nội,Cộng Cà Phê,Yes,Yes,No,No,No,0.0,0.0,0.0,,31473,Churn,1.0,0.0,0.0,1.0
747694,2019,Hà Nội,Highlands Coffee,Yes,Yes,Yes,No,No,1.0,50.0,50.0,Seg.02 - Mass Asp (VND 25K - VND 59K),31474,At-risk,2.0,1.0,2.0,2.0
747835,2019,Hà Nội,Highlands Coffee,Yes,Yes,No,No,No,0.0,0.0,0.0,,31508,Churn,1.0,0.0,0.0,1.0
747860,2019,Hà Nội,Cộng Cà Phê,Yes,Yes,Yes,Yes,No,4.0,35.0,140.0,Seg.02 - Mass Asp (VND 25K - VND 59K),31517,Bronze,3.0,2.0,1.0,3.0
748020,2019,Hồ Chí Minh,Trung Nguyên,Yes,Yes,Yes,Yes,No,4.0,60.0,240.0,Seg.03 - Premium (VND 60K - VND 99K),31533,Silver,3.0,2.0,3.0,4.0
748029,2019,Hồ Chí Minh,Highlands Coffee,Yes,Yes,Yes,Yes,No,4.0,50.0,200.0,Seg.02 - Mass Asp (VND 25K - VND 59K),31551,Bronze,3.0,2.0,2.0,3.0
748086,2019,Hà Nội,Highlands Coffee,Yes,Yes,Yes,No,No,2.0,50.0,100.0,Seg.02 - Mass Asp (VND 25K - VND 59K),31565,At-risk,2.0,1.0,2.0,2.0
748086,2019,Hà Nội,Cộng Cà Phê,Yes,Yes,No,No,No,0.0,0.0,0.0,,31569,Churn,1.0,0.0,0.0,1.0
748184,2019,Hà Nội,Highlands Coffee,Yes,Yes,Yes,No,No,3.0,49.0,147.0,Seg.02 - Mass Asp (VND 25K - VND 59K),31586,At-risk,2.0,1.0,2.0,2.0
748265,2019,Hà Nội,Highlands Coffee,Yes,Yes,Yes,No,No,1.0,40.0,40.0,Seg.02 - Mass Asp (VND 25K - VND 59K),31605,At-risk,2.0,1.0,2.0,2.0
748265,2019,Hà Nội,Cộng Cà Phê,Yes,Yes,No,No,No,0.0,0.0,0.0,,31607,Churn,1.0,0.0,0.0,1.0
748364,2019,Hồ Chí Minh,Highlands Coffee,Yes,Yes,No,No,No,0.0,0.0,0.0,,31629,Churn,1.0,0.0,0.0,1.0
748373,2019,Đà Nẵng,Highlands Coffee,Yes,Yes,Yes,Yes,Yes,30.0,50.0,1500.0,Seg.02 - Mass Asp (VND 25K - VND 59K),31634,Gold,4.0,4.0,2.0,5.0
748373,2019,Đà Nẵng,The Coffee House,Yes,Yes,No,No,No,0.0,0.0,0.0,,31643,Churn,1.0,0.0,0.0,1.0
748374,2019,Đà Nẵng,Highlands Coffee,Yes,Yes,No,No,No,0.0,0.0,0.0,,31649,Churn,1.0,0.0,0.0,1.0
748393,2019,Hà Nội,The Coffee House,Yes,Yes,Yes,No,No,2.0,40.0,80.0,Seg.02 - Mass Asp (VND 25K - VND 59K),31659,At-risk,2.0,1.0,2.0,2.0
748393,2019,Hà Nội,Highlands Coffee,Yes,Yes,Yes,Yes,No,6.0,60.0,360.0,Seg.03 - Premium (VND 60K - VND 99K),31662,Gold,3.0,3.0,3.0,5.0
748554,2019,Hà Nội,Cộng Cà Phê,Yes,Yes,No,No,No,0.0,0.0,0.0,,31694,Churn,1.0,0.0,0.0,1.0
748554,2019,Hà Nội,Highlands Coffee,Yes,Yes,No,No,No,0.0,0.0,0.0,,31696,Churn,1.0,0.0,0.0,1.0
748569,2019,Hồ Chí Minh,Starbucks,Yes,Yes,Yes,Yes,No,7.0,50.0,350.0,Seg.02 - Mass Asp (VND 25K - VND 59K),31713,Bronze,3.0,3.0,2.0,3.0
748578,2019,Đà Nẵng,Phúc Long,Yes,Yes,Yes,Yes,No,12.0,55.0,660.0,Seg.02 - Mass Asp (VND 25K - VND 59K),31723,Gold,3.0,4.0,2.0,5.0
748678,2019,Hồ Chí Minh,Starbucks,Yes,Yes,Yes,Yes,No,4.0,55.0,220.0,Seg.02 - Mass Asp (VND 25K - VND 59K),31733,Bronze,3.0,2.0,2.0,3.0
748738,2019,Hồ Chí Minh,Highlands Coffee,Yes,Yes,Yes,Yes,No,6.0,35.0,210.0,Seg.02 - Mass Asp (VND 25K - VND 59K),31738,Bronze,3.0,3.0,1.0,3.0
748738,2019,Hồ Chí Minh,The Coffee House,Yes,Yes,No,No,No,0.0,0.0,0.0,,31739,Churn,1.0,0.0,0.0,1.0
748738,2019,Hồ Chí Minh,Phúc Long,Yes,Yes,No,No,No,0.0,0.0,0.0,,31751,Churn,1.0,0.0,0.0,1.0
748738,2019,Hồ Chí Minh,Starbucks,Yes,Yes,Yes,No,No,1.0,70.0,70.0,Seg.03 - Premium (VND 60K - VND 99K),31752,Silver,2.0,1.0,3.0,4.0
748748,2019,Hà Nội,Highlands Coffee,Yes,Yes,Yes,No,No,3.0,100.0,300.0,Seg.04 - Super Premium (VND 100K+),31754,Silver,2.0,1.0,4.0,4.0
748758,2019,Hồ Chí Minh,The Coffee House,Yes,Yes,Yes,No,No,1.0,29.0,29.0,Seg.02 - Mass Asp (VND 25K - VND 59K),31762,At-risk,2.0,1.0,1.0,2.0
748807,2019,Hà Nội,Phúc Long,Yes,Yes,No,No,No,0.0,0.0,0.0,,31774,Churn,1.0,0.0,0.0,1.0
748807,2019,Hà Nội,Highlands Coffee,Yes,Yes,No,No,No,0.0,0.0,0.0,,31776,Churn,1.0,0.0,0.0,1.0
748807,2019,Hà Nội,The Coffee House,Yes,Yes,Yes,Yes,No,4.0,55.0,220.0,Seg.02 - Mass Asp (VND 25K - VND 59K),31781,Bronze,3.0,2.0,2.0,3.0
748883,2019,Hà Nội,Cộng Cà Phê,Yes,Yes,No,No,No,0.0,0.0,0.0,,31794,Churn,1.0,0.0,0.0,1.0
748883,2019,Hà Nội,Highlands Coffee,Yes,Yes,Yes,Yes,No,4.0,50.0,200.0,Seg.02 - Mass Asp (VND 25K - VND 59K),31797,Bronze,3.0,2.0,2.0,3.0
749176,2019,Hà Nội,The Coffee House,Yes,Yes,Yes,Yes,No,4.0,50.0,200.0,Seg.02 - Mass Asp (VND 25K - VND 59K),31816,Bronze,3.0,2.0,2.0,3.0
749176,2019,Hà Nội,Cộng Cà Phê,Yes,Yes,Yes,Yes,No,8.0,50.0,400.0,Seg.02 - Mass Asp (VND 25K - VND 59K),31817,Gold,3.0,4.0,2.0,5.0
749187,2019,Hồ Chí Minh,Phúc Long,Yes,Yes,Yes,Yes,No,6.0,80.0,480.0,Seg.03 - Premium (VND 60K - VND 99K),31828,Gold,3.0,3.0,3.0,5.0
749187,2019,Hồ Chí Minh,Highlands Coffee,Yes,Yes,No,No,No,0.0,0.0,0.0,,31835,Churn,1.0,0.0,0.0,1.0
749208,2019,Hồ Chí Minh,Highlands Coffee,Yes,Yes,No,No,No,0.0,0.0,0.0,,31848,Churn,1.0,0.0,0.0,1.0
749403,2019,Đà Nẵng,Highlands Coffee,Yes,Yes,Yes,Yes,No,10.0,35.0,350.0,Seg.02 - Mass Asp (VND 25K - VND 59K),31852,Gold,3.0,4.0,1.0,5.0
749434,2019,Hồ Chí Minh,Phúc Long,Yes,Yes,Yes,No,No,3.0,45.0,135.0,Seg.02 - Mass Asp (VND 25K - VND 59K),31868,At-risk,2.0,1.0,2.0,2.0
749457,2019,Hà Nội,Cộng Cà Phê,Yes,Yes,No,No,No,0.0,0.0,0.0,,31880,Churn,1.0,0.0,0.0,1.0
749457,2019,Hà Nội,Highlands Coffee,Yes,Yes,Yes,Yes,No,4.0,60.0,240.0,Seg.03 - Premium (VND 60K - VND 99K),31886,Silver,3.0,2.0,3.0,4.0
749526,2019,Đà Nẵng,Highlands Coffee,Yes,Yes,No,No,No,0.0,0.0,0.0,,31899,Churn,1.0,0.0,0.0,1.0
749558,2019,Hồ Chí Minh,Highlands Coffee,Yes,Yes,Yes,Yes,No,4.0,65.0,260.0,Seg.03 - Premium (VND 60K - VND 99K),31906,Silver,3.0,2.0,3.0,4.0
749619,2019,Hồ Chí Minh,Trung Nguyên,Yes,Yes,No,No,No,0.0,0.0,0.0,,31916,Churn,1.0,0.0,0.0,1.0
749619,2019,Hồ Chí Minh,Highlands Coffee,Yes,Yes,No,No,No,0.0,0.0,0.0,,31917,Churn,1.0,0.0,0.0,1.0
749834,2019,Đà Nẵng,Cộng Cà Phê,Yes,Yes,Yes,No,No,1.0,40.0,40.0,Seg.02 - Mass Asp (VND 25K - VND 59K),31921,At-risk,2.0,1.0,2.0,2.0
749834,2019,Đà Nẵng,Highlands Coffee,Yes,Yes,No,No,No,0.0,0.0,0.0,,31931,Churn,1.0,0.0,0.0,1.0
749837,2019,Hà Nội,The Coffee House,Yes,Yes,Yes,No,No,2.0,60.0,120.0,Seg.03 - Premium (VND 60K - VND 99K),31936,Silver,2.0,1.0,3.0,4.0
749837,2019,Hà Nội,Highlands Coffee,Yes,Yes,No,No,No,0.0,0.0,0.0,,31937,Churn,1.0,0.0,0.0,1.0
749837,2019,Hà Nội,Cộng Cà Phê,Yes,Yes,No,No,No,0.0,0.0,0.0,,31942,Churn,1.0,0.0,0.0,1.0
749837,2019,Hà Nội,Trung Nguyên,Yes,Yes,Yes,No,No,3.0,60.0,180.0,Seg.03 - Premium (VND 60K - VND 99K),31943,Silver,2.0,1.0,3.0,4.0
749904,2019,Hà Nội,Highlands Coffee,Yes,Yes,Yes,Yes,No,6.0,60.0,360.0,Seg.03 - Premium (VND 60K - VND 99K),31956,Gold,3.0,3.0,3.0,5.0
749904,2019,Hà Nội,Cộng Cà Phê,Yes,Yes,No,No,No,0.0,0.0,0.0,,31961,Churn,1.0,0.0,0.0,1.0
749904,2019,Hà Nội,The Coffee House,Yes,Yes,Yes,No,No,2.0,50.0,100.0,Seg.02 - Mass Asp (VND 25K - VND 59K),31964,At-risk,2.0,1.0,2.0,2.0
749977,2019,Hà Nội,Cộng Cà Phê,Yes,Yes,No,No,No,0.0,0.0,0.0,,31971,Churn,1.0,0.0,0.0,1.0
749977,2019,Hà Nội,Highlands Coffee,Yes,Yes,No,No,No,0.0,0.0,0.0,,31976,Churn,1.0,0.0,0.0,1.0
750058,2019,Hà Nội,Highlands Coffee,Yes,Yes,Yes,Yes,No,4.0,50.0,200.0,Seg.02 - Mass Asp (VND 25K - VND 59K),31980,Bronze,3.0,2.0,2.0,3.0
750058,2019,Hà Nội,The Coffee House,Yes,Yes,Yes,No,No,1.0,50.0,50.0,Seg.02 - Mass Asp (VND 25K - VND 59K),31985,At-risk,2.0,1.0,2.0,2.0
750065,2019,Hà Nội,Trung Nguyên,Yes,Yes,Yes,No,No,2.0,75.0,150.0,Seg.03 - Premium (VND 60K - VND 99K),31990,Silver,2.0,1.0,3.0,4.0
750219,2019,Đà Nẵng,Trung Nguyên,Yes,Yes,No,No,No,0.0,0.0,0.0,,32007,Churn,1.0,0.0,0.0,1.0
750363,2019,Hồ Chí Minh,Highlands Coffee,Yes,Yes,No,No,No,0.0,0.0,0.0,,32021,Churn,1.0,0.0,0.0,1.0
750363,2019,Hồ Chí Minh,Phúc Long,Yes,Yes,Yes,Yes,No,9.0,40.0,360.0,Seg.02 - Mass Asp (VND 25K - VND 59K),32026,Gold,3.0,4.0,2.0,5.0
750392,2019,Hồ Chí Minh,The Coffee House,Yes,Yes,Yes,Yes,No,8.0,40.0,320.0,Seg.02 - Mass Asp (VND 25K - VND 59K),32034,Gold,3.0,4.0,2.0,5.0
750415,2019,Hồ Chí Minh,Highlands Coffee,Yes,Yes,Yes,Yes,No,8.0,30.0,240.0,Seg.02 - Mass Asp (VND 25K - VND 59K),32039,Gold,3.0,4.0,1.0,5.0
750599,2019,Hồ Chí Minh,Highlands Coffee,Yes,Yes,Yes,No,No,1.0,55.0,55.0,Seg.02 - Mass Asp (VND 25K - VND 59K),32043,At-risk,2.0,1.0,2.0,2.0
750621,2019,Hà Nội,Highlands Coffee,Yes,Yes,No,No,No,0.0,0.0,0.0,,32054,Churn,1.0,0.0,0.0,1.0
750786,2019,Hồ Chí Minh,The Coffee House,Yes,Yes,Yes,No,No,2.0,40.0,80.0,Seg.02 - Mass Asp (VND 25K - VND 59K),32078,At-risk,2.0,1.0,2.0,2.0
750786,2019,Hồ Chí Minh,Highlands Coffee,Yes,Yes,Yes,Yes,No,4.0,50.0,200.0,Seg.02 - Mass Asp (VND 25K - VND 59K),32079,Bronze,3.0,2.0,2.0,3.0
750852,2019,Hồ Chí Minh,Phúc Long,Yes,Yes,No,No,No,0.0,0.0,0.0,,32097,Churn,1.0,0.0,0.0,1.0
750888,2019,Hồ Chí Minh,Phúc Long,Yes,Yes,No,No,No,0.0,0.0,0.0,,32106,Churn,1.0,0.0,0.0,1.0
750888,2019,Hồ Chí Minh,The Coffee House,Yes,Yes,Yes,Yes,Yes,23.0,35.0,805.0,Seg.02 - Mass Asp (VND 25K - VND 59K),32113,Gold,4.0,4.0,1.0,5.0
751050,2019,Hồ Chí Minh,Highlands Coffee,Yes,Yes,Yes,Yes,No,4.0,50.0,200.0,Seg.02 - Mass Asp (VND 25K - VND 59K),32140,Bronze,3.0,2.0,2.0,3.0
751063,2019,Hồ Chí Minh,Highlands Coffee,Yes,Yes,No,No,No,0.0,0.0,0.0,,32142,Churn,1.0,0.0,0.0,1.0
751422,2019,Đà Nẵng,Highlands Coffee,Yes,Yes,Yes,Yes,No,12.0,40.0,480.0,Seg.02 - Mass Asp (VND 25K - VND 59K),32179,Gold,3.0,4.0,2.0,5.0
751422,2019,Đà Nẵng,The Coffee House,Yes,Yes,Yes,Yes,No,4.0,50.0,200.0,Seg.02 - Mass Asp (VND 25K - VND 59K),32180,Bronze,3.0,2.0,2.0,3.0
751460,2019,Đà Nẵng,Highlands Coffee,Yes,Yes,Yes,Yes,No,5.0,40.0,200.0,Seg.02 - Mass Asp (VND 25K - VND 59K),32182,Bronze,3.0,2.0,2.0,3.0
751488,2019,Hồ Chí Minh,Phúc Long,Yes,Yes,No,No,No,0.0,0.0,0.0,,32185,Churn,1.0,0.0,0.0,1.0
751488,2019,Hồ Chí Minh,Trung Nguyên,Yes,Yes,No,No,No,0.0,0.0,0.0,,32190,Churn,1.0,0.0,0.0,1.0
751606,2019,Hồ Chí Minh,Highlands Coffee,Yes,Yes,Yes,Yes,Yes,25.0,50.0,1250.0,Seg.02 - Mass Asp (VND 25K - VND 59K),32195,Gold,4.0,4.0,2.0,5.0
751606,2019,Hồ Chí Minh,Phúc Long,Yes,Yes,No,No,No,0.0,0.0,0.0,,32196,Churn,1.0,0.0,0.0,1.0
751792,2019,Hải Phòng,Highlands Coffee,Yes,Yes,No,No,No,0.0,0.0,0.0,,32214,Churn,1.0,0.0,0.0,1.0
751798,2019,Hải Phòng,Highlands Coffee,Yes,Yes,No,No,No,0.0,0.0,0.0,,32220,Churn,1.0,0.0,0.0,1.0
751990,2019,Hải Phòng,Highlands Coffee,Yes,Yes,Yes,Yes,No,7.0,39.0,273.0,Seg.02 - Mass Asp (VND 25K - VND 59K),32238,Bronze,3.0,3.0,2.0,3.0
752017,2019,Đà Nẵng,Highlands Coffee,Yes,Yes,Yes,Yes,No,8.0,70.0,560.0,Seg.03 - Premium (VND 60K - VND 99K),32247,Gold,3.0,4.0,3.0,5.0
752017,2019,Đà Nẵng,The Coffee House,Yes,Yes,Yes,No,No,2.0,70.0,140.0,Seg.03 - Premium (VND 60K - VND 99K),32250,Silver,2.0,1.0,3.0,4.0
752214,2019,Hồ Chí Minh,Highlands Coffee,Yes,Yes,Yes,No,No,2.0,100.0,200.0,Seg.04 - Super Premium (VND 100K+),32263,Silver,2.0,1.0,4.0,4.0
752274,2019,Đà Nẵng,Highlands Coffee,Yes,Yes,No,No,No,0.0,0.0,0.0,,32284,Churn,1.0,0.0,0.0,1.0
752442,2019,Hồ Chí Minh,Highlands Coffee,Yes,Yes,Yes,No,No,3.0,35.0,105.0,Seg.02 - Mass Asp (VND 25K - VND 59K),32295,At-risk,2.0,1.0,1.0,2.0
752442,2019,Hồ Chí Minh,Trung Nguyên,Yes,Yes,Yes,No,No,2.0,25.0,50.0,Seg.02 - Mass Asp (VND 25K - VND 59K),32296,At-risk,2.0,1.0,1.0,2.0
752673,2019,Đà Nẵng,The Coffee House,Yes,Yes,Yes,Yes,No,10.0,50.0,500.0,Seg.02 - Mass Asp (VND 25K - VND 59K),32310,Gold,3.0,4.0,2.0,5.0
752673,2019,Đà Nẵng,Phúc Long,Yes,Yes,No,No,No,0.0,0.0,0.0,,32311,Churn,1.0,0.0,0.0,1.0
752715,2019,Đà Nẵng,Trung Nguyên,Yes,Yes,Yes,Yes,No,5.0,100.0,500.0,Seg.04 - Super Premium (VND 100K+),32313,Silver,3.0,2.0,4.0,4.0
752715,2019,Đà Nẵng,Highlands Coffee,Yes,Yes,No,No,No,0.0,0.0,0.0,,32319,Churn,1.0,0.0,0.0,1.0
752734,2019,Hồ Chí Minh,Highlands Coffee,Yes,Yes,Yes,Yes,Yes,25.0,39.0,975.0,Seg.02 - Mass Asp (VND 25K - VND 59K),32325,Gold,4.0,4.0,2.0,5.0
752737,2019,Đà Nẵng,The Coffee House,Yes,Yes,No,No,No,0.0,0.0,0.0,,32332,Churn,1.0,0.0,0.0,1.0
752737,2019,Đà Nẵng,Highlands Coffee,Yes,Yes,Yes,Yes,No,15.0,39.0,585.0,Seg.02 - Mass Asp (VND 25K - VND 59K),32334,Gold,3.0,4.0,2.0,5.0
752760,2019,Hà Nội,Cộng Cà Phê,Yes,Yes,No,No,No,0.0,0.0,0.0,,32337,Churn,1.0,0.0,0.0,1.0
752760,2019,Hà Nội,Highlands Coffee,Yes,Yes,No,No,No,0.0,0.0,0.0,,32342,Churn,1.0,0.0,0.0,1.0
752774,2019,Hồ Chí Minh,The Coffee House,Yes,Yes,No,No,No,0.0,0.0,0.0,,32346,Churn,1.0,0.0,0.0,1.0
752774,2019,Hồ Chí Minh,Phúc Long,Yes,Yes,Yes,Yes,No,7.0,40.0,280.0,Seg.02 - Mass Asp (VND 25K - VND 59K),32351,Bronze,3.0,3.0,2.0,3.0
752774,2019,Hồ Chí Minh,Highlands Coffee,Yes,Yes,Yes,No,No,3.0,40.0,120.0,Seg.02 - Mass Asp (VND 25K - VND 59K),32359,At-risk,2.0,1.0,2.0,2.0
752826,2019,Hồ Chí Minh,Trung Nguyên,Yes,Yes,No,No,No,0.0,0.0,0.0,,32361,Churn,1.0,0.0,0.0,1.0
752860,2019,Đà Nẵng,Highlands Coffee,Yes,Yes,Yes,No,No,2.0,39.0,78.0,Seg.02 - Mass Asp (VND 25K - VND 59K),32371,At-risk,2.0,1.0,2.0,2.0
752947,2019,Hồ Chí Minh,Highlands Coffee,Yes,Yes,Yes,Yes,Yes,20.0,50.0,1000.0,Seg.02 - Mass Asp (VND 25K - VND 59K),32387,Gold,4.0,4.0,2.0,5.0
752947,2019,Hồ Chí Minh,Phúc Long,Yes,Yes,No,No,No,0.0,0.0,0.0,,32391,Churn,1.0,0.0,0.0,1.0
753075,2019,Hồ Chí Minh,Highlands Coffee,Yes,Yes,No,No,No,0.0,0.0,0.0,,32394,Churn,1.0,0.0,0.0,1.0
753075,2019,Hồ Chí Minh,The Coffee House,Yes,Yes,No,No,No,0.0,0.0,0.0,,32402,Churn,1.0,0.0,0.0,1.0
753540,2019,Hồ Chí Minh,The Coffee House,Yes,Yes,Yes,Yes,No,10.0,50.0,500.0,Seg.02 - Mass Asp (VND 25K - VND 59K),32435,Gold,3.0,4.0,2.0,5.0
753731,2019,Hồ Chí Minh,Trung Nguyên,Yes,Yes,No,No,No,0.0,0.0,0.0,,32465,Churn,1.0,0.0,0.0,1.0
753962,2019,Hồ Chí Minh,Highlands Coffee,Yes,Yes,Yes,Yes,No,10.0,30.0,300.0,Seg.02 - Mass Asp (VND 25K - VND 59K),32476,Gold,3.0,4.0,1.0,5.0
754212,2019,Đà Nẵng,Highlands Coffee,Yes,Yes,No,No,No,0.0,0.0,0.0,,32498,Churn,1.0,0.0,0.0,1.0
754301,2019,Hồ Chí Minh,The Coffee House,Yes,Yes,No,No,No,0.0,0.0,0.0,,32501,Churn,1.0,0.0,0.0,1.0
754301,2019,Hồ Chí Minh,Highlands Coffee,Yes,Yes,No,No,No,0.0,0.0,0.0,,32516,Churn,1.0,0.0,0.0,1.0
754334,2019,Hà Nội,Highlands Coffee,Yes,Yes,Yes,Yes,No,6.0,50.0,300.0,Seg.02 - Mass Asp (VND 25K - VND 59K),32524,Bronze,3.0,3.0,2.0,3.0
754468,2019,Đà Nẵng,Highlands Coffee,Yes,Yes,No,No,No,0.0,0.0,0.0,,32531,Churn,1.0,0.0,0.0,1.0
754605,2019,Hồ Chí Minh,Highlands Coffee,Yes,Yes,No,No,No,0.0,0.0,0.0,,32538,Churn,1.0,0.0,0.0,1.0
754606,2019,Hồ Chí Minh,Trung Nguyên,Yes,Yes,Yes,Yes,No,4.0,70.0,280.0,Seg.03 - Premium (VND 60K - VND 99K),32551,Silver,3.0,2.0,3.0,4.0
754679,2019,Cần Thơ,The Coffee House,Yes,Yes,Yes,Yes,No,15.0,30.0,450.0,Seg.02 - Mass Asp (VND 25K - VND 59K),32556,Gold,3.0,4.0,1.0,5.0
754679,2019,Cần Thơ,Highlands Coffee,Yes,Yes,Yes,Yes,No,15.0,30.0,450.0,Seg.02 - Mass Asp (VND 25K - VND 59K),32557,Gold,3.0,4.0,1.0,5.0
755669,2019,Đà Nẵng,Highlands Coffee,Yes,Yes,Yes,No,No,1.0,49.0,49.0,Seg.02 - Mass Asp (VND 25K - VND 59K),32591,At-risk,2.0,1.0,2.0,2.0
755862,2019,Hồ Chí Minh,Trung Nguyên,Yes,Yes,Yes,No,No,1.0,70.0,70.0,Seg.03 - Premium (VND 60K - VND 99K),32612,Silver,2.0,1.0,3.0,4.0
755862,2019,Hồ Chí Minh,The Coffee House,Yes,Yes,Yes,Yes,No,5.0,60.0,300.0,Seg.03 - Premium (VND 60K - VND 99K),32613,Silver,3.0,2.0,3.0,4.0
755910,2019,Đà Nẵng,Highlands Coffee,Yes,Yes,Yes,Yes,No,9.0,40.0,360.0,Seg.02 - Mass Asp (VND 25K - VND 59K),32619,Gold,3.0,4.0,2.0,5.0
755910,2019,Đà Nẵng,The Coffee House,Yes,Yes,No,No,No,0.0,0.0,0.0,,32625,Churn,1.0,0.0,0.0,1.0
756062,2019,Đà Nẵng,Highlands Coffee,Yes,Yes,Yes,Yes,No,11.0,100.0,1100.0,Seg.04 - Super Premium (VND 100K+),32661,Gold,3.0,4.0,4.0,5.0
756062,2019,Đà Nẵng,The Coffee House,Yes,Yes,No,No,No,0.0,0.0,0.0,,32662,Churn,1.0,0.0,0.0,1.0
756062,2019,Đà Nẵng,Phúc Long,Yes,Yes,No,No,No,0.0,0.0,0.0,,32664,Churn,1.0,0.0,0.0,1.0
756192,2019,Hồ Chí Minh,Highlands Coffee,Yes,Yes,No,No,No,0.0,0.0,0.0,,32680,Churn,1.0,0.0,0.0,1.0
756694,2019,Đà Nẵng,Highlands Coffee,Yes,Yes,Yes,No,No,2.0,80.0,160.0,Seg.03 - Premium (VND 60K - VND 99K),32701,Silver,2.0,1.0,3.0,4.0
756849,2019,Hải Phòng,Highlands Coffee,Yes,Yes,No,No,No,0.0,0.0,0.0,,32715,Churn,1.0,0.0,0.0,1.0
756858,2019,Hải Phòng,Highlands Coffee,Yes,Yes,Yes,Yes,No,8.0,40.0,320.0,Seg.02 - Mass Asp (VND 25K - VND 59K),32717,Gold,3.0,4.0,2.0,5.0
756858,2019,Hải Phòng,The Coffee House,Yes,Yes,No,No,No,0.0,0.0,0.0,,32718,Churn,1.0,0.0,0.0,1.0
757084,2019,Hồ Chí Minh,Trung Nguyên,Yes,Yes,No,No,No,0.0,0.0,0.0,,32733,Churn,1.0,0.0,0.0,1.0
757600,2019,Hồ Chí Minh,Highlands Coffee,Yes,Yes,No,No,No,0.0,0.0,0.0,,32752,Churn,1.0,0.0,0.0,1.0
757600,2019,Hồ Chí Minh,Phúc Long,Yes,Yes,No,No,No,0.0,0.0,0.0,,32755,Churn,1.0,0.0,0.0,1.0
757600,2019,Hồ Chí Minh,The Coffee House,Yes,Yes,No,No,No,0.0,0.0,0.0,,32758,Churn,1.0,0.0,0.0,1.0
757659,2019,Đà Nẵng,Highlands Coffee,Yes,Yes,No,No,No,0.0,0.0,0.0,,32762,Churn,1.0,0.0,0.0,1.0
757703,2019,Hải Phòng,Highlands Coffee,Yes,Yes,No,No,No,0.0,0.0,0.0,,32766,Churn,1.0,0.0,0.0,1.0
757809,2019,Hà Nội,Highlands Coffee,Yes,Yes,Yes,Yes,No,4.0,40.0,160.0,Seg.02 - Mass Asp (VND 25K - VND 59K),32774,Bronze,3.0,2.0,2.0,3.0
757809,2019,Hà Nội,Cộng Cà Phê,Yes,Yes,No,No,No,0.0,0.0,0.0,,32777,Churn,1.0,0.0,0.0,1.0
757873,2019,Hải Phòng,Highlands Coffee,Yes,Yes,Yes,Yes,No,4.0,39.0,156.0,Seg.02 - Mass Asp (VND 25K - VND 59K),32785,Bronze,3.0,2.0,2.0,3.0
758044,2019,Hồ Chí Minh,The Coffee House,Yes,Yes,Yes,No,No,3.0,40.0,120.0,Seg.02 - Mass Asp (VND 25K - VND 59K),32799,At-risk,2.0,1.0,2.0,2.0
758044,2019,Hồ Chí Minh,Phúc Long,Yes,Yes,No,No,No,0.0,0.0,0.0,,32801,Churn,1.0,0.0,0.0,1.0
758044,2019,Hồ Chí Minh,Highlands Coffee,Yes,Yes,No,No,No,0.0,0.0,0.0,,32803,Churn,1.0,0.0,0.0,1.0
758044,2019,Hồ Chí Minh,Trung Nguyên,Yes,Yes,No,No,No,0.0,0.0,0.0,,32804,Churn,1.0,0.0,0.0,1.0
758148,2019,Đà Nẵng,Highlands Coffee,Yes,Yes,No,No,No,0.0,0.0,0.0,,32809,Churn,1.0,0.0,0.0,1.0
758160,2019,Hồ Chí Minh,Highlands Coffee,Yes,Yes,Yes,Yes,No,8.0,39.0,312.0,Seg.02 - Mass Asp (VND 25K - VND 59K),32814,Gold,3.0,4.0,2.0,5.0
758905,2019,Hà Nội,Highlands Coffee,Yes,Yes,No,No,No,0.0,0.0,0.0,,32898,Churn,1.0,0.0,0.0,1.0
758905,2019,Hà Nội,The Coffee House,Yes,Yes,Yes,No,No,2.0,30.0,60.0,Seg.02 - Mass Asp (VND 25K - VND 59K),32904,At-risk,2.0,1.0,1.0,2.0
759238,2019,Hà Nội,The Coffee House,Yes,Yes,No,No,No,0.0,0.0,0.0,,32907,Churn,1.0,0.0,0.0,1.0
759238,2019,Hà Nội,Highlands Coffee,Yes,Yes,No,No,No,0.0,0.0,0.0,,32910,Churn,1.0,0.0,0.0,1.0
759238,2019,Hà Nội,Cộng Cà Phê,Yes,Yes,Yes,No,No,2.0,50.0,100.0,Seg.02 - Mass Asp (VND 25K - VND 59K),32912,At-risk,2.0,1.0,2.0,2.0
759284,2019,Hà Nội,Cộng Cà Phê,Yes,Yes,No,No,No,0.0,0.0,0.0,,32924,Churn,1.0,0.0,0.0,1.0
759300,2019,Hải Phòng,Highlands Coffee,Yes,Yes,Yes,Yes,No,4.0,35.0,140.0,Seg.02 - Mass Asp (VND 25K - VND 59K),32934,Bronze,3.0,2.0,1.0,3.0
759414,2019,Hải Phòng,Highlands Coffee,Yes,Yes,Yes,Yes,No,4.0,39.0,156.0,Seg.02 - Mass Asp (VND 25K - VND 59K),32938,Bronze,3.0,2.0,2.0,3.0
759414,2019,Hải Phòng,The Coffee House,Yes,Yes,Yes,Yes,No,6.0,40.0,240.0,Seg.02 - Mass Asp (VND 25K - VND 59K),32940,Bronze,3.0,3.0,2.0,3.0
759494,2019,Hà Nội,The Coffee House,Yes,Yes,Yes,No,No,1.0,30.0,30.0,Seg.02 - Mass Asp (VND 25K - VND 59K),32952,At-risk,2.0,1.0,1.0,2.0
759494,2019,Hà Nội,Highlands Coffee,Yes,Yes,Yes,No,No,2.0,160.0,320.0,Seg.04 - Super Premium (VND 100K+),32956,Silver,2.0,1.0,4.0,4.0
759494,2019,Hà Nội,Cộng Cà Phê,Yes,Yes,No,No,No,0.0,0.0,0.0,,32957,Churn,1.0,0.0,0.0,1.0
760150,2019,Hà Nội,Highlands Coffee,Yes,Yes,No,No,No,0.0,0.0,0.0,,32972,Churn,1.0,0.0,0.0,1.0
760969,2019,Cần Thơ,Trung Nguyên,Yes,Yes,Yes,Yes,No,15.0,29.0,435.0,Seg.02 - Mass Asp (VND 25K - VND 59K),32987,Gold,3.0,4.0,1.0,5.0
761149,2019,Cần Thơ,Trung Nguyên,Yes,Yes,No,No,No,0.0,0.0,0.0,,33017,Churn,1.0,0.0,0.0,1.0
761354,2019,Cần Thơ,Trung Nguyên,Yes,Yes,No,No,No,0.0,0.0,0.0,,33032,Churn,1.0,0.0,0.0,1.0
763558,2019,Đà Nẵng,Highlands Coffee,Yes,Yes,Yes,Yes,No,5.0,50.0,250.0,Seg.02 - Mass Asp (VND 25K - VND 59K),33065,Bronze,3.0,2.0,2.0,3.0
763558,2019,Đà Nẵng,Phúc Long,Yes,Yes,No,No,No,0.0,0.0,0.0,,33074,Churn,1.0,0.0,0.0,1.0
764281,2019,Hà Nội,Highlands Coffee,Yes,Yes,Yes,Yes,No,4.0,40.0,160.0,Seg.02 - Mass Asp (VND 25K - VND 59K),33103,Bronze,3.0,2.0,2.0,3.0
764281,2019,Hà Nội,The Coffee House,Yes,Yes,No,No,No,0.0,0.0,0.0,,33105,Churn,1.0,0.0,0.0,1.0
764370,2019,Hà Nội,Highlands Coffee,Yes,Yes,Yes,No,No,2.0,60.0,120.0,Seg.03 - Premium (VND 60K - VND 99K),33114,Silver,2.0,1.0,3.0,4.0
764370,2019,Hà Nội,Cộng Cà Phê,Yes,Yes,No,No,No,0.0,0.0,0.0,,33116,Churn,1.0,0.0,0.0,1.0
764618,2019,Hải Phòng,Highlands Coffee,Yes,Yes,Yes,Yes,No,5.0,50.0,250.0,Seg.02 - Mass Asp (VND 25K - VND 59K),33129,Bronze,3.0,2.0,2.0,3.0
764618,2019,Hải Phòng,Starbucks,Yes,Yes,No,No,No,0.0,0.0,0.0,,33135,Churn,1.0,0.0,0.0,1.0
764623,2019,Hà Nội,The Coffee House,Yes,Yes,Yes,Yes,No,4.0,50.0,200.0,Seg.02 - Mass Asp (VND 25K - VND 59K),33137,Bronze,3.0,2.0,2.0,3.0
764623,2019,Hà Nội,Highlands Coffee,Yes,Yes,No,No,No,0.0,0.0,0.0,,33138,Churn,1.0,0.0,0.0,1.0
764654,2019,Hà Nội,Highlands Coffee,Yes,Yes,No,No,No,0.0,0.0,0.0,,33149,Churn,1.0,0.0,0.0,1.0
764703,2019,Hà Nội,Highlands Coffee,Yes,Yes,Yes,No,No,2.0,100.0,200.0,Seg.04 - Super Premium (VND 100K+),33169,Silver,2.0,1.0,4.0,4.0
764882,2019,Hà Nội,Cộng Cà Phê,Yes,Yes,No,No,No,0.0,0.0,0.0,,33183,Churn,1.0,0.0,0.0,1.0
764882,2019,Hà Nội,Highlands Coffee,Yes,Yes,Yes,Yes,No,4.0,70.0,280.0,Seg.03 - Premium (VND 60K - VND 99K),33185,Silver,3.0,2.0,3.0,4.0
764882,2019,Hà Nội,Starbucks,Yes,Yes,No,No,No,0.0,0.0,0.0,,33186,Churn,1.0,0.0,0.0,1.0
764882,2019,Hà Nội,The Coffee House,Yes,Yes,No,No,No,0.0,0.0,0.0,,33187,Churn,1.0,0.0,0.0,1.0
765076,2019,Hà Nội,Cộng Cà Phê,Yes,Yes,Yes,Yes,No,15.0,50.0,750.0,Seg.02 - Mass Asp (VND 25K - VND 59K),33192,Gold,3.0,4.0,2.0,5.0
765076,2019,Hà Nội,Starbucks,Yes,Yes,No,No,No,0.0,0.0,0.0,,33196,Churn,1.0,0.0,0.0,1.0
765076,2019,Hà Nội,The Coffee House,Yes,Yes,No,No,No,0.0,0.0,0.0,,33199,Churn,1.0,0.0,0.0,1.0
765184,2019,Cần Thơ,Phúc Long,Yes,Yes,No,No,No,0.0,0.0,0.0,,33209,Churn,1.0,0.0,0.0,1.0
765342,2019,Hà Nội,Highlands Coffee,Yes,Yes,Yes,No,No,1.0,50.0,50.0,Seg.02 - Mass Asp (VND 25K - VND 59K),33229,At-risk,2.0,1.0,2.0,2.0
765811,2019,Hà Nội,Highlands Coffee,Yes,Yes,Yes,No,No,1.0,55.0,55.0,Seg.02 - Mass Asp (VND 25K - VND 59K),33262,At-risk,2.0,1.0,2.0,2.0
765848,2019,Cần Thơ,Trung Nguyên,Yes,Yes,Yes,Yes,No,10.0,15.0,150.0,Seg.01 - Mass (<VND 25K),33269,Gold,3.0,4.0,1.0,5.0
765990,2019,Hà Nội,Highlands Coffee,Yes,Yes,Yes,Yes,No,4.0,40.0,160.0,Seg.02 - Mass Asp (VND 25K - VND 59K),33282,Bronze,3.0,2.0,2.0,3.0
766003,2019,Hà Nội,The Coffee House,Yes,Yes,Yes,Yes,No,6.0,40.0,240.0,Seg.02 - Mass Asp (VND 25K - VND 59K),33291,Bronze,3.0,3.0,2.0,3.0
766003,2019,Hà Nội,Highlands Coffee,Yes,Yes,No,No,No,0.0,0.0,0.0,,33292,Churn,1.0,0.0,0.0,1.0
766003,2019,Hà Nội,Cộng Cà Phê,Yes,Yes,Yes,No,No,3.0,45.0,135.0,Seg.02 - Mass Asp (VND 25K - VND 59K),33293,At-risk,2.0,1.0,2.0,2.0
767805,2019,Hải Phòng,Starbucks,Yes,Yes,No,No,No,0.0,0.0,0.0,,33332,Churn,1.0,0.0,0.0,1.0
767805,2019,Hải Phòng,The Coffee House,Yes,Yes,Yes,Yes,No,4.0,55.0,220.0,Seg.02 - Mass Asp (VND 25K - VND 59K),33333,Bronze,3.0,2.0,2.0,3.0
767805,2019,Hải Phòng,Highlands Coffee,Yes,Yes,Yes,Yes,No,5.0,50.0,250.0,Seg.02 - Mass Asp (VND 25K - VND 59K),33334,Bronze,3.0,2.0,2.0,3.0
768329,2019,Hải Phòng,Trung Nguyên,Yes,Yes,No,No,No,0.0,0.0,0.0,,33355,Churn,1.0,0.0,0.0,1.0
768329,2019,Hải Phòng,Cộng Cà Phê,Yes,Yes,Yes,No,No,1.0,50.0,50.0,Seg.02 - Mass Asp (VND 25K - VND 59K),33360,At-risk,2.0,1.0,2.0,2.0
768521,2019,Hà Nội,Highlands Coffee,Yes,Yes,No,No,No,0.0,0.0,0.0,,33384,Churn,1.0,0.0,0.0,1.0
768538,2019,Hà Nội,Highlands Coffee,Yes,Yes,Yes,No,No,1.0,50.0,50.0,Seg.02 - Mass Asp (VND 25K - VND 59K),33395,At-risk,2.0,1.0,2.0,2.0
768538,2019,Hà Nội,Phúc Long,Yes,Yes,No,No,No,0.0,0.0,0.0,,33396,Churn,1.0,0.0,0.0,1.0
769062,2019,Hải Phòng,Highlands Coffee,Yes,Yes,Yes,Yes,No,4.0,30.0,120.0,Seg.02 - Mass Asp (VND 25K - VND 59K),33409,Bronze,3.0,2.0,1.0,3.0
769392,2019,Hải Phòng,Highlands Coffee,Yes,Yes,Yes,Yes,No,4.0,50.0,200.0,Seg.02 - Mass Asp (VND 25K - VND 59K),33445,Bronze,3.0,2.0,2.0,3.0
769410,2019,Hà Nội,Highlands Coffee,Yes,Yes,Yes,No,No,1.0,50.0,50.0,Seg.02 - Mass Asp (VND 25K - VND 59K),33450,At-risk,2.0,1.0,2.0,2.0
769476,2019,Hà Nội,Highlands Coffee,Yes,Yes,Yes,Yes,No,5.0,29.0,145.0,Seg.02 - Mass Asp (VND 25K - VND 59K),33454,Bronze,3.0,2.0,1.0,3.0
769476,2019,Hà Nội,Cộng Cà Phê,Yes,Yes,No,No,No,0.0,0.0,0.0,,33457,Churn,1.0,0.0,0.0,1.0
769484,2019,Hà Nội,Cộng Cà Phê,Yes,Yes,No,No,No,0.0,0.0,0.0,,33465,Churn,1.0,0.0,0.0,1.0
769484,2019,Hà Nội,The Coffee House,Yes,Yes,Yes,No,No,1.0,35.0,35.0,Seg.02 - Mass Asp (VND 25K - VND 59K),33466,At-risk,2.0,1.0,1.0,2.0
769484,2019,Hà Nội,Highlands Coffee,Yes,Yes,Yes,No,No,3.0,40.0,120.0,Seg.02 - Mass Asp (VND 25K - VND 59K),33467,At-risk,2.0,1.0,2.0,2.0
769812,2019,Hải Phòng,The Coffee House,Yes,Yes,Yes,No,No,1.0,40.0,40.0,Seg.02 - Mass Asp (VND 25K - VND 59K),33475,At-risk,2.0,1.0,2.0,2.0
769866,2019,Hà Nội,Highlands Coffee,Yes,Yes,No,No,No,0.0,0.0,0.0,,33482,Churn,1.0,0.0,0.0,1.0
769866,2019,Hà Nội,Cộng Cà Phê,Yes,Yes,Yes,Yes,No,4.0,45.0,180.0,Seg.02 - Mass Asp (VND 25K - VND 59K),33486,Bronze,3.0,2.0,2.0,3.0
770076,2019,Hà Nội,Highlands Coffee,Yes,Yes,Yes,Yes,No,5.0,50.0,250.0,Seg.02 - Mass Asp (VND 25K - VND 59K),33499,Bronze,3.0,2.0,2.0,3.0
770151,2019,Hải Phòng,Highlands Coffee,Yes,Yes,No,No,No,0.0,0.0,0.0,,33505,Churn,1.0,0.0,0.0,1.0
770151,2019,Hải Phòng,Trung Nguyên,Yes,Yes,No,No,No,0.0,0.0,0.0,,33507,Churn,1.0,0.0,0.0,1.0
770161,2019,Hồ Chí Minh,The Coffee House,Yes,Yes,No,No,No,0.0,0.0,0.0,,33510,Churn,1.0,0.0,0.0,1.0
770161,2019,Hồ Chí Minh,Trung Nguyên,Yes,Yes,Yes,Yes,No,4.0,50.0,200.0,Seg.02 - Mass Asp (VND 25K - VND 59K),33513,Bronze,3.0,2.0,2.0,3.0
770510,2019,Hà Nội,Highlands Coffee,Yes,Yes,Yes,No,No,2.0,50.0,100.0,Seg.02 - Mass Asp (VND 25K - VND 59K),33530,At-risk,2.0,1.0,2.0,2.0
770510,2019,Hà Nội,Cộng Cà Phê,Yes,Yes,No,No,No,0.0,0.0,0.0,,33535,Churn,1.0,0.0,0.0,1.0
770627,2019,Hải Phòng,Highlands Coffee,Yes,Yes,Yes,No,No,3.0,50.0,150.0,Seg.02 - Mass Asp (VND 25K - VND 59K),33550,At-risk,2.0,1.0,2.0,2.0
770627,2019,Hải Phòng,The Coffee House,Yes,Yes,Yes,No,No,1.0,50.0,50.0,Seg.02 - Mass Asp (VND 25K - VND 59K),33552,At-risk,2.0,1.0,2.0,2.0
770941,2019,Hải Phòng,Highlands Coffee,Yes,Yes,Yes,Yes,No,8.0,60.0,480.0,Seg.03 - Premium (VND 60K - VND 99K),33565,Gold,3.0,4.0,3.0,5.0
770949,2019,Hà Nội,The Coffee House,Yes,Yes,No,No,No,0.0,0.0,0.0,,33568,Churn,1.0,0.0,0.0,1.0
770975,2019,Cần Thơ,Trung Nguyên,Yes,Yes,Yes,No,No,3.0,60.0,180.0,Seg.03 - Premium (VND 60K - VND 99K),33580,Silver,2.0,1.0,3.0,4.0
770975,2019,Cần Thơ,Highlands Coffee,Yes,Yes,Yes,Yes,No,7.0,70.0,490.0,Seg.03 - Premium (VND 60K - VND 99K),33584,Gold,3.0,3.0,3.0,5.0
770975,2019,Cần Thơ,Phúc Long,Yes,Yes,No,No,No,0.0,0.0,0.0,,33585,Churn,1.0,0.0,0.0,1.0
771047,2019,Hồ Chí Minh,Trung Nguyên,Yes,Yes,Yes,Yes,No,4.0,50.0,200.0,Seg.02 - Mass Asp (VND 25K - VND 59K),33593,Bronze,3.0,2.0,2.0,3.0
771105,2019,Cần Thơ,Trung Nguyên,Yes,Yes,Yes,Yes,No,4.0,50.0,200.0,Seg.02 - Mass Asp (VND 25K - VND 59K),33594,Bronze,3.0,2.0,2.0,3.0
771164,2019,Đà Nẵng,Highlands Coffee,Yes,Yes,No,No,No,0.0,0.0,0.0,,33598,Churn,1.0,0.0,0.0,1.0
771327,2019,Cần Thơ,Trung Nguyên,Yes,Yes,Yes,No,No,3.0,70.0,210.0,Seg.03 - Premium (VND 60K - VND 99K),33599,Silver,2.0,1.0,3.0,4.0
771327,2019,Cần Thơ,Highlands Coffee,Yes,Yes,Yes,Yes,No,4.0,80.0,320.0,Seg.03 - Premium (VND 60K - VND 99K),33601,Silver,3.0,2.0,3.0,4.0
771368,2019,Hồ Chí Minh,Highlands Coffee,Yes,Yes,Yes,No,No,2.0,49.0,98.0,Seg.02 - Mass Asp (VND 25K - VND 59K),33610,At-risk,2.0,1.0,2.0,2.0
771940,2019,Hải Phòng,Highlands Coffee,Yes,Yes,Yes,Yes,No,6.0,55.0,330.0,Seg.02 - Mass Asp (VND 25K - VND 59K),33613,Bronze,3.0,3.0,2.0,3.0
774936,2019,Hồ Chí Minh,Trung Nguyên,Yes,Yes,Yes,No,No,2.0,30.0,60.0,Seg.02 - Mass Asp (VND 25K - VND 59K),33629,At-risk,2.0,1.0,1.0,2.0
775425,2019,Hồ Chí Minh,The Coffee House,Yes,Yes,Yes,Yes,Yes,30.0,20.0,600.0,Seg.01 - Mass (<VND 25K),33634,Gold,4.0,4.0,1.0,5.0
775425,2019,Hồ Chí Minh,Highlands Coffee,Yes,Yes,No,No,No,0.0,0.0,0.0,,33635,Churn,1.0,0.0,0.0,1.0
777319,2019,Hà Nội,Highlands Coffee,Yes,Yes,No,No,No,0.0,0.0,0.0,,33686,Churn,1.0,0.0,0.0,1.0
777319,2019,Hà Nội,The Coffee House,Yes,Yes,No,No,No,0.0,0.0,0.0,,33687,Churn,1.0,0.0,0.0,1.0
777687,2019,Hà Nội,Trung Nguyên,Yes,Yes,Yes,No,No,1.0,30.0,30.0,Seg.02 - Mass Asp (VND 25K - VND 59K),33693,At-risk,2.0,1.0,1.0,2.0
777687,2019,Hà Nội,Highlands Coffee,Yes,Yes,Yes,No,No,2.0,90.0,180.0,Seg.03 - Premium (VND 60K - VND 99K),33694,Silver,2.0,1.0,4.0,4.0
777775,2019,Đà Nẵng,Highlands Coffee,Yes,Yes,No,No,No,0.0,0.0,0.0,,33697,Churn,1.0,0.0,0.0,1.0
777873,2019,Đà Nẵng,Highlands Coffee,Yes,Yes,Yes,No,No,2.0,49.0,98.0,Seg.02 - Mass Asp (VND 25K - VND 59K),33704,At-risk,2.0,1.0,2.0,2.0
777873,2019,Đà Nẵng,Trung Nguyên,Yes,Yes,No,No,No,0.0,0.0,0.0,,33707,Churn,1.0,0.0,0.0,1.0
777899,2019,Hà Nội,Trung Nguyên,Yes,Yes,No,No,No,0.0,0.0,0.0,,33710,Churn,1.0,0.0,0.0,1.0
777899,2019,Hà Nội,Highlands Coffee,Yes,Yes,Yes,No,No,3.0,60.0,180.0,Seg.03 - Premium (VND 60K - VND 99K),33711,Silver,2.0,1.0,3.0,4.0
777899,2019,Hà Nội,Cộng Cà Phê,Yes,Yes,Yes,Yes,No,7.0,50.0,350.0,Seg.02 - Mass Asp (VND 25K - VND 59K),33712,Bronze,3.0,3.0,2.0,3.0
777967,2019,Hà Nội,The Coffee House,Yes,Yes,Yes,No,No,2.0,30.0,60.0,Seg.02 - Mass Asp (VND 25K - VND 59K),33727,At-risk,2.0,1.0,1.0,2.0
778146,2019,Đà Nẵng,Highlands Coffee,Yes,Yes,Yes,Yes,No,10.0,30.0,300.0,Seg.02 - Mass Asp (VND 25K - VND 59K),33769,Gold,3.0,4.0,1.0,5.0
778297,2019,Hải Phòng,Highlands Coffee,Yes,Yes,Yes,No,No,2.0,100.0,200.0,Seg.04 - Super Premium (VND 100K+),33786,Silver,2.0,1.0,4.0,4.0
778557,2019,Hà Nội,Highlands Coffee,Yes,Yes,Yes,No,No,2.0,50.0,100.0,Seg.02 - Mass Asp (VND 25K - VND 59K),33802,At-risk,2.0,1.0,2.0,2.0
778557,2019,Hà Nội,The Coffee House,Yes,Yes,Yes,Yes,No,4.0,40.0,160.0,Seg.02 - Mass Asp (VND 25K - VND 59K),33808,Bronze,3.0,2.0,2.0,3.0
778702,2019,Hải Phòng,Highlands Coffee,Yes,Yes,No,No,No,0.0,0.0,0.0,,33823,Churn,1.0,0.0,0.0,1.0
778813,2019,Hải Phòng,Highlands Coffee,Yes,Yes,No,No,No,0.0,0.0,0.0,,33835,Churn,1.0,0.0,0.0,1.0
778827,2019,Hải Phòng,Highlands Coffee,Yes,Yes,Yes,No,No,1.0,45.0,45.0,Seg.02 - Mass Asp (VND 25K - VND 59K),33842,At-risk,2.0,1.0,2.0,2.0
778880,2019,Hải Phòng,Highlands Coffee,Yes,Yes,Yes,No,No,1.0,30.0,30.0,Seg.02 - Mass Asp (VND 25K - VND 59K),33848,At-risk,2.0,1.0,1.0,2.0
778941,2019,Hồ Chí Minh,The Coffee House,Yes,Yes,No,No,No,0.0,0.0,0.0,,33857,Churn,1.0,0.0,0.0,1.0
779000,2019,Hà Nội,Highlands Coffee,Yes,Yes,Yes,Yes,No,4.0,40.0,160.0,Seg.02 - Mass Asp (VND 25K - VND 59K),33869,Bronze,3.0,2.0,2.0,3.0
779002,2019,Hà Nội,The Coffee House,Yes,Yes,Yes,Yes,No,4.0,50.0,200.0,Seg.02 - Mass Asp (VND 25K - VND 59K),33874,Bronze,3.0,2.0,2.0,3.0
779002,2019,Hà Nội,Highlands Coffee,Yes,Yes,No,No,No,0.0,0.0,0.0,,33875,Churn,1.0,0.0,0.0,1.0
779039,2019,Hải Phòng,Highlands Coffee,Yes,Yes,Yes,Yes,No,6.0,30.0,180.0,Seg.02 - Mass Asp (VND 25K - VND 59K),33882,Bronze,3.0,3.0,1.0,3.0
779092,2019,Hải Phòng,Highlands Coffee,Yes,Yes,Yes,No,No,2.0,45.0,90.0,Seg.02 - Mass Asp (VND 25K - VND 59K),33886,At-risk,2.0,1.0,2.0,2.0
779188,2019,Hải Phòng,The Coffee House,Yes,Yes,No,No,No,0.0,0.0,0.0,,33892,Churn,1.0,0.0,0.0,1.0
779188,2019,Hải Phòng,Highlands Coffee,Yes,Yes,Yes,No,No,2.0,30.0,60.0,Seg.02 - Mass Asp (VND 25K - VND 59K),33896,At-risk,2.0,1.0,1.0,2.0
779226,2019,Hải Phòng,Highlands Coffee,Yes,Yes,Yes,No,No,2.0,50.0,100.0,Seg.02 - Mass Asp (VND 25K - VND 59K),33903,At-risk,2.0,1.0,2.0,2.0
779696,2019,Đà Nẵng,Trung Nguyên,Yes,Yes,No,No,No,0.0,0.0,0.0,,33916,Churn,1.0,0.0,0.0,1.0
779860,2019,Đà Nẵng,Highlands Coffee,Yes,Yes,Yes,Yes,No,14.0,40.0,560.0,Seg.02 - Mass Asp (VND 25K - VND 59K),33931,Gold,3.0,4.0,2.0,5.0
779860,2019,Đà Nẵng,Cộng Cà Phê,Yes,Yes,No,No,No,0.0,0.0,0.0,,33933,Churn,1.0,0.0,0.0,1.0
779863,2019,Hà Nội,Highlands Coffee,Yes,Yes,No,No,No,0.0,0.0,0.0,,33941,Churn,1.0,0.0,0.0,1.0
779863,2019,Hà Nội,Cộng Cà Phê,Yes,Yes,Yes,Yes,No,6.0,40.0,240.0,Seg.02 - Mass Asp (VND 25K - VND 59K),33947,Bronze,3.0,3.0,2.0,3.0
780024,2019,Đà Nẵng,The Coffee House,Yes,Yes,No,No,No,0.0,0.0,0.0,,33955,Churn,1.0,0.0,0.0,1.0
780275,2019,Hà Nội,Highlands Coffee,Yes,Yes,Yes,No,No,2.0,50.0,100.0,Seg.02 - Mass Asp (VND 25K - VND 59K),33986,At-risk,2.0,1.0,2.0,2.0
780275,2019,Hà Nội,The Coffee House,Yes,Yes,Yes,No,No,3.0,40.0,120.0,Seg.02 - Mass Asp (VND 25K - VND 59K),33988,At-risk,2.0,1.0,2.0,2.0
780275,2019,Hà Nội,Cộng Cà Phê,Yes,Yes,Yes,Yes,No,4.0,40.0,160.0,Seg.02 - Mass Asp (VND 25K - VND 59K),33993,Bronze,3.0,2.0,2.0,3.0
780377,2019,Hà Nội,Cộng Cà Phê,Yes,Yes,Yes,No,No,1.0,50.0,50.0,Seg.02 - Mass Asp (VND 25K - VND 59K),34005,At-risk,2.0,1.0,2.0,2.0
780377,2019,Hà Nội,Phúc Long,Yes,Yes,No,No,No,0.0,0.0,0.0,,34008,Churn,1.0,0.0,0.0,1.0
780377,2019,Hà Nội,Highlands Coffee,Yes,Yes,Yes,Yes,No,8.0,50.0,400.0,Seg.02 - Mass Asp (VND 25K - VND 59K),34009,Gold,3.0,4.0,2.0,5.0
780377,2019,Hà Nội,The Coffee House,Yes,Yes,No,No,No,0.0,0.0,0.0,,34010,Churn,1.0,0.0,0.0,1.0
780427,2019,Hải Phòng,The Coffee House,Yes,Yes,Yes,No,No,2.0,30.0,60.0,Seg.02 - Mass Asp (VND 25K - VND 59K),34029,At-risk,2.0,1.0,1.0,2.0
780427,2019,Hải Phòng,Highlands Coffee,Yes,Yes,Yes,No,No,2.0,49.0,98.0,Seg.02 - Mass Asp (VND 25K - VND 59K),34034,At-risk,2.0,1.0,2.0,2.0
780513,2019,Đà Nẵng,Highlands Coffee,Yes,Yes,Yes,No,No,2.0,100.0,200.0,Seg.04 - Super Premium (VND 100K+),34053,Silver,2.0,1.0,4.0,4.0
780531,2019,Đà Nẵng,Highlands Coffee,Yes,Yes,No,No,No,0.0,0.0,0.0,,34062,Churn,1.0,0.0,0.0,1.0
780531,2019,Đà Nẵng,The Coffee House,Yes,Yes,No,No,No,0.0,0.0,0.0,,34064,Churn,1.0,0.0,0.0,1.0
780545,2019,Hà Nội,Cộng Cà Phê,Yes,Yes,No,No,No,0.0,0.0,0.0,,34071,Churn,1.0,0.0,0.0,1.0
780545,2019,Hà Nội,Highlands Coffee,Yes,Yes,No,No,No,0.0,0.0,0.0,,34074,Churn,1.0,0.0,0.0,1.0
780577,2019,Hồ Chí Minh,Highlands Coffee,Yes,Yes,Yes,Yes,Yes,27.0,40.0,1080.0,Seg.02 - Mass Asp (VND 25K - VND 59K),34080,Gold,4.0,4.0,2.0,5.0
780577,2019,Hồ Chí Minh,Phúc Long,Yes,Yes,No,No,No,0.0,0.0,0.0,,34083,Churn,1.0,0.0,0.0,1.0
780577,2019,Hồ Chí Minh,The Coffee House,Yes,Yes,No,No,No,0.0,0.0,0.0,,34084,Churn,1.0,0.0,0.0,1.0
780604,2019,Hà Nội,Highlands Coffee,Yes,Yes,Yes,No,No,1.0,50.0,50.0,Seg.02 - Mass Asp (VND 25K - VND 59K),34090,At-risk,2.0,1.0,2.0,2.0
780630,2019,Hải Phòng,The Coffee House,Yes,Yes,Yes,No,No,2.0,40.0,80.0,Seg.02 - Mass Asp (VND 25K - VND 59K),34105,At-risk,2.0,1.0,2.0,2.0
780630,2019,Hải Phòng,Highlands Coffee,Yes,Yes,Yes,Yes,No,4.0,40.0,160.0,Seg.02 - Mass Asp (VND 25K - VND 59K),34108,Bronze,3.0,2.0,2.0,3.0
780630,2019,Hải Phòng,Cộng Cà Phê,Yes,Yes,Yes,No,No,2.0,30.0,60.0,Seg.02 - Mass Asp (VND 25K - VND 59K),34109,At-risk,2.0,1.0,1.0,2.0
780763,2019,Hồ Chí Minh,The Coffee House,Yes,Yes,No,No,No,0.0,0.0,0.0,,34118,Churn,1.0,0.0,0.0,1.0
780763,2019,Hồ Chí Minh,Highlands Coffee,Yes,Yes,Yes,Yes,Yes,20.0,30.0,600.0,Seg.02 - Mass Asp (VND 25K - VND 59K),34125,Gold,4.0,4.0,1.0,5.0
780763,2019,Hồ Chí Minh,Phúc Long,Yes,Yes,No,No,No,0.0,0.0,0.0,,34126,Churn,1.0,0.0,0.0,1.0
780788,2019,Đà Nẵng,The Coffee House,Yes,Yes,Yes,Yes,No,5.0,40.0,200.0,Seg.02 - Mass Asp (VND 25K - VND 59K),34128,Bronze,3.0,2.0,2.0,3.0
780788,2019,Đà Nẵng,Phúc Long,Yes,Yes,No,No,No,0.0,0.0,0.0,,34129,Churn,1.0,0.0,0.0,1.0
780830,2019,Hà Nội,Cộng Cà Phê,Yes,Yes,No,No,No,0.0,0.0,0.0,,34131,Churn,1.0,0.0,0.0,1.0
780830,2019,Hà Nội,Highlands Coffee,Yes,Yes,Yes,No,No,2.0,50.0,100.0,Seg.02 - Mass Asp (VND 25K - VND 59K),34134,At-risk,2.0,1.0,2.0,2.0
781027,2019,Hà Nội,Highlands Coffee,Yes,Yes,Yes,No,No,3.0,40.0,120.0,Seg.02 - Mass Asp (VND 25K - VND 59K),34156,At-risk,2.0,1.0,2.0,2.0
781095,2019,Hà Nội,Highlands Coffee,Yes,Yes,No,No,No,0.0,0.0,0.0,,34159,Churn,1.0,0.0,0.0,1.0
781145,2019,Hà Nội,Highlands Coffee,Yes,Yes,Yes,No,No,1.0,45.0,45.0,Seg.02 - Mass Asp (VND 25K - VND 59K),34187,At-risk,2.0,1.0,2.0,2.0
781145,2019,Hà Nội,Trung Nguyên,Yes,Yes,Yes,Yes,No,4.0,20.0,80.0,Seg.01 - Mass (<VND 25K),34190,Bronze,3.0,2.0,1.0,3.0
781145,2019,Hà Nội,The Coffee House,Yes,Yes,No,No,No,0.0,0.0,0.0,,34191,Churn,1.0,0.0,0.0,1.0
781237,2019,Hà Nội,Cộng Cà Phê,Yes,Yes,No,No,No,0.0,0.0,0.0,,34204,Churn,1.0,0.0,0.0,1.0
781237,2019,Hà Nội,Highlands Coffee,Yes,Yes,Yes,Yes,No,4.0,50.0,200.0,Seg.02 - Mass Asp (VND 25K - VND 59K),34205,Bronze,3.0,2.0,2.0,3.0
781338,2019,Hà Nội,Highlands Coffee,Yes,Yes,No,No,No,0.0,0.0,0.0,,34237,Churn,1.0,0.0,0.0,1.0
781444,2019,Hải Phòng,The Coffee House,Yes,Yes,Yes,No,No,3.0,45.0,135.0,Seg.02 - Mass Asp (VND 25K - VND 59K),34269,At-risk,2.0,1.0,2.0,2.0
781444,2019,Hải Phòng,Highlands Coffee,Yes,Yes,Yes,No,No,1.0,29.0,29.0,Seg.02 - Mass Asp (VND 25K - VND 59K),34270,At-risk,2.0,1.0,1.0,2.0
781452,2019,Hải Phòng,Highlands Coffee,Yes,Yes,No,No,No,0.0,0.0,0.0,,34271,Churn,1.0,0.0,0.0,1.0
781598,2019,Đà Nẵng,Highlands Coffee,Yes,Yes,Yes,Yes,No,10.0,50.0,500.0,Seg.02 - Mass Asp (VND 25K - VND 59K),34289,Gold,3.0,4.0,2.0,5.0
781673,2019,Hà Nội,The Coffee House,Yes,Yes,No,No,No,0.0,0.0,0.0,,34295,Churn,1.0,0.0,0.0,1.0
781673,2019,Hà Nội,Cộng Cà Phê,Yes,Yes,No,No,No,0.0,0.0,0.0,,34300,Churn,1.0,0.0,0.0,1.0
781673,2019,Hà Nội,Highlands Coffee,Yes,Yes,Yes,No,No,1.0,70.0,70.0,Seg.03 - Premium (VND 60K - VND 99K),34301,Silver,2.0,1.0,3.0,4.0
781679,2019,Hải Phòng,Highlands Coffee,Yes,Yes,No,No,No,0.0,0.0,0.0,,34304,Churn,1.0,0.0,0.0,1.0
781691,2019,Hà Nội,Trung Nguyên,Yes,Yes,Yes,Yes,No,4.0,50.0,200.0,Seg.02 - Mass Asp (VND 25K - VND 59K),34309,Bronze,3.0,2.0,2.0,3.0
781716,2019,Hồ Chí Minh,The Coffee House,Yes,Yes,Yes,Yes,No,4.0,30.0,120.0,Seg.02 - Mass Asp (VND 25K - VND 59K),34313,Bronze,3.0,2.0,1.0,3.0
781716,2019,Hồ Chí Minh,Highlands Coffee,Yes,Yes,No,No,No,0.0,0.0,0.0,,34315,Churn,1.0,0.0,0.0,1.0
781720,2019,Hà Nội,Highlands Coffee,Yes,Yes,Yes,Yes,No,7.0,30.0,210.0,Seg.02 - Mass Asp (VND 25K - VND 59K),34330,Bronze,3.0,3.0,1.0,3.0
781816,2019,Hải Phòng,Highlands Coffee,Yes,Yes,Yes,No,No,2.0,40.0,80.0,Seg.02 - Mass Asp (VND 25K - VND 59K),34354,At-risk,2.0,1.0,2.0,2.0
781864,2019,Hải Phòng,Highlands Coffee,Yes,Yes,No,No,No,0.0,0.0,0.0,,34359,Churn,1.0,0.0,0.0,1.0
781899,2019,Hà Nội,Cộng Cà Phê,Yes,Yes,Yes,Yes,No,7.0,50.0,350.0,Seg.02 - Mass Asp (VND 25K - VND 59K),34376,Bronze,3.0,3.0,2.0,3.0
781899,2019,Hà Nội,Phúc Long,Yes,Yes,No,No,No,0.0,0.0,0.0,,34377,Churn,1.0,0.0,0.0,1.0
781899,2019,Hà Nội,Highlands Coffee,Yes,Yes,Yes,Yes,No,4.0,50.0,200.0,Seg.02 - Mass Asp (VND 25K - VND 59K),34379,Bronze,3.0,2.0,2.0,3.0
781969,2019,Hà Nội,Highlands Coffee,Yes,Yes,No,No,No,0.0,0.0,0.0,,34386,Churn,1.0,0.0,0.0,1.0
782281,2019,Hà Nội,Highlands Coffee,Yes,Yes,Yes,Yes,No,4.0,55.0,220.0,Seg.02 - Mass Asp (VND 25K - VND 59K),34423,Bronze,3.0,2.0,2.0,3.0
782431,2019,Hà Nội,Highlands Coffee,Yes,Yes,Yes,No,No,2.0,45.0,90.0,Seg.02 - Mass Asp (VND 25K - VND 59K),34447,At-risk,2.0,1.0,2.0,2.0
782431,2019,Hà Nội,Trung Nguyên,Yes,Yes,No,No,No,0.0,0.0,0.0,,34448,Churn,1.0,0.0,0.0,1.0
782431,2019,Hà Nội,The Coffee House,Yes,Yes,No,No,No,0.0,0.0,0.0,,34451,Churn,1.0,0.0,0.0,1.0
782475,2019,Hà Nội,Highlands Coffee,Yes,Yes,Yes,No,No,3.0,40.0,120.0,Seg.02 - Mass Asp (VND 25K - VND 59K),34457,At-risk,2.0,1.0,2.0,2.0
782475,2019,Hà Nội,Cộng Cà Phê,Yes,Yes,No,No,No,0.0,0.0,0.0,,34459,Churn,1.0,0.0,0.0,1.0
782486,2019,Hải Phòng,Highlands Coffee,Yes,Yes,No,No,No,0.0,0.0,0.0,,34465,Churn,1.0,0.0,0.0,1.0
782497,2019,Hải Phòng,Highlands Coffee,Yes,Yes,No,No,No,0.0,0.0,0.0,,34469,Churn,1.0,0.0,0.0,1.0
782797,2019,Đà Nẵng,Trung Nguyên,Yes,Yes,No,No,No,0.0,0.0,0.0,,34480,Churn,1.0,0.0,0.0,1.0
782797,2019,Đà Nẵng,Highlands Coffee,Yes,Yes,No,No,No,0.0,0.0,0.0,,34481,Churn,1.0,0.0,0.0,1.0
782806,2019,Hải Phòng,Highlands Coffee,Yes,Yes,No,No,No,0.0,0.0,0.0,,34486,Churn,1.0,0.0,0.0,1.0
782990,2019,Đà Nẵng,The Coffee House,Yes,Yes,Yes,No,No,2.0,100.0,200.0,Seg.04 - Super Premium (VND 100K+),34520,Silver,2.0,1.0,4.0,4.0
783007,2019,Đà Nẵng,Cộng Cà Phê,Yes,Yes,No,No,No,0.0,0.0,0.0,,34525,Churn,1.0,0.0,0.0,1.0
783007,2019,Đà Nẵng,The Coffee House,Yes,Yes,No,No,No,0.0,0.0,0.0,,34528,Churn,1.0,0.0,0.0,1.0
783007,2019,Đà Nẵng,Trung Nguyên,Yes,Yes,No,No,No,0.0,0.0,0.0,,34529,Churn,1.0,0.0,0.0,1.0
783007,2019,Đà Nẵng,Highlands Coffee,Yes,Yes,No,No,No,0.0,0.0,0.0,,34531,Churn,1.0,0.0,0.0,1.0
783034,2019,Hồ Chí Minh,Phúc Long,Yes,Yes,Yes,Yes,No,8.0,40.0,320.0,Seg.02 - Mass Asp (VND 25K - VND 59K),34536,Gold,3.0,4.0,2.0,5.0
783066,2019,Hà Nội,The Coffee House,Yes,Yes,No,No,No,0.0,0.0,0.0,,34567,Churn,1.0,0.0,0.0,1.0
783066,2019,Hà Nội,Highlands Coffee,Yes,Yes,Yes,Yes,No,5.0,60.0,300.0,Seg.03 - Premium (VND 60K - VND 99K),34575,Silver,3.0,2.0,3.0,4.0
783177,2019,Hà Nội,The Coffee House,Yes,Yes,No,No,No,0.0,0.0,0.0,,34599,Churn,1.0,0.0,0.0,1.0
783177,2019,Hà Nội,Highlands Coffee,Yes,Yes,No,No,No,0.0,0.0,0.0,,34600,Churn,1.0,0.0,0.0,1.0
783233,2019,Hà Nội,Cộng Cà Phê,Yes,Yes,No,No,No,0.0,0.0,0.0,,34613,Churn,1.0,0.0,0.0,1.0
783233,2019,Hà Nội,Highlands Coffee,Yes,Yes,Yes,No,No,2.0,70.0,140.0,Seg.03 - Premium (VND 60K - VND 99K),34617,Silver,2.0,1.0,3.0,4.0
783281,2019,Hà Nội,Trung Nguyên,Yes,Yes,Yes,Yes,No,5.0,40.0,200.0,Seg.02 - Mass Asp (VND 25K - VND 59K),34621,Bronze,3.0,2.0,2.0,3.0
783281,2019,Hà Nội,Highlands Coffee,Yes,Yes,No,No,No,0.0,0.0,0.0,,34622,Churn,1.0,0.0,0.0,1.0
783335,2019,Hải Phòng,Highlands Coffee,Yes,Yes,Yes,No,No,1.0,45.0,45.0,Seg.02 - Mass Asp (VND 25K - VND 59K),34644,At-risk,2.0,1.0,2.0,2.0
783344,2019,Hà Nội,The Coffee House,Yes,Yes,No,No,No,0.0,0.0,0.0,,34648,Churn,1.0,0.0,0.0,1.0
783344,2019,Hà Nội,Highlands Coffee,Yes,Yes,No,No,No,0.0,0.0,0.0,,34650,Churn,1.0,0.0,0.0,1.0
783368,2019,Hồ Chí Minh,Phúc Long,Yes,Yes,Yes,No,No,2.0,65.0,130.0,Seg.03 - Premium (VND 60K - VND 99K),34666,Silver,2.0,1.0,3.0,4.0
783368,2019,Hồ Chí Minh,Highlands Coffee,Yes,Yes,Yes,No,No,3.0,65.0,195.0,Seg.03 - Premium (VND 60K - VND 99K),34668,Silver,2.0,1.0,3.0,4.0
783467,2019,Hồ Chí Minh,Highlands Coffee,Yes,Yes,Yes,No,No,1.0,50.0,50.0,Seg.02 - Mass Asp (VND 25K - VND 59K),34705,At-risk,2.0,1.0,2.0,2.0
783509,2019,Hà Nội,Trung Nguyên,Yes,Yes,No,No,No,0.0,0.0,0.0,,34716,Churn,1.0,0.0,0.0,1.0
783509,2019,Hà Nội,Highlands Coffee,Yes,Yes,Yes,Yes,No,4.0,50.0,200.0,Seg.02 - Mass Asp (VND 25K - VND 59K),34720,Bronze,3.0,2.0,2.0,3.0
783509,2019,Hà Nội,Phúc Long,Yes,Yes,No,No,No,0.0,0.0,0.0,,34722,Churn,1.0,0.0,0.0,1.0
783544,2019,Hà Nội,Highlands Coffee,Yes,Yes,No,No,No,0.0,0.0,0.0,,34726,Churn,1.0,0.0,0.0,1.0
783614,2019,Hà Nội,Highlands Coffee,Yes,Yes,Yes,Yes,No,4.0,60.0,240.0,Seg.03 - Premium (VND 60K - VND 99K),34744,Silver,3.0,2.0,3.0,4.0
783614,2019,Hà Nội,Cộng Cà Phê,Yes,Yes,No,No,No,0.0,0.0,0.0,,34751,Churn,1.0,0.0,0.0,1.0
783618,2019,Hà Nội,Cộng Cà Phê,Yes,Yes,Yes,No,No,3.0,50.0,150.0,Seg.02 - Mass Asp (VND 25K - VND 59K),34755,At-risk,2.0,1.0,2.0,2.0
783618,2019,Hà Nội,Highlands Coffee,Yes,Yes,Yes,No,No,2.0,60.0,120.0,Seg.03 - Premium (VND 60K - VND 99K),34758,Silver,2.0,1.0,3.0,4.0
783665,2019,Hà Nội,Cộng Cà Phê,Yes,Yes,Yes,Yes,No,4.0,35.0,140.0,Seg.02 - Mass Asp (VND 25K - VND 59K),34763,Bronze,3.0,2.0,1.0,3.0
783665,2019,Hà Nội,Trung Nguyên,Yes,Yes,No,No,No,0.0,0.0,0.0,,34765,Churn,1.0,0.0,0.0,1.0
783705,2019,Hồ Chí Minh,The Coffee House,Yes,Yes,No,No,No,0.0,0.0,0.0,,34771,Churn,1.0,0.0,0.0,1.0
783720,2019,Hồ Chí Minh,Trung Nguyên,Yes,Yes,Yes,Yes,No,10.0,42.0,420.0,Seg.02 - Mass Asp (VND 25K - VND 59K),34784,Gold,3.0,4.0,2.0,5.0
783720,2019,Hồ Chí Minh,Highlands Coffee,Yes,Yes,No,No,No,0.0,0.0,0.0,,34785,Churn,1.0,0.0,0.0,1.0
783728,2019,Hà Nội,Cộng Cà Phê,Yes,Yes,No,No,No,0.0,0.0,0.0,,34793,Churn,1.0,0.0,0.0,1.0
783728,2019,Hà Nội,Highlands Coffee,Yes,Yes,No,No,No,0.0,0.0,0.0,,34794,Churn,1.0,0.0,0.0,1.0
783948,2019,Hồ Chí Minh,Highlands Coffee,Yes,Yes,Yes,Yes,No,7.0,40.0,280.0,Seg.02 - Mass Asp (VND 25K - VND 59K),34821,Bronze,3.0,3.0,2.0,3.0
784021,2019,Hà Nội,Highlands Coffee,Yes,Yes,Yes,No,No,1.0,55.0,55.0,Seg.02 - Mass Asp (VND 25K - VND 59K),34825,At-risk,2.0,1.0,2.0,2.0
784021,2019,Hà Nội,Trung Nguyên,Yes,Yes,No,No,No,0.0,0.0,0.0,,34832,Churn,1.0,0.0,0.0,1.0
784021,2019,Hà Nội,The Coffee House,Yes,Yes,Yes,Yes,No,4.0,50.0,200.0,Seg.02 - Mass Asp (VND 25K - VND 59K),34833,Bronze,3.0,2.0,2.0,3.0
784055,2019,Hồ Chí Minh,The Coffee House,Yes,Yes,No,No,No,0.0,0.0,0.0,,34855,Churn,1.0,0.0,0.0,1.0
784079,2019,Đà Nẵng,Highlands Coffee,Yes,Yes,No,No,No,0.0,0.0,0.0,,34862,Churn,1.0,0.0,0.0,1.0
784079,2019,Đà Nẵng,Cộng Cà Phê,Yes,Yes,No,No,No,0.0,0.0,0.0,,34867,Churn,1.0,0.0,0.0,1.0
784172,2019,Hà Nội,Highlands Coffee,Yes,Yes,Yes,No,No,1.0,70.0,70.0,Seg.03 - Premium (VND 60K - VND 99K),34875,Silver,2.0,1.0,3.0,4.0
784172,2019,Hà Nội,Cộng Cà Phê,Yes,Yes,Yes,Yes,No,5.0,45.0,225.0,Seg.02 - Mass Asp (VND 25K - VND 59K),34877,Bronze,3.0,2.0,2.0,3.0
784332,2019,Hà Nội,Cộng Cà Phê,Yes,Yes,Yes,No,No,2.0,40.0,80.0,Seg.02 - Mass Asp (VND 25K - VND 59K),34912,At-risk,2.0,1.0,2.0,2.0
784332,2019,Hà Nội,Trung Nguyên,Yes,Yes,No,No,No,0.0,0.0,0.0,,34913,Churn,1.0,0.0,0.0,1.0
784403,2019,Hà Nội,Highlands Coffee,Yes,Yes,No,No,No,0.0,0.0,0.0,,34926,Churn,1.0,0.0,0.0,1.0
784403,2019,Hà Nội,The Coffee House,Yes,Yes,Yes,No,No,3.0,60.0,180.0,Seg.03 - Premium (VND 60K - VND 99K),34930,Silver,2.0,1.0,3.0,4.0
784445,2019,Hà Nội,Trung Nguyên,Yes,Yes,No,No,No,0.0,0.0,0.0,,34952,Churn,1.0,0.0,0.0,1.0
784503,2019,Hà Nội,The Coffee House,Yes,Yes,Yes,Yes,No,8.0,45.0,360.0,Seg.02 - Mass Asp (VND 25K - VND 59K),34959,Gold,3.0,4.0,2.0,5.0
784503,2019,Hà Nội,Highlands Coffee,Yes,Yes,Yes,No,No,2.0,30.0,60.0,Seg.02 - Mass Asp (VND 25K - VND 59K),34960,At-risk,2.0,1.0,1.0,2.0
784503,2019,Hà Nội,Cộng Cà Phê,Yes,Yes,No,No,No,0.0,0.0,0.0,,34965,Churn,1.0,0.0,0.0,1.0
784954,2019,Hà Nội,Trung Nguyên,Yes,Yes,Yes,No,No,3.0,35.0,105.0,Seg.02 - Mass Asp (VND 25K - VND 59K),34981,At-risk,2.0,1.0,1.0,2.0
784954,2019,Hà Nội,Highlands Coffee,Yes,Yes,No,No,No,0.0,0.0,0.0,,34982,Churn,1.0,0.0,0.0,1.0
784954,2019,Hà Nội,Cộng Cà Phê,Yes,Yes,No,No,No,0.0,0.0,0.0,,34985,Churn,1.0,0.0,0.0,1.0
785317,2019,Hải Phòng,Highlands Coffee,Yes,Yes,No,No,No,0.0,0.0,0.0,,34987,Churn,1.0,0.0,0.0,1.0
785351,2019,Hà Nội,Highlands Coffee,Yes,Yes,Yes,Yes,No,8.0,49.0,392.0,Seg.02 - Mass Asp (VND 25K - VND 59K),34997,Gold,3.0,4.0,2.0,5.0
785351,2019,Hà Nội,Phúc Long,Yes,Yes,No,No,No,0.0,0.0,0.0,,35001,Churn,1.0,0.0,0.0,1.0
785351,2019,Hà Nội,The Coffee House,Yes,Yes,No,No,No,0.0,0.0,0.0,,35003,Churn,1.0,0.0,0.0,1.0
785351,2019,Hà Nội,Cộng Cà Phê,Yes,Yes,No,No,No,0.0,0.0,0.0,,35005,Churn,1.0,0.0,0.0,1.0
785479,2019,Hà Nội,The Coffee House,Yes,Yes,No,No,No,0.0,0.0,0.0,,35013,Churn,1.0,0.0,0.0,1.0
785479,2019,Hà Nội,Highlands Coffee,Yes,Yes,No,No,No,0.0,0.0,0.0,,35021,Churn,1.0,0.0,0.0,1.0
785671,2019,Hà Nội,Highlands Coffee,Yes,Yes,Yes,No,No,1.0,60.0,60.0,Seg.03 - Premium (VND 60K - VND 99K),35029,Silver,2.0,1.0,3.0,4.0
785740,2019,Hà Nội,Highlands Coffee,Yes,Yes,Yes,Yes,No,5.0,60.0,300.0,Seg.03 - Premium (VND 60K - VND 99K),35039,Silver,3.0,2.0,3.0,4.0
786004,2019,Hà Nội,Cộng Cà Phê,Yes,Yes,Yes,No,No,2.0,50.0,100.0,Seg.02 - Mass Asp (VND 25K - VND 59K),35057,At-risk,2.0,1.0,2.0,2.0
786004,2019,Hà Nội,The Coffee House,Yes,Yes,Yes,Yes,No,4.0,75.0,300.0,Seg.03 - Premium (VND 60K - VND 99K),35062,Silver,3.0,2.0,3.0,4.0
786028,2019,Hà Nội,Trung Nguyên,Yes,Yes,No,No,No,0.0,0.0,0.0,,35079,Churn,1.0,0.0,0.0,1.0
786028,2019,Hà Nội,Highlands Coffee,Yes,Yes,Yes,Yes,No,5.0,35.0,175.0,Seg.02 - Mass Asp (VND 25K - VND 59K),35081,Bronze,3.0,2.0,1.0,3.0
786173,2019,Hà Nội,Highlands Coffee,Yes,Yes,Yes,Yes,No,5.0,60.0,300.0,Seg.03 - Premium (VND 60K - VND 99K),35089,Silver,3.0,2.0,3.0,4.0
786188,2019,Hà Nội,Highlands Coffee,Yes,Yes,No,No,No,0.0,0.0,0.0,,35102,Churn,1.0,0.0,0.0,1.0
786188,2019,Hà Nội,Cộng Cà Phê,Yes,Yes,No,No,No,0.0,0.0,0.0,,35103,Churn,1.0,0.0,0.0,1.0
786373,2019,Hà Nội,Cộng Cà Phê,Yes,Yes,No,No,No,0.0,0.0,0.0,,35132,Churn,1.0,0.0,0.0,1.0
786373,2019,Hà Nội,Highlands Coffee,Yes,Yes,Yes,No,No,1.0,40.0,40.0,Seg.02 - Mass Asp (VND 25K - VND 59K),35133,At-risk,2.0,1.0,2.0,2.0
786373,2019,Hà Nội,The Coffee House,Yes,Yes,Yes,Yes,No,4.0,40.0,160.0,Seg.02 - Mass Asp (VND 25K - VND 59K),35136,Bronze,3.0,2.0,2.0,3.0
786374,2019,Hà Nội,Highlands Coffee,Yes,Yes,Yes,No,No,2.0,29.0,58.0,Seg.02 - Mass Asp (VND 25K - VND 59K),35145,At-risk,2.0,1.0,1.0,2.0
786374,2019,Hà Nội,Cộng Cà Phê,Yes,Yes,No,No,No,0.0,0.0,0.0,,35147,Churn,1.0,0.0,0.0,1.0
786408,2019,Hà Nội,Highlands Coffee,Yes,Yes,Yes,Yes,No,4.0,35.0,140.0,Seg.02 - Mass Asp (VND 25K - VND 59K),35153,Bronze,3.0,2.0,1.0,3.0
786408,2019,Hà Nội,The Coffee House,Yes,Yes,Yes,No,No,1.0,35.0,35.0,Seg.02 - Mass Asp (VND 25K - VND 59K),35154,At-risk,2.0,1.0,1.0,2.0
786472,2019,Hà Nội,Highlands Coffee,Yes,Yes,Yes,No,No,2.0,50.0,100.0,Seg.02 - Mass Asp (VND 25K - VND 59K),35156,At-risk,2.0,1.0,2.0,2.0
786472,2019,Hà Nội,Phúc Long,Yes,Yes,No,No,No,0.0,0.0,0.0,,35157,Churn,1.0,0.0,0.0,1.0
786472,2019,Hà Nội,Cộng Cà Phê,Yes,Yes,Yes,Yes,No,6.0,50.0,300.0,Seg.02 - Mass Asp (VND 25K - VND 59K),35158,Bronze,3.0,3.0,2.0,3.0
786479,2019,Hà Nội,Highlands Coffee,Yes,Yes,No,No,No,0.0,0.0,0.0,,35165,Churn,1.0,0.0,0.0,1.0
786479,2019,Hà Nội,Phúc Long,Yes,Yes,Yes,No,No,3.0,50.0,150.0,Seg.02 - Mass Asp (VND 25K - VND 59K),35167,At-risk,2.0,1.0,2.0,2.0
786479,2019,Hà Nội,Cộng Cà Phê,Yes,Yes,Yes,Yes,No,7.0,50.0,350.0,Seg.02 - Mass Asp (VND 25K - VND 59K),35169,Bronze,3.0,3.0,2.0,3.0
786479,2019,Hà Nội,Trung Nguyên,Yes,Yes,No,No,No,0.0,0.0,0.0,,35172,Churn,1.0,0.0,0.0,1.0
786613,2019,Hà Nội,Highlands Coffee,Yes,Yes,Yes,Yes,No,4.0,40.0,160.0,Seg.02 - Mass Asp (VND 25K - VND 59K),35198,Bronze,3.0,2.0,2.0,3.0
786613,2019,Hà Nội,Cộng Cà Phê,Yes,Yes,No,No,No,0.0,0.0,0.0,,35199,Churn,1.0,0.0,0.0,1.0
786667,2019,Hồ Chí Minh,Highlands Coffee,Yes,Yes,Yes,No,No,3.0,39.0,117.0,Seg.02 - Mass Asp (VND 25K - VND 59K),35205,At-risk,2.0,1.0,2.0,2.0
786733,2019,Hà Nội,Highlands Coffee,Yes,Yes,No,No,No,0.0,0.0,0.0,,35209,Churn,1.0,0.0,0.0,1.0
786833,2019,Hải Phòng,Highlands Coffee,Yes,Yes,Yes,No,No,1.0,49.0,49.0,Seg.02 - Mass Asp (VND 25K - VND 59K),35224,At-risk,2.0,1.0,2.0,2.0
786833,2019,Hải Phòng,The Coffee House,Yes,Yes,Yes,No,No,1.0,49.0,49.0,Seg.02 - Mass Asp (VND 25K - VND 59K),35225,At-risk,2.0,1.0,2.0,2.0
786870,2019,Hà Nội,Cộng Cà Phê,Yes,Yes,Yes,No,No,2.0,50.0,100.0,Seg.02 - Mass Asp (VND 25K - VND 59K),35239,At-risk,2.0,1.0,2.0,2.0
786912,2019,Hà Nội,Starbucks,Yes,Yes,No,No,No,0.0,0.0,0.0,,35244,Churn,1.0,0.0,0.0,1.0
786912,2019,Hà Nội,The Coffee House,Yes,Yes,Yes,No,No,3.0,65.0,195.0,Seg.03 - Premium (VND 60K - VND 99K),35247,Silver,2.0,1.0,3.0,4.0
786952,2019,Hà Nội,Highlands Coffee,Yes,Yes,Yes,No,No,3.0,40.0,120.0,Seg.02 - Mass Asp (VND 25K - VND 59K),35269,At-risk,2.0,1.0,2.0,2.0
786952,2019,Hà Nội,Trung Nguyên,Yes,Yes,No,No,No,0.0,0.0,0.0,,35272,Churn,1.0,0.0,0.0,1.0
786990,2019,Hà Nội,Highlands Coffee,Yes,Yes,Yes,Yes,No,5.0,60.0,300.0,Seg.03 - Premium (VND 60K - VND 99K),35279,Silver,3.0,2.0,3.0,4.0
787135,2019,Hà Nội,The Coffee House,Yes,Yes,No,No,No,0.0,0.0,0.0,,35297,Churn,1.0,0.0,0.0,1.0
787135,2019,Hà Nội,Highlands Coffee,Yes,Yes,Yes,Yes,No,4.0,60.0,240.0,Seg.03 - Premium (VND 60K - VND 99K),35299,Silver,3.0,2.0,3.0,4.0
787135,2019,Hà Nội,Cộng Cà Phê,Yes,Yes,Yes,No,No,2.0,50.0,100.0,Seg.02 - Mass Asp (VND 25K - VND 59K),35300,At-risk,2.0,1.0,2.0,2.0
787289,2019,Hà Nội,The Coffee House,Yes,Yes,Yes,No,No,2.0,50.0,100.0,Seg.02 - Mass Asp (VND 25K - VND 59K),35318,At-risk,2.0,1.0,2.0,2.0
787289,2019,Hà Nội,Starbucks,Yes,Yes,No,No,No,0.0,0.0,0.0,,35319,Churn,1.0,0.0,0.0,1.0
787289,2019,Hà Nội,Highlands Coffee,Yes,Yes,Yes,No,No,3.0,60.0,180.0,Seg.03 - Premium (VND 60K - VND 99K),35320,Silver,2.0,1.0,3.0,4.0
787289,2019,Hà Nội,Cộng Cà Phê,Yes,Yes,Yes,No,No,2.0,70.0,140.0,Seg.03 - Premium (VND 60K - VND 99K),35321,Silver,2.0,1.0,3.0,4.0
787289,2019,Hà Nội,Phúc Long,Yes,Yes,No,No,No,0.0,0.0,0.0,,35323,Churn,1.0,0.0,0.0,1.0
787564,2019,Hà Nội,Highlands Coffee,Yes,Yes,No,No,No,0.0,0.0,0.0,,35343,Churn,1.0,0.0,0.0,1.0
787564,2019,Hà Nội,Trung Nguyên,Yes,Yes,Yes,Yes,No,4.0,25.0,100.0,Seg.02 - Mass Asp (VND 25K - VND 59K),35346,Bronze,3.0,2.0,1.0,3.0
787815,2019,Hà Nội,The Coffee House,Yes,Yes,No,No,No,0.0,0.0,0.0,,35356,Churn,1.0,0.0,0.0,1.0
787949,2019,Cần Thơ,Highlands Coffee,Yes,Yes,Yes,No,No,3.0,30.0,90.0,Seg.02 - Mass Asp (VND 25K - VND 59K),35387,At-risk,2.0,1.0,1.0,2.0
788019,2019,Hà Nội,Highlands Coffee,Yes,Yes,No,No,No,0.0,0.0,0.0,,35398,Churn,1.0,0.0,0.0,1.0
788019,2019,Hà Nội,Cộng Cà Phê,Yes,Yes,No,No,No,0.0,0.0,0.0,,35403,Churn,1.0,0.0,0.0,1.0
788487,2019,Hà Nội,Highlands Coffee,Yes,Yes,No,No,No,0.0,0.0,0.0,,35409,Churn,1.0,0.0,0.0,1.0
788564,2019,Hồ Chí Minh,Highlands Coffee,Yes,Yes,Yes,Yes,No,4.0,50.0,200.0,Seg.02 - Mass Asp (VND 25K - VND 59K),35430,Bronze,3.0,2.0,2.0,3.0
788918,2019,Hà Nội,Cộng Cà Phê,Yes,Yes,Yes,No,No,3.0,40.0,120.0,Seg.02 - Mass Asp (VND 25K - VND 59K),35463,At-risk,2.0,1.0,2.0,2.0
788918,2019,Hà Nội,Highlands Coffee,Yes,Yes,Yes,No,No,1.0,50.0,50.0,Seg.02 - Mass Asp (VND 25K - VND 59K),35464,At-risk,2.0,1.0,2.0,2.0
788931,2019,Hà Nội,Cộng Cà Phê,Yes,Yes,Yes,No,No,2.0,40.0,80.0,Seg.02 - Mass Asp (VND 25K - VND 59K),35475,At-risk,2.0,1.0,2.0,2.0
788931,2019,Hà Nội,Highlands Coffee,Yes,Yes,No,No,No,0.0,0.0,0.0,,35480,Churn,1.0,0.0,0.0,1.0
788995,2019,Hồ Chí Minh,Highlands Coffee,Yes,Yes,No,No,No,0.0,0.0,0.0,,35489,Churn,1.0,0.0,0.0,1.0
788995,2019,Hồ Chí Minh,Phúc Long,Yes,Yes,Yes,Yes,No,8.0,50.0,400.0,Seg.02 - Mass Asp (VND 25K - VND 59K),35490,Gold,3.0,4.0,2.0,5.0
789235,2019,Hồ Chí Minh,Highlands Coffee,Yes,Yes,No,No,No,0.0,0.0,0.0,,35529,Churn,1.0,0.0,0.0,1.0
789255,2019,Hồ Chí Minh,Highlands Coffee,Yes,Yes,Yes,Yes,No,5.0,35.0,175.0,Seg.02 - Mass Asp (VND 25K - VND 59K),35532,Bronze,3.0,2.0,1.0,3.0
789255,2019,Hồ Chí Minh,Phúc Long,Yes,Yes,No,No,No,0.0,0.0,0.0,,35538,Churn,1.0,0.0,0.0,1.0
789295,2019,Hà Nội,Starbucks,Yes,Yes,Yes,No,No,3.0,70.0,210.0,Seg.03 - Premium (VND 60K - VND 99K),35560,Silver,2.0,1.0,3.0,4.0
789295,2019,Hà Nội,Trung Nguyên,Yes,Yes,Yes,No,No,1.0,80.0,80.0,Seg.03 - Premium (VND 60K - VND 99K),35562,Silver,2.0,1.0,3.0,4.0
789295,2019,Hà Nội,Highlands Coffee,Yes,Yes,No,No,No,0.0,0.0,0.0,,35563,Churn,1.0,0.0,0.0,1.0
789371,2019,Đà Nẵng,Highlands Coffee,Yes,Yes,Yes,Yes,No,10.0,49.0,490.0,Seg.02 - Mass Asp (VND 25K - VND 59K),35571,Gold,3.0,4.0,2.0,5.0
789380,2019,Hà Nội,Cộng Cà Phê,Yes,Yes,No,No,No,0.0,0.0,0.0,,35584,Churn,1.0,0.0,0.0,1.0
789386,2019,Hà Nội,Cộng Cà Phê,Yes,Yes,No,No,No,0.0,0.0,0.0,,35588,Churn,1.0,0.0,0.0,1.0
789386,2019,Hà Nội,Highlands Coffee,Yes,Yes,No,No,No,0.0,0.0,0.0,,35593,Churn,1.0,0.0,0.0,1.0
789440,2019,Hà Nội,Highlands Coffee,Yes,Yes,Yes,Yes,No,4.0,60.0,240.0,Seg.03 - Premium (VND 60K - VND 99K),35605,Silver,3.0,2.0,3.0,4.0
789440,2019,Hà Nội,Starbucks,Yes,Yes,No,No,No,0.0,0.0,0.0,,35609,Churn,1.0,0.0,0.0,1.0
789441,2019,Hà Nội,Cộng Cà Phê,Yes,Yes,Yes,No,No,3.0,50.0,150.0,Seg.02 - Mass Asp (VND 25K - VND 59K),35613,At-risk,2.0,1.0,2.0,2.0
789441,2019,Hà Nội,Phúc Long,Yes,Yes,No,No,No,0.0,0.0,0.0,,35616,Churn,1.0,0.0,0.0,1.0
789441,2019,Hà Nội,Highlands Coffee,Yes,Yes,No,No,No,0.0,0.0,0.0,,35617,Churn,1.0,0.0,0.0,1.0
789449,2019,Hải Phòng,Highlands Coffee,Yes,Yes,Yes,No,No,2.0,50.0,100.0,Seg.02 - Mass Asp (VND 25K - VND 59K),35626,At-risk,2.0,1.0,2.0,2.0
789521,2019,Hải Phòng,Cộng Cà Phê,Yes,Yes,No,No,No,0.0,0.0,0.0,,35635,Churn,1.0,0.0,0.0,1.0
789521,2019,Hải Phòng,Highlands Coffee,Yes,Yes,Yes,No,No,1.0,60.0,60.0,Seg.03 - Premium (VND 60K - VND 99K),35636,Silver,2.0,1.0,3.0,4.0
789566,2019,Hà Nội,Highlands Coffee,Yes,Yes,Yes,Yes,No,5.0,60.0,300.0,Seg.03 - Premium (VND 60K - VND 99K),35659,Silver,3.0,2.0,3.0,4.0
789606,2019,Hồ Chí Minh,The Coffee House,Yes,Yes,No,No,No,0.0,0.0,0.0,,35677,Churn,1.0,0.0,0.0,1.0
789606,2019,Hồ Chí Minh,Highlands Coffee,Yes,Yes,Yes,No,No,1.0,55.0,55.0,Seg.02 - Mass Asp (VND 25K - VND 59K),35686,At-risk,2.0,1.0,2.0,2.0
789625,2019,Hà Nội,Phúc Long,Yes,Yes,No,No,No,0.0,0.0,0.0,,35697,Churn,1.0,0.0,0.0,1.0
789625,2019,Hà Nội,Cộng Cà Phê,Yes,Yes,Yes,Yes,No,6.0,50.0,300.0,Seg.02 - Mass Asp (VND 25K - VND 59K),35699,Bronze,3.0,3.0,2.0,3.0
789625,2019,Hà Nội,Highlands Coffee,Yes,Yes,Yes,No,No,2.0,60.0,120.0,Seg.03 - Premium (VND 60K - VND 99K),35704,Silver,2.0,1.0,3.0,4.0
789631,2019,Hà Nội,Phúc Long,Yes,Yes,Yes,No,No,3.0,50.0,150.0,Seg.02 - Mass Asp (VND 25K - VND 59K),35710,At-risk,2.0,1.0,2.0,2.0
789631,2019,Hà Nội,Highlands Coffee,Yes,Yes,Yes,Yes,No,5.0,60.0,300.0,Seg.03 - Premium (VND 60K - VND 99K),35711,Silver,3.0,2.0,3.0,4.0
789636,2019,Đà Nẵng,Highlands Coffee,Yes,Yes,Yes,Yes,Yes,30.0,50.0,1500.0,Seg.02 - Mass Asp (VND 25K - VND 59K),35729,Gold,4.0,4.0,2.0,5.0
789709,2019,Hà Nội,Trung Nguyên,Yes,Yes,No,No,No,0.0,0.0,0.0,,35732,Churn,1.0,0.0,0.0,1.0
789709,2019,Hà Nội,Cộng Cà Phê,Yes,Yes,No,No,No,0.0,0.0,0.0,,35737,Churn,1.0,0.0,0.0,1.0
789711,2019,Hà Nội,Highlands Coffee,Yes,Yes,Yes,No,No,2.0,40.0,80.0,Seg.02 - Mass Asp (VND 25K - VND 59K),35742,At-risk,2.0,1.0,2.0,2.0
789725,2019,Hải Phòng,Highlands Coffee,Yes,Yes,No,No,No,0.0,0.0,0.0,,35749,Churn,1.0,0.0,0.0,1.0
789742,2019,Hà Nội,The Coffee House,Yes,Yes,No,No,No,0.0,0.0,0.0,,35758,Churn,1.0,0.0,0.0,1.0
789742,2019,Hà Nội,Cộng Cà Phê,Yes,Yes,Yes,Yes,No,4.0,40.0,160.0,Seg.02 - Mass Asp (VND 25K - VND 59K),35760,Bronze,3.0,2.0,2.0,3.0
789761,2019,Hà Nội,Highlands Coffee,Yes,Yes,No,No,No,0.0,0.0,0.0,,35764,Churn,1.0,0.0,0.0,1.0
789761,2019,Hà Nội,The Coffee House,Yes,Yes,Yes,Yes,No,4.0,50.0,200.0,Seg.02 - Mass Asp (VND 25K - VND 59K),35766,Bronze,3.0,2.0,2.0,3.0
789765,2019,Hà Nội,Phúc Long,Yes,Yes,No,No,No,0.0,0.0,0.0,,35772,Churn,1.0,0.0,0.0,1.0
789765,2019,Hà Nội,Cộng Cà Phê,Yes,Yes,No,No,No,0.0,0.0,0.0,,35776,Churn,1.0,0.0,0.0,1.0
789765,2019,Hà Nội,Highlands Coffee,Yes,Yes,Yes,No,No,3.0,50.0,150.0,Seg.02 - Mass Asp (VND 25K - VND 59K),35778,At-risk,2.0,1.0,2.0,2.0
789774,2019,Hải Phòng,Highlands Coffee,Yes,Yes,No,No,No,0.0,0.0,0.0,,35783,Churn,1.0,0.0,0.0,1.0
789789,2019,Hà Nội,The Coffee House,Yes,Yes,Yes,Yes,No,5.0,50.0,250.0,Seg.02 - Mass Asp (VND 25K - VND 59K),35787,Bronze,3.0,2.0,2.0,3.0
789789,2019,Hà Nội,Cộng Cà Phê,Yes,Yes,No,No,No,0.0,0.0,0.0,,35794,Churn,1.0,0.0,0.0,1.0
789789,2019,Hà Nội,Highlands Coffee,Yes,Yes,Yes,No,No,2.0,50.0,100.0,Seg.02 - Mass Asp (VND 25K - VND 59K),35797,At-risk,2.0,1.0,2.0,2.0
789917,2019,Hà Nội,Highlands Coffee,Yes,Yes,Yes,Yes,No,6.0,50.0,300.0,Seg.02 - Mass Asp (VND 25K - VND 59K),35824,Bronze,3.0,3.0,2.0,3.0
789917,2019,Hà Nội,Cộng Cà Phê,Yes,Yes,Yes,No,No,2.0,50.0,100.0,Seg.02 - Mass Asp (VND 25K - VND 59K),35825,At-risk,2.0,1.0,2.0,2.0
789917,2019,Hà Nội,The Coffee House,Yes,Yes,No,No,No,0.0,0.0,0.0,,35830,Churn,1.0,0.0,0.0,1.0
789960,2019,Hải Phòng,Highlands Coffee,Yes,Yes,No,No,No,0.0,0.0,0.0,,35845,Churn,1.0,0.0,0.0,1.0
789996,2019,Hải Phòng,Highlands Coffee,Yes,Yes,Yes,No,No,2.0,29.0,58.0,Seg.02 - Mass Asp (VND 25K - VND 59K),35856,At-risk,2.0,1.0,1.0,2.0
789999,2019,Hà Nội,Cộng Cà Phê,Yes,Yes,Yes,Yes,No,4.0,50.0,200.0,Seg.02 - Mass Asp (VND 25K - VND 59K),35862,Bronze,3.0,2.0,2.0,3.0
790010,2019,Hải Phòng,Highlands Coffee,Yes,Yes,Yes,Yes,No,4.0,50.0,200.0,Seg.02 - Mass Asp (VND 25K - VND 59K),35872,Bronze,3.0,2.0,2.0,3.0
790010,2019,Hải Phòng,The Coffee House,Yes,Yes,No,No,No,0.0,0.0,0.0,,35875,Churn,1.0,0.0,0.0,1.0
790155,2019,Hải Phòng,Highlands Coffee,Yes,Yes,Yes,Yes,No,10.0,70.0,700.0,Seg.03 - Premium (VND 60K - VND 99K),35895,Gold,3.0,4.0,3.0,5.0
790155,2019,Hải Phòng,The Coffee House,Yes,Yes,No,No,No,0.0,0.0,0.0,,35896,Churn,1.0,0.0,0.0,1.0
790217,2019,Hải Phòng,Cộng Cà Phê,Yes,Yes,Yes,No,No,2.0,30.0,60.0,Seg.02 - Mass Asp (VND 25K - VND 59K),35907,At-risk,2.0,1.0,1.0,2.0
790217,2019,Hải Phòng,Highlands Coffee,Yes,Yes,Yes,Yes,No,8.0,40.0,320.0,Seg.02 - Mass Asp (VND 25K - VND 59K),35908,Gold,3.0,4.0,2.0,5.0
790234,2019,Hà Nội,The Coffee House,Yes,Yes,No,No,No,0.0,0.0,0.0,,35920,Churn,1.0,0.0,0.0,1.0
790234,2019,Hà Nội,Highlands Coffee,Yes,Yes,Yes,Yes,No,4.0,50.0,200.0,Seg.02 - Mass Asp (VND 25K - VND 59K),35921,Bronze,3.0,2.0,2.0,3.0
790252,2019,Hải Phòng,Trung Nguyên,Yes,Yes,No,No,No,0.0,0.0,0.0,,35929,Churn,1.0,0.0,0.0,1.0
790252,2019,Hải Phòng,Highlands Coffee,Yes,Yes,Yes,No,No,2.0,50.0,100.0,Seg.02 - Mass Asp (VND 25K - VND 59K),35930,At-risk,2.0,1.0,2.0,2.0
790261,2019,Hải Phòng,Highlands Coffee,Yes,Yes,Yes,No,No,3.0,50.0,150.0,Seg.02 - Mass Asp (VND 25K - VND 59K),35935,At-risk,2.0,1.0,2.0,2.0
790261,2019,Hải Phòng,Cộng Cà Phê,Yes,Yes,No,No,No,0.0,0.0,0.0,,35939,Churn,1.0,0.0,0.0,1.0
790263,2019,Hồ Chí Minh,Trung Nguyên,Yes,Yes,Yes,Yes,No,15.0,35.0,525.0,Seg.02 - Mass Asp (VND 25K - VND 59K),35942,Gold,3.0,4.0,1.0,5.0
790336,2019,Hà Nội,Cộng Cà Phê,Yes,Yes,Yes,Yes,No,6.0,50.0,300.0,Seg.02 - Mass Asp (VND 25K - VND 59K),35969,Bronze,3.0,3.0,2.0,3.0
790336,2019,Hà Nội,Highlands Coffee,Yes,Yes,Yes,No,No,2.0,50.0,100.0,Seg.02 - Mass Asp (VND 25K - VND 59K),35971,At-risk,2.0,1.0,2.0,2.0
790347,2019,Hà Nội,Starbucks,Yes,Yes,Yes,No,No,1.0,80.0,80.0,Seg.03 - Premium (VND 60K - VND 99K),35975,Silver,2.0,1.0,3.0,4.0
790366,2019,Hà Nội,The Coffee House,Yes,Yes,No,No,No,0.0,0.0,0.0,,35984,Churn,1.0,0.0,0.0,1.0
790366,2019,Hà Nội,Cộng Cà Phê,Yes,Yes,Yes,No,No,2.0,50.0,100.0,Seg.02 - Mass Asp (VND 25K - VND 59K),35987,At-risk,2.0,1.0,2.0,2.0
790366,2019,Hà Nội,Phúc Long,Yes,Yes,Yes,No,No,2.0,50.0,100.0,Seg.02 - Mass Asp (VND 25K - VND 59K),35988,At-risk,2.0,1.0,2.0,2.0
790366,2019,Hà Nội,Highlands Coffee,Yes,Yes,Yes,Yes,No,5.0,50.0,250.0,Seg.02 - Mass Asp (VND 25K - VND 59K),35993,Bronze,3.0,2.0,2.0,3.0
790378,2019,Cần Thơ,Trung Nguyên,Yes,Yes,No,No,No,0.0,0.0,0.0,,35997,Churn,1.0,0.0,0.0,1.0
790378,2019,Cần Thơ,Phúc Long,Yes,Yes,Yes,Yes,No,4.0,60.0,240.0,Seg.03 - Premium (VND 60K - VND 99K),35999,Silver,3.0,2.0,3.0,4.0
790423,2019,Hải Phòng,The Coffee House,Yes,Yes,No,No,No,0.0,0.0,0.0,,36002,Churn,1.0,0.0,0.0,1.0
790423,2019,Hải Phòng,Highlands Coffee,Yes,Yes,Yes,Yes,No,10.0,50.0,500.0,Seg.02 - Mass Asp (VND 25K - VND 59K),36008,Gold,3.0,4.0,2.0,5.0
790619,2019,Hà Nội,Highlands Coffee,Yes,Yes,No,No,No,0.0,0.0,0.0,,36044,Churn,1.0,0.0,0.0,1.0
790619,2019,Hà Nội,Trung Nguyên,Yes,Yes,Yes,Yes,No,4.0,40.0,160.0,Seg.02 - Mass Asp (VND 25K - VND 59K),36048,Bronze,3.0,2.0,2.0,3.0
790624,2019,Hà Nội,Cộng Cà Phê,Yes,Yes,No,No,No,0.0,0.0,0.0,,36061,Churn,1.0,0.0,0.0,1.0
790676,2019,Hà Nội,Trung Nguyên,Yes,Yes,Yes,No,No,2.0,50.0,100.0,Seg.02 - Mass Asp (VND 25K - VND 59K),36065,At-risk,2.0,1.0,2.0,2.0
790867,2019,Hải Phòng,Highlands Coffee,Yes,Yes,Yes,No,No,1.0,29.0,29.0,Seg.02 - Mass Asp (VND 25K - VND 59K),36114,At-risk,2.0,1.0,1.0,2.0
790873,2019,Hải Phòng,Highlands Coffee,Yes,Yes,Yes,Yes,No,10.0,49.0,490.0,Seg.02 - Mass Asp (VND 25K - VND 59K),36119,Gold,3.0,4.0,2.0,5.0
790873,2019,Hải Phòng,The Coffee House,Yes,Yes,Yes,Yes,No,5.0,40.0,200.0,Seg.02 - Mass Asp (VND 25K - VND 59K),36123,Bronze,3.0,2.0,2.0,3.0
790873,2019,Hải Phòng,Starbucks,Yes,Yes,No,No,No,0.0,0.0,0.0,,36125,Churn,1.0,0.0,0.0,1.0
790904,2019,Hà Nội,Phúc Long,Yes,Yes,Yes,No,No,1.0,50.0,50.0,Seg.02 - Mass Asp (VND 25K - VND 59K),36137,At-risk,2.0,1.0,2.0,2.0
790904,2019,Hà Nội,Highlands Coffee,Yes,Yes,Yes,No,No,3.0,50.0,150.0,Seg.02 - Mass Asp (VND 25K - VND 59K),36139,At-risk,2.0,1.0,2.0,2.0
790958,2019,Hà Nội,Cộng Cà Phê,Yes,Yes,Yes,No,No,2.0,50.0,100.0,Seg.02 - Mass Asp (VND 25K - VND 59K),36153,At-risk,2.0,1.0,2.0,2.0
790968,2019,Hải Phòng,Highlands Coffee,Yes,Yes,No,No,No,0.0,0.0,0.0,,36161,Churn,1.0,0.0,0.0,1.0
790971,2019,Hải Phòng,Highlands Coffee,Yes,Yes,Yes,Yes,No,4.0,60.0,240.0,Seg.03 - Premium (VND 60K - VND 99K),36170,Silver,3.0,2.0,3.0,4.0
791582,2019,Hải Phòng,Highlands Coffee,Yes,Yes,No,No,No,0.0,0.0,0.0,,36200,Churn,1.0,0.0,0.0,1.0
791618,2019,Hải Phòng,Highlands Coffee,Yes,Yes,Yes,No,No,2.0,50.0,100.0,Seg.02 - Mass Asp (VND 25K - VND 59K),36202,At-risk,2.0,1.0,2.0,2.0
791665,2019,Hà Nội,Highlands Coffee,Yes,Yes,Yes,No,No,3.0,50.0,150.0,Seg.02 - Mass Asp (VND 25K - VND 59K),36214,At-risk,2.0,1.0,2.0,2.0
791668,2019,Hà Nội,Highlands Coffee,Yes,Yes,Yes,No,No,3.0,50.0,150.0,Seg.02 - Mass Asp (VND 25K - VND 59K),36221,At-risk,2.0,1.0,2.0,2.0
791725,2019,Hà Nội,Cộng Cà Phê,Yes,Yes,Yes,Yes,No,4.0,40.0,160.0,Seg.02 - Mass Asp (VND 25K - VND 59K),36225,Bronze,3.0,2.0,2.0,3.0
791730,2019,Hà Nội,The Coffee House,Yes,Yes,No,No,No,0.0,0.0,0.0,,36235,Churn,1.0,0.0,0.0,1.0
791730,2019,Hà Nội,Cộng Cà Phê,Yes,Yes,Yes,No,No,1.0,40.0,40.0,Seg.02 - Mass Asp (VND 25K - VND 59K),36238,At-risk,2.0,1.0,2.0,2.0
791737,2019,Hà Nội,Cộng Cà Phê,Yes,Yes,No,No,No,0.0,0.0,0.0,,36244,Churn,1.0,0.0,0.0,1.0
791737,2019,Hà Nội,Highlands Coffee,Yes,Yes,No,No,No,0.0,0.0,0.0,,36246,Churn,1.0,0.0,0.0,1.0
791788,2019,Hà Nội,Highlands Coffee,Yes,Yes,Yes,Yes,No,4.0,60.0,240.0,Seg.03 - Premium (VND 60K - VND 99K),36288,Silver,3.0,2.0,3.0,4.0
791788,2019,Hà Nội,The Coffee House,Yes,Yes,No,No,No,0.0,0.0,0.0,,36289,Churn,1.0,0.0,0.0,1.0
791788,2019,Hà Nội,Phúc Long,Yes,Yes,No,No,No,0.0,0.0,0.0,,36293,Churn,1.0,0.0,0.0,1.0
791788,2019,Hà Nội,Cộng Cà Phê,Yes,Yes,Yes,No,No,2.0,50.0,100.0,Seg.02 - Mass Asp (VND 25K - VND 59K),36294,At-risk,2.0,1.0,2.0,2.0
791868,2019,Hồ Chí Minh,Trung Nguyên,Yes,Yes,No,No,No,0.0,0.0,0.0,,36298,Churn,1.0,0.0,0.0,1.0
792019,2019,Hà Nội,Highlands Coffee,Yes,Yes,Yes,Yes,No,6.0,50.0,300.0,Seg.02 - Mass Asp (VND 25K - VND 59K),36331,Bronze,3.0,3.0,2.0,3.0
792019,2019,Hà Nội,Cộng Cà Phê,Yes,Yes,Yes,No,No,2.0,50.0,100.0,Seg.02 - Mass Asp (VND 25K - VND 59K),36335,At-risk,2.0,1.0,2.0,2.0
792021,2019,Hải Phòng,Highlands Coffee,Yes,Yes,Yes,Yes,No,8.0,20.0,160.0,Seg.01 - Mass (<VND 25K),36342,Gold,3.0,4.0,1.0,5.0
792023,2019,Hà Nội,Highlands Coffee,Yes,Yes,Yes,No,No,1.0,60.0,60.0,Seg.03 - Premium (VND 60K - VND 99K),36343,Silver,2.0,1.0,3.0,4.0
792023,2019,Hà Nội,Phúc Long,Yes,Yes,No,No,No,0.0,0.0,0.0,,36347,Churn,1.0,0.0,0.0,1.0
792139,2019,Hà Nội,Cộng Cà Phê,Yes,Yes,Yes,Yes,No,5.0,40.0,200.0,Seg.02 - Mass Asp (VND 25K - VND 59K),36406,Bronze,3.0,2.0,2.0,3.0
792148,2019,Hải Phòng,Starbucks,Yes,Yes,No,No,No,0.0,0.0,0.0,,36417,Churn,1.0,0.0,0.0,1.0
792148,2019,Hải Phòng,Trung Nguyên,Yes,Yes,No,No,No,0.0,0.0,0.0,,36419,Churn,1.0,0.0,0.0,1.0
792148,2019,Hải Phòng,Highlands Coffee,Yes,Yes,No,No,No,0.0,0.0,0.0,,36421,Churn,1.0,0.0,0.0,1.0
792291,2019,Hà Nội,The Coffee House,Yes,Yes,Yes,No,No,2.0,30.0,60.0,Seg.02 - Mass Asp (VND 25K - VND 59K),36437,At-risk,2.0,1.0,1.0,2.0
792291,2019,Hà Nội,Cộng Cà Phê,Yes,Yes,Yes,Yes,No,6.0,40.0,240.0,Seg.02 - Mass Asp (VND 25K - VND 59K),36438,Bronze,3.0,3.0,2.0,3.0
792291,2019,Hà Nội,Highlands Coffee,Yes,Yes,Yes,No,No,2.0,50.0,100.0,Seg.02 - Mass Asp (VND 25K - VND 59K),36444,At-risk,2.0,1.0,2.0,2.0
792540,2019,Hà Nội,Phúc Long,Yes,Yes,No,No,No,0.0,0.0,0.0,,36464,Churn,1.0,0.0,0.0,1.0
792540,2019,Hà Nội,Highlands Coffee,Yes,Yes,Yes,No,No,1.0,50.0,50.0,Seg.02 - Mass Asp (VND 25K - VND 59K),36468,At-risk,2.0,1.0,2.0,2.0
792540,2019,Hà Nội,Cộng Cà Phê,Yes,Yes,No,No,No,0.0,0.0,0.0,,36470,Churn,1.0,0.0,0.0,1.0
792590,2019,Hà Nội,Highlands Coffee,Yes,Yes,No,No,No,0.0,0.0,0.0,,36511,Churn,1.0,0.0,0.0,1.0
792613,2019,Hải Phòng,Cộng Cà Phê,Yes,Yes,No,No,No,0.0,0.0,0.0,,36525,Churn,1.0,0.0,0.0,1.0
792613,2019,Hải Phòng,Highlands Coffee,Yes,Yes,Yes,No,No,3.0,60.0,180.0,Seg.03 - Premium (VND 60K - VND 99K),36532,Silver,2.0,1.0,3.0,4.0
792648,2019,Hải Phòng,Highlands Coffee,Yes,Yes,Yes,No,No,3.0,60.0,180.0,Seg.03 - Premium (VND 60K - VND 99K),36540,Silver,2.0,1.0,3.0,4.0
792648,2019,Hải Phòng,The Coffee House,Yes,Yes,No,No,No,0.0,0.0,0.0,,36542,Churn,1.0,0.0,0.0,1.0
792654,2019,Hà Nội,Cộng Cà Phê,Yes,Yes,No,No,No,0.0,0.0,0.0,,36550,Churn,1.0,0.0,0.0,1.0
792655,2019,Hà Nội,Cộng Cà Phê,Yes,Yes,No,No,No,0.0,0.0,0.0,,36556,Churn,1.0,0.0,0.0,1.0
792660,2019,Hà Nội,Cộng Cà Phê,Yes,Yes,No,No,No,0.0,0.0,0.0,,36561,Churn,1.0,0.0,0.0,1.0
792708,2019,Nha Trang,Highlands Coffee,Yes,Yes,Yes,No,No,1.0,29.0,29.0,Seg.02 - Mass Asp (VND 25K - VND 59K),36574,At-risk,2.0,1.0,1.0,2.0
792710,2019,Hồ Chí Minh,Highlands Coffee,Yes,Yes,Yes,Yes,No,5.0,39.0,195.0,Seg.02 - Mass Asp (VND 25K - VND 59K),36579,Bronze,3.0,2.0,2.0,3.0
792710,2019,Hồ Chí Minh,Phúc Long,Yes,Yes,Yes,No,No,1.0,42.0,42.0,Seg.02 - Mass Asp (VND 25K - VND 59K),36582,At-risk,2.0,1.0,2.0,2.0
792734,2019,Hải Phòng,Highlands Coffee,Yes,Yes,Yes,No,No,3.0,30.0,90.0,Seg.02 - Mass Asp (VND 25K - VND 59K),36598,At-risk,2.0,1.0,1.0,2.0
792736,2019,Hải Phòng,Highlands Coffee,Yes,Yes,Yes,No,No,2.0,50.0,100.0,Seg.02 - Mass Asp (VND 25K - VND 59K),36605,At-risk,2.0,1.0,2.0,2.0
792743,2019,Nha Trang,Highlands Coffee,Yes,Yes,Yes,Yes,No,5.0,35.0,175.0,Seg.02 - Mass Asp (VND 25K - VND 59K),36612,Bronze,3.0,2.0,1.0,3.0
792743,2019,Nha Trang,Trung Nguyên,Yes,Yes,No,No,No,0.0,0.0,0.0,,36613,Churn,1.0,0.0,0.0,1.0
792750,2019,Hà Nội,Highlands Coffee,Yes,Yes,Yes,No,No,2.0,50.0,100.0,Seg.02 - Mass Asp (VND 25K - VND 59K),36620,At-risk,2.0,1.0,2.0,2.0
792768,2019,Hà Nội,Highlands Coffee,Yes,Yes,No,No,No,0.0,0.0,0.0,,36626,Churn,1.0,0.0,0.0,1.0
792768,2019,Hà Nội,Cộng Cà Phê,Yes,Yes,No,No,No,0.0,0.0,0.0,,36634,Churn,1.0,0.0,0.0,1.0
792770,2019,Hà Nội,Cộng Cà Phê,Yes,Yes,No,No,No,0.0,0.0,0.0,,36645,Churn,1.0,0.0,0.0,1.0
792776,2019,Hải Phòng,Highlands Coffee,Yes,Yes,Yes,No,No,2.0,29.0,58.0,Seg.02 - Mass Asp (VND 25K - VND 59K),36659,At-risk,2.0,1.0,1.0,2.0
792780,2019,Hà Nội,Highlands Coffee,Yes,Yes,Yes,Yes,No,4.0,50.0,200.0,Seg.02 - Mass Asp (VND 25K - VND 59K),36668,Bronze,3.0,2.0,2.0,3.0
792780,2019,Hà Nội,Cộng Cà Phê,Yes,Yes,No,No,No,0.0,0.0,0.0,,36673,Churn,1.0,0.0,0.0,1.0
792784,2019,Hà Nội,Highlands Coffee,Yes,Yes,Yes,Yes,No,4.0,29.0,116.0,Seg.02 - Mass Asp (VND 25K - VND 59K),36678,Bronze,3.0,2.0,1.0,3.0
792784,2019,Hà Nội,Cộng Cà Phê,Yes,Yes,No,No,No,0.0,0.0,0.0,,36681,Churn,1.0,0.0,0.0,1.0
792789,2019,Hà Nội,Cộng Cà Phê,Yes,Yes,Yes,No,No,3.0,40.0,120.0,Seg.02 - Mass Asp (VND 25K - VND 59K),36685,At-risk,2.0,1.0,2.0,2.0
792789,2019,Hà Nội,The Coffee House,Yes,Yes,No,No,No,0.0,0.0,0.0,,36688,Churn,1.0,0.0,0.0,1.0
792790,2019,Hà Nội,Cộng Cà Phê,Yes,Yes,Yes,Yes,No,4.0,30.0,120.0,Seg.02 - Mass Asp (VND 25K - VND 59K),36694,Bronze,3.0,2.0,1.0,3.0
792800,2019,Hồ Chí Minh,Highlands Coffee,Yes,Yes,Yes,Yes,No,4.0,50.0,200.0,Seg.02 - Mass Asp (VND 25K - VND 59K),36719,Bronze,3.0,2.0,2.0,3.0
792834,2019,Đà Nẵng,Highlands Coffee,Yes,Yes,No,No,No,0.0,0.0,0.0,,36733,Churn,1.0,0.0,0.0,1.0
792844,2019,Hà Nội,Cộng Cà Phê,Yes,Yes,No,No,No,0.0,0.0,0.0,,36737,Churn,1.0,0.0,0.0,1.0
792844,2019,Hà Nội,Highlands Coffee,Yes,Yes,No,No,No,0.0,0.0,0.0,,36738,Churn,1.0,0.0,0.0,1.0
792853,2019,Hải Phòng,Highlands Coffee,Yes,Yes,Yes,Yes,No,4.0,50.0,200.0,Seg.02 - Mass Asp (VND 25K - VND 59K),36745,Bronze,3.0,2.0,2.0,3.0
792855,2019,Nha Trang,Highlands Coffee,Yes,Yes,Yes,No,No,2.0,29.0,58.0,Seg.02 - Mass Asp (VND 25K - VND 59K),36757,At-risk,2.0,1.0,1.0,2.0
792860,2019,Hà Nội,Cộng Cà Phê,Yes,Yes,No,No,No,0.0,0.0,0.0,,36760,Churn,1.0,0.0,0.0,1.0
792863,2019,Hải Phòng,Trung Nguyên,Yes,Yes,Yes,No,No,1.0,50.0,50.0,Seg.02 - Mass Asp (VND 25K - VND 59K),36775,At-risk,2.0,1.0,2.0,2.0
792866,2019,Hà Nội,Phúc Long,Yes,Yes,No,No,No,0.0,0.0,0.0,,36783,Churn,1.0,0.0,0.0,1.0
792866,2019,Hà Nội,Highlands Coffee,Yes,Yes,Yes,Yes,No,6.0,60.0,360.0,Seg.03 - Premium (VND 60K - VND 99K),36785,Gold,3.0,3.0,3.0,5.0
792866,2019,Hà Nội,Cộng Cà Phê,Yes,Yes,Yes,No,No,2.0,50.0,100.0,Seg.02 - Mass Asp (VND 25K - VND 59K),36788,At-risk,2.0,1.0,2.0,2.0
792889,2019,Cần Thơ,Highlands Coffee,Yes,Yes,Yes,No,No,1.0,50.0,50.0,Seg.02 - Mass Asp (VND 25K - VND 59K),36806,At-risk,2.0,1.0,2.0,2.0
792912,2019,Hà Nội,Cộng Cà Phê,Yes,Yes,Yes,Yes,No,5.0,40.0,200.0,Seg.02 - Mass Asp (VND 25K - VND 59K),36819,Bronze,3.0,2.0,2.0,3.0
792914,2019,Hà Nội,Cộng Cà Phê,Yes,Yes,Yes,No,No,1.0,30.0,30.0,Seg.02 - Mass Asp (VND 25K - VND 59K),36823,At-risk,2.0,1.0,1.0,2.0
792922,2019,Hà Nội,Cộng Cà Phê,Yes,Yes,No,No,No,0.0,0.0,0.0,,36843,Churn,1.0,0.0,0.0,1.0
792950,2019,Hải Phòng,The Coffee House,Yes,Yes,Yes,No,No,1.0,56.0,56.0,Seg.02 - Mass Asp (VND 25K - VND 59K),36870,Silver,2.0,1.0,3.0,4.0
792950,2019,Hải Phòng,Highlands Coffee,Yes,Yes,Yes,No,No,1.0,65.0,65.0,Seg.03 - Premium (VND 60K - VND 99K),36873,Silver,2.0,1.0,3.0,4.0
792976,2019,Hải Phòng,Highlands Coffee,Yes,Yes,No,No,No,0.0,0.0,0.0,,36899,Churn,1.0,0.0,0.0,1.0
792976,2019,Hải Phòng,The Coffee House,Yes,Yes,Yes,Yes,No,5.0,40.0,200.0,Seg.02 - Mass Asp (VND 25K - VND 59K),36900,Bronze,3.0,2.0,2.0,3.0
793019,2019,Hồ Chí Minh,Highlands Coffee,Yes,Yes,Yes,Yes,No,4.0,50.0,200.0,Seg.02 - Mass Asp (VND 25K - VND 59K),36930,Bronze,3.0,2.0,2.0,3.0
793067,2019,Hải Phòng,Highlands Coffee,Yes,Yes,No,No,No,0.0,0.0,0.0,,36956,Churn,1.0,0.0,0.0,1.0
793113,2019,Hải Phòng,Highlands Coffee,Yes,Yes,No,No,No,0.0,0.0,0.0,,36974,Churn,1.0,0.0,0.0,1.0
793118,2019,Hải Phòng,Highlands Coffee,Yes,Yes,No,No,No,0.0,0.0,0.0,,36980,Churn,1.0,0.0,0.0,1.0
793129,2019,Hà Nội,Cộng Cà Phê,Yes,Yes,Yes,No,No,2.0,60.0,120.0,Seg.03 - Premium (VND 60K - VND 99K),36994,Silver,2.0,1.0,3.0,4.0
793129,2019,Hà Nội,Highlands Coffee,Yes,Yes,Yes,No,No,3.0,65.0,195.0,Seg.03 - Premium (VND 60K - VND 99K),36999,Silver,2.0,1.0,3.0,4.0
793136,2019,Hà Nội,Cộng Cà Phê,Yes,Yes,Yes,No,No,1.0,70.0,70.0,Seg.03 - Premium (VND 60K - VND 99K),37012,Silver,2.0,1.0,3.0,4.0
793360,2019,Cần Thơ,Trung Nguyên,Yes,Yes,No,No,No,0.0,0.0,0.0,,37034,Churn,1.0,0.0,0.0,1.0
793388,2019,Hà Nội,Highlands Coffee,Yes,Yes,No,No,No,0.0,0.0,0.0,,37040,Churn,1.0,0.0,0.0,1.0
793388,2019,Hà Nội,Cộng Cà Phê,Yes,Yes,Yes,Yes,No,4.0,50.0,200.0,Seg.02 - Mass Asp (VND 25K - VND 59K),37041,Bronze,3.0,2.0,2.0,3.0
793424,2019,Hồ Chí Minh,Phúc Long,Yes,Yes,No,No,No,0.0,0.0,0.0,,37054,Churn,1.0,0.0,0.0,1.0
793424,2019,Hồ Chí Minh,Highlands Coffee,Yes,Yes,Yes,No,No,3.0,40.0,120.0,Seg.02 - Mass Asp (VND 25K - VND 59K),37057,At-risk,2.0,1.0,2.0,2.0
793424,2019,Hồ Chí Minh,Starbucks,Yes,Yes,No,No,No,0.0,0.0,0.0,,37058,Churn,1.0,0.0,0.0,1.0
793456,2019,Hải Phòng,Highlands Coffee,Yes,Yes,No,No,No,0.0,0.0,0.0,,37068,Churn,1.0,0.0,0.0,1.0
793458,2019,Hải Phòng,Highlands Coffee,Yes,Yes,Yes,No,No,1.0,49.0,49.0,Seg.02 - Mass Asp (VND 25K - VND 59K),37073,At-risk,2.0,1.0,2.0,2.0
793461,2019,Hà Nội,Highlands Coffee,Yes,Yes,No,No,No,0.0,0.0,0.0,,37082,Churn,1.0,0.0,0.0,1.0
793475,2019,Hải Phòng,Starbucks,Yes,Yes,No,No,No,0.0,0.0,0.0,,37096,Churn,1.0,0.0,0.0,1.0
793475,2019,Hải Phòng,Highlands Coffee,Yes,Yes,Yes,No,No,3.0,45.0,135.0,Seg.02 - Mass Asp (VND 25K - VND 59K),37098,At-risk,2.0,1.0,2.0,2.0
793475,2019,Hải Phòng,The Coffee House,Yes,Yes,No,No,No,0.0,0.0,0.0,,37099,Churn,1.0,0.0,0.0,1.0
793545,2019,Hà Nội,Highlands Coffee,Yes,Yes,Yes,No,No,3.0,40.0,120.0,Seg.02 - Mass Asp (VND 25K - VND 59K),37117,At-risk,2.0,1.0,2.0,2.0
793569,2019,Hải Phòng,Highlands Coffee,Yes,Yes,Yes,No,No,1.0,49.0,49.0,Seg.02 - Mass Asp (VND 25K - VND 59K),37128,At-risk,2.0,1.0,2.0,2.0
793569,2019,Hải Phòng,The Coffee House,Yes,Yes,Yes,No,No,2.0,60.0,120.0,Seg.03 - Premium (VND 60K - VND 99K),37130,Silver,2.0,1.0,3.0,4.0
793579,2019,Hồ Chí Minh,Highlands Coffee,Yes,Yes,No,No,No,0.0,0.0,0.0,,37142,Churn,1.0,0.0,0.0,1.0
793902,2019,Hồ Chí Minh,Trung Nguyên,Yes,Yes,Yes,Yes,No,10.0,20.0,200.0,Seg.01 - Mass (<VND 25K),37153,Gold,3.0,4.0,1.0,5.0
794171,2019,Hà Nội,Cộng Cà Phê,Yes,Yes,No,No,No,0.0,0.0,0.0,,37211,Churn,1.0,0.0,0.0,1.0
794175,2019,Hà Nội,Cộng Cà Phê,Yes,Yes,No,No,No,0.0,0.0,0.0,,37217,Churn,1.0,0.0,0.0,1.0
794177,2019,Hà Nội,Cộng Cà Phê,Yes,Yes,No,No,No,0.0,0.0,0.0,,37225,Churn,1.0,0.0,0.0,1.0
794179,2019,Hà Nội,Highlands Coffee,Yes,Yes,Yes,No,No,2.0,50.0,100.0,Seg.02 - Mass Asp (VND 25K - VND 59K),37235,At-risk,2.0,1.0,2.0,2.0
794347,2019,Hà Nội,Cộng Cà Phê,Yes,Yes,Yes,Yes,No,4.0,40.0,160.0,Seg.02 - Mass Asp (VND 25K - VND 59K),37257,Bronze,3.0,2.0,2.0,3.0
794385,2019,Hồ Chí Minh,The Coffee House,Yes,Yes,Yes,No,No,3.0,55.0,165.0,Seg.02 - Mass Asp (VND 25K - VND 59K),37262,At-risk,2.0,1.0,2.0,2.0
794385,2019,Hồ Chí Minh,Highlands Coffee,Yes,Yes,No,No,No,0.0,0.0,0.0,,37263,Churn,1.0,0.0,0.0,1.0
794385,2019,Hồ Chí Minh,Phúc Long,Yes,Yes,Yes,No,No,2.0,45.0,90.0,Seg.02 - Mass Asp (VND 25K - VND 59K),37264,At-risk,2.0,1.0,2.0,2.0
794521,2019,Hà Nội,Cộng Cà Phê,Yes,Yes,Yes,Yes,No,5.0,50.0,250.0,Seg.02 - Mass Asp (VND 25K - VND 59K),37299,Bronze,3.0,2.0,2.0,3.0
794521,2019,Hà Nội,Highlands Coffee,Yes,Yes,No,No,No,0.0,0.0,0.0,,37300,Churn,1.0,0.0,0.0,1.0
794533,2019,Nha Trang,Highlands Coffee,Yes,Yes,Yes,Yes,Yes,28.0,49.0,1372.0,Seg.02 - Mass Asp (VND 25K - VND 59K),37308,Gold,4.0,4.0,2.0,5.0
794560,2019,Hà Nội,Highlands Coffee,Yes,Yes,No,No,No,0.0,0.0,0.0,,37316,Churn,1.0,0.0,0.0,1.0
794587,2019,Hồ Chí Minh,Trung Nguyên,Yes,Yes,Yes,Yes,No,5.0,35.0,175.0,Seg.02 - Mass Asp (VND 25K - VND 59K),37320,Bronze,3.0,2.0,1.0,3.0
794595,2019,Hà Nội,Cộng Cà Phê,Yes,Yes,No,No,No,0.0,0.0,0.0,,37323,Churn,1.0,0.0,0.0,1.0
794595,2019,Hà Nội,Highlands Coffee,Yes,Yes,Yes,No,No,3.0,30.0,90.0,Seg.02 - Mass Asp (VND 25K - VND 59K),37324,At-risk,2.0,1.0,1.0,2.0
794599,2019,Hà Nội,Highlands Coffee,Yes,Yes,Yes,No,No,3.0,40.0,120.0,Seg.02 - Mass Asp (VND 25K - VND 59K),37328,At-risk,2.0,1.0,2.0,2.0
794599,2019,Hà Nội,Cộng Cà Phê,Yes,Yes,No,No,No,0.0,0.0,0.0,,37330,Churn,1.0,0.0,0.0,1.0
794606,2019,Hà Nội,Highlands Coffee,Yes,Yes,No,No,No,0.0,0.0,0.0,,37337,Churn,1.0,0.0,0.0,1.0
794718,2019,Hà Nội,Trung Nguyên,Yes,Yes,No,No,No,0.0,0.0,0.0,,37370,Churn,1.0,0.0,0.0,1.0
794862,2019,Hà Nội,Highlands Coffee,Yes,Yes,No,No,No,0.0,0.0,0.0,,37427,Churn,1.0,0.0,0.0,1.0
795105,2019,Hà Nội,The Coffee House,Yes,Yes,Yes,No,No,1.0,40.0,40.0,Seg.02 - Mass Asp (VND 25K - VND 59K),37474,At-risk,2.0,1.0,2.0,2.0
795105,2019,Hà Nội,Starbucks,Yes,Yes,No,No,No,0.0,0.0,0.0,,37475,Churn,1.0,0.0,0.0,1.0
795105,2019,Hà Nội,Cộng Cà Phê,Yes,Yes,Yes,No,No,3.0,40.0,120.0,Seg.02 - Mass Asp (VND 25K - VND 59K),37479,At-risk,2.0,1.0,2.0,2.0
795108,2019,Hà Nội,Highlands Coffee,Yes,Yes,Yes,No,No,3.0,40.0,120.0,Seg.02 - Mass Asp (VND 25K - VND 59K),37484,At-risk,2.0,1.0,2.0,2.0
795193,2019,Hà Nội,Cộng Cà Phê,Yes,Yes,No,No,No,0.0,0.0,0.0,,37516,Churn,1.0,0.0,0.0,1.0
795193,2019,Hà Nội,Highlands Coffee,Yes,Yes,No,No,No,0.0,0.0,0.0,,37518,Churn,1.0,0.0,0.0,1.0
795193,2019,Hà Nội,The Coffee House,Yes,Yes,No,No,No,0.0,0.0,0.0,,37523,Churn,1.0,0.0,0.0,1.0
795214,2019,Hồ Chí Minh,Highlands Coffee,Yes,Yes,Yes,No,No,1.0,60.0,60.0,Seg.03 - Premium (VND 60K - VND 99K),37528,Silver,2.0,1.0,3.0,4.0
795214,2019,Hồ Chí Minh,The Coffee House,Yes,Yes,Yes,No,No,1.0,50.0,50.0,Seg.02 - Mass Asp (VND 25K - VND 59K),37533,At-risk,2.0,1.0,2.0,2.0
795227,2019,Đà Nẵng,The Coffee House,Yes,Yes,No,No,No,0.0,0.0,0.0,,37543,Churn,1.0,0.0,0.0,1.0
795227,2019,Đà Nẵng,Highlands Coffee,Yes,Yes,Yes,Yes,No,5.0,50.0,250.0,Seg.02 - Mass Asp (VND 25K - VND 59K),37546,Bronze,3.0,2.0,2.0,3.0
795227,2019,Đà Nẵng,Phúc Long,Yes,Yes,No,No,No,0.0,0.0,0.0,,37547,Churn,1.0,0.0,0.0,1.0
795258,2019,Hải Phòng,The Coffee House,Yes,Yes,No,No,No,0.0,0.0,0.0,,37563,Churn,1.0,0.0,0.0,1.0
795258,2019,Hải Phòng,Highlands Coffee,Yes,Yes,Yes,No,No,1.0,60.0,60.0,Seg.03 - Premium (VND 60K - VND 99K),37566,Silver,2.0,1.0,3.0,4.0
795282,2019,Hà Nội,Cộng Cà Phê,Yes,Yes,Yes,No,No,1.0,40.0,40.0,Seg.02 - Mass Asp (VND 25K - VND 59K),37569,At-risk,2.0,1.0,2.0,2.0
795282,2019,Hà Nội,The Coffee House,Yes,Yes,Yes,No,No,3.0,40.0,120.0,Seg.02 - Mass Asp (VND 25K - VND 59K),37571,At-risk,2.0,1.0,2.0,2.0
795337,2019,Hà Nội,Highlands Coffee,Yes,Yes,Yes,Yes,No,4.0,29.0,116.0,Seg.02 - Mass Asp (VND 25K - VND 59K),37590,Bronze,3.0,2.0,1.0,3.0
795337,2019,Hà Nội,Trung Nguyên,Yes,Yes,No,No,No,0.0,0.0,0.0,,37596,Churn,1.0,0.0,0.0,1.0
795342,2019,Hà Nội,Highlands Coffee,Yes,Yes,Yes,No,No,3.0,50.0,150.0,Seg.02 - Mass Asp (VND 25K - VND 59K),37616,At-risk,2.0,1.0,2.0,2.0
795365,2019,Hà Nội,Cộng Cà Phê,Yes,Yes,No,No,No,0.0,0.0,0.0,,37626,Churn,1.0,0.0,0.0,1.0
795367,2019,Nha Trang,Highlands Coffee,Yes,Yes,Yes,No,No,2.0,29.0,58.0,Seg.02 - Mass Asp (VND 25K - VND 59K),37630,At-risk,2.0,1.0,1.0,2.0
795376,2019,Hà Nội,Starbucks,Yes,Yes,Yes,No,No,3.0,60.0,180.0,Seg.03 - Premium (VND 60K - VND 99K),37648,Silver,2.0,1.0,3.0,4.0
795376,2019,Hà Nội,Highlands Coffee,Yes,Yes,No,No,No,0.0,0.0,0.0,,37651,Churn,1.0,0.0,0.0,1.0
795580,2019,Hà Nội,Highlands Coffee,Yes,Yes,No,No,No,0.0,0.0,0.0,,37709,Churn,1.0,0.0,0.0,1.0
795609,2019,Nha Trang,Highlands Coffee,Yes,Yes,Yes,Yes,No,4.0,39.0,156.0,Seg.02 - Mass Asp (VND 25K - VND 59K),37721,Bronze,3.0,2.0,2.0,3.0
795722,2019,Cần Thơ,The Coffee House,Yes,Yes,No,No,No,0.0,0.0,0.0,,37748,Churn,1.0,0.0,0.0,1.0
795752,2019,Hà Nội,Cộng Cà Phê,Yes,Yes,No,No,No,0.0,0.0,0.0,,37772,Churn,1.0,0.0,0.0,1.0
795752,2019,Hà Nội,Highlands Coffee,Yes,Yes,Yes,No,No,1.0,50.0,50.0,Seg.02 - Mass Asp (VND 25K - VND 59K),37774,At-risk,2.0,1.0,2.0,2.0
795752,2019,Hà Nội,The Coffee House,Yes,Yes,Yes,No,No,1.0,50.0,50.0,Seg.02 - Mass Asp (VND 25K - VND 59K),37776,At-risk,2.0,1.0,2.0,2.0
795752,2019,Hà Nội,Phúc Long,Yes,Yes,No,No,No,0.0,0.0,0.0,,37777,Churn,1.0,0.0,0.0,1.0
795796,2019,Hải Phòng,Highlands Coffee,Yes,Yes,Yes,No,No,2.0,50.0,100.0,Seg.02 - Mass Asp (VND 25K - VND 59K),37785,At-risk,2.0,1.0,2.0,2.0
795921,2019,Hà Nội,Trung Nguyên,Yes,Yes,Yes,No,No,1.0,50.0,50.0,Seg.02 - Mass Asp (VND 25K - VND 59K),37793,At-risk,2.0,1.0,2.0,2.0
795958,2019,Hà Nội,Starbucks,Yes,Yes,No,No,No,0.0,0.0,0.0,,37803,Churn,1.0,0.0,0.0,1.0
795958,2019,Hà Nội,Trung Nguyên,Yes,Yes,Yes,Yes,No,4.0,60.0,240.0,Seg.03 - Premium (VND 60K - VND 99K),37809,Silver,3.0,2.0,3.0,4.0
795958,2019,Hà Nội,Highlands Coffee,Yes,Yes,No,No,No,0.0,0.0,0.0,,37810,Churn,1.0,0.0,0.0,1.0
796081,2019,Đà Nẵng,Highlands Coffee,Yes,Yes,Yes,Yes,No,8.0,50.0,400.0,Seg.02 - Mass Asp (VND 25K - VND 59K),37818,Gold,3.0,4.0,2.0,5.0
796081,2019,Đà Nẵng,Phúc Long,Yes,Yes,Yes,No,No,2.0,50.0,100.0,Seg.02 - Mass Asp (VND 25K - VND 59K),37821,At-risk,2.0,1.0,2.0,2.0
796113,2019,Hải Phòng,The Coffee House,Yes,Yes,Yes,No,No,3.0,63.0,189.0,Seg.03 - Premium (VND 60K - VND 99K),37823,Silver,2.0,1.0,3.0,4.0
796113,2019,Hải Phòng,Highlands Coffee,Yes,Yes,Yes,No,No,2.0,49.0,98.0,Seg.02 - Mass Asp (VND 25K - VND 59K),37826,At-risk,2.0,1.0,2.0,2.0
796181,2019,Hà Nội,Highlands Coffee,Yes,Yes,Yes,No,No,1.0,40.0,40.0,Seg.02 - Mass Asp (VND 25K - VND 59K),37831,At-risk,2.0,1.0,2.0,2.0
796204,2019,Đà Nẵng,Highlands Coffee,Yes,Yes,No,No,No,0.0,0.0,0.0,,37839,Churn,1.0,0.0,0.0,1.0
796259,2019,Hà Nội,Starbucks,Yes,Yes,No,No,No,0.0,0.0,0.0,,37860,Churn,1.0,0.0,0.0,1.0
796357,2019,Hồ Chí Minh,Phúc Long,Yes,Yes,Yes,Yes,No,4.0,50.0,200.0,Seg.02 - Mass Asp (VND 25K - VND 59K),37878,Bronze,3.0,2.0,2.0,3.0
796357,2019,Hồ Chí Minh,The Coffee House,Yes,Yes,No,No,No,0.0,0.0,0.0,,37882,Churn,1.0,0.0,0.0,1.0
796357,2019,Hồ Chí Minh,Highlands Coffee,Yes,Yes,Yes,No,No,1.0,39.0,39.0,Seg.02 - Mass Asp (VND 25K - VND 59K),37884,At-risk,2.0,1.0,2.0,2.0
796840,2019,Hồ Chí Minh,Highlands Coffee,Yes,Yes,No,No,No,0.0,0.0,0.0,,37915,Churn,1.0,0.0,0.0,1.0
796921,2019,Hà Nội,Highlands Coffee,Yes,Yes,No,No,No,0.0,0.0,0.0,,37936,Churn,1.0,0.0,0.0,1.0
796924,2019,Hà Nội,Highlands Coffee,Yes,Yes,Yes,No,No,2.0,40.0,80.0,Seg.02 - Mass Asp (VND 25K - VND 59K),37942,At-risk,2.0,1.0,2.0,2.0
796924,2019,Hà Nội,Cộng Cà Phê,Yes,Yes,Yes,No,No,1.0,40.0,40.0,Seg.02 - Mass Asp (VND 25K - VND 59K),37945,At-risk,2.0,1.0,2.0,2.0
796924,2019,Hà Nội,The Coffee House,Yes,Yes,No,No,No,0.0,0.0,0.0,,37949,Churn,1.0,0.0,0.0,1.0
797043,2019,Nha Trang,Highlands Coffee,Yes,Yes,Yes,Yes,No,7.0,29.0,203.0,Seg.02 - Mass Asp (VND 25K - VND 59K),37963,Bronze,3.0,3.0,1.0,3.0
797192,2019,Hà Nội,Highlands Coffee,Yes,Yes,No,No,No,0.0,0.0,0.0,,37970,Churn,1.0,0.0,0.0,1.0
797231,2019,Hà Nội,Cộng Cà Phê,Yes,Yes,Yes,Yes,No,5.0,40.0,200.0,Seg.02 - Mass Asp (VND 25K - VND 59K),37980,Bronze,3.0,2.0,2.0,3.0
797269,2019,Hà Nội,Highlands Coffee,Yes,Yes,No,No,No,0.0,0.0,0.0,,38005,Churn,1.0,0.0,0.0,1.0
797269,2019,Hà Nội,The Coffee House,Yes,Yes,No,No,No,0.0,0.0,0.0,,38012,Churn,1.0,0.0,0.0,1.0
797348,2019,Hà Nội,Highlands Coffee,Yes,Yes,Yes,No,No,2.0,40.0,80.0,Seg.02 - Mass Asp (VND 25K - VND 59K),38038,At-risk,2.0,1.0,2.0,2.0
797348,2019,Hà Nội,The Coffee House,Yes,Yes,Yes,No,No,3.0,40.0,120.0,Seg.02 - Mass Asp (VND 25K - VND 59K),38040,At-risk,2.0,1.0,2.0,2.0
797467,2019,Hà Nội,Highlands Coffee,Yes,Yes,Yes,Yes,No,4.0,70.0,280.0,Seg.03 - Premium (VND 60K - VND 99K),38051,Silver,3.0,2.0,3.0,4.0
797476,2019,Đà Nẵng,The Coffee House,Yes,Yes,No,No,No,0.0,0.0,0.0,,38060,Churn,1.0,0.0,0.0,1.0
797476,2019,Đà Nẵng,Highlands Coffee,Yes,Yes,Yes,Yes,No,10.0,70.0,700.0,Seg.03 - Premium (VND 60K - VND 99K),38061,Gold,3.0,4.0,3.0,5.0
797515,2019,Hà Nội,Cộng Cà Phê,Yes,Yes,Yes,No,No,2.0,60.0,120.0,Seg.03 - Premium (VND 60K - VND 99K),38074,Silver,2.0,1.0,3.0,4.0
797515,2019,Hà Nội,Starbucks,Yes,Yes,No,No,No,0.0,0.0,0.0,,38080,Churn,1.0,0.0,0.0,1.0
797551,2019,Hồ Chí Minh,Highlands Coffee,Yes,Yes,No,No,No,0.0,0.0,0.0,,38086,Churn,1.0,0.0,0.0,1.0
797551,2019,Hồ Chí Minh,Phúc Long,Yes,Yes,Yes,Yes,No,4.0,59.0,236.0,Seg.02 - Mass Asp (VND 25K - VND 59K),38088,Silver,3.0,2.0,3.0,4.0
797611,2019,Đà Nẵng,Highlands Coffee,Yes,Yes,No,No,No,0.0,0.0,0.0,,38096,Churn,1.0,0.0,0.0,1.0
797671,2019,Hà Nội,Highlands Coffee,Yes,Yes,Yes,Yes,No,4.0,50.0,200.0,Seg.02 - Mass Asp (VND 25K - VND 59K),38108,Bronze,3.0,2.0,2.0,3.0
797750,2019,Hồ Chí Minh,Highlands Coffee,Yes,Yes,No,No,No,0.0,0.0,0.0,,38116,Churn,1.0,0.0,0.0,1.0
797797,2019,Đà Nẵng,Highlands Coffee,Yes,Yes,Yes,Yes,No,10.0,100.0,1000.0,Seg.04 - Super Premium (VND 100K+),38139,Gold,3.0,4.0,4.0,5.0
797839,2019,Hà Nội,Highlands Coffee,Yes,Yes,No,No,No,0.0,0.0,0.0,,38150,Churn,1.0,0.0,0.0,1.0
797839,2019,Hà Nội,Cộng Cà Phê,Yes,Yes,Yes,No,No,3.0,80.0,240.0,Seg.03 - Premium (VND 60K - VND 99K),38154,Silver,2.0,1.0,3.0,4.0
797839,2019,Hà Nội,Phúc Long,Yes,Yes,No,No,No,0.0,0.0,0.0,,38156,Churn,1.0,0.0,0.0,1.0
797875,2019,Hà Nội,Trung Nguyên,Yes,Yes,No,No,No,0.0,0.0,0.0,,38157,Churn,1.0,0.0,0.0,1.0
797877,2019,Nha Trang,Trung Nguyên,Yes,Yes,Yes,No,No,1.0,44.0,44.0,Seg.02 - Mass Asp (VND 25K - VND 59K),38164,At-risk,2.0,1.0,2.0,2.0
797877,2019,Nha Trang,Highlands Coffee,Yes,Yes,Yes,Yes,No,6.0,25.0,150.0,Seg.02 - Mass Asp (VND 25K - VND 59K),38169,Bronze,3.0,3.0,1.0,3.0
797889,2019,Hồ Chí Minh,Highlands Coffee,Yes,Yes,Yes,No,No,3.0,49.0,147.0,Seg.02 - Mass Asp (VND 25K - VND 59K),38173,At-risk,2.0,1.0,2.0,2.0
797892,2019,Hồ Chí Minh,Highlands Coffee,Yes,Yes,Yes,Yes,No,4.0,49.0,196.0,Seg.02 - Mass Asp (VND 25K - VND 59K),38181,Bronze,3.0,2.0,2.0,3.0
797912,2019,Hà Nội,Highlands Coffee,Yes,Yes,Yes,No,No,2.0,60.0,120.0,Seg.03 - Premium (VND 60K - VND 99K),38200,Silver,2.0,1.0,3.0,4.0
797912,2019,Hà Nội,Cộng Cà Phê,Yes,Yes,No,No,No,0.0,0.0,0.0,,38202,Churn,1.0,0.0,0.0,1.0
797924,2019,Hồ Chí Minh,The Coffee House,Yes,Yes,No,No,No,0.0,0.0,0.0,,38215,Churn,1.0,0.0,0.0,1.0
797933,2019,Hà Nội,Cộng Cà Phê,Yes,Yes,No,No,No,0.0,0.0,0.0,,38226,Churn,1.0,0.0,0.0,1.0
797953,2019,Hà Nội,Highlands Coffee,Yes,Yes,Yes,No,No,1.0,40.0,40.0,Seg.02 - Mass Asp (VND 25K - VND 59K),38237,At-risk,2.0,1.0,2.0,2.0
798003,2019,Hà Nội,Cộng Cà Phê,Yes,Yes,No,No,No,0.0,0.0,0.0,,38240,Churn,1.0,0.0,0.0,1.0
798003,2019,Hà Nội,Highlands Coffee,Yes,Yes,No,No,No,0.0,0.0,0.0,,38243,Churn,1.0,0.0,0.0,1.0
798035,2019,Hải Phòng,Highlands Coffee,Yes,Yes,Yes,Yes,No,4.0,30.0,120.0,Seg.02 - Mass Asp (VND 25K - VND 59K),38251,Bronze,3.0,2.0,1.0,3.0
798064,2019,Nha Trang,Highlands Coffee,Yes,Yes,Yes,No,No,1.0,35.0,35.0,Seg.02 - Mass Asp (VND 25K - VND 59K),38279,At-risk,2.0,1.0,1.0,2.0
798079,2019,Hà Nội,Cộng Cà Phê,Yes,Yes,No,No,No,0.0,0.0,0.0,,38294,Churn,1.0,0.0,0.0,1.0
798079,2019,Hà Nội,Trung Nguyên,Yes,Yes,Yes,Yes,No,5.0,60.0,300.0,Seg.03 - Premium (VND 60K - VND 99K),38297,Silver,3.0,2.0,3.0,4.0
798099,2019,Hồ Chí Minh,Highlands Coffee,Yes,Yes,No,No,No,0.0,0.0,0.0,,38299,Churn,1.0,0.0,0.0,1.0
798114,2019,Hà Nội,Highlands Coffee,Yes,Yes,Yes,No,No,2.0,29.0,58.0,Seg.02 - Mass Asp (VND 25K - VND 59K),38313,At-risk,2.0,1.0,1.0,2.0
798114,2019,Hà Nội,Cộng Cà Phê,Yes,Yes,No,No,No,0.0,0.0,0.0,,38315,Churn,1.0,0.0,0.0,1.0
798117,2019,Hà Nội,Highlands Coffee,Yes,Yes,No,No,No,0.0,0.0,0.0,,38319,Churn,1.0,0.0,0.0,1.0
798117,2019,Hà Nội,The Coffee House,Yes,Yes,Yes,No,No,3.0,35.0,105.0,Seg.02 - Mass Asp (VND 25K - VND 59K),38320,At-risk,2.0,1.0,1.0,2.0
798146,2019,Hải Phòng,Highlands Coffee,Yes,Yes,Yes,Yes,No,6.0,70.0,420.0,Seg.03 - Premium (VND 60K - VND 99K),38330,Gold,3.0,3.0,3.0,5.0
798186,2019,Hà Nội,Trung Nguyên,Yes,Yes,Yes,No,No,3.0,70.0,210.0,Seg.03 - Premium (VND 60K - VND 99K),38348,Silver,2.0,1.0,3.0,4.0
798187,2019,Hồ Chí Minh,The Coffee House,Yes,Yes,No,No,No,0.0,0.0,0.0,,38361,Churn,1.0,0.0,0.0,1.0
798210,2019,Hà Nội,Highlands Coffee,Yes,Yes,No,No,No,0.0,0.0,0.0,,38364,Churn,1.0,0.0,0.0,1.0
798210,2019,Hà Nội,The Coffee House,Yes,Yes,No,No,No,0.0,0.0,0.0,,38367,Churn,1.0,0.0,0.0,1.0
798210,2019,Hà Nội,Cộng Cà Phê,Yes,Yes,Yes,No,No,1.0,50.0,50.0,Seg.02 - Mass Asp (VND 25K - VND 59K),38369,At-risk,2.0,1.0,2.0,2.0
798285,2019,Hà Nội,Trung Nguyên,Yes,Yes,Yes,No,No,3.0,40.0,120.0,Seg.02 - Mass Asp (VND 25K - VND 59K),38393,At-risk,2.0,1.0,2.0,2.0
798590,2019,Đà Nẵng,Highlands Coffee,Yes,Yes,No,No,No,0.0,0.0,0.0,,38452,Churn,1.0,0.0,0.0,1.0
798603,2019,Nha Trang,Highlands Coffee,Yes,Yes,Yes,No,No,1.0,35.0,35.0,Seg.02 - Mass Asp (VND 25K - VND 59K),38458,At-risk,2.0,1.0,1.0,2.0
798774,2019,Hà Nội,Cộng Cà Phê,Yes,Yes,Yes,Yes,No,4.0,50.0,200.0,Seg.02 - Mass Asp (VND 25K - VND 59K),38467,Bronze,3.0,2.0,2.0,3.0
798774,2019,Hà Nội,The Coffee House,Yes,Yes,No,No,No,0.0,0.0,0.0,,38468,Churn,1.0,0.0,0.0,1.0
798774,2019,Hà Nội,Highlands Coffee,Yes,Yes,No,No,No,0.0,0.0,0.0,,38473,Churn,1.0,0.0,0.0,1.0
798775,2019,Nha Trang,Phúc Long,Yes,Yes,No,No,No,0.0,0.0,0.0,,38477,Churn,1.0,0.0,0.0,1.0
798775,2019,Nha Trang,Highlands Coffee,Yes,Yes,Yes,Yes,No,5.0,58.0,290.0,Seg.02 - Mass Asp (VND 25K - VND 59K),38478,Silver,3.0,2.0,3.0,4.0
798786,2019,Nha Trang,Highlands Coffee,Yes,Yes,No,No,No,0.0,0.0,0.0,,38488,Churn,1.0,0.0,0.0,1.0
798895,2019,Đà Nẵng,Highlands Coffee,Yes,Yes,No,No,No,0.0,0.0,0.0,,38521,Churn,1.0,0.0,0.0,1.0
798895,2019,Đà Nẵng,Trung Nguyên,Yes,Yes,No,No,No,0.0,0.0,0.0,,38522,Churn,1.0,0.0,0.0,1.0
798916,2019,Đà Nẵng,Highlands Coffee,Yes,Yes,No,No,No,0.0,0.0,0.0,,38530,Churn,1.0,0.0,0.0,1.0
798981,2019,Hải Phòng,Highlands Coffee,Yes,Yes,Yes,Yes,No,4.0,40.0,160.0,Seg.02 - Mass Asp (VND 25K - VND 59K),38546,Bronze,3.0,2.0,2.0,3.0
799034,2019,Hà Nội,Highlands Coffee,Yes,Yes,No,No,No,0.0,0.0,0.0,,38563,Churn,1.0,0.0,0.0,1.0
799034,2019,Hà Nội,The Coffee House,Yes,Yes,No,No,No,0.0,0.0,0.0,,38565,Churn,1.0,0.0,0.0,1.0
799034,2019,Hà Nội,Cộng Cà Phê,Yes,Yes,No,No,No,0.0,0.0,0.0,,38566,Churn,1.0,0.0,0.0,1.0
799488,2019,Hồ Chí Minh,Highlands Coffee,Yes,Yes,Yes,No,No,3.0,35.0,105.0,Seg.02 - Mass Asp (VND 25K - VND 59K),38588,At-risk,2.0,1.0,1.0,2.0
799521,2019,Hà Nội,Cộng Cà Phê,Yes,Yes,Yes,No,No,1.0,40.0,40.0,Seg.02 - Mass Asp (VND 25K - VND 59K),38605,At-risk,2.0,1.0,2.0,2.0
799521,2019,Hà Nội,Highlands Coffee,Yes,Yes,Yes,Yes,No,4.0,40.0,160.0,Seg.02 - Mass Asp (VND 25K - VND 59K),38608,Bronze,3.0,2.0,2.0,3.0
799561,2019,Hải Phòng,Highlands Coffee,Yes,Yes,No,No,No,0.0,0.0,0.0,,38615,Churn,1.0,0.0,0.0,1.0
799568,2019,Hồ Chí Minh,Highlands Coffee,Yes,Yes,Yes,Yes,No,6.0,50.0,300.0,Seg.02 - Mass Asp (VND 25K - VND 59K),38629,Bronze,3.0,3.0,2.0,3.0
799596,2019,Đà Nẵng,Highlands Coffee,Yes,Yes,Yes,Yes,Yes,20.0,39.0,780.0,Seg.02 - Mass Asp (VND 25K - VND 59K),38654,Gold,4.0,4.0,2.0,5.0
799614,2019,Hà Nội,Highlands Coffee,Yes,Yes,Yes,Yes,No,5.0,70.0,350.0,Seg.03 - Premium (VND 60K - VND 99K),38657,Silver,3.0,2.0,3.0,4.0
799614,2019,Hà Nội,The Coffee House,Yes,Yes,No,No,No,0.0,0.0,0.0,,38659,Churn,1.0,0.0,0.0,1.0
799614,2019,Hà Nội,Cộng Cà Phê,Yes,Yes,No,No,No,0.0,0.0,0.0,,38661,Churn,1.0,0.0,0.0,1.0
799734,2019,Hà Nội,Cộng Cà Phê,Yes,Yes,Yes,Yes,No,6.0,60.0,360.0,Seg.03 - Premium (VND 60K - VND 99K),38699,Gold,3.0,3.0,3.0,5.0
799843,2019,Hồ Chí Minh,Highlands Coffee,Yes,Yes,Yes,Yes,No,8.0,50.0,400.0,Seg.02 - Mass Asp (VND 25K - VND 59K),38718,Gold,3.0,4.0,2.0,5.0
799869,2019,Hà Nội,Cộng Cà Phê,Yes,Yes,Yes,No,No,1.0,40.0,40.0,Seg.02 - Mass Asp (VND 25K - VND 59K),38730,At-risk,2.0,1.0,2.0,2.0
799869,2019,Hà Nội,The Coffee House,Yes,Yes,No,No,No,0.0,0.0,0.0,,38733,Churn,1.0,0.0,0.0,1.0
799869,2019,Hà Nội,Highlands Coffee,Yes,Yes,No,No,No,0.0,0.0,0.0,,38736,Churn,1.0,0.0,0.0,1.0
799898,2019,Hồ Chí Minh,Trung Nguyên,Yes,Yes,Yes,No,No,2.0,45.0,90.0,Seg.02 - Mass Asp (VND 25K - VND 59K),38742,At-risk,2.0,1.0,2.0,2.0
799900,2019,Hải Phòng,Highlands Coffee,Yes,Yes,No,No,No,0.0,0.0,0.0,,38755,Churn,1.0,0.0,0.0,1.0
799930,2019,Đà Nẵng,Trung Nguyên,Yes,Yes,Yes,Yes,No,10.0,30.0,300.0,Seg.02 - Mass Asp (VND 25K - VND 59K),38763,Gold,3.0,4.0,1.0,5.0
799930,2019,Đà Nẵng,Highlands Coffee,Yes,Yes,No,No,No,0.0,0.0,0.0,,38764,Churn,1.0,0.0,0.0,1.0
799949,2019,Hải Phòng,Highlands Coffee,Yes,Yes,No,No,No,0.0,0.0,0.0,,38767,Churn,1.0,0.0,0.0,1.0
799951,2019,Đà Nẵng,Highlands Coffee,Yes,Yes,Yes,No,No,1.0,45.0,45.0,Seg.02 - Mass Asp (VND 25K - VND 59K),38779,At-risk,2.0,1.0,2.0,2.0
799979,2019,Hà Nội,Starbucks,Yes,Yes,No,No,No,0.0,0.0,0.0,,38790,Churn,1.0,0.0,0.0,1.0
799979,2019,Hà Nội,Phúc Long,Yes,Yes,No,No,No,0.0,0.0,0.0,,38792,Churn,1.0,0.0,0.0,1.0
799979,2019,Hà Nội,Cộng Cà Phê,Yes,Yes,Yes,Yes,No,10.0,45.0,450.0,Seg.02 - Mass Asp (VND 25K - VND 59K),38794,Gold,3.0,4.0,2.0,5.0
800091,2019,Hà Nội,Cộng Cà Phê,Yes,Yes,No,No,No,0.0,0.0,0.0,,38829,Churn,1.0,0.0,0.0,1.0
800095,2019,Hà Nội,Phúc Long,Yes,Yes,No,No,No,0.0,0.0,0.0,,38835,Churn,1.0,0.0,0.0,1.0
800095,2019,Hà Nội,Highlands Coffee,Yes,Yes,Yes,No,No,1.0,40.0,40.0,Seg.02 - Mass Asp (VND 25K - VND 59K),38836,At-risk,2.0,1.0,2.0,2.0
800095,2019,Hà Nội,Cộng Cà Phê,Yes,Yes,Yes,No,No,1.0,50.0,50.0,Seg.02 - Mass Asp (VND 25K - VND 59K),38837,At-risk,2.0,1.0,2.0,2.0
800113,2019,Hà Nội,Cộng Cà Phê,Yes,Yes,Yes,No,No,1.0,65.0,65.0,Seg.03 - Premium (VND 60K - VND 99K),38853,Silver,2.0,1.0,3.0,4.0
800113,2019,Hà Nội,Highlands Coffee,Yes,Yes,Yes,No,No,3.0,65.0,195.0,Seg.03 - Premium (VND 60K - VND 99K),38857,Silver,2.0,1.0,3.0,4.0
800181,2019,Hà Nội,Starbucks,Yes,Yes,Yes,Yes,No,4.0,70.0,280.0,Seg.03 - Premium (VND 60K - VND 99K),38877,Silver,3.0,2.0,3.0,4.0
800181,2019,Hà Nội,Highlands Coffee,Yes,Yes,Yes,Yes,No,6.0,50.0,300.0,Seg.02 - Mass Asp (VND 25K - VND 59K),38880,Bronze,3.0,3.0,2.0,3.0
800183,2019,Đà Nẵng,Highlands Coffee,Yes,Yes,No,No,No,0.0,0.0,0.0,,38891,Churn,1.0,0.0,0.0,1.0
800183,2019,Đà Nẵng,Trung Nguyên,Yes,Yes,No,No,No,0.0,0.0,0.0,,38896,Churn,1.0,0.0,0.0,1.0
800208,2019,Đà Nẵng,Highlands Coffee,Yes,Yes,No,No,No,0.0,0.0,0.0,,38903,Churn,1.0,0.0,0.0,1.0
800216,2019,Hà Nội,Highlands Coffee,Yes,Yes,Yes,No,No,1.0,35.0,35.0,Seg.02 - Mass Asp (VND 25K - VND 59K),38907,At-risk,2.0,1.0,1.0,2.0
800216,2019,Hà Nội,Cộng Cà Phê,Yes,Yes,No,No,No,0.0,0.0,0.0,,38908,Churn,1.0,0.0,0.0,1.0
800247,2019,Hồ Chí Minh,Trung Nguyên,Yes,Yes,No,No,No,0.0,0.0,0.0,,38944,Churn,1.0,0.0,0.0,1.0
800267,2019,Đà Nẵng,The Coffee House,Yes,Yes,No,No,No,0.0,0.0,0.0,,38950,Churn,1.0,0.0,0.0,1.0
800267,2019,Đà Nẵng,Highlands Coffee,Yes,Yes,Yes,Yes,No,8.0,50.0,400.0,Seg.02 - Mass Asp (VND 25K - VND 59K),38952,Gold,3.0,4.0,2.0,5.0
800267,2019,Đà Nẵng,Phúc Long,Yes,Yes,No,No,No,0.0,0.0,0.0,,38954,Churn,1.0,0.0,0.0,1.0
800394,2019,Nha Trang,Highlands Coffee,Yes,Yes,Yes,No,No,2.0,45.0,90.0,Seg.02 - Mass Asp (VND 25K - VND 59K),38966,At-risk,2.0,1.0,2.0,2.0
800445,2019,Hồ Chí Minh,Highlands Coffee,Yes,Yes,Yes,No,No,2.0,49.0,98.0,Seg.02 - Mass Asp (VND 25K - VND 59K),38992,At-risk,2.0,1.0,2.0,2.0
800445,2019,Hồ Chí Minh,The Coffee House,Yes,Yes,No,No,No,0.0,0.0,0.0,,38994,Churn,1.0,0.0,0.0,1.0
800445,2019,Hồ Chí Minh,Starbucks,Yes,Yes,Yes,Yes,No,4.0,60.0,240.0,Seg.03 - Premium (VND 60K - VND 99K),38995,Silver,3.0,2.0,3.0,4.0
800446,2019,Đà Nẵng,Highlands Coffee,Yes,Yes,Yes,No,No,2.0,30.0,60.0,Seg.02 - Mass Asp (VND 25K - VND 59K),39001,At-risk,2.0,1.0,1.0,2.0
800446,2019,Đà Nẵng,The Coffee House,Yes,Yes,No,No,No,0.0,0.0,0.0,,39003,Churn,1.0,0.0,0.0,1.0
800472,2019,Hà Nội,Highlands Coffee,Yes,Yes,Yes,No,No,3.0,70.0,210.0,Seg.03 - Premium (VND 60K - VND 99K),39014,Silver,2.0,1.0,3.0,4.0
800472,2019,Hà Nội,Cộng Cà Phê,Yes,Yes,No,No,No,0.0,0.0,0.0,,39017,Churn,1.0,0.0,0.0,1.0
800472,2019,Hà Nội,The Coffee House,Yes,Yes,Yes,No,No,2.0,50.0,100.0,Seg.02 - Mass Asp (VND 25K - VND 59K),39020,At-risk,2.0,1.0,2.0,2.0
800503,2019,Đà Nẵng,Highlands Coffee,Yes,Yes,No,No,No,0.0,0.0,0.0,,39028,Churn,1.0,0.0,0.0,1.0
800503,2019,Đà Nẵng,Trung Nguyên,Yes,Yes,No,No,No,0.0,0.0,0.0,,39037,Churn,1.0,0.0,0.0,1.0
800507,2019,Nha Trang,Highlands Coffee,Yes,Yes,Yes,No,No,2.0,50.0,100.0,Seg.02 - Mass Asp (VND 25K - VND 59K),39039,At-risk,2.0,1.0,2.0,2.0
800507,2019,Nha Trang,Trung Nguyên,Yes,Yes,No,No,No,0.0,0.0,0.0,,39040,Churn,1.0,0.0,0.0,1.0
800524,2019,Nha Trang,Highlands Coffee,Yes,Yes,Yes,No,No,3.0,40.0,120.0,Seg.02 - Mass Asp (VND 25K - VND 59K),39051,At-risk,2.0,1.0,2.0,2.0
800589,2019,Hồ Chí Minh,The Coffee House,Yes,Yes,Yes,No,No,3.0,49.0,147.0,Seg.02 - Mass Asp (VND 25K - VND 59K),39071,At-risk,2.0,1.0,2.0,2.0
800589,2019,Hồ Chí Minh,Phúc Long,Yes,Yes,No,No,No,0.0,0.0,0.0,,39072,Churn,1.0,0.0,0.0,1.0
800589,2019,Hồ Chí Minh,Highlands Coffee,Yes,Yes,Yes,Yes,No,6.0,39.0,234.0,Seg.02 - Mass Asp (VND 25K - VND 59K),39075,Bronze,3.0,3.0,2.0,3.0
800622,2019,Hà Nội,Highlands Coffee,Yes,Yes,No,No,No,0.0,0.0,0.0,,39078,Churn,1.0,0.0,0.0,1.0
800627,2019,Hải Phòng,Highlands Coffee,Yes,Yes,Yes,No,No,2.0,50.0,100.0,Seg.02 - Mass Asp (VND 25K - VND 59K),39087,At-risk,2.0,1.0,2.0,2.0
800664,2019,Hà Nội,The Coffee House,Yes,Yes,No,No,No,0.0,0.0,0.0,,39103,Churn,1.0,0.0,0.0,1.0
800664,2019,Hà Nội,Phúc Long,Yes,Yes,No,No,No,0.0,0.0,0.0,,39110,Churn,1.0,0.0,0.0,1.0
800664,2019,Hà Nội,Highlands Coffee,Yes,Yes,Yes,No,No,2.0,50.0,100.0,Seg.02 - Mass Asp (VND 25K - VND 59K),39112,At-risk,2.0,1.0,2.0,2.0
800668,2019,Đà Nẵng,Highlands Coffee,Yes,Yes,Yes,Yes,No,8.0,29.0,232.0,Seg.02 - Mass Asp (VND 25K - VND 59K),39116,Gold,3.0,4.0,1.0,5.0
800671,2019,Hà Nội,Highlands Coffee,Yes,Yes,Yes,Yes,No,8.0,29.0,232.0,Seg.02 - Mass Asp (VND 25K - VND 59K),39122,Gold,3.0,4.0,1.0,5.0
800673,2019,Hà Nội,Highlands Coffee,Yes,Yes,Yes,No,No,1.0,29.0,29.0,Seg.02 - Mass Asp (VND 25K - VND 59K),39131,At-risk,2.0,1.0,1.0,2.0
800673,2019,Hà Nội,Cộng Cà Phê,Yes,Yes,Yes,No,No,1.0,35.0,35.0,Seg.02 - Mass Asp (VND 25K - VND 59K),39138,At-risk,2.0,1.0,1.0,2.0
800712,2019,Hà Nội,Highlands Coffee,Yes,Yes,No,No,No,0.0,0.0,0.0,,39162,Churn,1.0,0.0,0.0,1.0
800715,2019,Hà Nội,The Coffee House,Yes,Yes,Yes,No,No,1.0,30.0,30.0,Seg.02 - Mass Asp (VND 25K - VND 59K),39173,At-risk,2.0,1.0,1.0,2.0
800816,2019,Hồ Chí Minh,Highlands Coffee,Yes,Yes,Yes,Yes,No,4.0,55.0,220.0,Seg.02 - Mass Asp (VND 25K - VND 59K),39186,Bronze,3.0,2.0,2.0,3.0
800816,2019,Hồ Chí Minh,Phúc Long,Yes,Yes,Yes,Yes,No,8.0,65.0,520.0,Seg.03 - Premium (VND 60K - VND 99K),39189,Gold,3.0,4.0,3.0,5.0
800853,2019,Hà Nội,Highlands Coffee,Yes,Yes,Yes,Yes,No,6.0,80.0,480.0,Seg.03 - Premium (VND 60K - VND 99K),39196,Gold,3.0,3.0,3.0,5.0
800853,2019,Hà Nội,Phúc Long,Yes,Yes,No,No,No,0.0,0.0,0.0,,39201,Churn,1.0,0.0,0.0,1.0
800853,2019,Hà Nội,Cộng Cà Phê,Yes,Yes,No,No,No,0.0,0.0,0.0,,39202,Churn,1.0,0.0,0.0,1.0
800858,2019,Hà Nội,The Coffee House,Yes,Yes,No,No,No,0.0,0.0,0.0,,39217,Churn,1.0,0.0,0.0,1.0
800864,2019,Hà Nội,Highlands Coffee,Yes,Yes,Yes,Yes,No,6.0,50.0,300.0,Seg.02 - Mass Asp (VND 25K - VND 59K),39220,Bronze,3.0,3.0,2.0,3.0
800865,2019,Hà Nội,Highlands Coffee,Yes,Yes,Yes,Yes,No,6.0,50.0,300.0,Seg.02 - Mass Asp (VND 25K - VND 59K),39226,Bronze,3.0,3.0,2.0,3.0
800887,2019,Hà Nội,Cộng Cà Phê,Yes,Yes,Yes,No,No,1.0,30.0,30.0,Seg.02 - Mass Asp (VND 25K - VND 59K),39231,At-risk,2.0,1.0,1.0,2.0
800887,2019,Hà Nội,Highlands Coffee,Yes,Yes,Yes,No,No,1.0,30.0,30.0,Seg.02 - Mass Asp (VND 25K - VND 59K),39241,At-risk,2.0,1.0,1.0,2.0
800989,2019,Đà Nẵng,Highlands Coffee,Yes,Yes,No,No,No,0.0,0.0,0.0,,39267,Churn,1.0,0.0,0.0,1.0
801030,2019,Đà Nẵng,Highlands Coffee,Yes,Yes,No,No,No,0.0,0.0,0.0,,39268,Churn,1.0,0.0,0.0,1.0
801036,2019,Nha Trang,Highlands Coffee,Yes,Yes,No,No,No,0.0,0.0,0.0,,39275,Churn,1.0,0.0,0.0,1.0
801036,2019,Nha Trang,Trung Nguyên,Yes,Yes,No,No,No,0.0,0.0,0.0,,39280,Churn,1.0,0.0,0.0,1.0
801049,2019,Hải Phòng,The Coffee House,Yes,Yes,Yes,No,No,1.0,60.0,60.0,Seg.03 - Premium (VND 60K - VND 99K),39281,Silver,2.0,1.0,3.0,4.0
801049,2019,Hải Phòng,Highlands Coffee,Yes,Yes,No,No,No,0.0,0.0,0.0,,39285,Churn,1.0,0.0,0.0,1.0
801055,2019,Hải Phòng,Highlands Coffee,Yes,Yes,No,No,No,0.0,0.0,0.0,,39296,Churn,1.0,0.0,0.0,1.0
801072,2019,Đà Nẵng,Highlands Coffee,Yes,Yes,No,No,No,0.0,0.0,0.0,,39311,Churn,1.0,0.0,0.0,1.0
801102,2019,Hà Nội,The Coffee House,Yes,Yes,No,No,No,0.0,0.0,0.0,,39337,Churn,1.0,0.0,0.0,1.0
801102,2019,Hà Nội,Phúc Long,Yes,Yes,No,No,No,0.0,0.0,0.0,,39338,Churn,1.0,0.0,0.0,1.0
801102,2019,Hà Nội,Cộng Cà Phê,Yes,Yes,Yes,No,No,1.0,60.0,60.0,Seg.03 - Premium (VND 60K - VND 99K),39340,Silver,2.0,1.0,3.0,4.0
801102,2019,Hà Nội,Highlands Coffee,Yes,Yes,Yes,Yes,No,5.0,60.0,300.0,Seg.03 - Premium (VND 60K - VND 99K),39343,Silver,3.0,2.0,3.0,4.0
801230,2019,Hà Nội,Cộng Cà Phê,Yes,Yes,No,No,No,0.0,0.0,0.0,,39354,Churn,1.0,0.0,0.0,1.0
801263,2019,Hà Nội,Highlands Coffee,Yes,Yes,Yes,Yes,No,4.0,35.0,140.0,Seg.02 - Mass Asp (VND 25K - VND 59K),39365,Bronze,3.0,2.0,1.0,3.0
801277,2019,Hà Nội,Highlands Coffee,Yes,Yes,Yes,Yes,No,4.0,50.0,200.0,Seg.02 - Mass Asp (VND 25K - VND 59K),39369,Bronze,3.0,2.0,2.0,3.0
801277,2019,Hà Nội,Cộng Cà Phê,Yes,Yes,No,No,No,0.0,0.0,0.0,,39370,Churn,1.0,0.0,0.0,1.0
801476,2019,Đà Nẵng,Highlands Coffee,Yes,Yes,No,No,No,0.0,0.0,0.0,,39396,Churn,1.0,0.0,0.0,1.0
801571,2019,Hà Nội,Highlands Coffee,Yes,Yes,Yes,No,No,1.0,60.0,60.0,Seg.03 - Premium (VND 60K - VND 99K),39407,Silver,2.0,1.0,3.0,4.0
801598,2019,Hà Nội,Trung Nguyên,Yes,Yes,Yes,No,No,3.0,40.0,120.0,Seg.02 - Mass Asp (VND 25K - VND 59K),39412,At-risk,2.0,1.0,2.0,2.0
801651,2019,Hà Nội,Trung Nguyên,Yes,Yes,No,No,No,0.0,0.0,0.0,,39421,Churn,1.0,0.0,0.0,1.0
802145,2019,Hà Nội,Cộng Cà Phê,Yes,Yes,No,No,No,0.0,0.0,0.0,,39444,Churn,1.0,0.0,0.0,1.0
802145,2019,Hà Nội,Highlands Coffee,Yes,Yes,Yes,Yes,No,6.0,60.0,360.0,Seg.03 - Premium (VND 60K - VND 99K),39449,Gold,3.0,3.0,3.0,5.0
802145,2019,Hà Nội,The Coffee House,Yes,Yes,No,No,No,0.0,0.0,0.0,,39452,Churn,1.0,0.0,0.0,1.0
802231,2019,Nha Trang,Trung Nguyên,Yes,Yes,No,No,No,0.0,0.0,0.0,,39461,Churn,1.0,0.0,0.0,1.0
802232,2019,Hà Nội,Highlands Coffee,Yes,Yes,No,No,No,0.0,0.0,0.0,,39466,Churn,1.0,0.0,0.0,1.0
802314,2019,Đà Nẵng,Highlands Coffee,Yes,Yes,No,No,No,0.0,0.0,0.0,,39484,Churn,1.0,0.0,0.0,1.0
802412,2019,Hà Nội,Cộng Cà Phê,Yes,Yes,No,No,No,0.0,0.0,0.0,,39497,Churn,1.0,0.0,0.0,1.0
802412,2019,Hà Nội,Highlands Coffee,Yes,Yes,No,No,No,0.0,0.0,0.0,,39505,Churn,1.0,0.0,0.0,1.0
802466,2019,Nha Trang,Trung Nguyên,Yes,Yes,No,No,No,0.0,0.0,0.0,,39512,Churn,1.0,0.0,0.0,1.0
802466,2019,Nha Trang,Highlands Coffee,Yes,Yes,Yes,No,No,2.0,35.0,70.0,Seg.02 - Mass Asp (VND 25K - VND 59K),39516,At-risk,2.0,1.0,1.0,2.0
802537,2019,Hà Nội,Highlands Coffee,Yes,Yes,Yes,No,No,3.0,50.0,150.0,Seg.02 - Mass Asp (VND 25K - VND 59K),39542,At-risk,2.0,1.0,2.0,2.0
802658,2019,Hà Nội,Highlands Coffee,Yes,Yes,No,No,No,0.0,0.0,0.0,,39591,Churn,1.0,0.0,0.0,1.0
802702,2019,Hà Nội,Highlands Coffee,Yes,Yes,No,No,No,0.0,0.0,0.0,,39599,Churn,1.0,0.0,0.0,1.0
802702,2019,Hà Nội,Cộng Cà Phê,Yes,Yes,Yes,Yes,No,4.0,40.0,160.0,Seg.02 - Mass Asp (VND 25K - VND 59K),39601,Bronze,3.0,2.0,2.0,3.0
802721,2019,Hà Nội,Highlands Coffee,Yes,Yes,No,No,No,0.0,0.0,0.0,,39614,Churn,1.0,0.0,0.0,1.0
802721,2019,Hà Nội,Phúc Long,Yes,Yes,No,No,No,0.0,0.0,0.0,,39617,Churn,1.0,0.0,0.0,1.0
802721,2019,Hà Nội,Cộng Cà Phê,Yes,Yes,No,No,No,0.0,0.0,0.0,,39619,Churn,1.0,0.0,0.0,1.0
802735,2019,Hồ Chí Minh,Highlands Coffee,Yes,Yes,Yes,Yes,No,6.0,49.0,294.0,Seg.02 - Mass Asp (VND 25K - VND 59K),39631,Bronze,3.0,3.0,2.0,3.0
802800,2019,Hà Nội,Cộng Cà Phê,Yes,Yes,No,No,No,0.0,0.0,0.0,,39656,Churn,1.0,0.0,0.0,1.0
802800,2019,Hà Nội,The Coffee House,Yes,Yes,Yes,No,No,1.0,60.0,60.0,Seg.03 - Premium (VND 60K - VND 99K),39657,Silver,2.0,1.0,3.0,4.0
802800,2019,Hà Nội,Highlands Coffee,Yes,Yes,Yes,No,No,2.0,60.0,120.0,Seg.03 - Premium (VND 60K - VND 99K),39660,Silver,2.0,1.0,3.0,4.0
802805,2019,Hồ Chí Minh,Trung Nguyên,Yes,Yes,Yes,Yes,No,10.0,30.0,300.0,Seg.02 - Mass Asp (VND 25K - VND 59K),39666,Gold,3.0,4.0,1.0,5.0
802821,2019,Đà Nẵng,The Coffee House,Yes,Yes,No,No,No,0.0,0.0,0.0,,39675,Churn,1.0,0.0,0.0,1.0
802841,2019,Hải Phòng,Highlands Coffee,Yes,Yes,Yes,No,No,2.0,50.0,100.0,Seg.02 - Mass Asp (VND 25K - VND 59K),39684,At-risk,2.0,1.0,2.0,2.0
802889,2019,Hà Nội,Highlands Coffee,Yes,Yes,No,No,No,0.0,0.0,0.0,,39702,Churn,1.0,0.0,0.0,1.0
802896,2019,Hải Phòng,Highlands Coffee,Yes,Yes,Yes,No,No,2.0,50.0,100.0,Seg.02 - Mass Asp (VND 25K - VND 59K),39708,At-risk,2.0,1.0,2.0,2.0
802896,2019,Hải Phòng,The Coffee House,Yes,Yes,No,No,No,0.0,0.0,0.0,,39709,Churn,1.0,0.0,0.0,1.0
802971,2019,Nha Trang,Trung Nguyên,Yes,Yes,No,No,No,0.0,0.0,0.0,,39736,Churn,1.0,0.0,0.0,1.0
802988,2019,Hồ Chí Minh,Highlands Coffee,Yes,Yes,No,No,No,0.0,0.0,0.0,,39743,Churn,1.0,0.0,0.0,1.0
803092,2019,Hà Nội,Cộng Cà Phê,Yes,Yes,Yes,No,No,2.0,50.0,100.0,Seg.02 - Mass Asp (VND 25K - VND 59K),39760,At-risk,2.0,1.0,2.0,2.0
803092,2019,Hà Nội,Highlands Coffee,Yes,Yes,Yes,Yes,No,6.0,50.0,300.0,Seg.02 - Mass Asp (VND 25K - VND 59K),39766,Bronze,3.0,3.0,2.0,3.0
803096,2019,Hà Nội,Highlands Coffee,Yes,Yes,No,No,No,0.0,0.0,0.0,,39768,Churn,1.0,0.0,0.0,1.0
803096,2019,Hà Nội,Cộng Cà Phê,Yes,Yes,Yes,Yes,No,5.0,50.0,250.0,Seg.02 - Mass Asp (VND 25K - VND 59K),39770,Bronze,3.0,2.0,2.0,3.0
803096,2019,Hà Nội,The Coffee House,Yes,Yes,Yes,No,No,1.0,55.0,55.0,Seg.02 - Mass Asp (VND 25K - VND 59K),39772,At-risk,2.0,1.0,2.0,2.0
803101,2019,Hà Nội,The Coffee House,Yes,Yes,Yes,No,No,3.0,50.0,150.0,Seg.02 - Mass Asp (VND 25K - VND 59K),39777,At-risk,2.0,1.0,2.0,2.0
803101,2019,Hà Nội,Highlands Coffee,Yes,Yes,Yes,Yes,No,7.0,50.0,350.0,Seg.02 - Mass Asp (VND 25K - VND 59K),39779,Bronze,3.0,3.0,2.0,3.0
803101,2019,Hà Nội,Cộng Cà Phê,Yes,Yes,No,No,No,0.0,0.0,0.0,,39781,Churn,1.0,0.0,0.0,1.0
803102,2019,Hà Nội,Cộng Cà Phê,Yes,Yes,Yes,Yes,No,6.0,40.0,240.0,Seg.02 - Mass Asp (VND 25K - VND 59K),39790,Bronze,3.0,3.0,2.0,3.0
803102,2019,Hà Nội,Highlands Coffee,Yes,Yes,Yes,No,No,2.0,40.0,80.0,Seg.02 - Mass Asp (VND 25K - VND 59K),39792,At-risk,2.0,1.0,2.0,2.0
803102,2019,Hà Nội,Phúc Long,Yes,Yes,No,No,No,0.0,0.0,0.0,,39795,Churn,1.0,0.0,0.0,1.0
803107,2019,Cần Thơ,Trung Nguyên,Yes,Yes,No,No,No,0.0,0.0,0.0,,39807,Churn,1.0,0.0,0.0,1.0
803165,2019,Hà Nội,Highlands Coffee,Yes,Yes,Yes,No,No,2.0,40.0,80.0,Seg.02 - Mass Asp (VND 25K - VND 59K),39822,At-risk,2.0,1.0,2.0,2.0
803165,2019,Hà Nội,The Coffee House,Yes,Yes,Yes,No,No,3.0,45.0,135.0,Seg.02 - Mass Asp (VND 25K - VND 59K),39825,At-risk,2.0,1.0,2.0,2.0
803165,2019,Hà Nội,Cộng Cà Phê,Yes,Yes,No,No,No,0.0,0.0,0.0,,39830,Churn,1.0,0.0,0.0,1.0
803167,2019,Nha Trang,Trung Nguyên,Yes,Yes,No,No,No,0.0,0.0,0.0,,39838,Churn,1.0,0.0,0.0,1.0
803191,2019,Hà Nội,Trung Nguyên,Yes,Yes,Yes,Yes,No,4.0,50.0,200.0,Seg.02 - Mass Asp (VND 25K - VND 59K),39848,Bronze,3.0,2.0,2.0,3.0
803198,2019,Cần Thơ,Trung Nguyên,Yes,Yes,Yes,Yes,No,8.0,20.0,160.0,Seg.01 - Mass (<VND 25K),39878,Gold,3.0,4.0,1.0,5.0
803229,2019,Đà Nẵng,Highlands Coffee,Yes,Yes,No,No,No,0.0,0.0,0.0,,39898,Churn,1.0,0.0,0.0,1.0
803281,2019,Nha Trang,Highlands Coffee,Yes,Yes,Yes,No,No,1.0,29.0,29.0,Seg.02 - Mass Asp (VND 25K - VND 59K),39926,At-risk,2.0,1.0,1.0,2.0
803288,2019,Nha Trang,Trung Nguyên,Yes,Yes,No,No,No,0.0,0.0,0.0,,39932,Churn,1.0,0.0,0.0,1.0
803303,2019,Hồ Chí Minh,Highlands Coffee,Yes,Yes,No,No,No,0.0,0.0,0.0,,39940,Churn,1.0,0.0,0.0,1.0
803303,2019,Hồ Chí Minh,The Coffee House,Yes,Yes,No,No,No,0.0,0.0,0.0,,39941,Churn,1.0,0.0,0.0,1.0
803308,2019,Hồ Chí Minh,Highlands Coffee,Yes,Yes,No,No,No,0.0,0.0,0.0,,39951,Churn,1.0,0.0,0.0,1.0
803314,2019,Nha Trang,Trung Nguyên,Yes,Yes,No,No,No,0.0,0.0,0.0,,39954,Churn,1.0,0.0,0.0,1.0
803314,2019,Nha Trang,Highlands Coffee,Yes,Yes,Yes,Yes,No,10.0,29.0,290.0,Seg.02 - Mass Asp (VND 25K - VND 59K),39955,Gold,3.0,4.0,1.0,5.0
803322,2019,Đà Nẵng,Cộng Cà Phê,Yes,Yes,Yes,No,No,2.0,50.0,100.0,Seg.02 - Mass Asp (VND 25K - VND 59K),39972,At-risk,2.0,1.0,2.0,2.0
803322,2019,Đà Nẵng,Highlands Coffee,Yes,Yes,Yes,No,No,2.0,50.0,100.0,Seg.02 - Mass Asp (VND 25K - VND 59K),39973,At-risk,2.0,1.0,2.0,2.0
803322,2019,Đà Nẵng,Phúc Long,Yes,Yes,Yes,No,No,2.0,50.0,100.0,Seg.02 - Mass Asp (VND 25K - VND 59K),39974,At-risk,2.0,1.0,2.0,2.0
803368,2019,Hồ Chí Minh,Highlands Coffee,Yes,Yes,Yes,Yes,No,15.0,45.0,675.0,Seg.02 - Mass Asp (VND 25K - VND 59K),39979,Gold,3.0,4.0,2.0,5.0
803453,2019,Nha Trang,Highlands Coffee,Yes,Yes,Yes,Yes,No,7.0,49.0,343.0,Seg.02 - Mass Asp (VND 25K - VND 59K),39996,Bronze,3.0,3.0,2.0,3.0
803453,2019,Nha Trang,Trung Nguyên,Yes,Yes,No,No,No,0.0,0.0,0.0,,39997,Churn,1.0,0.0,0.0,1.0
803473,2019,Đà Nẵng,Highlands Coffee,Yes,Yes,Yes,No,No,3.0,29.0,87.0,Seg.02 - Mass Asp (VND 25K - VND 59K),40007,At-risk,2.0,1.0,1.0,2.0
803478,2019,Cần Thơ,Phúc Long,Yes,Yes,No,No,No,0.0,0.0,0.0,,40019,Churn,1.0,0.0,0.0,1.0
803560,2019,Hồ Chí Minh,The Coffee House,Yes,Yes,Yes,Yes,No,6.0,49.0,294.0,Seg.02 - Mass Asp (VND 25K - VND 59K),40032,Bronze,3.0,3.0,2.0,3.0
803560,2019,Hồ Chí Minh,Highlands Coffee,Yes,Yes,No,No,No,0.0,0.0,0.0,,40038,Churn,1.0,0.0,0.0,1.0
803560,2019,Hồ Chí Minh,Phúc Long,Yes,Yes,Yes,No,No,2.0,50.0,100.0,Seg.02 - Mass Asp (VND 25K - VND 59K),40042,At-risk,2.0,1.0,2.0,2.0
803628,2019,Hà Nội,Cộng Cà Phê,Yes,Yes,No,No,No,0.0,0.0,0.0,,40056,Churn,1.0,0.0,0.0,1.0
803628,2019,Hà Nội,Highlands Coffee,Yes,Yes,Yes,No,No,2.0,50.0,100.0,Seg.02 - Mass Asp (VND 25K - VND 59K),40060,At-risk,2.0,1.0,2.0,2.0
803628,2019,Hà Nội,Phúc Long,Yes,Yes,Yes,No,No,1.0,50.0,50.0,Seg.02 - Mass Asp (VND 25K - VND 59K),40061,At-risk,2.0,1.0,2.0,2.0
803687,2019,Đà Nẵng,Highlands Coffee,Yes,Yes,Yes,No,No,1.0,40.0,40.0,Seg.02 - Mass Asp (VND 25K - VND 59K),40073,At-risk,2.0,1.0,2.0,2.0
803687,2019,Đà Nẵng,The Coffee House,Yes,Yes,Yes,No,No,1.0,40.0,40.0,Seg.02 - Mass Asp (VND 25K - VND 59K),40075,At-risk,2.0,1.0,2.0,2.0
803696,2019,Nha Trang,Trung Nguyên,Yes,Yes,No,No,No,0.0,0.0,0.0,,40095,Churn,1.0,0.0,0.0,1.0
803701,2019,Hà Nội,Highlands Coffee,Yes,Yes,Yes,No,No,3.0,50.0,150.0,Seg.02 - Mass Asp (VND 25K - VND 59K),40097,At-risk,2.0,1.0,2.0,2.0
803701,2019,Hà Nội,Cộng Cà Phê,Yes,Yes,Yes,No,No,1.0,50.0,50.0,Seg.02 - Mass Asp (VND 25K - VND 59K),40099,At-risk,2.0,1.0,2.0,2.0
803701,2019,Hà Nội,Phúc Long,Yes,Yes,No,No,No,0.0,0.0,0.0,,40101,Churn,1.0,0.0,0.0,1.0
803701,2019,Hà Nội,The Coffee House,Yes,Yes,No,No,No,0.0,0.0,0.0,,40104,Churn,1.0,0.0,0.0,1.0
803758,2019,Hồ Chí Minh,Highlands Coffee,Yes,Yes,No,No,No,0.0,0.0,0.0,,40124,Churn,1.0,0.0,0.0,1.0
803825,2019,Hải Phòng,The Coffee House,Yes,Yes,No,No,No,0.0,0.0,0.0,,40145,Churn,1.0,0.0,0.0,1.0
803825,2019,Hải Phòng,Highlands Coffee,Yes,Yes,No,No,No,0.0,0.0,0.0,,40146,Churn,1.0,0.0,0.0,1.0
803896,2019,Nha Trang,Trung Nguyên,Yes,Yes,Yes,No,No,3.0,20.0,60.0,Seg.01 - Mass (<VND 25K),40162,At-risk,2.0,1.0,1.0,2.0
803915,2019,Hà Nội,Cộng Cà Phê,Yes,Yes,No,No,No,0.0,0.0,0.0,,40173,Churn,1.0,0.0,0.0,1.0
803915,2019,Hà Nội,The Coffee House,Yes,Yes,No,No,No,0.0,0.0,0.0,,40179,Churn,1.0,0.0,0.0,1.0
803915,2019,Hà Nội,Highlands Coffee,Yes,Yes,Yes,No,No,2.0,80.0,160.0,Seg.03 - Premium (VND 60K - VND 99K),40180,Silver,2.0,1.0,3.0,4.0
803915,2019,Hà Nội,Phúc Long,Yes,Yes,Yes,No,No,1.0,60.0,60.0,Seg.03 - Premium (VND 60K - VND 99K),40182,Silver,2.0,1.0,3.0,4.0
804010,2019,Cần Thơ,Highlands Coffee,Yes,Yes,No,No,No,0.0,0.0,0.0,,40218,Churn,1.0,0.0,0.0,1.0
804023,2019,Cần Thơ,Trung Nguyên,Yes,Yes,Yes,Yes,No,5.0,50.0,250.0,Seg.02 - Mass Asp (VND 25K - VND 59K),40223,Bronze,3.0,2.0,2.0,3.0
804161,2019,Hồ Chí Minh,Highlands Coffee,Yes,Yes,No,No,No,0.0,0.0,0.0,,40256,Churn,1.0,0.0,0.0,1.0
804174,2019,Hà Nội,The Coffee House,Yes,Yes,No,No,No,0.0,0.0,0.0,,40265,Churn,1.0,0.0,0.0,1.0
804174,2019,Hà Nội,Cộng Cà Phê,Yes,Yes,Yes,No,No,1.0,50.0,50.0,Seg.02 - Mass Asp (VND 25K - VND 59K),40270,At-risk,2.0,1.0,2.0,2.0
804497,2019,Nha Trang,Trung Nguyên,Yes,Yes,No,No,No,0.0,0.0,0.0,,40285,Churn,1.0,0.0,0.0,1.0
804538,2019,Hà Nội,The Coffee House,Yes,Yes,No,No,No,0.0,0.0,0.0,,40291,Churn,1.0,0.0,0.0,1.0
804538,2019,Hà Nội,Cộng Cà Phê,Yes,Yes,No,No,No,0.0,0.0,0.0,,40293,Churn,1.0,0.0,0.0,1.0
804653,2019,Hồ Chí Minh,Highlands Coffee,Yes,Yes,No,No,No,0.0,0.0,0.0,,40312,Churn,1.0,0.0,0.0,1.0
804690,2019,Hồ Chí Minh,The Coffee House,Yes,Yes,Yes,Yes,No,8.0,29.0,232.0,Seg.02 - Mass Asp (VND 25K - VND 59K),40323,Gold,3.0,4.0,1.0,5.0
804737,2019,Hồ Chí Minh,Trung Nguyên,Yes,Yes,Yes,Yes,No,6.0,45.0,270.0,Seg.02 - Mass Asp (VND 25K - VND 59K),40333,Bronze,3.0,3.0,2.0,3.0
804975,2019,Hải Phòng,Highlands Coffee,Yes,Yes,No,No,No,0.0,0.0,0.0,,40354,Churn,1.0,0.0,0.0,1.0
804986,2019,Đà Nẵng,Highlands Coffee,Yes,Yes,Yes,No,No,1.0,50.0,50.0,Seg.02 - Mass Asp (VND 25K - VND 59K),40363,At-risk,2.0,1.0,2.0,2.0
805028,2019,Đà Nẵng,The Coffee House,Yes,Yes,Yes,No,No,1.0,50.0,50.0,Seg.02 - Mass Asp (VND 25K - VND 59K),40368,At-risk,2.0,1.0,2.0,2.0
805039,2019,Hà Nội,Trung Nguyên,Yes,Yes,Yes,Yes,No,4.0,50.0,200.0,Seg.02 - Mass Asp (VND 25K - VND 59K),40375,Bronze,3.0,2.0,2.0,3.0
805096,2019,Hồ Chí Minh,Highlands Coffee,Yes,Yes,Yes,Yes,No,4.0,55.0,220.0,Seg.02 - Mass Asp (VND 25K - VND 59K),40387,Bronze,3.0,2.0,2.0,3.0
805096,2019,Hồ Chí Minh,Phúc Long,Yes,Yes,Yes,Yes,No,8.0,72.0,576.0,Seg.03 - Premium (VND 60K - VND 99K),40391,Gold,3.0,4.0,3.0,5.0
805126,2019,Hồ Chí Minh,The Coffee House,Yes,Yes,Yes,Yes,No,4.0,30.0,120.0,Seg.02 - Mass Asp (VND 25K - VND 59K),40404,Bronze,3.0,2.0,1.0,3.0
805132,2019,Hải Phòng,Cộng Cà Phê,Yes,Yes,Yes,No,No,1.0,70.0,70.0,Seg.03 - Premium (VND 60K - VND 99K),40413,Silver,2.0,1.0,3.0,4.0
805132,2019,Hải Phòng,Highlands Coffee,Yes,Yes,Yes,No,No,1.0,80.0,80.0,Seg.03 - Premium (VND 60K - VND 99K),40420,Silver,2.0,1.0,3.0,4.0
805168,2019,Hồ Chí Minh,Highlands Coffee,Yes,Yes,No,No,No,0.0,0.0,0.0,,40426,Churn,1.0,0.0,0.0,1.0
805281,2019,Hà Nội,Cộng Cà Phê,Yes,Yes,No,No,No,0.0,0.0,0.0,,40448,Churn,1.0,0.0,0.0,1.0
805281,2019,Hà Nội,The Coffee House,Yes,Yes,No,No,No,0.0,0.0,0.0,,40453,Churn,1.0,0.0,0.0,1.0
805402,2019,Hải Phòng,Highlands Coffee,Yes,Yes,No,No,No,0.0,0.0,0.0,,40476,Churn,1.0,0.0,0.0,1.0
805412,2019,Hà Nội,Cộng Cà Phê,Yes,Yes,Yes,No,No,1.0,65.0,65.0,Seg.03 - Premium (VND 60K - VND 99K),40478,Silver,2.0,1.0,3.0,4.0
805412,2019,Hà Nội,Highlands Coffee,Yes,Yes,No,No,No,0.0,0.0,0.0,,40480,Churn,1.0,0.0,0.0,1.0
805479,2019,Hà Nội,Cộng Cà Phê,Yes,Yes,No,No,No,0.0,0.0,0.0,,40488,Churn,1.0,0.0,0.0,1.0
805479,2019,Hà Nội,The Coffee House,Yes,Yes,Yes,No,No,1.0,50.0,50.0,Seg.02 - Mass Asp (VND 25K - VND 59K),40490,At-risk,2.0,1.0,2.0,2.0
805479,2019,Hà Nội,Highlands Coffee,Yes,Yes,Yes,Yes,No,4.0,80.0,320.0,Seg.03 - Premium (VND 60K - VND 99K),40492,Silver,3.0,2.0,3.0,4.0
805508,2019,Hồ Chí Minh,Trung Nguyên,Yes,Yes,Yes,No,No,3.0,50.0,150.0,Seg.02 - Mass Asp (VND 25K - VND 59K),40495,At-risk,2.0,1.0,2.0,2.0
805508,2019,Hồ Chí Minh,Phúc Long,Yes,Yes,No,No,No,0.0,0.0,0.0,,40496,Churn,1.0,0.0,0.0,1.0
805508,2019,Hồ Chí Minh,Highlands Coffee,Yes,Yes,No,No,No,0.0,0.0,0.0,,40498,Churn,1.0,0.0,0.0,1.0
805528,2019,Hà Nội,Highlands Coffee,Yes,Yes,Yes,Yes,No,6.0,60.0,360.0,Seg.03 - Premium (VND 60K - VND 99K),40508,Gold,3.0,3.0,3.0,5.0
805528,2019,Hà Nội,Cộng Cà Phê,Yes,Yes,No,No,No,0.0,0.0,0.0,,40512,Churn,1.0,0.0,0.0,1.0
805548,2019,Hồ Chí Minh,Phúc Long,Yes,Yes,Yes,Yes,No,4.0,50.0,200.0,Seg.02 - Mass Asp (VND 25K - VND 59K),40520,Bronze,3.0,2.0,2.0,3.0
805548,2019,Hồ Chí Minh,Highlands Coffee,Yes,Yes,No,No,No,0.0,0.0,0.0,,40525,Churn,1.0,0.0,0.0,1.0
805553,2019,Hồ Chí Minh,Highlands Coffee,Yes,Yes,Yes,Yes,No,4.0,50.0,200.0,Seg.02 - Mass Asp (VND 25K - VND 59K),40534,Bronze,3.0,2.0,2.0,3.0
805554,2019,Nha Trang,Highlands Coffee,Yes,Yes,No,No,No,0.0,0.0,0.0,,40541,Churn,1.0,0.0,0.0,1.0
805632,2019,Hà Nội,Highlands Coffee,Yes,Yes,No,No,No,0.0,0.0,0.0,,40574,Churn,1.0,0.0,0.0,1.0
805639,2019,Hà Nội,Cộng Cà Phê,Yes,Yes,No,No,No,0.0,0.0,0.0,,40580,Churn,1.0,0.0,0.0,1.0
805639,2019,Hà Nội,Highlands Coffee,Yes,Yes,No,No,No,0.0,0.0,0.0,,40587,Churn,1.0,0.0,0.0,1.0
805687,2019,Hà Nội,Cộng Cà Phê,Yes,Yes,Yes,Yes,No,8.0,65.0,520.0,Seg.03 - Premium (VND 60K - VND 99K),40596,Gold,3.0,4.0,3.0,5.0
805687,2019,Hà Nội,Phúc Long,Yes,Yes,No,No,No,0.0,0.0,0.0,,40601,Churn,1.0,0.0,0.0,1.0
805699,2019,Đà Nẵng,Highlands Coffee,Yes,Yes,Yes,Yes,No,8.0,60.0,480.0,Seg.03 - Premium (VND 60K - VND 99K),40610,Gold,3.0,4.0,3.0,5.0
805710,2019,Hồ Chí Minh,Highlands Coffee,Yes,Yes,No,No,No,0.0,0.0,0.0,,40616,Churn,1.0,0.0,0.0,1.0
805710,2019,Hồ Chí Minh,Phúc Long,Yes,Yes,No,No,No,0.0,0.0,0.0,,40620,Churn,1.0,0.0,0.0,1.0
805710,2019,Hồ Chí Minh,The Coffee House,Yes,Yes,Yes,No,No,1.0,49.0,49.0,Seg.02 - Mass Asp (VND 25K - VND 59K),40622,At-risk,2.0,1.0,2.0,2.0
805716,2019,Đà Nẵng,Highlands Coffee,Yes,Yes,No,No,No,0.0,0.0,0.0,,40632,Churn,1.0,0.0,0.0,1.0
805746,2019,Hà Nội,Highlands Coffee,Yes,Yes,Yes,No,No,1.0,100.0,100.0,Seg.04 - Super Premium (VND 100K+),40654,Silver,2.0,1.0,4.0,4.0
805756,2019,Nha Trang,Highlands Coffee,Yes,Yes,No,No,No,0.0,0.0,0.0,,40656,Churn,1.0,0.0,0.0,1.0
805873,2019,Hồ Chí Minh,Highlands Coffee,Yes,Yes,No,No,No,0.0,0.0,0.0,,40684,Churn,1.0,0.0,0.0,1.0
805883,2019,Hồ Chí Minh,Phúc Long,Yes,Yes,No,No,No,0.0,0.0,0.0,,40690,Churn,1.0,0.0,0.0,1.0
805883,2019,Hồ Chí Minh,The Coffee House,Yes,Yes,No,No,No,0.0,0.0,0.0,,40695,Churn,1.0,0.0,0.0,1.0
805883,2019,Hồ Chí Minh,Highlands Coffee,Yes,Yes,Yes,No,No,3.0,49.0,147.0,Seg.02 - Mass Asp (VND 25K - VND 59K),40697,At-risk,2.0,1.0,2.0,2.0
805904,2019,Hà Nội,Highlands Coffee,Yes,Yes,No,No,No,0.0,0.0,0.0,,40710,Churn,1.0,0.0,0.0,1.0
805910,2019,Nha Trang,Trung Nguyên,Yes,Yes,Yes,No,No,2.0,18.0,36.0,Seg.01 - Mass (<VND 25K),40715,At-risk,2.0,1.0,1.0,2.0
805910,2019,Nha Trang,Highlands Coffee,Yes,Yes,No,No,No,0.0,0.0,0.0,,40719,Churn,1.0,0.0,0.0,1.0
805917,2019,Nha Trang,Highlands Coffee,Yes,Yes,No,No,No,0.0,0.0,0.0,,40721,Churn,1.0,0.0,0.0,1.0
805917,2019,Nha Trang,Trung Nguyên,Yes,Yes,No,No,No,0.0,0.0,0.0,,40722,Churn,1.0,0.0,0.0,1.0
805960,2019,Hà Nội,Highlands Coffee,Yes,Yes,No,No,No,0.0,0.0,0.0,,40751,Churn,1.0,0.0,0.0,1.0
805960,2019,Hà Nội,Cộng Cà Phê,Yes,Yes,No,No,No,0.0,0.0,0.0,,40752,Churn,1.0,0.0,0.0,1.0
805964,2019,Đà Nẵng,Trung Nguyên,Yes,Yes,Yes,Yes,No,10.0,20.0,200.0,Seg.01 - Mass (<VND 25K),40757,Gold,3.0,4.0,1.0,5.0
805967,2019,Hà Nội,Highlands Coffee,Yes,Yes,Yes,Yes,No,14.0,45.0,630.0,Seg.02 - Mass Asp (VND 25K - VND 59K),40766,Gold,3.0,4.0,2.0,5.0
805980,2019,Hà Nội,Highlands Coffee,Yes,Yes,No,No,No,0.0,0.0,0.0,,40774,Churn,1.0,0.0,0.0,1.0
805993,2019,Hải Phòng,Highlands Coffee,Yes,Yes,No,No,No,0.0,0.0,0.0,,40781,Churn,1.0,0.0,0.0,1.0
806002,2019,Hải Phòng,The Coffee House,Yes,Yes,No,No,No,0.0,0.0,0.0,,40790,Churn,1.0,0.0,0.0,1.0
806002,2019,Hải Phòng,Highlands Coffee,Yes,Yes,No,No,No,0.0,0.0,0.0,,40795,Churn,1.0,0.0,0.0,1.0
806029,2019,Hà Nội,Cộng Cà Phê,Yes,Yes,Yes,No,No,2.0,50.0,100.0,Seg.02 - Mass Asp (VND 25K - VND 59K),40798,At-risk,2.0,1.0,2.0,2.0
806029,2019,Hà Nội,Highlands Coffee,Yes,Yes,Yes,No,No,3.0,60.0,180.0,Seg.03 - Premium (VND 60K - VND 99K),40805,Silver,2.0,1.0,3.0,4.0
806038,2019,Cần Thơ,The Coffee House,Yes,Yes,No,No,No,0.0,0.0,0.0,,40808,Churn,1.0,0.0,0.0,1.0
806049,2019,Hải Phòng,Highlands Coffee,Yes,Yes,No,No,No,0.0,0.0,0.0,,40813,Churn,1.0,0.0,0.0,1.0
806053,2019,Hồ Chí Minh,Highlands Coffee,Yes,Yes,Yes,Yes,No,6.0,49.0,294.0,Seg.02 - Mass Asp (VND 25K - VND 59K),40816,Bronze,3.0,3.0,2.0,3.0
806053,2019,Hồ Chí Minh,Trung Nguyên,Yes,Yes,Yes,No,No,3.0,40.0,120.0,Seg.02 - Mass Asp (VND 25K - VND 59K),40820,At-risk,2.0,1.0,2.0,2.0
806057,2019,Hà Nội,The Coffee House,Yes,Yes,No,No,No,0.0,0.0,0.0,,40830,Churn,1.0,0.0,0.0,1.0
806060,2019,Hồ Chí Minh,Trung Nguyên,Yes,Yes,No,No,No,0.0,0.0,0.0,,40842,Churn,1.0,0.0,0.0,1.0
806079,2019,Hà Nội,The Coffee House,Yes,Yes,No,No,No,0.0,0.0,0.0,,40850,Churn,1.0,0.0,0.0,1.0
806079,2019,Hà Nội,Cộng Cà Phê,Yes,Yes,Yes,No,No,2.0,65.0,130.0,Seg.03 - Premium (VND 60K - VND 99K),40853,Silver,2.0,1.0,3.0,4.0
806079,2019,Hà Nội,Highlands Coffee,Yes,Yes,Yes,Yes,No,4.0,40.0,160.0,Seg.02 - Mass Asp (VND 25K - VND 59K),40855,Bronze,3.0,2.0,2.0,3.0
806122,2019,Hải Phòng,Highlands Coffee,Yes,Yes,Yes,Yes,No,4.0,50.0,200.0,Seg.02 - Mass Asp (VND 25K - VND 59K),40890,Bronze,3.0,2.0,2.0,3.0
806122,2019,Hải Phòng,Cộng Cà Phê,Yes,Yes,No,No,No,0.0,0.0,0.0,,40893,Churn,1.0,0.0,0.0,1.0
806130,2019,Nha Trang,Highlands Coffee,Yes,Yes,No,No,No,0.0,0.0,0.0,,40899,Churn,1.0,0.0,0.0,1.0
806136,2019,Hà Nội,Highlands Coffee,Yes,Yes,Yes,No,No,3.0,60.0,180.0,Seg.03 - Premium (VND 60K - VND 99K),40905,Silver,2.0,1.0,3.0,4.0
806143,2019,Hà Nội,Highlands Coffee,Yes,Yes,Yes,No,No,3.0,70.0,210.0,Seg.03 - Premium (VND 60K - VND 99K),40915,Silver,2.0,1.0,3.0,4.0
806173,2019,Đà Nẵng,Highlands Coffee,Yes,Yes,Yes,Yes,No,4.0,70.0,280.0,Seg.03 - Premium (VND 60K - VND 99K),40922,Silver,3.0,2.0,3.0,4.0
806173,2019,Đà Nẵng,The Coffee House,Yes,Yes,No,No,No,0.0,0.0,0.0,,40923,Churn,1.0,0.0,0.0,1.0
806179,2019,Hà Nội,Highlands Coffee,Yes,Yes,Yes,Yes,No,6.0,65.0,390.0,Seg.03 - Premium (VND 60K - VND 99K),40929,Gold,3.0,3.0,3.0,5.0
806179,2019,Hà Nội,Cộng Cà Phê,Yes,Yes,No,No,No,0.0,0.0,0.0,,40932,Churn,1.0,0.0,0.0,1.0
806213,2019,Cần Thơ,Trung Nguyên,Yes,Yes,No,No,No,0.0,0.0,0.0,,40939,Churn,1.0,0.0,0.0,1.0
806233,2019,Hồ Chí Minh,Highlands Coffee,Yes,Yes,No,No,No,0.0,0.0,0.0,,40946,Churn,1.0,0.0,0.0,1.0
806233,2019,Hồ Chí Minh,Phúc Long,Yes,Yes,Yes,No,No,3.0,50.0,150.0,Seg.02 - Mass Asp (VND 25K - VND 59K),40947,At-risk,2.0,1.0,2.0,2.0
806233,2019,Hồ Chí Minh,The Coffee House,Yes,Yes,Yes,Yes,No,8.0,49.0,392.0,Seg.02 - Mass Asp (VND 25K - VND 59K),40949,Gold,3.0,4.0,2.0,5.0
806271,2019,Hải Phòng,The Coffee House,Yes,Yes,No,No,No,0.0,0.0,0.0,,40966,Churn,1.0,0.0,0.0,1.0
806271,2019,Hải Phòng,Highlands Coffee,Yes,Yes,Yes,No,No,2.0,50.0,100.0,Seg.02 - Mass Asp (VND 25K - VND 59K),40967,At-risk,2.0,1.0,2.0,2.0
806288,2019,Hồ Chí Minh,Phúc Long,Yes,Yes,Yes,No,No,3.0,50.0,150.0,Seg.02 - Mass Asp (VND 25K - VND 59K),40973,At-risk,2.0,1.0,2.0,2.0
806288,2019,Hồ Chí Minh,Highlands Coffee,Yes,Yes,No,No,No,0.0,0.0,0.0,,40976,Churn,1.0,0.0,0.0,1.0
806324,2019,Nha Trang,Trung Nguyên,Yes,Yes,No,No,No,0.0,0.0,0.0,,40996,Churn,1.0,0.0,0.0,1.0
806324,2019,Nha Trang,Highlands Coffee,Yes,Yes,Yes,No,No,1.0,29.0,29.0,Seg.02 - Mass Asp (VND 25K - VND 59K),40998,At-risk,2.0,1.0,1.0,2.0
806327,2019,Hải Phòng,Highlands Coffee,Yes,Yes,Yes,No,No,1.0,40.0,40.0,Seg.02 - Mass Asp (VND 25K - VND 59K),41002,At-risk,2.0,1.0,2.0,2.0
806337,2019,Hà Nội,Cộng Cà Phê,Yes,Yes,No,No,No,0.0,0.0,0.0,,41010,Churn,1.0,0.0,0.0,1.0
806337,2019,Hà Nội,Highlands Coffee,Yes,Yes,Yes,No,No,2.0,40.0,80.0,Seg.02 - Mass Asp (VND 25K - VND 59K),41017,At-risk,2.0,1.0,2.0,2.0
806343,2019,Hà Nội,Highlands Coffee,Yes,Yes,No,No,No,0.0,0.0,0.0,,41040,Churn,1.0,0.0,0.0,1.0
806343,2019,Hà Nội,Cộng Cà Phê,Yes,Yes,No,No,No,0.0,0.0,0.0,,41044,Churn,1.0,0.0,0.0,1.0
806357,2019,Cần Thơ,Highlands Coffee,Yes,Yes,Yes,No,No,3.0,60.0,180.0,Seg.03 - Premium (VND 60K - VND 99K),41046,Silver,2.0,1.0,3.0,4.0
806357,2019,Cần Thơ,The Coffee House,Yes,Yes,Yes,No,No,2.0,50.0,100.0,Seg.02 - Mass Asp (VND 25K - VND 59K),41048,At-risk,2.0,1.0,2.0,2.0
806375,2019,Hà Nội,Starbucks,Yes,Yes,No,No,No,0.0,0.0,0.0,,41054,Churn,1.0,0.0,0.0,1.0
806375,2019,Hà Nội,Highlands Coffee,Yes,Yes,Yes,Yes,No,4.0,50.0,200.0,Seg.02 - Mass Asp (VND 25K - VND 59K),41055,Bronze,3.0,2.0,2.0,3.0
806375,2019,Hà Nội,Cộng Cà Phê,Yes,Yes,Yes,No,No,2.0,50.0,100.0,Seg.02 - Mass Asp (VND 25K - VND 59K),41060,At-risk,2.0,1.0,2.0,2.0
806463,2019,Hà Nội,The Coffee House,Yes,Yes,Yes,Yes,No,4.0,40.0,160.0,Seg.02 - Mass Asp (VND 25K - VND 59K),41086,Bronze,3.0,2.0,2.0,3.0
806463,2019,Hà Nội,Cộng Cà Phê,Yes,Yes,No,No,No,0.0,0.0,0.0,,41091,Churn,1.0,0.0,0.0,1.0
806466,2019,Hải Phòng,Highlands Coffee,Yes,Yes,No,No,No,0.0,0.0,0.0,,41097,Churn,1.0,0.0,0.0,1.0
806466,2019,Hải Phòng,The Coffee House,Yes,Yes,No,No,No,0.0,0.0,0.0,,41100,Churn,1.0,0.0,0.0,1.0
806470,2019,Hà Nội,The Coffee House,Yes,Yes,No,No,No,0.0,0.0,0.0,,41106,Churn,1.0,0.0,0.0,1.0
806470,2019,Hà Nội,Highlands Coffee,Yes,Yes,Yes,No,No,2.0,50.0,100.0,Seg.02 - Mass Asp (VND 25K - VND 59K),41112,At-risk,2.0,1.0,2.0,2.0
806474,2019,Đà Nẵng,Highlands Coffee,Yes,Yes,Yes,Yes,No,8.0,39.0,312.0,Seg.02 - Mass Asp (VND 25K - VND 59K),41118,Gold,3.0,4.0,2.0,5.0
806537,2019,Hà Nội,Highlands Coffee,Yes,Yes,No,No,No,0.0,0.0,0.0,,41140,Churn,1.0,0.0,0.0,1.0
806548,2019,Hải Phòng,Highlands Coffee,Yes,Yes,No,No,No,0.0,0.0,0.0,,41151,Churn,1.0,0.0,0.0,1.0
806625,2019,Hải Phòng,Highlands Coffee,Yes,Yes,No,No,No,0.0,0.0,0.0,,41153,Churn,1.0,0.0,0.0,1.0
806641,2019,Hà Nội,Highlands Coffee,Yes,Yes,No,No,No,0.0,0.0,0.0,,41163,Churn,1.0,0.0,0.0,1.0
806643,2019,Hồ Chí Minh,Trung Nguyên,Yes,Yes,Yes,No,No,3.0,50.0,150.0,Seg.02 - Mass Asp (VND 25K - VND 59K),41173,At-risk,2.0,1.0,2.0,2.0
806670,2019,Hải Phòng,The Coffee House,Yes,Yes,No,No,No,0.0,0.0,0.0,,41177,Churn,1.0,0.0,0.0,1.0
806713,2019,Hồ Chí Minh,Highlands Coffee,Yes,Yes,No,No,No,0.0,0.0,0.0,,41196,Churn,1.0,0.0,0.0,1.0
806713,2019,Hồ Chí Minh,Trung Nguyên,Yes,Yes,Yes,Yes,No,12.0,35.0,420.0,Seg.02 - Mass Asp (VND 25K - VND 59K),41197,Gold,3.0,4.0,1.0,5.0
806785,2019,Nha Trang,Highlands Coffee,Yes,Yes,No,No,No,0.0,0.0,0.0,,41207,Churn,1.0,0.0,0.0,1.0
806793,2019,Hồ Chí Minh,Highlands Coffee,Yes,Yes,No,No,No,0.0,0.0,0.0,,41220,Churn,1.0,0.0,0.0,1.0
806868,2019,Hà Nội,Highlands Coffee,Yes,Yes,Yes,Yes,No,4.0,40.0,160.0,Seg.02 - Mass Asp (VND 25K - VND 59K),41234,Bronze,3.0,2.0,2.0,3.0
806868,2019,Hà Nội,The Coffee House,Yes,Yes,No,No,No,0.0,0.0,0.0,,41238,Churn,1.0,0.0,0.0,1.0
806868,2019,Hà Nội,Cộng Cà Phê,Yes,Yes,Yes,No,No,1.0,40.0,40.0,Seg.02 - Mass Asp (VND 25K - VND 59K),41240,At-risk,2.0,1.0,2.0,2.0
806903,2019,Đà Nẵng,Highlands Coffee,Yes,Yes,Yes,No,No,2.0,50.0,100.0,Seg.02 - Mass Asp (VND 25K - VND 59K),41253,At-risk,2.0,1.0,2.0,2.0
806981,2019,Hải Phòng,Highlands Coffee,Yes,Yes,Yes,No,No,3.0,40.0,120.0,Seg.02 - Mass Asp (VND 25K - VND 59K),41268,At-risk,2.0,1.0,2.0,2.0
807277,2019,Nha Trang,Trung Nguyên,Yes,Yes,No,No,No,0.0,0.0,0.0,,41285,Churn,1.0,0.0,0.0,1.0
807302,2019,Nha Trang,Highlands Coffee,Yes,Yes,Yes,No,No,1.0,29.0,29.0,Seg.02 - Mass Asp (VND 25K - VND 59K),41287,At-risk,2.0,1.0,1.0,2.0
807302,2019,Nha Trang,Trung Nguyên,Yes,Yes,No,No,No,0.0,0.0,0.0,,41288,Churn,1.0,0.0,0.0,1.0
807378,2019,Hà Nội,Cộng Cà Phê,Yes,Yes,Yes,No,No,3.0,55.0,165.0,Seg.02 - Mass Asp (VND 25K - VND 59K),41312,At-risk,2.0,1.0,2.0,2.0
807378,2019,Hà Nội,Highlands Coffee,Yes,Yes,No,No,No,0.0,0.0,0.0,,41313,Churn,1.0,0.0,0.0,1.0
807378,2019,Hà Nội,The Coffee House,Yes,Yes,No,No,No,0.0,0.0,0.0,,41316,Churn,1.0,0.0,0.0,1.0
807383,2019,Nha Trang,Highlands Coffee,Yes,Yes,No,No,No,0.0,0.0,0.0,,41319,Churn,1.0,0.0,0.0,1.0
807477,2019,Hà Nội,Highlands Coffee,Yes,Yes,Yes,No,No,2.0,65.0,130.0,Seg.03 - Premium (VND 60K - VND 99K),41329,Silver,2.0,1.0,3.0,4.0
807508,2019,Nha Trang,Trung Nguyên,Yes,Yes,Yes,Yes,Yes,20.0,30.0,600.0,Seg.02 - Mass Asp (VND 25K - VND 59K),41337,Gold,4.0,4.0,1.0,5.0
807528,2019,Nha Trang,Highlands Coffee,Yes,Yes,No,No,No,0.0,0.0,0.0,,41350,Churn,1.0,0.0,0.0,1.0
807605,2019,Nha Trang,Highlands Coffee,Yes,Yes,Yes,Yes,No,6.0,50.0,300.0,Seg.02 - Mass Asp (VND 25K - VND 59K),41356,Bronze,3.0,3.0,2.0,3.0
807605,2019,Nha Trang,Trung Nguyên,Yes,Yes,No,No,No,0.0,0.0,0.0,,41358,Churn,1.0,0.0,0.0,1.0
807611,2019,Hà Nội,Cộng Cà Phê,Yes,Yes,Yes,Yes,No,5.0,40.0,200.0,Seg.02 - Mass Asp (VND 25K - VND 59K),41368,Bronze,3.0,2.0,2.0,3.0
807611,2019,Hà Nội,Highlands Coffee,Yes,Yes,No,No,No,0.0,0.0,0.0,,41374,Churn,1.0,0.0,0.0,1.0
807655,2019,Đà Nẵng,Trung Nguyên,Yes,Yes,No,No,No,0.0,0.0,0.0,,41392,Churn,1.0,0.0,0.0,1.0
807657,2019,Nha Trang,Highlands Coffee,Yes,Yes,No,No,No,0.0,0.0,0.0,,41399,Churn,1.0,0.0,0.0,1.0
807673,2019,Hồ Chí Minh,Trung Nguyên,Yes,Yes,Yes,Yes,No,8.0,35.0,280.0,Seg.02 - Mass Asp (VND 25K - VND 59K),41414,Gold,3.0,4.0,1.0,5.0
807674,2019,Cần Thơ,Highlands Coffee,Yes,Yes,Yes,Yes,No,6.0,49.0,294.0,Seg.02 - Mass Asp (VND 25K - VND 59K),41420,Bronze,3.0,3.0,2.0,3.0
807693,2019,Hà Nội,The Coffee House,Yes,Yes,Yes,Yes,No,5.0,55.0,275.0,Seg.02 - Mass Asp (VND 25K - VND 59K),41430,Bronze,3.0,2.0,2.0,3.0
807693,2019,Hà Nội,Cộng Cà Phê,Yes,Yes,No,No,No,0.0,0.0,0.0,,41438,Churn,1.0,0.0,0.0,1.0
807693,2019,Hà Nội,Highlands Coffee,Yes,Yes,Yes,No,No,3.0,60.0,180.0,Seg.03 - Premium (VND 60K - VND 99K),41439,Silver,2.0,1.0,3.0,4.0
807723,2019,Hồ Chí Minh,The Coffee House,Yes,Yes,No,No,No,0.0,0.0,0.0,,41441,Churn,1.0,0.0,0.0,1.0
807723,2019,Hồ Chí Minh,Highlands Coffee,Yes,Yes,Yes,Yes,No,4.0,50.0,200.0,Seg.02 - Mass Asp (VND 25K - VND 59K),41443,Bronze,3.0,2.0,2.0,3.0
807731,2019,Hồ Chí Minh,Highlands Coffee,Yes,Yes,Yes,Yes,No,15.0,29.0,435.0,Seg.02 - Mass Asp (VND 25K - VND 59K),41452,Gold,3.0,4.0,1.0,5.0
807765,2019,Hải Phòng,Highlands Coffee,Yes,Yes,Yes,No,No,2.0,100.0,200.0,Seg.04 - Super Premium (VND 100K+),41465,Silver,2.0,1.0,4.0,4.0
807769,2019,Hải Phòng,Highlands Coffee,Yes,Yes,Yes,Yes,No,4.0,59.0,236.0,Seg.02 - Mass Asp (VND 25K - VND 59K),41473,Silver,3.0,2.0,3.0,4.0
807822,2019,Hải Phòng,Highlands Coffee,Yes,Yes,Yes,No,No,2.0,55.0,110.0,Seg.02 - Mass Asp (VND 25K - VND 59K),41492,At-risk,2.0,1.0,2.0,2.0
807832,2019,Nha Trang,Trung Nguyên,Yes,Yes,Yes,No,No,1.0,35.0,35.0,Seg.02 - Mass Asp (VND 25K - VND 59K),41508,At-risk,2.0,1.0,1.0,2.0
807832,2019,Nha Trang,Highlands Coffee,Yes,Yes,Yes,No,No,2.0,35.0,70.0,Seg.02 - Mass Asp (VND 25K - VND 59K),41513,At-risk,2.0,1.0,1.0,2.0
807875,2019,Hồ Chí Minh,The Coffee House,Yes,Yes,No,No,No,0.0,0.0,0.0,,41517,Churn,1.0,0.0,0.0,1.0
807941,2019,Hồ Chí Minh,Phúc Long,Yes,Yes,Yes,Yes,No,5.0,45.0,225.0,Seg.02 - Mass Asp (VND 25K - VND 59K),41544,Bronze,3.0,2.0,2.0,3.0
807941,2019,Hồ Chí Minh,Highlands Coffee,Yes,Yes,Yes,Yes,No,10.0,45.0,450.0,Seg.02 - Mass Asp (VND 25K - VND 59K),41545,Gold,3.0,4.0,2.0,5.0
807987,2019,Nha Trang,Phúc Long,Yes,Yes,No,No,No,0.0,0.0,0.0,,41555,Churn,1.0,0.0,0.0,1.0
808010,2019,Hà Nội,Highlands Coffee,Yes,Yes,No,No,No,0.0,0.0,0.0,,41561,Churn,1.0,0.0,0.0,1.0
808025,2019,Hải Phòng,Highlands Coffee,Yes,Yes,Yes,No,No,2.0,50.0,100.0,Seg.02 - Mass Asp (VND 25K - VND 59K),41568,At-risk,2.0,1.0,2.0,2.0
808033,2019,Hải Phòng,Highlands Coffee,Yes,Yes,Yes,No,No,2.0,50.0,100.0,Seg.02 - Mass Asp (VND 25K - VND 59K),41577,At-risk,2.0,1.0,2.0,2.0
808085,2019,Đà Nẵng,Trung Nguyên,Yes,Yes,Yes,Yes,No,8.0,25.0,200.0,Seg.02 - Mass Asp (VND 25K - VND 59K),41598,Gold,3.0,4.0,1.0,5.0
808085,2019,Đà Nẵng,Highlands Coffee,Yes,Yes,Yes,No,No,2.0,50.0,100.0,Seg.02 - Mass Asp (VND 25K - VND 59K),41605,At-risk,2.0,1.0,2.0,2.0
808104,2019,Hải Phòng,Highlands Coffee,Yes,Yes,No,No,No,0.0,0.0,0.0,,41606,Churn,1.0,0.0,0.0,1.0
808122,2019,Nha Trang,Trung Nguyên,Yes,Yes,No,No,No,0.0,0.0,0.0,,41627,Churn,1.0,0.0,0.0,1.0
808131,2019,Hà Nội,Highlands Coffee,Yes,Yes,Yes,No,No,2.0,30.0,60.0,Seg.02 - Mass Asp (VND 25K - VND 59K),41634,At-risk,2.0,1.0,1.0,2.0
808131,2019,Hà Nội,Cộng Cà Phê,Yes,Yes,No,No,No,0.0,0.0,0.0,,41637,Churn,1.0,0.0,0.0,1.0
808168,2019,Hải Phòng,Highlands Coffee,Yes,Yes,Yes,No,No,2.0,50.0,100.0,Seg.02 - Mass Asp (VND 25K - VND 59K),41641,At-risk,2.0,1.0,2.0,2.0
808202,2019,Nha Trang,Highlands Coffee,Yes,Yes,No,No,No,0.0,0.0,0.0,,41643,Churn,1.0,0.0,0.0,1.0
808216,2019,Hà Nội,Highlands Coffee,Yes,Yes,Yes,No,No,1.0,50.0,50.0,Seg.02 - Mass Asp (VND 25K - VND 59K),41656,At-risk,2.0,1.0,2.0,2.0
808227,2019,Đà Nẵng,Trung Nguyên,Yes,Yes,No,No,No,0.0,0.0,0.0,,41672,Churn,1.0,0.0,0.0,1.0
808242,2019,Hồ Chí Minh,Highlands Coffee,Yes,Yes,No,No,No,0.0,0.0,0.0,,41678,Churn,1.0,0.0,0.0,1.0
808310,2019,Hà Nội,Highlands Coffee,Yes,Yes,No,No,No,0.0,0.0,0.0,,41686,Churn,1.0,0.0,0.0,1.0
808310,2019,Hà Nội,Cộng Cà Phê,Yes,Yes,No,No,No,0.0,0.0,0.0,,41689,Churn,1.0,0.0,0.0,1.0
808310,2019,Hà Nội,The Coffee House,Yes,Yes,No,No,No,0.0,0.0,0.0,,41690,Churn,1.0,0.0,0.0,1.0
808347,2019,Hải Phòng,Highlands Coffee,Yes,Yes,Yes,No,No,2.0,60.0,120.0,Seg.03 - Premium (VND 60K - VND 99K),41694,Silver,2.0,1.0,3.0,4.0
808353,2019,Hải Phòng,Highlands Coffee,Yes,Yes,No,No,No,0.0,0.0,0.0,,41702,Churn,1.0,0.0,0.0,1.0
808370,2019,Hải Phòng,Highlands Coffee,Yes,Yes,Yes,No,No,2.0,50.0,100.0,Seg.02 - Mass Asp (VND 25K - VND 59K),41707,At-risk,2.0,1.0,2.0,2.0
808373,2019,Cần Thơ,Highlands Coffee,Yes,Yes,Yes,Yes,No,4.0,49.0,196.0,Seg.02 - Mass Asp (VND 25K - VND 59K),41723,Bronze,3.0,2.0,2.0,3.0
808486,2019,Đà Nẵng,Trung Nguyên,Yes,Yes,No,No,No,0.0,0.0,0.0,,41760,Churn,1.0,0.0,0.0,1.0
808486,2019,Đà Nẵng,Highlands Coffee,Yes,Yes,Yes,Yes,No,10.0,50.0,500.0,Seg.02 - Mass Asp (VND 25K - VND 59K),41766,Gold,3.0,4.0,2.0,5.0
808486,2019,Đà Nẵng,The Coffee House,Yes,Yes,Yes,No,No,1.0,40.0,40.0,Seg.02 - Mass Asp (VND 25K - VND 59K),41768,At-risk,2.0,1.0,2.0,2.0
808495,2019,Hải Phòng,Highlands Coffee,Yes,Yes,No,No,No,0.0,0.0,0.0,,41778,Churn,1.0,0.0,0.0,1.0
808625,2019,Hồ Chí Minh,Trung Nguyên,Yes,Yes,Yes,Yes,No,10.0,35.0,350.0,Seg.02 - Mass Asp (VND 25K - VND 59K),41821,Gold,3.0,4.0,1.0,5.0
808659,2019,Hà Nội,Cộng Cà Phê,Yes,Yes,No,No,No,0.0,0.0,0.0,,41833,Churn,1.0,0.0,0.0,1.0
808659,2019,Hà Nội,Highlands Coffee,Yes,Yes,Yes,No,No,3.0,45.0,135.0,Seg.02 - Mass Asp (VND 25K - VND 59K),41841,At-risk,2.0,1.0,2.0,2.0
808665,2019,Hà Nội,Highlands Coffee,Yes,Yes,Yes,No,No,1.0,60.0,60.0,Seg.03 - Premium (VND 60K - VND 99K),41850,Silver,2.0,1.0,3.0,4.0
808724,2019,Nha Trang,Highlands Coffee,Yes,Yes,Yes,No,No,2.0,29.0,58.0,Seg.02 - Mass Asp (VND 25K - VND 59K),41867,At-risk,2.0,1.0,1.0,2.0
808768,2019,Hồ Chí Minh,Phúc Long,Yes,Yes,No,No,No,0.0,0.0,0.0,,41886,Churn,1.0,0.0,0.0,1.0
808769,2019,Hà Nội,Cộng Cà Phê,Yes,Yes,No,No,No,0.0,0.0,0.0,,41892,Churn,1.0,0.0,0.0,1.0
808769,2019,Hà Nội,Highlands Coffee,Yes,Yes,No,No,No,0.0,0.0,0.0,,41895,Churn,1.0,0.0,0.0,1.0
808777,2019,Hà Nội,Highlands Coffee,Yes,Yes,No,No,No,0.0,0.0,0.0,,41896,Churn,1.0,0.0,0.0,1.0
808794,2019,Hà Nội,The Coffee House,Yes,Yes,No,No,No,0.0,0.0,0.0,,41907,Churn,1.0,0.0,0.0,1.0
808794,2019,Hà Nội,Cộng Cà Phê,Yes,Yes,Yes,No,No,3.0,45.0,135.0,Seg.02 - Mass Asp (VND 25K - VND 59K),41909,At-risk,2.0,1.0,2.0,2.0
808795,2019,Hà Nội,Highlands Coffee,Yes,Yes,Yes,No,No,3.0,45.0,135.0,Seg.02 - Mass Asp (VND 25K - VND 59K),41915,At-risk,2.0,1.0,2.0,2.0
808795,2019,Hà Nội,Cộng Cà Phê,Yes,Yes,No,No,No,0.0,0.0,0.0,,41923,Churn,1.0,0.0,0.0,1.0
808835,2019,Hồ Chí Minh,Phúc Long,Yes,Yes,Yes,Yes,No,8.0,40.0,320.0,Seg.02 - Mass Asp (VND 25K - VND 59K),41939,Gold,3.0,4.0,2.0,5.0
808962,2019,Hồ Chí Minh,Phúc Long,Yes,Yes,No,No,No,0.0,0.0,0.0,,41956,Churn,1.0,0.0,0.0,1.0
808966,2019,Hồ Chí Minh,The Coffee House,Yes,Yes,Yes,No,No,2.0,50.0,100.0,Seg.02 - Mass Asp (VND 25K - VND 59K),41973,At-risk,2.0,1.0,2.0,2.0
809045,2019,Cần Thơ,Highlands Coffee,Yes,Yes,No,No,No,0.0,0.0,0.0,,42010,Churn,1.0,0.0,0.0,1.0
809168,2019,Hà Nội,Highlands Coffee,Yes,Yes,No,No,No,0.0,0.0,0.0,,42029,Churn,1.0,0.0,0.0,1.0
809168,2019,Hà Nội,Cộng Cà Phê,Yes,Yes,No,No,No,0.0,0.0,0.0,,42030,Churn,1.0,0.0,0.0,1.0
809168,2019,Hà Nội,The Coffee House,Yes,Yes,No,No,No,0.0,0.0,0.0,,42031,Churn,1.0,0.0,0.0,1.0
809169,2019,Hà Nội,The Coffee House,Yes,Yes,No,No,No,0.0,0.0,0.0,,42036,Churn,1.0,0.0,0.0,1.0
809169,2019,Hà Nội,Highlands Coffee,Yes,Yes,No,No,No,0.0,0.0,0.0,,42040,Churn,1.0,0.0,0.0,1.0
809169,2019,Hà Nội,Cộng Cà Phê,Yes,Yes,No,No,No,0.0,0.0,0.0,,42041,Churn,1.0,0.0,0.0,1.0
809356,2019,Nha Trang,Trung Nguyên,Yes,Yes,No,No,No,0.0,0.0,0.0,,42056,Churn,1.0,0.0,0.0,1.0
809365,2019,Đà Nẵng,The Coffee House,Yes,Yes,Yes,No,No,3.0,40.0,120.0,Seg.02 - Mass Asp (VND 25K - VND 59K),42067,At-risk,2.0,1.0,2.0,2.0
809365,2019,Đà Nẵng,Highlands Coffee,Yes,Yes,Yes,Yes,No,7.0,40.0,280.0,Seg.02 - Mass Asp (VND 25K - VND 59K),42071,Bronze,3.0,3.0,2.0,3.0
809389,2019,Nha Trang,Highlands Coffee,Yes,Yes,Yes,No,No,1.0,40.0,40.0,Seg.02 - Mass Asp (VND 25K - VND 59K),42079,At-risk,2.0,1.0,2.0,2.0
809409,2019,Hà Nội,Starbucks,Yes,Yes,Yes,Yes,No,6.0,60.0,360.0,Seg.03 - Premium (VND 60K - VND 99K),42094,Gold,3.0,3.0,3.0,5.0
809409,2019,Hà Nội,Highlands Coffee,Yes,Yes,Yes,No,No,2.0,60.0,120.0,Seg.03 - Premium (VND 60K - VND 99K),42099,Silver,2.0,1.0,3.0,4.0
809409,2019,Hà Nội,The Coffee House,Yes,Yes,No,No,No,0.0,0.0,0.0,,42100,Churn,1.0,0.0,0.0,1.0
809481,2019,Nha Trang,Highlands Coffee,Yes,Yes,No,No,No,0.0,0.0,0.0,,42139,Churn,1.0,0.0,0.0,1.0
809483,2019,Nha Trang,Trung Nguyên,Yes,Yes,Yes,Yes,Yes,20.0,22.0,440.0,Seg.01 - Mass (<VND 25K),42145,Gold,4.0,4.0,1.0,5.0
809600,2019,Nha Trang,Trung Nguyên,Yes,Yes,No,No,No,0.0,0.0,0.0,,42164,Churn,1.0,0.0,0.0,1.0
809611,2019,Hà Nội,Highlands Coffee,Yes,Yes,No,No,No,0.0,0.0,0.0,,42173,Churn,1.0,0.0,0.0,1.0
809642,2019,Hải Phòng,Cộng Cà Phê,Yes,Yes,No,No,No,0.0,0.0,0.0,,42192,Churn,1.0,0.0,0.0,1.0
809723,2019,Hải Phòng,The Coffee House,Yes,Yes,No,No,No,0.0,0.0,0.0,,42197,Churn,1.0,0.0,0.0,1.0
809723,2019,Hải Phòng,Highlands Coffee,Yes,Yes,Yes,No,No,2.0,50.0,100.0,Seg.02 - Mass Asp (VND 25K - VND 59K),42200,At-risk,2.0,1.0,2.0,2.0
809755,2019,Hà Nội,Cộng Cà Phê,Yes,Yes,No,No,No,0.0,0.0,0.0,,42217,Churn,1.0,0.0,0.0,1.0
809755,2019,Hà Nội,Highlands Coffee,Yes,Yes,No,No,No,0.0,0.0,0.0,,42218,Churn,1.0,0.0,0.0,1.0
809755,2019,Hà Nội,Phúc Long,Yes,Yes,No,No,No,0.0,0.0,0.0,,42224,Churn,1.0,0.0,0.0,1.0
809819,2019,Hà Nội,Cộng Cà Phê,Yes,Yes,Yes,Yes,No,7.0,60.0,420.0,Seg.03 - Premium (VND 60K - VND 99K),42232,Gold,3.0,3.0,3.0,5.0
809819,2019,Hà Nội,Starbucks,Yes,Yes,No,No,No,0.0,0.0,0.0,,42233,Churn,1.0,0.0,0.0,1.0
809884,2019,Hà Nội,Trung Nguyên,Yes,Yes,Yes,No,No,3.0,70.0,210.0,Seg.03 - Premium (VND 60K - VND 99K),42259,Silver,2.0,1.0,3.0,4.0
809884,2019,Hà Nội,Highlands Coffee,Yes,Yes,No,No,No,0.0,0.0,0.0,,42260,Churn,1.0,0.0,0.0,1.0
809884,2019,Hà Nội,Cộng Cà Phê,Yes,Yes,Yes,No,No,2.0,40.0,80.0,Seg.02 - Mass Asp (VND 25K - VND 59K),42262,At-risk,2.0,1.0,2.0,2.0
809912,2019,Hà Nội,The Coffee House,Yes,Yes,No,No,No,0.0,0.0,0.0,,42271,Churn,1.0,0.0,0.0,1.0
809912,2019,Hà Nội,Highlands Coffee,Yes,Yes,No,No,No,0.0,0.0,0.0,,42275,Churn,1.0,0.0,0.0,1.0
809928,2019,Hà Nội,The Coffee House,Yes,Yes,No,No,No,0.0,0.0,0.0,,42280,Churn,1.0,0.0,0.0,1.0
809928,2019,Hà Nội,Cộng Cà Phê,Yes,Yes,Yes,Yes,No,5.0,30.0,150.0,Seg.02 - Mass Asp (VND 25K - VND 59K),42281,Bronze,3.0,2.0,1.0,3.0
809930,2019,Đà Nẵng,Highlands Coffee,Yes,Yes,No,No,No,0.0,0.0,0.0,,42289,Churn,1.0,0.0,0.0,1.0
809946,2019,Hà Nội,Cộng Cà Phê,Yes,Yes,Yes,No,No,2.0,50.0,100.0,Seg.02 - Mass Asp (VND 25K - VND 59K),42296,At-risk,2.0,1.0,2.0,2.0
809946,2019,Hà Nội,Phúc Long,Yes,Yes,No,No,No,0.0,0.0,0.0,,42297,Churn,1.0,0.0,0.0,1.0
809946,2019,Hà Nội,Highlands Coffee,Yes,Yes,Yes,Yes,No,6.0,60.0,360.0,Seg.03 - Premium (VND 60K - VND 99K),42298,Gold,3.0,3.0,3.0,5.0
809946,2019,Hà Nội,The Coffee House,Yes,Yes,No,No,No,0.0,0.0,0.0,,42301,Churn,1.0,0.0,0.0,1.0
809953,2019,Hà Nội,Phúc Long,Yes,Yes,Yes,No,No,2.0,50.0,100.0,Seg.02 - Mass Asp (VND 25K - VND 59K),42323,At-risk,2.0,1.0,2.0,2.0
809953,2019,Hà Nội,Highlands Coffee,Yes,Yes,No,No,No,0.0,0.0,0.0,,42324,Churn,1.0,0.0,0.0,1.0
809953,2019,Hà Nội,Cộng Cà Phê,Yes,Yes,Yes,Yes,No,6.0,50.0,300.0,Seg.02 - Mass Asp (VND 25K - VND 59K),42330,Bronze,3.0,3.0,2.0,3.0
809956,2019,Hà Nội,Highlands Coffee,Yes,Yes,No,No,No,0.0,0.0,0.0,,42333,Churn,1.0,0.0,0.0,1.0
809957,2019,Hà Nội,Highlands Coffee,Yes,Yes,No,No,No,0.0,0.0,0.0,,42339,Churn,1.0,0.0,0.0,1.0
809963,2019,Hà Nội,Cộng Cà Phê,Yes,Yes,Yes,No,No,1.0,50.0,50.0,Seg.02 - Mass Asp (VND 25K - VND 59K),42347,At-risk,2.0,1.0,2.0,2.0
809963,2019,Hà Nội,The Coffee House,Yes,Yes,Yes,No,No,2.0,40.0,80.0,Seg.02 - Mass Asp (VND 25K - VND 59K),42348,At-risk,2.0,1.0,2.0,2.0
809963,2019,Hà Nội,Highlands Coffee,Yes,Yes,Yes,Yes,No,6.0,50.0,300.0,Seg.02 - Mass Asp (VND 25K - VND 59K),42350,Bronze,3.0,3.0,2.0,3.0
810013,2019,Đà Nẵng,Trung Nguyên,Yes,Yes,No,No,No,0.0,0.0,0.0,,42363,Churn,1.0,0.0,0.0,1.0
810088,2019,Hà Nội,Highlands Coffee,Yes,Yes,No,No,No,0.0,0.0,0.0,,42390,Churn,1.0,0.0,0.0,1.0
810088,2019,Hà Nội,Starbucks,Yes,Yes,Yes,Yes,No,4.0,50.0,200.0,Seg.02 - Mass Asp (VND 25K - VND 59K),42391,Bronze,3.0,2.0,2.0,3.0
810088,2019,Hà Nội,Phúc Long,Yes,Yes,No,No,No,0.0,0.0,0.0,,42395,Churn,1.0,0.0,0.0,1.0
810088,2019,Hà Nội,The Coffee House,Yes,Yes,No,No,No,0.0,0.0,0.0,,42396,Churn,1.0,0.0,0.0,1.0
810097,2019,Hồ Chí Minh,The Coffee House,Yes,Yes,No,No,No,0.0,0.0,0.0,,42405,Churn,1.0,0.0,0.0,1.0
810107,2019,Hà Nội,Highlands Coffee,Yes,Yes,Yes,Yes,No,6.0,50.0,300.0,Seg.02 - Mass Asp (VND 25K - VND 59K),42414,Bronze,3.0,3.0,2.0,3.0
810107,2019,Hà Nội,Phúc Long,Yes,Yes,Yes,No,No,1.0,50.0,50.0,Seg.02 - Mass Asp (VND 25K - VND 59K),42415,At-risk,2.0,1.0,2.0,2.0
810107,2019,Hà Nội,Cộng Cà Phê,Yes,Yes,No,No,No,0.0,0.0,0.0,,42417,Churn,1.0,0.0,0.0,1.0
810107,2019,Hà Nội,The Coffee House,Yes,Yes,No,No,No,0.0,0.0,0.0,,42418,Churn,1.0,0.0,0.0,1.0
810143,2019,Đà Nẵng,Highlands Coffee,Yes,Yes,Yes,Yes,No,4.0,50.0,200.0,Seg.02 - Mass Asp (VND 25K - VND 59K),42437,Bronze,3.0,2.0,2.0,3.0
810241,2019,Hà Nội,Highlands Coffee,Yes,Yes,No,No,No,0.0,0.0,0.0,,42494,Churn,1.0,0.0,0.0,1.0
810265,2019,Đà Nẵng,Highlands Coffee,Yes,Yes,No,No,No,0.0,0.0,0.0,,42504,Churn,1.0,0.0,0.0,1.0
810265,2019,Đà Nẵng,The Coffee House,Yes,Yes,Yes,Yes,No,6.0,50.0,300.0,Seg.02 - Mass Asp (VND 25K - VND 59K),42508,Bronze,3.0,3.0,2.0,3.0
810295,2019,Hà Nội,Highlands Coffee,Yes,Yes,No,No,No,0.0,0.0,0.0,,42512,Churn,1.0,0.0,0.0,1.0
810301,2019,Hà Nội,Highlands Coffee,Yes,Yes,Yes,No,No,2.0,50.0,100.0,Seg.02 - Mass Asp (VND 25K - VND 59K),42536,At-risk,2.0,1.0,2.0,2.0
810313,2019,Hà Nội,Highlands Coffee,Yes,Yes,No,No,No,0.0,0.0,0.0,,42537,Churn,1.0,0.0,0.0,1.0
810313,2019,Hà Nội,Cộng Cà Phê,Yes,Yes,No,No,No,0.0,0.0,0.0,,42538,Churn,1.0,0.0,0.0,1.0
810313,2019,Hà Nội,The Coffee House,Yes,Yes,Yes,No,No,1.0,40.0,40.0,Seg.02 - Mass Asp (VND 25K - VND 59K),42540,At-risk,2.0,1.0,2.0,2.0
810375,2019,Hải Phòng,Trung Nguyên,Yes,Yes,Yes,No,No,1.0,30.0,30.0,Seg.02 - Mass Asp (VND 25K - VND 59K),42546,At-risk,2.0,1.0,1.0,2.0
810403,2019,Hà Nội,Phúc Long,Yes,Yes,No,No,No,0.0,0.0,0.0,,42558,Churn,1.0,0.0,0.0,1.0
810403,2019,Hà Nội,Cộng Cà Phê,Yes,Yes,No,No,No,0.0,0.0,0.0,,42561,Churn,1.0,0.0,0.0,1.0
810403,2019,Hà Nội,Highlands Coffee,Yes,Yes,Yes,No,No,2.0,55.0,110.0,Seg.02 - Mass Asp (VND 25K - VND 59K),42564,At-risk,2.0,1.0,2.0,2.0
810445,2019,Hà Nội,Highlands Coffee,Yes,Yes,No,No,No,0.0,0.0,0.0,,42575,Churn,1.0,0.0,0.0,1.0
810452,2019,Hà Nội,Cộng Cà Phê,Yes,Yes,Yes,No,No,3.0,60.0,180.0,Seg.03 - Premium (VND 60K - VND 99K),42590,Silver,2.0,1.0,3.0,4.0
810452,2019,Hà Nội,Highlands Coffee,Yes,Yes,Yes,Yes,No,7.0,60.0,420.0,Seg.03 - Premium (VND 60K - VND 99K),42594,Gold,3.0,3.0,3.0,5.0
810552,2019,Hải Phòng,Highlands Coffee,Yes,Yes,Yes,No,No,2.0,50.0,100.0,Seg.02 - Mass Asp (VND 25K - VND 59K),42595,At-risk,2.0,1.0,2.0,2.0
810552,2019,Hải Phòng,Cộng Cà Phê,Yes,Yes,Yes,No,No,2.0,50.0,100.0,Seg.02 - Mass Asp (VND 25K - VND 59K),42598,At-risk,2.0,1.0,2.0,2.0
810587,2019,Hà Nội,Highlands Coffee,Yes,Yes,Yes,Yes,No,6.0,50.0,300.0,Seg.02 - Mass Asp (VND 25K - VND 59K),42604,Bronze,3.0,3.0,2.0,3.0
810587,2019,Hà Nội,The Coffee House,Yes,Yes,No,No,No,0.0,0.0,0.0,,42607,Churn,1.0,0.0,0.0,1.0
810587,2019,Hà Nội,Cộng Cà Phê,Yes,Yes,Yes,Yes,No,4.0,50.0,200.0,Seg.02 - Mass Asp (VND 25K - VND 59K),42610,Bronze,3.0,2.0,2.0,3.0
810596,2019,Đà Nẵng,Highlands Coffee,Yes,Yes,Yes,No,No,2.0,50.0,100.0,Seg.02 - Mass Asp (VND 25K - VND 59K),42614,At-risk,2.0,1.0,2.0,2.0
810614,2019,Hà Nội,Phúc Long,Yes,Yes,Yes,No,No,2.0,70.0,140.0,Seg.03 - Premium (VND 60K - VND 99K),42617,Silver,2.0,1.0,3.0,4.0
810614,2019,Hà Nội,Highlands Coffee,Yes,Yes,No,No,No,0.0,0.0,0.0,,42618,Churn,1.0,0.0,0.0,1.0
810614,2019,Hà Nội,Starbucks,Yes,Yes,No,No,No,0.0,0.0,0.0,,42620,Churn,1.0,0.0,0.0,1.0
810614,2019,Hà Nội,Cộng Cà Phê,Yes,Yes,Yes,Yes,No,5.0,45.0,225.0,Seg.02 - Mass Asp (VND 25K - VND 59K),42621,Bronze,3.0,2.0,2.0,3.0
810614,2019,Hà Nội,The Coffee House,Yes,Yes,Yes,Yes,No,7.0,60.0,420.0,Seg.03 - Premium (VND 60K - VND 99K),42625,Gold,3.0,3.0,3.0,5.0
810683,2019,Hải Phòng,Highlands Coffee,Yes,Yes,Yes,Yes,No,4.0,60.0,240.0,Seg.03 - Premium (VND 60K - VND 99K),42640,Silver,3.0,2.0,3.0,4.0
810683,2019,Hải Phòng,The Coffee House,Yes,Yes,Yes,No,No,2.0,60.0,120.0,Seg.03 - Premium (VND 60K - VND 99K),42642,Silver,2.0,1.0,3.0,4.0
810728,2019,Hồ Chí Minh,Highlands Coffee,Yes,Yes,No,No,No,0.0,0.0,0.0,,42671,Churn,1.0,0.0,0.0,1.0
810728,2019,Hồ Chí Minh,The Coffee House,Yes,Yes,Yes,Yes,No,4.0,50.0,200.0,Seg.02 - Mass Asp (VND 25K - VND 59K),42672,Bronze,3.0,2.0,2.0,3.0
810732,2019,Hà Nội,The Coffee House,Yes,Yes,Yes,No,No,2.0,50.0,100.0,Seg.02 - Mass Asp (VND 25K - VND 59K),42685,At-risk,2.0,1.0,2.0,2.0
810732,2019,Hà Nội,Cộng Cà Phê,Yes,Yes,No,No,No,0.0,0.0,0.0,,42687,Churn,1.0,0.0,0.0,1.0
810732,2019,Hà Nội,Highlands Coffee,Yes,Yes,Yes,Yes,No,6.0,60.0,360.0,Seg.03 - Premium (VND 60K - VND 99K),42689,Gold,3.0,3.0,3.0,5.0
810738,2019,Hà Nội,Cộng Cà Phê,Yes,Yes,Yes,Yes,No,5.0,60.0,300.0,Seg.03 - Premium (VND 60K - VND 99K),42693,Silver,3.0,2.0,3.0,4.0
810738,2019,Hà Nội,The Coffee House,Yes,Yes,Yes,No,No,3.0,50.0,150.0,Seg.02 - Mass Asp (VND 25K - VND 59K),42694,At-risk,2.0,1.0,2.0,2.0
810738,2019,Hà Nội,Phúc Long,Yes,Yes,Yes,No,No,2.0,60.0,120.0,Seg.03 - Premium (VND 60K - VND 99K),42696,Silver,2.0,1.0,3.0,4.0
810743,2019,Hà Nội,Highlands Coffee,Yes,Yes,No,No,No,0.0,0.0,0.0,,42703,Churn,1.0,0.0,0.0,1.0
810780,2019,Đà Nẵng,Trung Nguyên,Yes,Yes,No,No,No,0.0,0.0,0.0,,42710,Churn,1.0,0.0,0.0,1.0
810784,2019,Hà Nội,Cộng Cà Phê,Yes,Yes,Yes,No,No,2.0,35.0,70.0,Seg.02 - Mass Asp (VND 25K - VND 59K),42712,At-risk,2.0,1.0,1.0,2.0
810784,2019,Hà Nội,The Coffee House,Yes,Yes,Yes,No,No,3.0,40.0,120.0,Seg.02 - Mass Asp (VND 25K - VND 59K),42719,At-risk,2.0,1.0,2.0,2.0
810790,2019,Hà Nội,The Coffee House,Yes,Yes,No,No,No,0.0,0.0,0.0,,42733,Churn,1.0,0.0,0.0,1.0
810823,2019,Hồ Chí Minh,Phúc Long,Yes,Yes,Yes,Yes,No,6.0,40.0,240.0,Seg.02 - Mass Asp (VND 25K - VND 59K),42736,Bronze,3.0,3.0,2.0,3.0
810823,2019,Hồ Chí Minh,Highlands Coffee,Yes,Yes,No,No,No,0.0,0.0,0.0,,42740,Churn,1.0,0.0,0.0,1.0
810853,2019,Hà Nội,Cộng Cà Phê,Yes,Yes,No,No,No,0.0,0.0,0.0,,42753,Churn,1.0,0.0,0.0,1.0
810853,2019,Hà Nội,Highlands Coffee,Yes,Yes,Yes,No,No,3.0,70.0,210.0,Seg.03 - Premium (VND 60K - VND 99K),42756,Silver,2.0,1.0,3.0,4.0
810883,2019,Hải Phòng,Highlands Coffee,Yes,Yes,Yes,Yes,No,5.0,49.0,245.0,Seg.02 - Mass Asp (VND 25K - VND 59K),42766,Bronze,3.0,2.0,2.0,3.0
810893,2019,Hồ Chí Minh,Starbucks,Yes,Yes,No,No,No,0.0,0.0,0.0,,42770,Churn,1.0,0.0,0.0,1.0
810893,2019,Hồ Chí Minh,The Coffee House,Yes,Yes,Yes,No,No,2.0,49.0,98.0,Seg.02 - Mass Asp (VND 25K - VND 59K),42772,At-risk,2.0,1.0,2.0,2.0
810893,2019,Hồ Chí Minh,Highlands Coffee,Yes,Yes,Yes,No,No,2.0,49.0,98.0,Seg.02 - Mass Asp (VND 25K - VND 59K),42776,At-risk,2.0,1.0,2.0,2.0
811209,2019,Nha Trang,Highlands Coffee,Yes,Yes,Yes,No,No,2.0,40.0,80.0,Seg.02 - Mass Asp (VND 25K - VND 59K),42789,At-risk,2.0,1.0,2.0,2.0
811278,2019,Hà Nội,Cộng Cà Phê,Yes,Yes,No,No,No,0.0,0.0,0.0,,42804,Churn,1.0,0.0,0.0,1.0
811278,2019,Hà Nội,Phúc Long,Yes,Yes,No,No,No,0.0,0.0,0.0,,42805,Churn,1.0,0.0,0.0,1.0
811278,2019,Hà Nội,Highlands Coffee,Yes,Yes,Yes,Yes,No,10.0,65.0,650.0,Seg.03 - Premium (VND 60K - VND 99K),42811,Gold,3.0,4.0,3.0,5.0
811278,2019,Hà Nội,The Coffee House,Yes,Yes,No,No,No,0.0,0.0,0.0,,42812,Churn,1.0,0.0,0.0,1.0
811318,2019,Hà Nội,Highlands Coffee,Yes,Yes,No,No,No,0.0,0.0,0.0,,42835,Churn,1.0,0.0,0.0,1.0
811318,2019,Hà Nội,The Coffee House,Yes,Yes,No,No,No,0.0,0.0,0.0,,42837,Churn,1.0,0.0,0.0,1.0
811318,2019,Hà Nội,Cộng Cà Phê,Yes,Yes,Yes,Yes,No,5.0,40.0,200.0,Seg.02 - Mass Asp (VND 25K - VND 59K),42839,Bronze,3.0,2.0,2.0,3.0
811380,2019,Hà Nội,Highlands Coffee,Yes,Yes,No,No,No,0.0,0.0,0.0,,42849,Churn,1.0,0.0,0.0,1.0
811382,2019,Nha Trang,Trung Nguyên,Yes,Yes,Yes,Yes,No,4.0,20.0,80.0,Seg.01 - Mass (<VND 25K),42859,Bronze,3.0,2.0,1.0,3.0
811416,2019,Nha Trang,Highlands Coffee,Yes,Yes,Yes,Yes,Yes,20.0,25.0,500.0,Seg.02 - Mass Asp (VND 25K - VND 59K),42869,Gold,4.0,4.0,1.0,5.0
811420,2019,Hà Nội,Highlands Coffee,Yes,Yes,Yes,Yes,No,4.0,60.0,240.0,Seg.03 - Premium (VND 60K - VND 99K),42872,Silver,3.0,2.0,3.0,4.0
811420,2019,Hà Nội,Cộng Cà Phê,Yes,Yes,Yes,No,No,3.0,60.0,180.0,Seg.03 - Premium (VND 60K - VND 99K),42873,Silver,2.0,1.0,3.0,4.0
811420,2019,Hà Nội,The Coffee House,Yes,Yes,No,No,No,0.0,0.0,0.0,,42874,Churn,1.0,0.0,0.0,1.0
811511,2019,Hà Nội,Highlands Coffee,Yes,Yes,No,No,No,0.0,0.0,0.0,,42906,Churn,1.0,0.0,0.0,1.0
811522,2019,Nha Trang,Highlands Coffee,Yes,Yes,Yes,Yes,No,15.0,35.0,525.0,Seg.02 - Mass Asp (VND 25K - VND 59K),42909,Gold,3.0,4.0,1.0,5.0
811577,2019,Hà Nội,Highlands Coffee,Yes,Yes,Yes,Yes,No,7.0,65.0,455.0,Seg.03 - Premium (VND 60K - VND 99K),42926,Gold,3.0,3.0,3.0,5.0
811577,2019,Hà Nội,Cộng Cà Phê,Yes,Yes,No,No,No,0.0,0.0,0.0,,42927,Churn,1.0,0.0,0.0,1.0
811577,2019,Hà Nội,The Coffee House,Yes,Yes,No,No,No,0.0,0.0,0.0,,42928,Churn,1.0,0.0,0.0,1.0
811583,2019,Hà Nội,Highlands Coffee,Yes,Yes,No,No,No,0.0,0.0,0.0,,42932,Churn,1.0,0.0,0.0,1.0
811583,2019,Hà Nội,Cộng Cà Phê,Yes,Yes,No,No,No,0.0,0.0,0.0,,42937,Churn,1.0,0.0,0.0,1.0
811583,2019,Hà Nội,The Coffee House,Yes,Yes,No,No,No,0.0,0.0,0.0,,42938,Churn,1.0,0.0,0.0,1.0
811683,2019,Hà Nội,The Coffee House,Yes,Yes,No,No,No,0.0,0.0,0.0,,42954,Churn,1.0,0.0,0.0,1.0
811712,2019,Hà Nội,Cộng Cà Phê,Yes,Yes,Yes,Yes,No,4.0,40.0,160.0,Seg.02 - Mass Asp (VND 25K - VND 59K),42964,Bronze,3.0,2.0,2.0,3.0
811712,2019,Hà Nội,Starbucks,Yes,Yes,No,No,No,0.0,0.0,0.0,,42970,Churn,1.0,0.0,0.0,1.0
811815,2019,Nha Trang,Trung Nguyên,Yes,Yes,No,No,No,0.0,0.0,0.0,,43027,Churn,1.0,0.0,0.0,1.0
811815,2019,Nha Trang,Highlands Coffee,Yes,Yes,No,No,No,0.0,0.0,0.0,,43028,Churn,1.0,0.0,0.0,1.0
811880,2019,Hà Nội,Cộng Cà Phê,Yes,Yes,No,No,No,0.0,0.0,0.0,,43048,Churn,1.0,0.0,0.0,1.0
811906,2019,Nha Trang,Trung Nguyên,Yes,Yes,No,No,No,0.0,0.0,0.0,,43071,Churn,1.0,0.0,0.0,1.0
811925,2019,Nha Trang,Trung Nguyên,Yes,Yes,No,No,No,0.0,0.0,0.0,,43073,Churn,1.0,0.0,0.0,1.0
812038,2019,Hà Nội,Cộng Cà Phê,Yes,Yes,No,No,No,0.0,0.0,0.0,,43089,Churn,1.0,0.0,0.0,1.0
812038,2019,Hà Nội,Highlands Coffee,Yes,Yes,Yes,Yes,No,5.0,60.0,300.0,Seg.03 - Premium (VND 60K - VND 99K),43092,Silver,3.0,2.0,3.0,4.0
812057,2019,Hà Nội,Cộng Cà Phê,Yes,Yes,No,No,No,0.0,0.0,0.0,,43117,Churn,1.0,0.0,0.0,1.0
812183,2019,Hồ Chí Minh,Highlands Coffee,Yes,Yes,Yes,Yes,No,4.0,45.0,180.0,Seg.02 - Mass Asp (VND 25K - VND 59K),43179,Bronze,3.0,2.0,2.0,3.0
812189,2019,Hà Nội,Highlands Coffee,Yes,Yes,Yes,No,No,2.0,55.0,110.0,Seg.02 - Mass Asp (VND 25K - VND 59K),43185,At-risk,2.0,1.0,2.0,2.0
812228,2019,Đà Nẵng,Highlands Coffee,Yes,Yes,No,No,No,0.0,0.0,0.0,,43193,Churn,1.0,0.0,0.0,1.0
812235,2019,Đà Nẵng,Highlands Coffee,Yes,Yes,No,No,No,0.0,0.0,0.0,,43198,Churn,1.0,0.0,0.0,1.0
812286,2019,Hà Nội,Highlands Coffee,Yes,Yes,Yes,No,No,1.0,40.0,40.0,Seg.02 - Mass Asp (VND 25K - VND 59K),43221,At-risk,2.0,1.0,2.0,2.0
812367,2019,Đà Nẵng,Phúc Long,Yes,Yes,No,No,No,0.0,0.0,0.0,,43267,Churn,1.0,0.0,0.0,1.0
812367,2019,Đà Nẵng,Cộng Cà Phê,Yes,Yes,Yes,Yes,No,4.0,30.0,120.0,Seg.02 - Mass Asp (VND 25K - VND 59K),43268,Bronze,3.0,2.0,1.0,3.0
812367,2019,Đà Nẵng,The Coffee House,Yes,Yes,No,No,No,0.0,0.0,0.0,,43269,Churn,1.0,0.0,0.0,1.0
812388,2019,Hồ Chí Minh,Phúc Long,Yes,Yes,No,No,No,0.0,0.0,0.0,,43284,Churn,1.0,0.0,0.0,1.0
812388,2019,Hồ Chí Minh,Highlands Coffee,Yes,Yes,Yes,Yes,No,10.0,40.0,400.0,Seg.02 - Mass Asp (VND 25K - VND 59K),43286,Gold,3.0,4.0,2.0,5.0
812412,2019,Đà Nẵng,Highlands Coffee,Yes,Yes,Yes,Yes,No,5.0,40.0,200.0,Seg.02 - Mass Asp (VND 25K - VND 59K),43304,Bronze,3.0,2.0,2.0,3.0
812421,2019,Nha Trang,Trung Nguyên,Yes,Yes,No,No,No,0.0,0.0,0.0,,43308,Churn,1.0,0.0,0.0,1.0
812546,2019,Hồ Chí Minh,Trung Nguyên,Yes,Yes,No,No,No,0.0,0.0,0.0,,43341,Churn,1.0,0.0,0.0,1.0
812635,2019,Hà Nội,Highlands Coffee,Yes,Yes,No,No,No,0.0,0.0,0.0,,43346,Churn,1.0,0.0,0.0,1.0
812635,2019,Hà Nội,The Coffee House,Yes,Yes,Yes,Yes,No,4.0,60.0,240.0,Seg.03 - Premium (VND 60K - VND 99K),43353,Silver,3.0,2.0,3.0,4.0
812638,2019,Hồ Chí Minh,Trung Nguyên,Yes,Yes,Yes,Yes,Yes,20.0,30.0,600.0,Seg.02 - Mass Asp (VND 25K - VND 59K),43356,Gold,4.0,4.0,1.0,5.0
812774,2019,Hà Nội,Highlands Coffee,Yes,Yes,Yes,No,No,3.0,60.0,180.0,Seg.03 - Premium (VND 60K - VND 99K),43394,Silver,2.0,1.0,3.0,4.0
812778,2019,Hà Nội,Cộng Cà Phê,Yes,Yes,No,No,No,0.0,0.0,0.0,,43401,Churn,1.0,0.0,0.0,1.0
812779,2019,Hà Nội,The Coffee House,Yes,Yes,No,No,No,0.0,0.0,0.0,,43403,Churn,1.0,0.0,0.0,1.0
812779,2019,Hà Nội,Cộng Cà Phê,Yes,Yes,No,No,No,0.0,0.0,0.0,,43407,Churn,1.0,0.0,0.0,1.0
812779,2019,Hà Nội,Highlands Coffee,Yes,Yes,No,No,No,0.0,0.0,0.0,,43413,Churn,1.0,0.0,0.0,1.0
812784,2019,Hà Nội,Highlands Coffee,Yes,Yes,No,No,No,0.0,0.0,0.0,,43416,Churn,1.0,0.0,0.0,1.0
812784,2019,Hà Nội,Cộng Cà Phê,Yes,Yes,Yes,Yes,No,6.0,40.0,240.0,Seg.02 - Mass Asp (VND 25K - VND 59K),43423,Bronze,3.0,3.0,2.0,3.0
812786,2019,Hồ Chí Minh,Highlands Coffee,Yes,Yes,Yes,Yes,No,4.0,55.0,220.0,Seg.02 - Mass Asp (VND 25K - VND 59K),43427,Bronze,3.0,2.0,2.0,3.0
812814,2019,Hải Phòng,Highlands Coffee,Yes,Yes,No,No,No,0.0,0.0,0.0,,43447,Churn,1.0,0.0,0.0,1.0
812847,2019,Đà Nẵng,Highlands Coffee,Yes,Yes,Yes,No,No,1.0,30.0,30.0,Seg.02 - Mass Asp (VND 25K - VND 59K),43463,At-risk,2.0,1.0,1.0,2.0
812847,2019,Đà Nẵng,Cộng Cà Phê,Yes,Yes,Yes,No,No,1.0,30.0,30.0,Seg.02 - Mass Asp (VND 25K - VND 59K),43466,At-risk,2.0,1.0,1.0,2.0
812886,2019,Hồ Chí Minh,Highlands Coffee,Yes,Yes,Yes,Yes,No,8.0,50.0,400.0,Seg.02 - Mass Asp (VND 25K - VND 59K),43477,Gold,3.0,4.0,2.0,5.0
812923,2019,Hà Nội,Highlands Coffee,Yes,Yes,Yes,Yes,No,4.0,50.0,200.0,Seg.02 - Mass Asp (VND 25K - VND 59K),43492,Bronze,3.0,2.0,2.0,3.0
813152,2019,Hà Nội,Highlands Coffee,Yes,Yes,Yes,No,No,2.0,50.0,100.0,Seg.02 - Mass Asp (VND 25K - VND 59K),43526,At-risk,2.0,1.0,2.0,2.0
813152,2019,Hà Nội,The Coffee House,Yes,Yes,No,No,No,0.0,0.0,0.0,,43527,Churn,1.0,0.0,0.0,1.0
813209,2019,Hà Nội,Cộng Cà Phê,Yes,Yes,No,No,No,0.0,0.0,0.0,,43547,Churn,1.0,0.0,0.0,1.0
813209,2019,Hà Nội,Highlands Coffee,Yes,Yes,Yes,No,No,2.0,60.0,120.0,Seg.03 - Premium (VND 60K - VND 99K),43548,Silver,2.0,1.0,3.0,4.0
813247,2019,Đà Nẵng,Highlands Coffee,Yes,Yes,Yes,Yes,No,5.0,35.0,175.0,Seg.02 - Mass Asp (VND 25K - VND 59K),43560,Bronze,3.0,2.0,1.0,3.0
813247,2019,Đà Nẵng,Trung Nguyên,Yes,Yes,No,No,No,0.0,0.0,0.0,,43562,Churn,1.0,0.0,0.0,1.0
813281,2019,Hà Nội,Highlands Coffee,Yes,Yes,Yes,Yes,No,6.0,60.0,360.0,Seg.03 - Premium (VND 60K - VND 99K),43574,Gold,3.0,3.0,3.0,5.0
813281,2019,Hà Nội,Cộng Cà Phê,Yes,Yes,Yes,No,No,2.0,50.0,100.0,Seg.02 - Mass Asp (VND 25K - VND 59K),43575,At-risk,2.0,1.0,2.0,2.0
813281,2019,Hà Nội,The Coffee House,Yes,Yes,No,No,No,0.0,0.0,0.0,,43577,Churn,1.0,0.0,0.0,1.0
813281,2019,Hà Nội,Phúc Long,Yes,Yes,No,No,No,0.0,0.0,0.0,,43580,Churn,1.0,0.0,0.0,1.0
813286,2019,Hà Nội,Cộng Cà Phê,Yes,Yes,No,No,No,0.0,0.0,0.0,,43582,Churn,1.0,0.0,0.0,1.0
813286,2019,Hà Nội,The Coffee House,Yes,Yes,Yes,No,No,3.0,60.0,180.0,Seg.03 - Premium (VND 60K - VND 99K),43585,Silver,2.0,1.0,3.0,4.0
813286,2019,Hà Nội,Highlands Coffee,Yes,Yes,Yes,No,No,1.0,60.0,60.0,Seg.03 - Premium (VND 60K - VND 99K),43586,Silver,2.0,1.0,3.0,4.0
813465,2019,Hồ Chí Minh,Highlands Coffee,Yes,Yes,Yes,Yes,No,10.0,39.0,390.0,Seg.02 - Mass Asp (VND 25K - VND 59K),43604,Gold,3.0,4.0,2.0,5.0
813465,2019,Hồ Chí Minh,Phúc Long,Yes,Yes,No,No,No,0.0,0.0,0.0,,43606,Churn,1.0,0.0,0.0,1.0
813467,2019,Hà Nội,The Coffee House,Yes,Yes,Yes,Yes,No,8.0,50.0,400.0,Seg.02 - Mass Asp (VND 25K - VND 59K),43610,Gold,3.0,4.0,2.0,5.0
813467,2019,Hà Nội,Highlands Coffee,Yes,Yes,Yes,No,No,2.0,60.0,120.0,Seg.03 - Premium (VND 60K - VND 99K),43611,Silver,2.0,1.0,3.0,4.0
813467,2019,Hà Nội,Phúc Long,Yes,Yes,Yes,No,No,2.0,40.0,80.0,Seg.02 - Mass Asp (VND 25K - VND 59K),43613,At-risk,2.0,1.0,2.0,2.0
813467,2019,Hà Nội,Cộng Cà Phê,Yes,Yes,No,No,No,0.0,0.0,0.0,,43615,Churn,1.0,0.0,0.0,1.0
813483,2019,Nha Trang,Highlands Coffee,Yes,Yes,Yes,No,No,1.0,29.0,29.0,Seg.02 - Mass Asp (VND 25K - VND 59K),43622,At-risk,2.0,1.0,1.0,2.0
813493,2019,Hồ Chí Minh,The Coffee House,Yes,Yes,No,No,No,0.0,0.0,0.0,,43631,Churn,1.0,0.0,0.0,1.0
813493,2019,Hồ Chí Minh,Highlands Coffee,Yes,Yes,No,No,No,0.0,0.0,0.0,,43632,Churn,1.0,0.0,0.0,1.0
813534,2019,Hà Nội,The Coffee House,Yes,Yes,No,No,No,0.0,0.0,0.0,,43642,Churn,1.0,0.0,0.0,1.0
813534,2019,Hà Nội,Highlands Coffee,Yes,Yes,No,No,No,0.0,0.0,0.0,,43644,Churn,1.0,0.0,0.0,1.0
813595,2019,Nha Trang,Highlands Coffee,Yes,Yes,Yes,No,No,2.0,50.0,100.0,Seg.02 - Mass Asp (VND 25K - VND 59K),43651,At-risk,2.0,1.0,2.0,2.0
813595,2019,Nha Trang,Phúc Long,Yes,Yes,Yes,No,No,1.0,40.0,40.0,Seg.02 - Mass Asp (VND 25K - VND 59K),43658,At-risk,2.0,1.0,2.0,2.0
813600,2019,Hà Nội,The Coffee House,Yes,Yes,No,No,No,0.0,0.0,0.0,,43660,Churn,1.0,0.0,0.0,1.0
813600,2019,Hà Nội,Cộng Cà Phê,Yes,Yes,Yes,Yes,No,6.0,50.0,300.0,Seg.02 - Mass Asp (VND 25K - VND 59K),43662,Bronze,3.0,3.0,2.0,3.0
813600,2019,Hà Nội,Highlands Coffee,Yes,Yes,Yes,No,No,2.0,50.0,100.0,Seg.02 - Mass Asp (VND 25K - VND 59K),43665,At-risk,2.0,1.0,2.0,2.0
813606,2019,Nha Trang,Trung Nguyên,Yes,Yes,No,No,No,0.0,0.0,0.0,,43669,Churn,1.0,0.0,0.0,1.0
813608,2019,Hà Nội,Highlands Coffee,Yes,Yes,Yes,No,No,1.0,50.0,50.0,Seg.02 - Mass Asp (VND 25K - VND 59K),43672,At-risk,2.0,1.0,2.0,2.0
813608,2019,Hà Nội,Cộng Cà Phê,Yes,Yes,Yes,Yes,No,5.0,50.0,250.0,Seg.02 - Mass Asp (VND 25K - VND 59K),43673,Bronze,3.0,2.0,2.0,3.0
813617,2019,Hà Nội,The Coffee House,Yes,Yes,Yes,No,No,1.0,50.0,50.0,Seg.02 - Mass Asp (VND 25K - VND 59K),43690,At-risk,2.0,1.0,2.0,2.0
813617,2019,Hà Nội,Cộng Cà Phê,Yes,Yes,No,No,No,0.0,0.0,0.0,,43692,Churn,1.0,0.0,0.0,1.0
813617,2019,Hà Nội,Highlands Coffee,Yes,Yes,Yes,No,No,3.0,60.0,180.0,Seg.03 - Premium (VND 60K - VND 99K),43694,Silver,2.0,1.0,3.0,4.0
813645,2019,Hà Nội,Cộng Cà Phê,Yes,Yes,No,No,No,0.0,0.0,0.0,,43702,Churn,1.0,0.0,0.0,1.0
813645,2019,Hà Nội,Highlands Coffee,Yes,Yes,No,No,No,0.0,0.0,0.0,,43703,Churn,1.0,0.0,0.0,1.0
813654,2019,Hà Nội,The Coffee House,Yes,Yes,No,No,No,0.0,0.0,0.0,,43711,Churn,1.0,0.0,0.0,1.0
813654,2019,Hà Nội,Highlands Coffee,Yes,Yes,No,No,No,0.0,0.0,0.0,,43712,Churn,1.0,0.0,0.0,1.0
813654,2019,Hà Nội,Cộng Cà Phê,Yes,Yes,No,No,No,0.0,0.0,0.0,,43715,Churn,1.0,0.0,0.0,1.0
813663,2019,Hà Nội,Trung Nguyên,Yes,Yes,Yes,No,No,2.0,45.0,90.0,Seg.02 - Mass Asp (VND 25K - VND 59K),43721,At-risk,2.0,1.0,2.0,2.0
813675,2019,Hà Nội,Highlands Coffee,Yes,Yes,Yes,No,No,1.0,40.0,40.0,Seg.02 - Mass Asp (VND 25K - VND 59K),43724,At-risk,2.0,1.0,2.0,2.0
813684,2019,Hồ Chí Minh,Highlands Coffee,Yes,Yes,No,No,No,0.0,0.0,0.0,,43733,Churn,1.0,0.0,0.0,1.0
813684,2019,Hồ Chí Minh,The Coffee House,Yes,Yes,No,No,No,0.0,0.0,0.0,,43737,Churn,1.0,0.0,0.0,1.0
813684,2019,Hồ Chí Minh,Trung Nguyên,Yes,Yes,No,No,No,0.0,0.0,0.0,,43738,Churn,1.0,0.0,0.0,1.0
813797,2019,Nha Trang,Highlands Coffee,Yes,Yes,Yes,Yes,No,6.0,50.0,300.0,Seg.02 - Mass Asp (VND 25K - VND 59K),43753,Bronze,3.0,3.0,2.0,3.0
813797,2019,Nha Trang,Phúc Long,Yes,Yes,Yes,Yes,No,4.0,60.0,240.0,Seg.03 - Premium (VND 60K - VND 99K),43754,Silver,3.0,2.0,3.0,4.0
813840,2019,Nha Trang,Highlands Coffee,Yes,Yes,Yes,No,No,1.0,35.0,35.0,Seg.02 - Mass Asp (VND 25K - VND 59K),43758,At-risk,2.0,1.0,1.0,2.0
813841,2019,Nha Trang,Highlands Coffee,Yes,Yes,No,No,No,0.0,0.0,0.0,,43763,Churn,1.0,0.0,0.0,1.0
813857,2019,Đà Nẵng,The Coffee House,Yes,Yes,Yes,Yes,No,10.0,50.0,500.0,Seg.02 - Mass Asp (VND 25K - VND 59K),43768,Gold,3.0,4.0,2.0,5.0
813857,2019,Đà Nẵng,Highlands Coffee,Yes,Yes,Yes,Yes,No,10.0,30.0,300.0,Seg.02 - Mass Asp (VND 25K - VND 59K),43770,Gold,3.0,4.0,1.0,5.0
813875,2019,Hà Nội,The Coffee House,Yes,Yes,No,No,No,0.0,0.0,0.0,,43792,Churn,1.0,0.0,0.0,1.0
813875,2019,Hà Nội,Highlands Coffee,Yes,Yes,No,No,No,0.0,0.0,0.0,,43793,Churn,1.0,0.0,0.0,1.0
813875,2019,Hà Nội,Trung Nguyên,Yes,Yes,No,No,No,0.0,0.0,0.0,,43796,Churn,1.0,0.0,0.0,1.0
813875,2019,Hà Nội,Starbucks,Yes,Yes,No,No,No,0.0,0.0,0.0,,43798,Churn,1.0,0.0,0.0,1.0
813875,2019,Hà Nội,Cộng Cà Phê,Yes,Yes,No,No,No,0.0,0.0,0.0,,43799,Churn,1.0,0.0,0.0,1.0
813923,2019,Hà Nội,Highlands Coffee,Yes,Yes,Yes,No,No,2.0,60.0,120.0,Seg.03 - Premium (VND 60K - VND 99K),43807,Silver,2.0,1.0,3.0,4.0
813923,2019,Hà Nội,The Coffee House,Yes,Yes,Yes,Yes,No,6.0,60.0,360.0,Seg.03 - Premium (VND 60K - VND 99K),43810,Gold,3.0,3.0,3.0,5.0
813930,2019,Hà Nội,The Coffee House,Yes,Yes,Yes,No,No,1.0,50.0,50.0,Seg.02 - Mass Asp (VND 25K - VND 59K),43822,At-risk,2.0,1.0,2.0,2.0
813930,2019,Hà Nội,Highlands Coffee,Yes,Yes,No,No,No,0.0,0.0,0.0,,43825,Churn,1.0,0.0,0.0,1.0
813936,2019,Nha Trang,Highlands Coffee,Yes,Yes,No,No,No,0.0,0.0,0.0,,43837,Churn,1.0,0.0,0.0,1.0
813940,2019,Hà Nội,Phúc Long,Yes,Yes,No,No,No,0.0,0.0,0.0,,43842,Churn,1.0,0.0,0.0,1.0
813940,2019,Hà Nội,Cộng Cà Phê,Yes,Yes,Yes,Yes,No,6.0,80.0,480.0,Seg.03 - Premium (VND 60K - VND 99K),43845,Gold,3.0,3.0,3.0,5.0
813940,2019,Hà Nội,The Coffee House,Yes,Yes,No,No,No,0.0,0.0,0.0,,43846,Churn,1.0,0.0,0.0,1.0
813940,2019,Hà Nội,Highlands Coffee,Yes,Yes,No,No,No,0.0,0.0,0.0,,43847,Churn,1.0,0.0,0.0,1.0
813948,2019,Hồ Chí Minh,Cộng Cà Phê,Yes,Yes,No,No,No,0.0,0.0,0.0,,43866,Churn,1.0,0.0,0.0,1.0
813950,2019,Hà Nội,The Coffee House,Yes,Yes,Yes,Yes,No,5.0,50.0,250.0,Seg.02 - Mass Asp (VND 25K - VND 59K),43874,Bronze,3.0,2.0,2.0,3.0
813950,2019,Hà Nội,Starbucks,Yes,Yes,Yes,No,No,3.0,70.0,210.0,Seg.03 - Premium (VND 60K - VND 99K),43875,Silver,2.0,1.0,3.0,4.0
813950,2019,Hà Nội,Cộng Cà Phê,Yes,Yes,Yes,No,No,2.0,40.0,80.0,Seg.02 - Mass Asp (VND 25K - VND 59K),43876,At-risk,2.0,1.0,2.0,2.0
813973,2019,Hà Nội,Highlands Coffee,Yes,Yes,No,No,No,0.0,0.0,0.0,,43888,Churn,1.0,0.0,0.0,1.0
814005,2019,Hà Nội,Highlands Coffee,Yes,Yes,Yes,Yes,No,4.0,70.0,280.0,Seg.03 - Premium (VND 60K - VND 99K),43901,Silver,3.0,2.0,3.0,4.0
814005,2019,Hà Nội,The Coffee House,Yes,Yes,No,No,No,0.0,0.0,0.0,,43903,Churn,1.0,0.0,0.0,1.0
814014,2019,Hà Nội,Phúc Long,Yes,Yes,No,No,No,0.0,0.0,0.0,,43923,Churn,1.0,0.0,0.0,1.0
814041,2019,Hà Nội,Phúc Long,Yes,Yes,No,No,No,0.0,0.0,0.0,,43936,Churn,1.0,0.0,0.0,1.0
814041,2019,Hà Nội,Highlands Coffee,Yes,Yes,No,No,No,0.0,0.0,0.0,,43937,Churn,1.0,0.0,0.0,1.0
814041,2019,Hà Nội,Cộng Cà Phê,Yes,Yes,No,No,No,0.0,0.0,0.0,,43941,Churn,1.0,0.0,0.0,1.0
814096,2019,Đà Nẵng,Highlands Coffee,Yes,Yes,Yes,Yes,No,8.0,40.0,320.0,Seg.02 - Mass Asp (VND 25K - VND 59K),43981,Gold,3.0,4.0,2.0,5.0
814096,2019,Đà Nẵng,The Coffee House,Yes,Yes,Yes,No,No,2.0,50.0,100.0,Seg.02 - Mass Asp (VND 25K - VND 59K),43983,At-risk,2.0,1.0,2.0,2.0
814121,2019,Hà Nội,Trung Nguyên,Yes,Yes,Yes,No,No,3.0,50.0,150.0,Seg.02 - Mass Asp (VND 25K - VND 59K),44017,At-risk,2.0,1.0,2.0,2.0
814156,2019,Hà Nội,Highlands Coffee,Yes,Yes,No,No,No,0.0,0.0,0.0,,44024,Churn,1.0,0.0,0.0,1.0
814183,2019,Cần Thơ,Highlands Coffee,Yes,Yes,No,No,No,0.0,0.0,0.0,,44032,Churn,1.0,0.0,0.0,1.0
814276,2019,Hà Nội,Cộng Cà Phê,Yes,Yes,Yes,Yes,No,5.0,40.0,200.0,Seg.02 - Mass Asp (VND 25K - VND 59K),44035,Bronze,3.0,2.0,2.0,3.0
814276,2019,Hà Nội,Phúc Long,Yes,Yes,No,No,No,0.0,0.0,0.0,,44038,Churn,1.0,0.0,0.0,1.0
814276,2019,Hà Nội,Highlands Coffee,Yes,Yes,No,No,No,0.0,0.0,0.0,,44040,Churn,1.0,0.0,0.0,1.0
814442,2019,Hà Nội,Cộng Cà Phê,Yes,Yes,Yes,Yes,No,8.0,40.0,320.0,Seg.02 - Mass Asp (VND 25K - VND 59K),44061,Gold,3.0,4.0,2.0,5.0
814442,2019,Hà Nội,Highlands Coffee,Yes,Yes,No,No,No,0.0,0.0,0.0,,44062,Churn,1.0,0.0,0.0,1.0
814453,2019,Hải Phòng,The Coffee House,Yes,Yes,Yes,Yes,No,4.0,60.0,240.0,Seg.03 - Premium (VND 60K - VND 99K),44069,Silver,3.0,2.0,3.0,4.0
814453,2019,Hải Phòng,Highlands Coffee,Yes,Yes,No,No,No,0.0,0.0,0.0,,44071,Churn,1.0,0.0,0.0,1.0
814585,2019,Hà Nội,Highlands Coffee,Yes,Yes,No,No,No,0.0,0.0,0.0,,44124,Churn,1.0,0.0,0.0,1.0
814585,2019,Hà Nội,Cộng Cà Phê,Yes,Yes,No,No,No,0.0,0.0,0.0,,44127,Churn,1.0,0.0,0.0,1.0
814630,2019,Hồ Chí Minh,The Coffee House,Yes,Yes,No,No,No,0.0,0.0,0.0,,44137,Churn,1.0,0.0,0.0,1.0
814630,2019,Hồ Chí Minh,Highlands Coffee,Yes,Yes,No,No,No,0.0,0.0,0.0,,44139,Churn,1.0,0.0,0.0,1.0
814640,2019,Nha Trang,Trung Nguyên,Yes,Yes,No,No,No,0.0,0.0,0.0,,44143,Churn,1.0,0.0,0.0,1.0
814673,2019,Hải Phòng,Highlands Coffee,Yes,Yes,No,No,No,0.0,0.0,0.0,,44157,Churn,1.0,0.0,0.0,1.0
814673,2019,Hải Phòng,The Coffee House,Yes,Yes,Yes,No,No,2.0,55.0,110.0,Seg.02 - Mass Asp (VND 25K - VND 59K),44158,At-risk,2.0,1.0,2.0,2.0
814686,2019,Hà Nội,Cộng Cà Phê,Yes,Yes,Yes,Yes,No,8.0,60.0,480.0,Seg.03 - Premium (VND 60K - VND 99K),44169,Gold,3.0,4.0,3.0,5.0
814695,2019,Cần Thơ,Highlands Coffee,Yes,Yes,Yes,No,No,1.0,50.0,50.0,Seg.02 - Mass Asp (VND 25K - VND 59K),44174,At-risk,2.0,1.0,2.0,2.0
814695,2019,Cần Thơ,The Coffee House,Yes,Yes,Yes,No,No,1.0,50.0,50.0,Seg.02 - Mass Asp (VND 25K - VND 59K),44177,At-risk,2.0,1.0,2.0,2.0
814738,2019,Hà Nội,Trung Nguyên,Yes,Yes,Yes,No,No,2.0,70.0,140.0,Seg.03 - Premium (VND 60K - VND 99K),44185,Silver,2.0,1.0,3.0,4.0
814738,2019,Hà Nội,Cộng Cà Phê,Yes,Yes,Yes,No,No,1.0,60.0,60.0,Seg.03 - Premium (VND 60K - VND 99K),44188,Silver,2.0,1.0,3.0,4.0
814781,2019,Hà Nội,Highlands Coffee,Yes,Yes,No,No,No,0.0,0.0,0.0,,44211,Churn,1.0,0.0,0.0,1.0
814827,2019,Hà Nội,Cộng Cà Phê,Yes,Yes,Yes,No,No,1.0,50.0,50.0,Seg.02 - Mass Asp (VND 25K - VND 59K),44215,At-risk,2.0,1.0,2.0,2.0
814827,2019,Hà Nội,Starbucks,Yes,Yes,Yes,Yes,No,4.0,70.0,280.0,Seg.03 - Premium (VND 60K - VND 99K),44216,Silver,3.0,2.0,3.0,4.0
814832,2019,Hồ Chí Minh,Phúc Long,Yes,Yes,No,No,No,0.0,0.0,0.0,,44225,Churn,1.0,0.0,0.0,1.0
814832,2019,Hồ Chí Minh,Highlands Coffee,Yes,Yes,Yes,Yes,No,9.0,49.0,441.0,Seg.02 - Mass Asp (VND 25K - VND 59K),44228,Gold,3.0,4.0,2.0,5.0
814832,2019,Hồ Chí Minh,The Coffee House,Yes,Yes,Yes,Yes,No,4.0,50.0,200.0,Seg.02 - Mass Asp (VND 25K - VND 59K),44230,Bronze,3.0,2.0,2.0,3.0
814909,2019,Hải Phòng,Highlands Coffee,Yes,Yes,No,No,No,0.0,0.0,0.0,,44245,Churn,1.0,0.0,0.0,1.0
814913,2019,Hồ Chí Minh,The Coffee House,Yes,Yes,Yes,No,No,3.0,49.0,147.0,Seg.02 - Mass Asp (VND 25K - VND 59K),44248,At-risk,2.0,1.0,2.0,2.0
814913,2019,Hồ Chí Minh,Highlands Coffee,Yes,Yes,No,No,No,0.0,0.0,0.0,,44256,Churn,1.0,0.0,0.0,1.0
815099,2019,Hồ Chí Minh,Highlands Coffee,Yes,Yes,Yes,Yes,No,5.0,75.0,375.0,Seg.03 - Premium (VND 60K - VND 99K),44297,Silver,3.0,2.0,3.0,4.0
815099,2019,Hồ Chí Minh,Phúc Long,Yes,Yes,Yes,Yes,No,10.0,65.0,650.0,Seg.03 - Premium (VND 60K - VND 99K),44299,Gold,3.0,4.0,3.0,5.0
815099,2019,Hồ Chí Minh,The Coffee House,Yes,Yes,Yes,Yes,No,5.0,86.0,430.0,Seg.03 - Premium (VND 60K - VND 99K),44300,Silver,3.0,2.0,4.0,4.0
815191,2019,Hà Nội,Cộng Cà Phê,Yes,Yes,Yes,No,No,1.0,50.0,50.0,Seg.02 - Mass Asp (VND 25K - VND 59K),44309,At-risk,2.0,1.0,2.0,2.0
815191,2019,Hà Nội,Highlands Coffee,Yes,Yes,Yes,No,No,3.0,50.0,150.0,Seg.02 - Mass Asp (VND 25K - VND 59K),44312,At-risk,2.0,1.0,2.0,2.0
815453,2019,Hà Nội,Highlands Coffee,Yes,Yes,No,No,No,0.0,0.0,0.0,,44349,Churn,1.0,0.0,0.0,1.0
815453,2019,Hà Nội,The Coffee House,Yes,Yes,No,No,No,0.0,0.0,0.0,,44353,Churn,1.0,0.0,0.0,1.0
815453,2019,Hà Nội,Phúc Long,Yes,Yes,No,No,No,0.0,0.0,0.0,,44355,Churn,1.0,0.0,0.0,1.0
815453,2019,Hà Nội,Cộng Cà Phê,Yes,Yes,Yes,Yes,No,5.0,55.0,275.0,Seg.02 - Mass Asp (VND 25K - VND 59K),44356,Bronze,3.0,2.0,2.0,3.0
815455,2019,Hà Nội,Phúc Long,Yes,Yes,Yes,Yes,No,4.0,50.0,200.0,Seg.02 - Mass Asp (VND 25K - VND 59K),44358,Bronze,3.0,2.0,2.0,3.0
815455,2019,Hà Nội,Highlands Coffee,Yes,Yes,Yes,No,No,2.0,50.0,100.0,Seg.02 - Mass Asp (VND 25K - VND 59K),44363,At-risk,2.0,1.0,2.0,2.0
815455,2019,Hà Nội,The Coffee House,Yes,Yes,No,No,No,0.0,0.0,0.0,,44364,Churn,1.0,0.0,0.0,1.0
815596,2019,Đà Nẵng,Highlands Coffee,Yes,Yes,No,No,No,0.0,0.0,0.0,,44380,Churn,1.0,0.0,0.0,1.0
815603,2019,Nha Trang,Trung Nguyên,Yes,Yes,No,No,No,0.0,0.0,0.0,,44385,Churn,1.0,0.0,0.0,1.0
815623,2019,Đà Nẵng,Trung Nguyên,Yes,Yes,No,No,No,0.0,0.0,0.0,,44386,Churn,1.0,0.0,0.0,1.0
815623,2019,Đà Nẵng,Highlands Coffee,Yes,Yes,No,No,No,0.0,0.0,0.0,,44389,Churn,1.0,0.0,0.0,1.0
815634,2019,Hồ Chí Minh,Highlands Coffee,Yes,Yes,No,No,No,0.0,0.0,0.0,,44396,Churn,1.0,0.0,0.0,1.0
815637,2019,Hồ Chí Minh,Highlands Coffee,Yes,Yes,Yes,Yes,No,5.0,29.0,145.0,Seg.02 - Mass Asp (VND 25K - VND 59K),44403,Bronze,3.0,2.0,1.0,3.0
815639,2019,Hà Nội,Highlands Coffee,Yes,Yes,Yes,No,No,2.0,70.0,140.0,Seg.03 - Premium (VND 60K - VND 99K),44413,Silver,2.0,1.0,3.0,4.0
815639,2019,Hà Nội,The Coffee House,Yes,Yes,Yes,No,No,3.0,50.0,150.0,Seg.02 - Mass Asp (VND 25K - VND 59K),44414,At-risk,2.0,1.0,2.0,2.0
815639,2019,Hà Nội,Cộng Cà Phê,Yes,Yes,No,No,No,0.0,0.0,0.0,,44420,Churn,1.0,0.0,0.0,1.0
815653,2019,Hà Nội,Highlands Coffee,Yes,Yes,Yes,No,No,1.0,50.0,50.0,Seg.02 - Mass Asp (VND 25K - VND 59K),44426,At-risk,2.0,1.0,2.0,2.0
815653,2019,Hà Nội,Phúc Long,Yes,Yes,No,No,No,0.0,0.0,0.0,,44428,Churn,1.0,0.0,0.0,1.0
815653,2019,Hà Nội,Cộng Cà Phê,Yes,Yes,No,No,No,0.0,0.0,0.0,,44431,Churn,1.0,0.0,0.0,1.0
815653,2019,Hà Nội,The Coffee House,Yes,Yes,Yes,Yes,No,4.0,50.0,200.0,Seg.02 - Mass Asp (VND 25K - VND 59K),44434,Bronze,3.0,2.0,2.0,3.0
815654,2019,Hà Nội,Cộng Cà Phê,Yes,Yes,No,No,No,0.0,0.0,0.0,,44437,Churn,1.0,0.0,0.0,1.0
815654,2019,Hà Nội,Highlands Coffee,Yes,Yes,No,No,No,0.0,0.0,0.0,,44438,Churn,1.0,0.0,0.0,1.0
815670,2019,Hà Nội,Highlands Coffee,Yes,Yes,No,No,No,0.0,0.0,0.0,,44450,Churn,1.0,0.0,0.0,1.0
815670,2019,Hà Nội,Phúc Long,Yes,Yes,No,No,No,0.0,0.0,0.0,,44451,Churn,1.0,0.0,0.0,1.0
815670,2019,Hà Nội,The Coffee House,Yes,Yes,Yes,Yes,No,6.0,50.0,300.0,Seg.02 - Mass Asp (VND 25K - VND 59K),44455,Bronze,3.0,3.0,2.0,3.0
815670,2019,Hà Nội,Cộng Cà Phê,Yes,Yes,Yes,No,No,1.0,50.0,50.0,Seg.02 - Mass Asp (VND 25K - VND 59K),44456,At-risk,2.0,1.0,2.0,2.0
815711,2019,Hồ Chí Minh,Highlands Coffee,Yes,Yes,Yes,Yes,No,6.0,49.0,294.0,Seg.02 - Mass Asp (VND 25K - VND 59K),44488,Bronze,3.0,3.0,2.0,3.0
815711,2019,Hồ Chí Minh,Phúc Long,Yes,Yes,Yes,No,No,2.0,45.0,90.0,Seg.02 - Mass Asp (VND 25K - VND 59K),44497,At-risk,2.0,1.0,2.0,2.0
815730,2019,Hà Nội,Cộng Cà Phê,Yes,Yes,No,No,No,0.0,0.0,0.0,,44508,Churn,1.0,0.0,0.0,1.0
815730,2019,Hà Nội,Highlands Coffee,Yes,Yes,No,No,No,0.0,0.0,0.0,,44513,Churn,1.0,0.0,0.0,1.0
815746,2019,Đà Nẵng,Highlands Coffee,Yes,Yes,No,No,No,0.0,0.0,0.0,,44514,Churn,1.0,0.0,0.0,1.0
815767,2019,Nha Trang,Trung Nguyên,Yes,Yes,Yes,Yes,No,4.0,24.0,96.0,Seg.01 - Mass (<VND 25K),44531,Bronze,3.0,2.0,1.0,3.0
815824,2019,Hà Nội,Highlands Coffee,Yes,Yes,No,No,No,0.0,0.0,0.0,,44543,Churn,1.0,0.0,0.0,1.0
815824,2019,Hà Nội,Cộng Cà Phê,Yes,Yes,Yes,No,No,2.0,50.0,100.0,Seg.02 - Mass Asp (VND 25K - VND 59K),44547,At-risk,2.0,1.0,2.0,2.0
815899,2019,Hà Nội,The Coffee House,Yes,Yes,No,No,No,0.0,0.0,0.0,,44570,Churn,1.0,0.0,0.0,1.0
815899,2019,Hà Nội,Highlands Coffee,Yes,Yes,No,No,No,0.0,0.0,0.0,,44573,Churn,1.0,0.0,0.0,1.0
815929,2019,Nha Trang,Highlands Coffee,Yes,Yes,Yes,No,No,3.0,60.0,180.0,Seg.03 - Premium (VND 60K - VND 99K),44581,Silver,2.0,1.0,3.0,4.0
815929,2019,Nha Trang,Phúc Long,Yes,Yes,Yes,No,No,1.0,50.0,50.0,Seg.02 - Mass Asp (VND 25K - VND 59K),44584,At-risk,2.0,1.0,2.0,2.0
815994,2019,Cần Thơ,Highlands Coffee,Yes,Yes,No,No,No,0.0,0.0,0.0,,44606,Churn,1.0,0.0,0.0,1.0
816006,2019,Hồ Chí Minh,Highlands Coffee,Yes,Yes,No,No,No,0.0,0.0,0.0,,44616,Churn,1.0,0.0,0.0,1.0
816006,2019,Hồ Chí Minh,Starbucks,Yes,Yes,No,No,No,0.0,0.0,0.0,,44617,Churn,1.0,0.0,0.0,1.0
816008,2019,Hà Nội,Highlands Coffee,Yes,Yes,Yes,No,No,3.0,30.0,90.0,Seg.02 - Mass Asp (VND 25K - VND 59K),44627,At-risk,2.0,1.0,1.0,2.0
816008,2019,Hà Nội,Cộng Cà Phê,Yes,Yes,No,No,No,0.0,0.0,0.0,,44628,Churn,1.0,0.0,0.0,1.0
816052,2019,Hà Nội,Highlands Coffee,Yes,Yes,No,No,No,0.0,0.0,0.0,,44630,Churn,1.0,0.0,0.0,1.0
816052,2019,Hà Nội,Cộng Cà Phê,Yes,Yes,No,No,No,0.0,0.0,0.0,,44634,Churn,1.0,0.0,0.0,1.0
816054,2019,Nha Trang,Highlands Coffee,Yes,Yes,No,No,No,0.0,0.0,0.0,,44640,Churn,1.0,0.0,0.0,1.0
816083,2019,Hà Nội,Highlands Coffee,Yes,Yes,No,No,No,0.0,0.0,0.0,,44659,Churn,1.0,0.0,0.0,1.0
816083,2019,Hà Nội,Phúc Long,Yes,Yes,No,No,No,0.0,0.0,0.0,,44660,Churn,1.0,0.0,0.0,1.0
816083,2019,Hà Nội,Cộng Cà Phê,Yes,Yes,Yes,Yes,No,5.0,60.0,300.0,Seg.03 - Premium (VND 60K - VND 99K),44661,Silver,3.0,2.0,3.0,4.0
816088,2019,Hồ Chí Minh,Phúc Long,Yes,Yes,Yes,Yes,Yes,30.0,55.0,1650.0,Seg.02 - Mass Asp (VND 25K - VND 59K),44677,Gold,4.0,4.0,2.0,5.0
816092,2019,Hà Nội,Cộng Cà Phê,Yes,Yes,Yes,Yes,No,6.0,50.0,300.0,Seg.02 - Mass Asp (VND 25K - VND 59K),44690,Bronze,3.0,3.0,2.0,3.0
816092,2019,Hà Nội,Highlands Coffee,Yes,Yes,Yes,No,No,2.0,50.0,100.0,Seg.02 - Mass Asp (VND 25K - VND 59K),44692,At-risk,2.0,1.0,2.0,2.0
816092,2019,Hà Nội,The Coffee House,Yes,Yes,No,No,No,0.0,0.0,0.0,,44696,Churn,1.0,0.0,0.0,1.0
816107,2019,Hà Nội,Highlands Coffee,Yes,Yes,Yes,No,No,1.0,70.0,70.0,Seg.03 - Premium (VND 60K - VND 99K),44711,Silver,2.0,1.0,3.0,4.0
816107,2019,Hà Nội,Cộng Cà Phê,Yes,Yes,No,No,No,0.0,0.0,0.0,,44714,Churn,1.0,0.0,0.0,1.0
816107,2019,Hà Nội,Trung Nguyên,Yes,Yes,Yes,No,No,2.0,50.0,100.0,Seg.02 - Mass Asp (VND 25K - VND 59K),44715,At-risk,2.0,1.0,2.0,2.0
816112,2019,Hà Nội,Cộng Cà Phê,Yes,Yes,Yes,No,No,3.0,40.0,120.0,Seg.02 - Mass Asp (VND 25K - VND 59K),44717,At-risk,2.0,1.0,2.0,2.0
816112,2019,Hà Nội,Highlands Coffee,Yes,Yes,No,No,No,0.0,0.0,0.0,,44719,Churn,1.0,0.0,0.0,1.0
816116,2019,Đà Nẵng,Highlands Coffee,Yes,Yes,No,No,No,0.0,0.0,0.0,,44733,Churn,1.0,0.0,0.0,1.0
816135,2019,Hà Nội,Highlands Coffee,Yes,Yes,No,No,No,0.0,0.0,0.0,,44741,Churn,1.0,0.0,0.0,1.0
816135,2019,Hà Nội,Cộng Cà Phê,Yes,Yes,Yes,Yes,No,8.0,50.0,400.0,Seg.02 - Mass Asp (VND 25K - VND 59K),44743,Gold,3.0,4.0,2.0,5.0
816135,2019,Hà Nội,Trung Nguyên,Yes,Yes,No,No,No,0.0,0.0,0.0,,44744,Churn,1.0,0.0,0.0,1.0
816148,2019,Hà Nội,Trung Nguyên,Yes,Yes,Yes,No,No,3.0,60.0,180.0,Seg.03 - Premium (VND 60K - VND 99K),44752,Silver,2.0,1.0,3.0,4.0
816148,2019,Hà Nội,Highlands Coffee,Yes,Yes,Yes,No,No,2.0,70.0,140.0,Seg.03 - Premium (VND 60K - VND 99K),44754,Silver,2.0,1.0,3.0,4.0
816157,2019,Hà Nội,Highlands Coffee,Yes,Yes,Yes,No,No,2.0,60.0,120.0,Seg.03 - Premium (VND 60K - VND 99K),44763,Silver,2.0,1.0,3.0,4.0
816157,2019,Hà Nội,Cộng Cà Phê,Yes,Yes,No,No,No,0.0,0.0,0.0,,44765,Churn,1.0,0.0,0.0,1.0
816183,2019,Cần Thơ,Highlands Coffee,Yes,Yes,No,No,No,0.0,0.0,0.0,,44774,Churn,1.0,0.0,0.0,1.0
816185,2019,Hồ Chí Minh,The Coffee House,Yes,Yes,Yes,No,No,3.0,65.0,195.0,Seg.03 - Premium (VND 60K - VND 99K),44782,Silver,2.0,1.0,3.0,4.0
816185,2019,Hồ Chí Minh,Highlands Coffee,Yes,Yes,Yes,Yes,No,7.0,55.0,385.0,Seg.02 - Mass Asp (VND 25K - VND 59K),44784,Bronze,3.0,3.0,2.0,3.0
816185,2019,Hồ Chí Minh,Phúc Long,Yes,Yes,Yes,No,No,2.0,65.0,130.0,Seg.03 - Premium (VND 60K - VND 99K),44788,Silver,2.0,1.0,3.0,4.0
816196,2019,Hà Nội,Starbucks,Yes,Yes,Yes,Yes,No,5.0,70.0,350.0,Seg.03 - Premium (VND 60K - VND 99K),44790,Silver,3.0,2.0,3.0,4.0
816230,2019,Hà Nội,Cộng Cà Phê,Yes,Yes,No,No,No,0.0,0.0,0.0,,44807,Churn,1.0,0.0,0.0,1.0
816230,2019,Hà Nội,Highlands Coffee,Yes,Yes,No,No,No,0.0,0.0,0.0,,44811,Churn,1.0,0.0,0.0,1.0
816241,2019,Nha Trang,Phúc Long,Yes,Yes,Yes,Yes,No,7.0,49.0,343.0,Seg.02 - Mass Asp (VND 25K - VND 59K),44825,Bronze,3.0,3.0,2.0,3.0
816241,2019,Nha Trang,Highlands Coffee,Yes,Yes,Yes,Yes,No,8.0,59.0,472.0,Seg.02 - Mass Asp (VND 25K - VND 59K),44827,Gold,3.0,4.0,3.0,5.0
816248,2019,Hà Nội,Cộng Cà Phê,Yes,Yes,No,No,No,0.0,0.0,0.0,,44835,Churn,1.0,0.0,0.0,1.0
816248,2019,Hà Nội,Highlands Coffee,Yes,Yes,Yes,No,No,2.0,60.0,120.0,Seg.03 - Premium (VND 60K - VND 99K),44836,Silver,2.0,1.0,3.0,4.0
816248,2019,Hà Nội,The Coffee House,Yes,Yes,No,No,No,0.0,0.0,0.0,,44839,Churn,1.0,0.0,0.0,1.0
816251,2019,Hà Nội,Phúc Long,Yes,Yes,No,No,No,0.0,0.0,0.0,,44843,Churn,1.0,0.0,0.0,1.0
816251,2019,Hà Nội,Highlands Coffee,Yes,Yes,Yes,Yes,No,6.0,60.0,360.0,Seg.03 - Premium (VND 60K - VND 99K),44849,Gold,3.0,3.0,3.0,5.0
816251,2019,Hà Nội,Cộng Cà Phê,Yes,Yes,Yes,No,No,2.0,50.0,100.0,Seg.02 - Mass Asp (VND 25K - VND 59K),44850,At-risk,2.0,1.0,2.0,2.0
816254,2019,Hà Nội,Highlands Coffee,Yes,Yes,Yes,No,No,2.0,50.0,100.0,Seg.02 - Mass Asp (VND 25K - VND 59K),44857,At-risk,2.0,1.0,2.0,2.0
816254,2019,Hà Nội,The Coffee House,Yes,Yes,No,No,No,0.0,0.0,0.0,,44859,Churn,1.0,0.0,0.0,1.0
816254,2019,Hà Nội,Cộng Cà Phê,Yes,Yes,Yes,Yes,No,6.0,60.0,360.0,Seg.03 - Premium (VND 60K - VND 99K),44860,Gold,3.0,3.0,3.0,5.0
816264,2019,Đà Nẵng,Highlands Coffee,Yes,Yes,Yes,No,No,2.0,30.0,60.0,Seg.02 - Mass Asp (VND 25K - VND 59K),44864,At-risk,2.0,1.0,1.0,2.0
816264,2019,Đà Nẵng,The Coffee House,Yes,Yes,No,No,No,0.0,0.0,0.0,,44867,Churn,1.0,0.0,0.0,1.0
816276,2019,Hà Nội,Phúc Long,Yes,Yes,No,No,No,0.0,0.0,0.0,,44872,Churn,1.0,0.0,0.0,1.0
816276,2019,Hà Nội,Cộng Cà Phê,Yes,Yes,No,No,No,0.0,0.0,0.0,,44875,Churn,1.0,0.0,0.0,1.0
816276,2019,Hà Nội,Highlands Coffee,Yes,Yes,Yes,Yes,No,7.0,70.0,490.0,Seg.03 - Premium (VND 60K - VND 99K),44877,Gold,3.0,3.0,3.0,5.0
816276,2019,Hà Nội,The Coffee House,Yes,Yes,Yes,No,No,2.0,50.0,100.0,Seg.02 - Mass Asp (VND 25K - VND 59K),44880,At-risk,2.0,1.0,2.0,2.0
816317,2019,Hà Nội,Highlands Coffee,Yes,Yes,No,No,No,0.0,0.0,0.0,,44889,Churn,1.0,0.0,0.0,1.0
816317,2019,Hà Nội,Cộng Cà Phê,Yes,Yes,Yes,No,No,2.0,50.0,100.0,Seg.02 - Mass Asp (VND 25K - VND 59K),44892,At-risk,2.0,1.0,2.0,2.0
816317,2019,Hà Nội,Trung Nguyên,Yes,Yes,Yes,No,No,2.0,50.0,100.0,Seg.02 - Mass Asp (VND 25K - VND 59K),44893,At-risk,2.0,1.0,2.0,2.0
816324,2019,Hải Phòng,Cộng Cà Phê,Yes,Yes,No,No,No,0.0,0.0,0.0,,44899,Churn,1.0,0.0,0.0,1.0
816324,2019,Hải Phòng,Highlands Coffee,Yes,Yes,Yes,No,No,2.0,50.0,100.0,Seg.02 - Mass Asp (VND 25K - VND 59K),44902,At-risk,2.0,1.0,2.0,2.0
816324,2019,Hải Phòng,The Coffee House,Yes,Yes,No,No,No,0.0,0.0,0.0,,44904,Churn,1.0,0.0,0.0,1.0
816362,2019,Hà Nội,Highlands Coffee,Yes,Yes,No,No,No,0.0,0.0,0.0,,44921,Churn,1.0,0.0,0.0,1.0
816450,2019,Cần Thơ,Highlands Coffee,Yes,Yes,No,No,No,0.0,0.0,0.0,,44946,Churn,1.0,0.0,0.0,1.0
816452,2019,Hồ Chí Minh,Highlands Coffee,Yes,Yes,Yes,Yes,No,5.0,49.0,245.0,Seg.02 - Mass Asp (VND 25K - VND 59K),44949,Bronze,3.0,2.0,2.0,3.0
816452,2019,Hồ Chí Minh,Phúc Long,Yes,Yes,Yes,No,No,2.0,50.0,100.0,Seg.02 - Mass Asp (VND 25K - VND 59K),44952,At-risk,2.0,1.0,2.0,2.0
816452,2019,Hồ Chí Minh,The Coffee House,Yes,Yes,No,No,No,0.0,0.0,0.0,,44954,Churn,1.0,0.0,0.0,1.0
816477,2019,Hà Nội,Cộng Cà Phê,Yes,Yes,No,No,No,0.0,0.0,0.0,,44972,Churn,1.0,0.0,0.0,1.0
816477,2019,Hà Nội,Phúc Long,Yes,Yes,No,No,No,0.0,0.0,0.0,,44973,Churn,1.0,0.0,0.0,1.0
816494,2019,Đà Nẵng,Highlands Coffee,Yes,Yes,Yes,No,No,3.0,59.0,177.0,Seg.02 - Mass Asp (VND 25K - VND 59K),44974,Silver,2.0,1.0,3.0,4.0
816561,2019,Hà Nội,Cộng Cà Phê,Yes,Yes,No,No,No,0.0,0.0,0.0,,44997,Churn,1.0,0.0,0.0,1.0
816561,2019,Hà Nội,Starbucks,Yes,Yes,Yes,No,No,1.0,40.0,40.0,Seg.02 - Mass Asp (VND 25K - VND 59K),44998,At-risk,2.0,1.0,2.0,2.0
816561,2019,Hà Nội,Highlands Coffee,Yes,Yes,Yes,No,No,1.0,50.0,50.0,Seg.02 - Mass Asp (VND 25K - VND 59K),45002,At-risk,2.0,1.0,2.0,2.0
816565,2019,Hà Nội,Cộng Cà Phê,Yes,Yes,Yes,Yes,No,4.0,45.0,180.0,Seg.02 - Mass Asp (VND 25K - VND 59K),45009,Bronze,3.0,2.0,2.0,3.0
816565,2019,Hà Nội,The Coffee House,Yes,Yes,Yes,No,No,1.0,40.0,40.0,Seg.02 - Mass Asp (VND 25K - VND 59K),45010,At-risk,2.0,1.0,2.0,2.0
816567,2019,Đà Nẵng,Cộng Cà Phê,Yes,Yes,No,No,No,0.0,0.0,0.0,,45016,Churn,1.0,0.0,0.0,1.0
816567,2019,Đà Nẵng,Highlands Coffee,Yes,Yes,No,No,No,0.0,0.0,0.0,,45018,Churn,1.0,0.0,0.0,1.0
816592,2019,Hồ Chí Minh,Phúc Long,Yes,Yes,Yes,No,No,3.0,55.0,165.0,Seg.02 - Mass Asp (VND 25K - VND 59K),45030,At-risk,2.0,1.0,2.0,2.0
816602,2019,Đà Nẵng,Trung Nguyên,Yes,Yes,No,No,No,0.0,0.0,0.0,,45036,Churn,1.0,0.0,0.0,1.0
816602,2019,Đà Nẵng,Highlands Coffee,Yes,Yes,Yes,No,No,2.0,50.0,100.0,Seg.02 - Mass Asp (VND 25K - VND 59K),45038,At-risk,2.0,1.0,2.0,2.0
816602,2019,Đà Nẵng,The Coffee House,Yes,Yes,No,No,No,0.0,0.0,0.0,,45041,Churn,1.0,0.0,0.0,1.0
816649,2019,Hà Nội,Cộng Cà Phê,Yes,Yes,Yes,No,No,1.0,40.0,40.0,Seg.02 - Mass Asp (VND 25K - VND 59K),45053,At-risk,2.0,1.0,2.0,2.0
816708,2019,Hồ Chí Minh,Highlands Coffee,Yes,Yes,Yes,No,No,3.0,29.0,87.0,Seg.02 - Mass Asp (VND 25K - VND 59K),45063,At-risk,2.0,1.0,1.0,2.0
816754,2019,Hồ Chí Minh,The Coffee House,Yes,Yes,No,No,No,0.0,0.0,0.0,,45092,Churn,1.0,0.0,0.0,1.0
816754,2019,Hồ Chí Minh,Trung Nguyên,Yes,Yes,Yes,No,No,2.0,35.0,70.0,Seg.02 - Mass Asp (VND 25K - VND 59K),45094,At-risk,2.0,1.0,1.0,2.0
816754,2019,Hồ Chí Minh,Highlands Coffee,Yes,Yes,No,No,No,0.0,0.0,0.0,,45097,Churn,1.0,0.0,0.0,1.0
816824,2019,Hồ Chí Minh,Highlands Coffee,Yes,Yes,No,No,No,0.0,0.0,0.0,,45103,Churn,1.0,0.0,0.0,1.0
816873,2019,Hải Phòng,Highlands Coffee,Yes,Yes,Yes,Yes,No,5.0,50.0,250.0,Seg.02 - Mass Asp (VND 25K - VND 59K),45118,Bronze,3.0,2.0,2.0,3.0
816873,2019,Hải Phòng,Cộng Cà Phê,Yes,Yes,Yes,No,No,3.0,70.0,210.0,Seg.03 - Premium (VND 60K - VND 99K),45119,Silver,2.0,1.0,3.0,4.0
816873,2019,Hải Phòng,The Coffee House,Yes,Yes,Yes,No,No,2.0,60.0,120.0,Seg.03 - Premium (VND 60K - VND 99K),45122,Silver,2.0,1.0,3.0,4.0
816880,2019,Hà Nội,Highlands Coffee,Yes,Yes,Yes,No,No,3.0,70.0,210.0,Seg.03 - Premium (VND 60K - VND 99K),45131,Silver,2.0,1.0,3.0,4.0
816880,2019,Hà Nội,Cộng Cà Phê,Yes,Yes,Yes,Yes,No,7.0,60.0,420.0,Seg.03 - Premium (VND 60K - VND 99K),45134,Gold,3.0,3.0,3.0,5.0
816906,2019,Nha Trang,Highlands Coffee,Yes,Yes,No,No,No,0.0,0.0,0.0,,45153,Churn,1.0,0.0,0.0,1.0
816929,2019,Đà Nẵng,Highlands Coffee,Yes,Yes,Yes,Yes,No,6.0,59.0,354.0,Seg.02 - Mass Asp (VND 25K - VND 59K),45165,Gold,3.0,3.0,3.0,5.0
816932,2019,Hải Phòng,Highlands Coffee,Yes,Yes,Yes,Yes,No,8.0,125.0,1000.0,Seg.04 - Super Premium (VND 100K+),45168,Gold,3.0,4.0,4.0,5.0
816940,2019,Hà Nội,The Coffee House,Yes,Yes,Yes,Yes,No,6.0,60.0,360.0,Seg.03 - Premium (VND 60K - VND 99K),45171,Gold,3.0,3.0,3.0,5.0
816940,2019,Hà Nội,Cộng Cà Phê,Yes,Yes,Yes,No,No,2.0,50.0,100.0,Seg.02 - Mass Asp (VND 25K - VND 59K),45175,At-risk,2.0,1.0,2.0,2.0
816940,2019,Hà Nội,Starbucks,Yes,Yes,Yes,No,No,1.0,80.0,80.0,Seg.03 - Premium (VND 60K - VND 99K),45176,Silver,2.0,1.0,3.0,4.0
816972,2019,Hồ Chí Minh,Trung Nguyên,Yes,Yes,Yes,Yes,No,4.0,45.0,180.0,Seg.02 - Mass Asp (VND 25K - VND 59K),45189,Bronze,3.0,2.0,2.0,3.0
817010,2019,Hải Phòng,Highlands Coffee,Yes,Yes,Yes,No,No,3.0,50.0,150.0,Seg.02 - Mass Asp (VND 25K - VND 59K),45207,At-risk,2.0,1.0,2.0,2.0
817023,2019,Hà Nội,Highlands Coffee,Yes,Yes,Yes,No,No,2.0,60.0,120.0,Seg.03 - Premium (VND 60K - VND 99K),45213,Silver,2.0,1.0,3.0,4.0
817059,2019,Hồ Chí Minh,Highlands Coffee,Yes,Yes,Yes,Yes,No,4.0,60.0,240.0,Seg.03 - Premium (VND 60K - VND 99K),45231,Silver,3.0,2.0,3.0,4.0
817086,2019,Hồ Chí Minh,Trung Nguyên,Yes,Yes,No,No,No,0.0,0.0,0.0,,45244,Churn,1.0,0.0,0.0,1.0
817086,2019,Hồ Chí Minh,Highlands Coffee,Yes,Yes,No,No,No,0.0,0.0,0.0,,45245,Churn,1.0,0.0,0.0,1.0
817121,2019,Hải Phòng,Highlands Coffee,Yes,Yes,Yes,No,No,2.0,40.0,80.0,Seg.02 - Mass Asp (VND 25K - VND 59K),45258,At-risk,2.0,1.0,2.0,2.0
817190,2019,Đà Nẵng,Trung Nguyên,Yes,Yes,No,No,No,0.0,0.0,0.0,,45262,Churn,1.0,0.0,0.0,1.0
817282,2019,Đà Nẵng,Trung Nguyên,Yes,Yes,Yes,No,No,3.0,14.0,42.0,Seg.01 - Mass (<VND 25K),45270,At-risk,2.0,1.0,1.0,2.0
817282,2019,Đà Nẵng,Highlands Coffee,Yes,Yes,Yes,Yes,No,5.0,59.0,295.0,Seg.02 - Mass Asp (VND 25K - VND 59K),45271,Silver,3.0,2.0,3.0,4.0
817317,2019,Đà Nẵng,Highlands Coffee,Yes,Yes,Yes,Yes,No,7.0,59.0,413.0,Seg.02 - Mass Asp (VND 25K - VND 59K),45276,Gold,3.0,3.0,3.0,5.0
817454,2019,Hà Nội,Trung Nguyên,Yes,Yes,Yes,No,No,2.0,70.0,140.0,Seg.03 - Premium (VND 60K - VND 99K),45285,Silver,2.0,1.0,3.0,4.0
817454,2019,Hà Nội,Highlands Coffee,Yes,Yes,Yes,No,No,1.0,70.0,70.0,Seg.03 - Premium (VND 60K - VND 99K),45287,Silver,2.0,1.0,3.0,4.0
817470,2019,Hà Nội,Cộng Cà Phê,Yes,Yes,Yes,Yes,No,6.0,50.0,300.0,Seg.02 - Mass Asp (VND 25K - VND 59K),45297,Bronze,3.0,3.0,2.0,3.0
817470,2019,Hà Nội,The Coffee House,Yes,Yes,No,No,No,0.0,0.0,0.0,,45299,Churn,1.0,0.0,0.0,1.0
817470,2019,Hà Nội,Phúc Long,Yes,Yes,No,No,No,0.0,0.0,0.0,,45301,Churn,1.0,0.0,0.0,1.0
817470,2019,Hà Nội,Highlands Coffee,Yes,Yes,Yes,No,No,2.0,50.0,100.0,Seg.02 - Mass Asp (VND 25K - VND 59K),45303,At-risk,2.0,1.0,2.0,2.0
817471,2019,Hà Nội,Cộng Cà Phê,Yes,Yes,Yes,No,No,1.0,50.0,50.0,Seg.02 - Mass Asp (VND 25K - VND 59K),45310,At-risk,2.0,1.0,2.0,2.0
817471,2019,Hà Nội,Highlands Coffee,Yes,Yes,No,No,No,0.0,0.0,0.0,,45314,Churn,1.0,0.0,0.0,1.0
817476,2019,Hà Nội,Starbucks,Yes,Yes,Yes,Yes,No,4.0,50.0,200.0,Seg.02 - Mass Asp (VND 25K - VND 59K),45325,Bronze,3.0,2.0,2.0,3.0
817476,2019,Hà Nội,The Coffee House,Yes,Yes,Yes,No,No,2.0,50.0,100.0,Seg.02 - Mass Asp (VND 25K - VND 59K),45326,At-risk,2.0,1.0,2.0,2.0
817476,2019,Hà Nội,Highlands Coffee,Yes,Yes,No,No,No,0.0,0.0,0.0,,45329,Churn,1.0,0.0,0.0,1.0
817486,2019,Hồ Chí Minh,Trung Nguyên,Yes,Yes,No,No,No,0.0,0.0,0.0,,45330,Churn,1.0,0.0,0.0,1.0
817503,2019,Đà Nẵng,Highlands Coffee,Yes,Yes,Yes,Yes,No,4.0,120.0,480.0,Seg.04 - Super Premium (VND 100K+),45343,Silver,3.0,2.0,4.0,4.0
817548,2019,Nha Trang,Highlands Coffee,Yes,Yes,Yes,Yes,Yes,30.0,40.0,1200.0,Seg.02 - Mass Asp (VND 25K - VND 59K),45361,Gold,4.0,4.0,2.0,5.0
817559,2019,Hà Nội,Highlands Coffee,Yes,Yes,No,No,No,0.0,0.0,0.0,,45366,Churn,1.0,0.0,0.0,1.0
817559,2019,Hà Nội,Cộng Cà Phê,Yes,Yes,No,No,No,0.0,0.0,0.0,,45367,Churn,1.0,0.0,0.0,1.0
817559,2019,Hà Nội,Trung Nguyên,Yes,Yes,Yes,No,No,3.0,50.0,150.0,Seg.02 - Mass Asp (VND 25K - VND 59K),45373,At-risk,2.0,1.0,2.0,2.0
817568,2019,Hà Nội,Highlands Coffee,Yes,Yes,Yes,No,No,2.0,35.0,70.0,Seg.02 - Mass Asp (VND 25K - VND 59K),45384,At-risk,2.0,1.0,1.0,2.0
817607,2019,Hồ Chí Minh,Highlands Coffee,Yes,Yes,No,No,No,0.0,0.0,0.0,,45395,Churn,1.0,0.0,0.0,1.0
817681,2019,Hà Nội,Highlands Coffee,Yes,Yes,Yes,No,No,3.0,30.0,90.0,Seg.02 - Mass Asp (VND 25K - VND 59K),45423,At-risk,2.0,1.0,1.0,2.0
817690,2019,Hà Nội,Highlands Coffee,Yes,Yes,Yes,Yes,No,5.0,35.0,175.0,Seg.02 - Mass Asp (VND 25K - VND 59K),45432,Bronze,3.0,2.0,1.0,3.0
817723,2019,Nha Trang,Highlands Coffee,Yes,Yes,Yes,No,No,1.0,35.0,35.0,Seg.02 - Mass Asp (VND 25K - VND 59K),45445,At-risk,2.0,1.0,1.0,2.0
817758,2019,Đà Nẵng,Highlands Coffee,Yes,Yes,Yes,Yes,No,6.0,69.0,414.0,Seg.03 - Premium (VND 60K - VND 99K),45458,Gold,3.0,3.0,3.0,5.0
817815,2019,Hà Nội,The Coffee House,Yes,Yes,Yes,No,No,3.0,60.0,180.0,Seg.03 - Premium (VND 60K - VND 99K),45505,Silver,2.0,1.0,3.0,4.0
817815,2019,Hà Nội,Highlands Coffee,Yes,Yes,Yes,No,No,1.0,40.0,40.0,Seg.02 - Mass Asp (VND 25K - VND 59K),45506,At-risk,2.0,1.0,2.0,2.0
817824,2019,Nha Trang,Phúc Long,Yes,Yes,Yes,No,No,1.0,50.0,50.0,Seg.02 - Mass Asp (VND 25K - VND 59K),45512,At-risk,2.0,1.0,2.0,2.0
817824,2019,Nha Trang,Highlands Coffee,Yes,Yes,Yes,No,No,2.0,49.0,98.0,Seg.02 - Mass Asp (VND 25K - VND 59K),45514,At-risk,2.0,1.0,2.0,2.0
817882,2019,Hải Phòng,Highlands Coffee,Yes,Yes,No,No,No,0.0,0.0,0.0,,45533,Churn,1.0,0.0,0.0,1.0
817885,2019,Hải Phòng,Starbucks,Yes,Yes,No,No,No,0.0,0.0,0.0,,45536,Churn,1.0,0.0,0.0,1.0
817885,2019,Hải Phòng,Highlands Coffee,Yes,Yes,Yes,Yes,No,4.0,200.0,800.0,Seg.04 - Super Premium (VND 100K+),45538,Silver,3.0,2.0,4.0,4.0
817885,2019,Hải Phòng,The Coffee House,Yes,Yes,No,No,No,0.0,0.0,0.0,,45541,Churn,1.0,0.0,0.0,1.0
817885,2019,Hải Phòng,Cộng Cà Phê,Yes,Yes,No,No,No,0.0,0.0,0.0,,45542,Churn,1.0,0.0,0.0,1.0
817911,2019,Hà Nội,Cộng Cà Phê,Yes,Yes,No,No,No,0.0,0.0,0.0,,45568,Churn,1.0,0.0,0.0,1.0
817919,2019,Cần Thơ,Highlands Coffee,Yes,Yes,No,No,No,0.0,0.0,0.0,,45571,Churn,1.0,0.0,0.0,1.0
817919,2019,Cần Thơ,The Coffee House,Yes,Yes,No,No,No,0.0,0.0,0.0,,45574,Churn,1.0,0.0,0.0,1.0
817922,2019,Cần Thơ,Highlands Coffee,Yes,Yes,No,No,No,0.0,0.0,0.0,,45579,Churn,1.0,0.0,0.0,1.0
817926,2019,Hồ Chí Minh,Highlands Coffee,Yes,Yes,Yes,Yes,No,5.0,55.0,275.0,Seg.02 - Mass Asp (VND 25K - VND 59K),45589,Bronze,3.0,2.0,2.0,3.0
817989,2019,Cần Thơ,Highlands Coffee,Yes,Yes,No,No,No,0.0,0.0,0.0,,45604,Churn,1.0,0.0,0.0,1.0
817993,2019,Hà Nội,Cộng Cà Phê,Yes,Yes,Yes,No,No,3.0,35.0,105.0,Seg.02 - Mass Asp (VND 25K - VND 59K),45617,At-risk,2.0,1.0,1.0,2.0
818009,2019,Hà Nội,Phúc Long,Yes,Yes,No,No,No,0.0,0.0,0.0,,45637,Churn,1.0,0.0,0.0,1.0
818009,2019,Hà Nội,Highlands Coffee,Yes,Yes,Yes,No,No,2.0,60.0,120.0,Seg.03 - Premium (VND 60K - VND 99K),45638,Silver,2.0,1.0,3.0,4.0
818018,2019,Đà Nẵng,The Coffee House,Yes,Yes,No,No,No,0.0,0.0,0.0,,45655,Churn,1.0,0.0,0.0,1.0
818027,2019,Hồ Chí Minh,The Coffee House,Yes,Yes,No,No,No,0.0,0.0,0.0,,45673,Churn,1.0,0.0,0.0,1.0
818027,2019,Hồ Chí Minh,Highlands Coffee,Yes,Yes,Yes,Yes,No,4.0,60.0,240.0,Seg.03 - Premium (VND 60K - VND 99K),45676,Silver,3.0,2.0,3.0,4.0
818028,2019,Hà Nội,Highlands Coffee,Yes,Yes,Yes,No,No,1.0,45.0,45.0,Seg.02 - Mass Asp (VND 25K - VND 59K),45678,At-risk,2.0,1.0,2.0,2.0
818028,2019,Hà Nội,Trung Nguyên,Yes,Yes,Yes,No,No,1.0,40.0,40.0,Seg.02 - Mass Asp (VND 25K - VND 59K),45682,At-risk,2.0,1.0,2.0,2.0
818035,2019,Cần Thơ,Highlands Coffee,Yes,Yes,No,No,No,0.0,0.0,0.0,,45693,Churn,1.0,0.0,0.0,1.0
818047,2019,Đà Nẵng,Highlands Coffee,Yes,Yes,No,No,No,0.0,0.0,0.0,,45706,Churn,1.0,0.0,0.0,1.0
818047,2019,Đà Nẵng,The Coffee House,Yes,Yes,Yes,Yes,No,12.0,50.0,600.0,Seg.02 - Mass Asp (VND 25K - VND 59K),45707,Gold,3.0,4.0,2.0,5.0
818075,2019,Hải Phòng,The Coffee House,Yes,Yes,Yes,Yes,No,8.0,50.0,400.0,Seg.02 - Mass Asp (VND 25K - VND 59K),45717,Gold,3.0,4.0,2.0,5.0
818116,2019,Hà Nội,Highlands Coffee,Yes,Yes,No,No,No,0.0,0.0,0.0,,45747,Churn,1.0,0.0,0.0,1.0
818136,2019,Hà Nội,Trung Nguyên,Yes,Yes,Yes,Yes,No,8.0,40.0,320.0,Seg.02 - Mass Asp (VND 25K - VND 59K),45769,Gold,3.0,4.0,2.0,5.0
818136,2019,Hà Nội,Cộng Cà Phê,Yes,Yes,No,No,No,0.0,0.0,0.0,,45772,Churn,1.0,0.0,0.0,1.0
818139,2019,Hà Nội,Cộng Cà Phê,Yes,Yes,No,No,No,0.0,0.0,0.0,,45776,Churn,1.0,0.0,0.0,1.0
818139,2019,Hà Nội,Highlands Coffee,Yes,Yes,No,No,No,0.0,0.0,0.0,,45781,Churn,1.0,0.0,0.0,1.0
818142,2019,Hà Nội,Cộng Cà Phê,Yes,Yes,No,No,No,0.0,0.0,0.0,,45783,Churn,1.0,0.0,0.0,1.0
818142,2019,Hà Nội,Highlands Coffee,Yes,Yes,Yes,Yes,No,6.0,50.0,300.0,Seg.02 - Mass Asp (VND 25K - VND 59K),45788,Bronze,3.0,3.0,2.0,3.0
818142,2019,Hà Nội,The Coffee House,Yes,Yes,No,No,No,0.0,0.0,0.0,,45790,Churn,1.0,0.0,0.0,1.0
818144,2019,Hà Nội,The Coffee House,Yes,Yes,Yes,No,No,3.0,60.0,180.0,Seg.03 - Premium (VND 60K - VND 99K),45794,Silver,2.0,1.0,3.0,4.0
818144,2019,Hà Nội,Phúc Long,Yes,Yes,No,No,No,0.0,0.0,0.0,,45797,Churn,1.0,0.0,0.0,1.0
818144,2019,Hà Nội,Highlands Coffee,Yes,Yes,Yes,No,No,1.0,60.0,60.0,Seg.03 - Premium (VND 60K - VND 99K),45799,Silver,2.0,1.0,3.0,4.0
818178,2019,Hà Nội,Highlands Coffee,Yes,Yes,Yes,No,No,2.0,50.0,100.0,Seg.02 - Mass Asp (VND 25K - VND 59K),45831,At-risk,2.0,1.0,2.0,2.0
818185,2019,Hà Nội,Phúc Long,Yes,Yes,No,No,No,0.0,0.0,0.0,,45836,Churn,1.0,0.0,0.0,1.0
818185,2019,Hà Nội,Highlands Coffee,Yes,Yes,Yes,No,No,2.0,50.0,100.0,Seg.02 - Mass Asp (VND 25K - VND 59K),45842,At-risk,2.0,1.0,2.0,2.0
818185,2019,Hà Nội,The Coffee House,Yes,Yes,No,No,No,0.0,0.0,0.0,,45843,Churn,1.0,0.0,0.0,1.0
818186,2019,Hồ Chí Minh,Highlands Coffee,Yes,Yes,Yes,No,No,2.0,49.0,98.0,Seg.02 - Mass Asp (VND 25K - VND 59K),45846,At-risk,2.0,1.0,2.0,2.0
818186,2019,Hồ Chí Minh,Starbucks,Yes,Yes,Yes,Yes,No,4.0,50.0,200.0,Seg.02 - Mass Asp (VND 25K - VND 59K),45847,Bronze,3.0,2.0,2.0,3.0
818186,2019,Hồ Chí Minh,The Coffee House,Yes,Yes,No,No,No,0.0,0.0,0.0,,45851,Churn,1.0,0.0,0.0,1.0
818186,2019,Hồ Chí Minh,Phúc Long,Yes,Yes,No,No,No,0.0,0.0,0.0,,45854,Churn,1.0,0.0,0.0,1.0
818195,2019,Hồ Chí Minh,Highlands Coffee,Yes,Yes,Yes,Yes,No,4.0,40.0,160.0,Seg.02 - Mass Asp (VND 25K - VND 59K),45859,Bronze,3.0,2.0,2.0,3.0
818195,2019,Hồ Chí Minh,The Coffee House,Yes,Yes,Yes,No,No,2.0,40.0,80.0,Seg.02 - Mass Asp (VND 25K - VND 59K),45863,At-risk,2.0,1.0,2.0,2.0
818238,2019,Hà Nội,Cộng Cà Phê,Yes,Yes,Yes,No,No,3.0,40.0,120.0,Seg.02 - Mass Asp (VND 25K - VND 59K),45879,At-risk,2.0,1.0,2.0,2.0
818238,2019,Hà Nội,Highlands Coffee,Yes,Yes,No,No,No,0.0,0.0,0.0,,45883,Churn,1.0,0.0,0.0,1.0
818269,2019,Hà Nội,Highlands Coffee,Yes,Yes,Yes,No,No,3.0,45.0,135.0,Seg.02 - Mass Asp (VND 25K - VND 59K),45903,At-risk,2.0,1.0,2.0,2.0
818269,2019,Hà Nội,Cộng Cà Phê,Yes,Yes,Yes,No,No,1.0,45.0,45.0,Seg.02 - Mass Asp (VND 25K - VND 59K),45904,At-risk,2.0,1.0,2.0,2.0
818269,2019,Hà Nội,Starbucks,Yes,Yes,No,No,No,0.0,0.0,0.0,,45905,Churn,1.0,0.0,0.0,1.0
818302,2019,Cần Thơ,Highlands Coffee,Yes,Yes,No,No,No,0.0,0.0,0.0,,45927,Churn,1.0,0.0,0.0,1.0
818307,2019,Hà Nội,Highlands Coffee,Yes,Yes,No,No,No,0.0,0.0,0.0,,45936,Churn,1.0,0.0,0.0,1.0
818320,2019,Hồ Chí Minh,The Coffee House,Yes,Yes,No,No,No,0.0,0.0,0.0,,45938,Churn,1.0,0.0,0.0,1.0
818320,2019,Hồ Chí Minh,Highlands Coffee,Yes,Yes,Yes,No,No,3.0,70.0,210.0,Seg.03 - Premium (VND 60K - VND 99K),45941,Silver,2.0,1.0,3.0,4.0
818325,2019,Đà Nẵng,Trung Nguyên,Yes,Yes,Yes,Yes,No,13.0,30.0,390.0,Seg.02 - Mass Asp (VND 25K - VND 59K),45948,Gold,3.0,4.0,1.0,5.0
818325,2019,Đà Nẵng,Highlands Coffee,Yes,Yes,No,No,No,0.0,0.0,0.0,,45952,Churn,1.0,0.0,0.0,1.0
818355,2019,Hà Nội,Highlands Coffee,Yes,Yes,Yes,No,No,2.0,40.0,80.0,Seg.02 - Mass Asp (VND 25K - VND 59K),45967,At-risk,2.0,1.0,2.0,2.0
818355,2019,Hà Nội,Cộng Cà Phê,Yes,Yes,No,No,No,0.0,0.0,0.0,,45974,Churn,1.0,0.0,0.0,1.0
818359,2019,Đà Nẵng,The Coffee House,Yes,Yes,Yes,Yes,No,10.0,60.0,600.0,Seg.03 - Premium (VND 60K - VND 99K),45979,Gold,3.0,4.0,3.0,5.0
818359,2019,Đà Nẵng,Highlands Coffee,Yes,Yes,Yes,No,No,2.0,60.0,120.0,Seg.03 - Premium (VND 60K - VND 99K),45980,Silver,2.0,1.0,3.0,4.0
818368,2019,Hà Nội,Cộng Cà Phê,Yes,Yes,No,No,No,0.0,0.0,0.0,,45985,Churn,1.0,0.0,0.0,1.0
818368,2019,Hà Nội,Highlands Coffee,Yes,Yes,No,No,No,0.0,0.0,0.0,,45988,Churn,1.0,0.0,0.0,1.0
818368,2019,Hà Nội,The Coffee House,Yes,Yes,Yes,No,No,2.0,45.0,90.0,Seg.02 - Mass Asp (VND 25K - VND 59K),45992,At-risk,2.0,1.0,2.0,2.0
818412,2019,Đà Nẵng,Highlands Coffee,Yes,Yes,Yes,Yes,No,5.0,40.0,200.0,Seg.02 - Mass Asp (VND 25K - VND 59K),45998,Bronze,3.0,2.0,2.0,3.0
818461,2019,Hà Nội,Cộng Cà Phê,Yes,Yes,Yes,No,No,2.0,45.0,90.0,Seg.02 - Mass Asp (VND 25K - VND 59K),46019,At-risk,2.0,1.0,2.0,2.0
818461,2019,Hà Nội,The Coffee House,Yes,Yes,Yes,Yes,No,4.0,40.0,160.0,Seg.02 - Mass Asp (VND 25K - VND 59K),46021,Bronze,3.0,2.0,2.0,3.0
818464,2019,Hà Nội,The Coffee House,Yes,Yes,Yes,Yes,No,4.0,75.0,300.0,Seg.03 - Premium (VND 60K - VND 99K),46027,Silver,3.0,2.0,3.0,4.0
818464,2019,Hà Nội,Cộng Cà Phê,Yes,Yes,No,No,No,0.0,0.0,0.0,,46029,Churn,1.0,0.0,0.0,1.0
818464,2019,Hà Nội,Highlands Coffee,Yes,Yes,No,No,No,0.0,0.0,0.0,,46032,Churn,1.0,0.0,0.0,1.0
818466,2019,Hà Nội,Cộng Cà Phê,Yes,Yes,Yes,Yes,No,6.0,30.0,180.0,Seg.02 - Mass Asp (VND 25K - VND 59K),46037,Bronze,3.0,3.0,1.0,3.0
818467,2019,Đà Nẵng,Highlands Coffee,Yes,Yes,No,No,No,0.0,0.0,0.0,,46044,Churn,1.0,0.0,0.0,1.0
818467,2019,Đà Nẵng,Phúc Long,Yes,Yes,Yes,Yes,No,4.0,40.0,160.0,Seg.02 - Mass Asp (VND 25K - VND 59K),46045,Bronze,3.0,2.0,2.0,3.0
818672,2019,Nha Trang,Highlands Coffee,Yes,Yes,Yes,Yes,No,10.0,40.0,400.0,Seg.02 - Mass Asp (VND 25K - VND 59K),46082,Gold,3.0,4.0,2.0,5.0
818733,2019,Hà Nội,Cộng Cà Phê,Yes,Yes,No,No,No,0.0,0.0,0.0,,46091,Churn,1.0,0.0,0.0,1.0
818733,2019,Hà Nội,Highlands Coffee,Yes,Yes,Yes,Yes,No,4.0,60.0,240.0,Seg.03 - Premium (VND 60K - VND 99K),46095,Silver,3.0,2.0,3.0,4.0
818739,2019,Hà Nội,Trung Nguyên,Yes,Yes,Yes,Yes,No,5.0,50.0,250.0,Seg.02 - Mass Asp (VND 25K - VND 59K),46104,Bronze,3.0,2.0,2.0,3.0
818777,2019,Hà Nội,Highlands Coffee,Yes,Yes,Yes,No,No,1.0,50.0,50.0,Seg.02 - Mass Asp (VND 25K - VND 59K),46139,At-risk,2.0,1.0,2.0,2.0
818791,2019,Cần Thơ,Highlands Coffee,Yes,Yes,Yes,No,No,2.0,50.0,100.0,Seg.02 - Mass Asp (VND 25K - VND 59K),46142,At-risk,2.0,1.0,2.0,2.0
818857,2019,Hải Phòng,Trung Nguyên,Yes,Yes,No,No,No,0.0,0.0,0.0,,46161,Churn,1.0,0.0,0.0,1.0
818857,2019,Hải Phòng,Highlands Coffee,Yes,Yes,Yes,No,No,2.0,50.0,100.0,Seg.02 - Mass Asp (VND 25K - VND 59K),46162,At-risk,2.0,1.0,2.0,2.0
818915,2019,Hải Phòng,The Coffee House,Yes,Yes,No,No,No,0.0,0.0,0.0,,46178,Churn,1.0,0.0,0.0,1.0
819209,2019,Hồ Chí Minh,Trung Nguyên,Yes,Yes,Yes,Yes,Yes,20.0,30.0,600.0,Seg.02 - Mass Asp (VND 25K - VND 59K),46195,Gold,4.0,4.0,1.0,5.0
819408,2019,Hà Nội,Highlands Coffee,Yes,Yes,Yes,No,No,3.0,80.0,240.0,Seg.03 - Premium (VND 60K - VND 99K),46223,Silver,2.0,1.0,3.0,4.0
819408,2019,Hà Nội,Cộng Cà Phê,Yes,Yes,No,No,No,0.0,0.0,0.0,,46226,Churn,1.0,0.0,0.0,1.0
819408,2019,Hà Nội,The Coffee House,Yes,Yes,Yes,No,No,1.0,60.0,60.0,Seg.03 - Premium (VND 60K - VND 99K),46229,Silver,2.0,1.0,3.0,4.0
819429,2019,Hà Nội,Cộng Cà Phê,Yes,Yes,Yes,Yes,No,8.0,40.0,320.0,Seg.02 - Mass Asp (VND 25K - VND 59K),46232,Gold,3.0,4.0,2.0,5.0
819429,2019,Hà Nội,Highlands Coffee,Yes,Yes,Yes,No,No,3.0,50.0,150.0,Seg.02 - Mass Asp (VND 25K - VND 59K),46234,At-risk,2.0,1.0,2.0,2.0
819429,2019,Hà Nội,Starbucks,Yes,Yes,Yes,No,No,3.0,70.0,210.0,Seg.03 - Premium (VND 60K - VND 99K),46237,Silver,2.0,1.0,3.0,4.0
819429,2019,Hà Nội,The Coffee House,Yes,Yes,No,No,No,0.0,0.0,0.0,,46242,Churn,1.0,0.0,0.0,1.0
819555,2019,Hà Nội,Highlands Coffee,Yes,Yes,Yes,No,No,3.0,60.0,180.0,Seg.03 - Premium (VND 60K - VND 99K),46259,Silver,2.0,1.0,3.0,4.0
819558,2019,Hà Nội,Cộng Cà Phê,Yes,Yes,Yes,Yes,No,5.0,60.0,300.0,Seg.03 - Premium (VND 60K - VND 99K),46260,Silver,3.0,2.0,3.0,4.0
819558,2019,Hà Nội,Trung Nguyên,Yes,Yes,No,No,No,0.0,0.0,0.0,,46265,Churn,1.0,0.0,0.0,1.0
819569,2019,Hà Nội,Cộng Cà Phê,Yes,Yes,No,No,No,0.0,0.0,0.0,,46267,Churn,1.0,0.0,0.0,1.0
819569,2019,Hà Nội,Trung Nguyên,Yes,Yes,Yes,No,No,3.0,70.0,210.0,Seg.03 - Premium (VND 60K - VND 99K),46271,Silver,2.0,1.0,3.0,4.0
819569,2019,Hà Nội,Highlands Coffee,Yes,Yes,No,No,No,0.0,0.0,0.0,,46278,Churn,1.0,0.0,0.0,1.0
819642,2019,Hà Nội,Cộng Cà Phê,Yes,Yes,No,No,No,0.0,0.0,0.0,,46284,Churn,1.0,0.0,0.0,1.0
819642,2019,Hà Nội,Highlands Coffee,Yes,Yes,Yes,Yes,No,6.0,50.0,300.0,Seg.02 - Mass Asp (VND 25K - VND 59K),46285,Bronze,3.0,3.0,2.0,3.0
819706,2019,Hồ Chí Minh,Highlands Coffee,Yes,Yes,Yes,No,No,3.0,39.0,117.0,Seg.02 - Mass Asp (VND 25K - VND 59K),46300,At-risk,2.0,1.0,2.0,2.0
819759,2019,Hà Nội,Cộng Cà Phê,Yes,Yes,No,No,No,0.0,0.0,0.0,,46308,Churn,1.0,0.0,0.0,1.0
819761,2019,Hà Nội,Cộng Cà Phê,Yes,Yes,No,No,No,0.0,0.0,0.0,,46316,Churn,1.0,0.0,0.0,1.0
819843,2019,Đà Nẵng,Highlands Coffee,Yes,Yes,Yes,No,No,2.0,29.0,58.0,Seg.02 - Mass Asp (VND 25K - VND 59K),46329,At-risk,2.0,1.0,1.0,2.0
819872,2019,Hồ Chí Minh,Trung Nguyên,Yes,Yes,No,No,No,0.0,0.0,0.0,,46345,Churn,1.0,0.0,0.0,1.0
819873,2019,Hồ Chí Minh,Trung Nguyên,Yes,Yes,Yes,Yes,Yes,25.0,30.0,750.0,Seg.02 - Mass Asp (VND 25K - VND 59K),46355,Gold,4.0,4.0,1.0,5.0
819896,2019,Hà Nội,Cộng Cà Phê,Yes,Yes,Yes,No,No,3.0,60.0,180.0,Seg.03 - Premium (VND 60K - VND 99K),46358,Silver,2.0,1.0,3.0,4.0
819896,2019,Hà Nội,Starbucks,Yes,Yes,Yes,No,No,1.0,80.0,80.0,Seg.03 - Premium (VND 60K - VND 99K),46365,Silver,2.0,1.0,3.0,4.0
819897,2019,Hồ Chí Minh,Highlands Coffee,Yes,Yes,Yes,No,No,2.0,55.0,110.0,Seg.02 - Mass Asp (VND 25K - VND 59K),46370,At-risk,2.0,1.0,2.0,2.0
819897,2019,Hồ Chí Minh,Phúc Long,Yes,Yes,Yes,Yes,No,10.0,65.0,650.0,Seg.03 - Premium (VND 60K - VND 99K),46371,Gold,3.0,4.0,3.0,5.0
819919,2019,Hà Nội,Cộng Cà Phê,Yes,Yes,Yes,No,No,1.0,60.0,60.0,Seg.03 - Premium (VND 60K - VND 99K),46377,Silver,2.0,1.0,3.0,4.0
819919,2019,Hà Nội,Highlands Coffee,Yes,Yes,Yes,No,No,2.0,70.0,140.0,Seg.03 - Premium (VND 60K - VND 99K),46378,Silver,2.0,1.0,3.0,4.0
819919,2019,Hà Nội,The Coffee House,Yes,Yes,No,No,No,0.0,0.0,0.0,,46381,Churn,1.0,0.0,0.0,1.0
819927,2019,Hà Nội,Highlands Coffee,Yes,Yes,No,No,No,0.0,0.0,0.0,,46390,Churn,1.0,0.0,0.0,1.0
819927,2019,Hà Nội,Cộng Cà Phê,Yes,Yes,Yes,No,No,1.0,40.0,40.0,Seg.02 - Mass Asp (VND 25K - VND 59K),46394,At-risk,2.0,1.0,2.0,2.0
819934,2019,Hải Phòng,The Coffee House,Yes,Yes,No,No,No,0.0,0.0,0.0,,46402,Churn,1.0,0.0,0.0,1.0
819934,2019,Hải Phòng,Highlands Coffee,Yes,Yes,Yes,Yes,No,9.0,65.0,585.0,Seg.03 - Premium (VND 60K - VND 99K),46404,Gold,3.0,4.0,3.0,5.0
819966,2019,Hà Nội,Highlands Coffee,Yes,Yes,Yes,Yes,No,6.0,60.0,360.0,Seg.03 - Premium (VND 60K - VND 99K),46413,Gold,3.0,3.0,3.0,5.0
819966,2019,Hà Nội,Cộng Cà Phê,Yes,Yes,Yes,Yes,No,4.0,60.0,240.0,Seg.03 - Premium (VND 60K - VND 99K),46415,Silver,3.0,2.0,3.0,4.0
819984,2019,Hà Nội,Cộng Cà Phê,Yes,Yes,Yes,No,No,1.0,50.0,50.0,Seg.02 - Mass Asp (VND 25K - VND 59K),46427,At-risk,2.0,1.0,2.0,2.0
819984,2019,Hà Nội,Highlands Coffee,Yes,Yes,No,No,No,0.0,0.0,0.0,,46431,Churn,1.0,0.0,0.0,1.0
819998,2019,Hà Nội,Cộng Cà Phê,Yes,Yes,No,No,No,0.0,0.0,0.0,,46432,Churn,1.0,0.0,0.0,1.0
820014,2019,Hồ Chí Minh,Phúc Long,Yes,Yes,No,No,No,0.0,0.0,0.0,,46441,Churn,1.0,0.0,0.0,1.0
820016,2019,Hải Phòng,Highlands Coffee,Yes,Yes,Yes,No,No,2.0,55.0,110.0,Seg.02 - Mass Asp (VND 25K - VND 59K),46447,At-risk,2.0,1.0,2.0,2.0
820045,2019,Hồ Chí Minh,The Coffee House,Yes,Yes,No,No,No,0.0,0.0,0.0,,46467,Churn,1.0,0.0,0.0,1.0
820045,2019,Hồ Chí Minh,Phúc Long,Yes,Yes,No,No,No,0.0,0.0,0.0,,46468,Churn,1.0,0.0,0.0,1.0
820045,2019,Hồ Chí Minh,Trung Nguyên,Yes,Yes,Yes,No,No,3.0,40.0,120.0,Seg.02 - Mass Asp (VND 25K - VND 59K),46470,At-risk,2.0,1.0,2.0,2.0
820073,2019,Hà Nội,Highlands Coffee,Yes,Yes,Yes,No,No,2.0,45.0,90.0,Seg.02 - Mass Asp (VND 25K - VND 59K),46493,At-risk,2.0,1.0,2.0,2.0
820073,2019,Hà Nội,Cộng Cà Phê,Yes,Yes,No,No,No,0.0,0.0,0.0,,46498,Churn,1.0,0.0,0.0,1.0
820079,2019,Hà Nội,Cộng Cà Phê,Yes,Yes,No,No,No,0.0,0.0,0.0,,46502,Churn,1.0,0.0,0.0,1.0
820079,2019,Hà Nội,Highlands Coffee,Yes,Yes,Yes,No,No,3.0,40.0,120.0,Seg.02 - Mass Asp (VND 25K - VND 59K),46505,At-risk,2.0,1.0,2.0,2.0
820079,2019,Hà Nội,The Coffee House,Yes,Yes,No,No,No,0.0,0.0,0.0,,46507,Churn,1.0,0.0,0.0,1.0
820081,2019,Hà Nội,Cộng Cà Phê,Yes,Yes,No,No,No,0.0,0.0,0.0,,46510,Churn,1.0,0.0,0.0,1.0
820081,2019,Hà Nội,The Coffee House,Yes,Yes,No,No,No,0.0,0.0,0.0,,46516,Churn,1.0,0.0,0.0,1.0
820142,2019,Hồ Chí Minh,Highlands Coffee,Yes,Yes,No,No,No,0.0,0.0,0.0,,46555,Churn,1.0,0.0,0.0,1.0
820142,2019,Hồ Chí Minh,Trung Nguyên,Yes,Yes,Yes,Yes,No,10.0,30.0,300.0,Seg.02 - Mass Asp (VND 25K - VND 59K),46559,Gold,3.0,4.0,1.0,5.0
820146,2019,Nha Trang,Highlands Coffee,Yes,Yes,Yes,No,No,2.0,39.0,78.0,Seg.02 - Mass Asp (VND 25K - VND 59K),46566,At-risk,2.0,1.0,2.0,2.0
820149,2019,Nha Trang,Highlands Coffee,Yes,Yes,No,No,No,0.0,0.0,0.0,,46574,Churn,1.0,0.0,0.0,1.0
820150,2019,Đà Nẵng,The Coffee House,Yes,Yes,Yes,No,No,2.0,50.0,100.0,Seg.02 - Mass Asp (VND 25K - VND 59K),46583,At-risk,2.0,1.0,2.0,2.0
820152,2019,Hải Phòng,Cộng Cà Phê,Yes,Yes,No,No,No,0.0,0.0,0.0,,46585,Churn,1.0,0.0,0.0,1.0
820152,2019,Hải Phòng,Highlands Coffee,Yes,Yes,Yes,Yes,No,8.0,50.0,400.0,Seg.02 - Mass Asp (VND 25K - VND 59K),46590,Gold,3.0,4.0,2.0,5.0
820222,2019,Hồ Chí Minh,Highlands Coffee,Yes,Yes,No,No,No,0.0,0.0,0.0,,46599,Churn,1.0,0.0,0.0,1.0
820222,2019,Hồ Chí Minh,The Coffee House,Yes,Yes,No,No,No,0.0,0.0,0.0,,46600,Churn,1.0,0.0,0.0,1.0
820222,2019,Hồ Chí Minh,Trung Nguyên,Yes,Yes,Yes,Yes,No,7.0,35.0,245.0,Seg.02 - Mass Asp (VND 25K - VND 59K),46601,Bronze,3.0,3.0,1.0,3.0
820227,2019,Hà Nội,Cộng Cà Phê,Yes,Yes,Yes,No,No,2.0,40.0,80.0,Seg.02 - Mass Asp (VND 25K - VND 59K),46607,At-risk,2.0,1.0,2.0,2.0
820227,2019,Hà Nội,The Coffee House,Yes,Yes,No,No,No,0.0,0.0,0.0,,46614,Churn,1.0,0.0,0.0,1.0
820227,2019,Hà Nội,Highlands Coffee,Yes,Yes,No,No,No,0.0,0.0,0.0,,46616,Churn,1.0,0.0,0.0,1.0
820255,2019,Hà Nội,Cộng Cà Phê,Yes,Yes,Yes,No,No,2.0,30.0,60.0,Seg.02 - Mass Asp (VND 25K - VND 59K),46623,At-risk,2.0,1.0,1.0,2.0
820255,2019,Hà Nội,Highlands Coffee,Yes,Yes,No,No,No,0.0,0.0,0.0,,46624,Churn,1.0,0.0,0.0,1.0
820257,2019,Hà Nội,Cộng Cà Phê,Yes,Yes,No,No,No,0.0,0.0,0.0,,46629,Churn,1.0,0.0,0.0,1.0
820257,2019,Hà Nội,Highlands Coffee,Yes,Yes,No,No,No,0.0,0.0,0.0,,46630,Churn,1.0,0.0,0.0,1.0
820298,2019,Nha Trang,Highlands Coffee,Yes,Yes,No,No,No,0.0,0.0,0.0,,46642,Churn,1.0,0.0,0.0,1.0
820345,2019,Hồ Chí Minh,Highlands Coffee,Yes,Yes,Yes,Yes,No,12.0,65.0,780.0,Seg.03 - Premium (VND 60K - VND 99K),46653,Gold,3.0,4.0,3.0,5.0
820349,2019,Hà Nội,Highlands Coffee,Yes,Yes,No,No,No,0.0,0.0,0.0,,46657,Churn,1.0,0.0,0.0,1.0
820349,2019,Hà Nội,Phúc Long,Yes,Yes,Yes,No,No,1.0,50.0,50.0,Seg.02 - Mass Asp (VND 25K - VND 59K),46658,At-risk,2.0,1.0,2.0,2.0
820349,2019,Hà Nội,The Coffee House,Yes,Yes,Yes,No,No,2.0,45.0,90.0,Seg.02 - Mass Asp (VND 25K - VND 59K),46661,At-risk,2.0,1.0,2.0,2.0
820349,2019,Hà Nội,Starbucks,Yes,Yes,No,No,No,0.0,0.0,0.0,,46662,Churn,1.0,0.0,0.0,1.0
820349,2019,Hà Nội,Cộng Cà Phê,Yes,Yes,Yes,Yes,No,4.0,45.0,180.0,Seg.02 - Mass Asp (VND 25K - VND 59K),46663,Bronze,3.0,2.0,2.0,3.0
820399,2019,Hải Phòng,Trung Nguyên,Yes,Yes,No,No,No,0.0,0.0,0.0,,46676,Churn,1.0,0.0,0.0,1.0
820399,2019,Hải Phòng,Cộng Cà Phê,Yes,Yes,No,No,No,0.0,0.0,0.0,,46682,Churn,1.0,0.0,0.0,1.0
820399,2019,Hải Phòng,Highlands Coffee,Yes,Yes,Yes,No,No,2.0,80.0,160.0,Seg.03 - Premium (VND 60K - VND 99K),46686,Silver,2.0,1.0,3.0,4.0
820600,2019,Hải Phòng,Highlands Coffee,Yes,Yes,No,No,No,0.0,0.0,0.0,,46724,Churn,1.0,0.0,0.0,1.0
821042,2019,Đà Nẵng,Highlands Coffee,Yes,Yes,Yes,Yes,No,10.0,40.0,400.0,Seg.02 - Mass Asp (VND 25K - VND 59K),46736,Gold,3.0,4.0,2.0,5.0
821094,2019,Hồ Chí Minh,Highlands Coffee,Yes,Yes,No,No,No,0.0,0.0,0.0,,46744,Churn,1.0,0.0,0.0,1.0
821225,2019,Hồ Chí Minh,Highlands Coffee,Yes,Yes,No,No,No,0.0,0.0,0.0,,46751,Churn,1.0,0.0,0.0,1.0
821409,2019,Hồ Chí Minh,The Coffee House,Yes,Yes,Yes,No,No,2.0,50.0,100.0,Seg.02 - Mass Asp (VND 25K - VND 59K),46769,At-risk,2.0,1.0,2.0,2.0
821409,2019,Hồ Chí Minh,Phúc Long,Yes,Yes,Yes,No,No,1.0,50.0,50.0,Seg.02 - Mass Asp (VND 25K - VND 59K),46771,At-risk,2.0,1.0,2.0,2.0
821409,2019,Hồ Chí Minh,Highlands Coffee,Yes,Yes,Yes,No,No,3.0,50.0,150.0,Seg.02 - Mass Asp (VND 25K - VND 59K),46772,At-risk,2.0,1.0,2.0,2.0
821433,2019,Hồ Chí Minh,Phúc Long,Yes,Yes,Yes,Yes,No,6.0,75.0,450.0,Seg.03 - Premium (VND 60K - VND 99K),46778,Gold,3.0,3.0,3.0,5.0
821441,2019,Hồ Chí Minh,Highlands Coffee,Yes,Yes,No,No,No,0.0,0.0,0.0,,46783,Churn,1.0,0.0,0.0,1.0
821441,2019,Hồ Chí Minh,Phúc Long,Yes,Yes,Yes,Yes,No,4.0,50.0,200.0,Seg.02 - Mass Asp (VND 25K - VND 59K),46789,Bronze,3.0,2.0,2.0,3.0
821645,2019,Hải Phòng,The Coffee House,Yes,Yes,No,No,No,0.0,0.0,0.0,,46801,Churn,1.0,0.0,0.0,1.0
821645,2019,Hải Phòng,Trung Nguyên,Yes,Yes,No,No,No,0.0,0.0,0.0,,46806,Churn,1.0,0.0,0.0,1.0
821645,2019,Hải Phòng,Highlands Coffee,Yes,Yes,Yes,No,No,2.0,55.0,110.0,Seg.02 - Mass Asp (VND 25K - VND 59K),46809,At-risk,2.0,1.0,2.0,2.0
821717,2019,Đà Nẵng,Trung Nguyên,Yes,Yes,No,No,No,0.0,0.0,0.0,,46819,Churn,1.0,0.0,0.0,1.0
821808,2019,Hà Nội,Cộng Cà Phê,Yes,Yes,No,No,No,0.0,0.0,0.0,,46855,Churn,1.0,0.0,0.0,1.0
821808,2019,Hà Nội,Highlands Coffee,Yes,Yes,No,No,No,0.0,0.0,0.0,,46860,Churn,1.0,0.0,0.0,1.0
821882,2019,Hà Nội,Trung Nguyên,Yes,Yes,No,No,No,0.0,0.0,0.0,,46871,Churn,1.0,0.0,0.0,1.0
821882,2019,Hà Nội,Highlands Coffee,Yes,Yes,Yes,No,No,3.0,60.0,180.0,Seg.03 - Premium (VND 60K - VND 99K),46873,Silver,2.0,1.0,3.0,4.0
821891,2019,Hà Nội,Cộng Cà Phê,Yes,Yes,No,No,No,0.0,0.0,0.0,,46886,Churn,1.0,0.0,0.0,1.0
821899,2019,Hà Nội,Highlands Coffee,Yes,Yes,No,No,No,0.0,0.0,0.0,,46896,Churn,1.0,0.0,0.0,1.0
821925,2019,Hà Nội,Cộng Cà Phê,Yes,Yes,Yes,Yes,No,6.0,50.0,300.0,Seg.02 - Mass Asp (VND 25K - VND 59K),46906,Bronze,3.0,3.0,2.0,3.0
821925,2019,Hà Nội,Phúc Long,Yes,Yes,No,No,No,0.0,0.0,0.0,,46908,Churn,1.0,0.0,0.0,1.0
821925,2019,Hà Nội,Highlands Coffee,Yes,Yes,No,No,No,0.0,0.0,0.0,,46910,Churn,1.0,0.0,0.0,1.0
822009,2019,Nha Trang,Highlands Coffee,Yes,Yes,Yes,No,No,2.0,40.0,80.0,Seg.02 - Mass Asp (VND 25K - VND 59K),46915,At-risk,2.0,1.0,2.0,2.0
822078,2019,Đà Nẵng,Trung Nguyên,Yes,Yes,No,No,No,0.0,0.0,0.0,,46922,Churn,1.0,0.0,0.0,1.0
822078,2019,Đà Nẵng,Highlands Coffee,Yes,Yes,Yes,No,No,2.0,40.0,80.0,Seg.02 - Mass Asp (VND 25K - VND 59K),46927,At-risk,2.0,1.0,2.0,2.0
822078,2019,Đà Nẵng,The Coffee House,Yes,Yes,Yes,Yes,No,5.0,35.0,175.0,Seg.02 - Mass Asp (VND 25K - VND 59K),46932,Bronze,3.0,2.0,1.0,3.0
822200,2019,Nha Trang,Highlands Coffee,Yes,Yes,Yes,No,No,3.0,45.0,135.0,Seg.02 - Mass Asp (VND 25K - VND 59K),46940,At-risk,2.0,1.0,2.0,2.0
822366,2019,Hà Nội,Starbucks,Yes,Yes,Yes,Yes,No,4.0,80.0,320.0,Seg.03 - Premium (VND 60K - VND 99K),46944,Silver,3.0,2.0,3.0,4.0
822366,2019,Hà Nội,The Coffee House,Yes,Yes,No,No,No,0.0,0.0,0.0,,46945,Churn,1.0,0.0,0.0,1.0
822366,2019,Hà Nội,Highlands Coffee,Yes,Yes,No,No,No,0.0,0.0,0.0,,46950,Churn,1.0,0.0,0.0,1.0
822368,2019,Hà Nội,Cộng Cà Phê,Yes,Yes,No,No,No,0.0,0.0,0.0,,46966,Churn,1.0,0.0,0.0,1.0
822520,2019,Hà Nội,Cộng Cà Phê,Yes,Yes,No,No,No,0.0,0.0,0.0,,46974,Churn,1.0,0.0,0.0,1.0
822520,2019,Hà Nội,The Coffee House,Yes,Yes,Yes,No,No,2.0,50.0,100.0,Seg.02 - Mass Asp (VND 25K - VND 59K),46976,At-risk,2.0,1.0,2.0,2.0
822520,2019,Hà Nội,Highlands Coffee,Yes,Yes,Yes,Yes,No,6.0,50.0,300.0,Seg.02 - Mass Asp (VND 25K - VND 59K),46977,Bronze,3.0,3.0,2.0,3.0
822520,2019,Hà Nội,Phúc Long,Yes,Yes,No,No,No,0.0,0.0,0.0,,46980,Churn,1.0,0.0,0.0,1.0
822603,2019,Hà Nội,Highlands Coffee,Yes,Yes,Yes,No,No,3.0,40.0,120.0,Seg.02 - Mass Asp (VND 25K - VND 59K),46983,At-risk,2.0,1.0,2.0,2.0
822683,2019,Hải Phòng,Cộng Cà Phê,Yes,Yes,Yes,No,No,1.0,45.0,45.0,Seg.02 - Mass Asp (VND 25K - VND 59K),46989,At-risk,2.0,1.0,2.0,2.0
822683,2019,Hải Phòng,Highlands Coffee,Yes,Yes,No,No,No,0.0,0.0,0.0,,46992,Churn,1.0,0.0,0.0,1.0
822950,2019,Hà Nội,Highlands Coffee,Yes,Yes,Yes,Yes,No,6.0,60.0,360.0,Seg.03 - Premium (VND 60K - VND 99K),47003,Gold,3.0,3.0,3.0,5.0
822980,2019,Hà Nội,Highlands Coffee,Yes,Yes,Yes,Yes,No,6.0,50.0,300.0,Seg.02 - Mass Asp (VND 25K - VND 59K),47007,Bronze,3.0,3.0,2.0,3.0
823071,2019,Đà Nẵng,Trung Nguyên,Yes,Yes,No,No,No,0.0,0.0,0.0,,47021,Churn,1.0,0.0,0.0,1.0
823105,2019,Hồ Chí Minh,Trung Nguyên,Yes,Yes,No,No,No,0.0,0.0,0.0,,47033,Churn,1.0,0.0,0.0,1.0
823105,2019,Hồ Chí Minh,Highlands Coffee,Yes,Yes,No,No,No,0.0,0.0,0.0,,47034,Churn,1.0,0.0,0.0,1.0
823213,2019,Đà Nẵng,Trung Nguyên,Yes,Yes,No,No,No,0.0,0.0,0.0,,47071,Churn,1.0,0.0,0.0,1.0
823248,2019,Hồ Chí Minh,Trung Nguyên,Yes,Yes,No,No,No,0.0,0.0,0.0,,47075,Churn,1.0,0.0,0.0,1.0
823248,2019,Hồ Chí Minh,Highlands Coffee,Yes,Yes,No,No,No,0.0,0.0,0.0,,47077,Churn,1.0,0.0,0.0,1.0
823327,2019,Hải Phòng,Cộng Cà Phê,Yes,Yes,Yes,No,No,3.0,130.0,390.0,Seg.04 - Super Premium (VND 100K+),47084,Silver,2.0,1.0,4.0,4.0
823327,2019,Hải Phòng,Highlands Coffee,Yes,Yes,No,No,No,0.0,0.0,0.0,,47089,Churn,1.0,0.0,0.0,1.0
823341,2019,Hà Nội,Highlands Coffee,Yes,Yes,No,No,No,0.0,0.0,0.0,,47092,Churn,1.0,0.0,0.0,1.0
823341,2019,Hà Nội,Cộng Cà Phê,Yes,Yes,Yes,Yes,No,5.0,40.0,200.0,Seg.02 - Mass Asp (VND 25K - VND 59K),47095,Bronze,3.0,2.0,2.0,3.0
823374,2019,Đà Nẵng,Trung Nguyên,Yes,Yes,No,No,No,0.0,0.0,0.0,,47103,Churn,1.0,0.0,0.0,1.0
823374,2019,Đà Nẵng,Highlands Coffee,Yes,Yes,Yes,Yes,No,4.0,50.0,200.0,Seg.02 - Mass Asp (VND 25K - VND 59K),47108,Bronze,3.0,2.0,2.0,3.0
823374,2019,Đà Nẵng,The Coffee House,Yes,Yes,Yes,No,No,1.0,35.0,35.0,Seg.02 - Mass Asp (VND 25K - VND 59K),47112,At-risk,2.0,1.0,1.0,2.0
823418,2019,Hồ Chí Minh,Trung Nguyên,Yes,Yes,No,No,No,0.0,0.0,0.0,,47118,Churn,1.0,0.0,0.0,1.0
823418,2019,Hồ Chí Minh,Highlands Coffee,Yes,Yes,Yes,No,No,3.0,50.0,150.0,Seg.02 - Mass Asp (VND 25K - VND 59K),47120,At-risk,2.0,1.0,2.0,2.0
823425,2019,Hà Nội,The Coffee House,Yes,Yes,No,No,No,0.0,0.0,0.0,,47135,Churn,1.0,0.0,0.0,1.0
823425,2019,Hà Nội,Cộng Cà Phê,Yes,Yes,Yes,No,No,2.0,40.0,80.0,Seg.02 - Mass Asp (VND 25K - VND 59K),47141,At-risk,2.0,1.0,2.0,2.0
823425,2019,Hà Nội,Highlands Coffee,Yes,Yes,No,No,No,0.0,0.0,0.0,,47142,Churn,1.0,0.0,0.0,1.0
823525,2019,Hà Nội,The Coffee House,Yes,Yes,Yes,No,No,2.0,35.0,70.0,Seg.02 - Mass Asp (VND 25K - VND 59K),47165,At-risk,2.0,1.0,1.0,2.0
823525,2019,Hà Nội,Phúc Long,Yes,Yes,Yes,No,No,1.0,40.0,40.0,Seg.02 - Mass Asp (VND 25K - VND 59K),47168,At-risk,2.0,1.0,2.0,2.0
823540,2019,Hải Phòng,Trung Nguyên,Yes,Yes,No,No,No,0.0,0.0,0.0,,47171,Churn,1.0,0.0,0.0,1.0
823650,2019,Hồ Chí Minh,Trung Nguyên,Yes,Yes,No,No,No,0.0,0.0,0.0,,47179,Churn,1.0,0.0,0.0,1.0
823650,2019,Hồ Chí Minh,Highlands Coffee,Yes,Yes,No,No,No,0.0,0.0,0.0,,47185,Churn,1.0,0.0,0.0,1.0
823665,2019,Hà Nội,Highlands Coffee,Yes,Yes,Yes,Yes,No,4.0,30.0,120.0,Seg.02 - Mass Asp (VND 25K - VND 59K),47197,Bronze,3.0,2.0,1.0,3.0
823665,2019,Hà Nội,Cộng Cà Phê,Yes,Yes,No,No,No,0.0,0.0,0.0,,47202,Churn,1.0,0.0,0.0,1.0
823711,2019,Hà Nội,Trung Nguyên,Yes,Yes,Yes,Yes,No,4.0,50.0,200.0,Seg.02 - Mass Asp (VND 25K - VND 59K),47219,Bronze,3.0,2.0,2.0,3.0
823711,2019,Hà Nội,Highlands Coffee,Yes,Yes,Yes,No,No,2.0,50.0,100.0,Seg.02 - Mass Asp (VND 25K - VND 59K),47222,At-risk,2.0,1.0,2.0,2.0
823827,2019,Hà Nội,The Coffee House,Yes,Yes,No,No,No,0.0,0.0,0.0,,47256,Churn,1.0,0.0,0.0,1.0
823827,2019,Hà Nội,Highlands Coffee,Yes,Yes,Yes,No,No,2.0,60.0,120.0,Seg.03 - Premium (VND 60K - VND 99K),47257,Silver,2.0,1.0,3.0,4.0
823827,2019,Hà Nội,Cộng Cà Phê,Yes,Yes,No,No,No,0.0,0.0,0.0,,47258,Churn,1.0,0.0,0.0,1.0
823913,2019,Hải Phòng,Highlands Coffee,Yes,Yes,No,No,No,0.0,0.0,0.0,,47274,Churn,1.0,0.0,0.0,1.0
823913,2019,Hải Phòng,Cộng Cà Phê,Yes,Yes,Yes,Yes,No,5.0,30.0,150.0,Seg.02 - Mass Asp (VND 25K - VND 59K),47282,Bronze,3.0,2.0,1.0,3.0
823913,2019,Hải Phòng,Starbucks,Yes,Yes,No,No,No,0.0,0.0,0.0,,47284,Churn,1.0,0.0,0.0,1.0
823964,2019,Hà Nội,Phúc Long,Yes,Yes,No,No,No,0.0,0.0,0.0,,47290,Churn,1.0,0.0,0.0,1.0
823964,2019,Hà Nội,Highlands Coffee,Yes,Yes,Yes,Yes,No,5.0,40.0,200.0,Seg.02 - Mass Asp (VND 25K - VND 59K),47292,Bronze,3.0,2.0,2.0,3.0
823964,2019,Hà Nội,Cộng Cà Phê,Yes,Yes,No,No,No,0.0,0.0,0.0,,47299,Churn,1.0,0.0,0.0,1.0
823993,2019,Hải Phòng,Highlands Coffee,Yes,Yes,Yes,No,No,1.0,56.0,56.0,Seg.02 - Mass Asp (VND 25K - VND 59K),47303,Silver,2.0,1.0,3.0,4.0
824024,2019,Hà Nội,Highlands Coffee,Yes,Yes,Yes,Yes,No,8.0,50.0,400.0,Seg.02 - Mass Asp (VND 25K - VND 59K),47308,Gold,3.0,4.0,2.0,5.0
824024,2019,Hà Nội,Cộng Cà Phê,Yes,Yes,No,No,No,0.0,0.0,0.0,,47309,Churn,1.0,0.0,0.0,1.0
824024,2019,Hà Nội,The Coffee House,Yes,Yes,Yes,No,No,2.0,50.0,100.0,Seg.02 - Mass Asp (VND 25K - VND 59K),47313,At-risk,2.0,1.0,2.0,2.0
824024,2019,Hà Nội,Trung Nguyên,Yes,Yes,No,No,No,0.0,0.0,0.0,,47314,Churn,1.0,0.0,0.0,1.0
824031,2019,Hồ Chí Minh,Highlands Coffee,Yes,Yes,No,No,No,0.0,0.0,0.0,,47319,Churn,1.0,0.0,0.0,1.0
824031,2019,Hồ Chí Minh,Trung Nguyên,Yes,Yes,No,No,No,0.0,0.0,0.0,,47323,Churn,1.0,0.0,0.0,1.0
824105,2019,Hà Nội,Highlands Coffee,Yes,Yes,No,No,No,0.0,0.0,0.0,,47339,Churn,1.0,0.0,0.0,1.0
824165,2019,Hồ Chí Minh,Highlands Coffee,Yes,Yes,No,No,No,0.0,0.0,0.0,,47351,Churn,1.0,0.0,0.0,1.0
824165,2019,Hồ Chí Minh,Trung Nguyên,Yes,Yes,No,No,No,0.0,0.0,0.0,,47354,Churn,1.0,0.0,0.0,1.0
824171,2019,Hà Nội,Highlands Coffee,Yes,Yes,No,No,No,0.0,0.0,0.0,,47367,Churn,1.0,0.0,0.0,1.0
824171,2019,Hà Nội,Cộng Cà Phê,Yes,Yes,Yes,No,No,3.0,50.0,150.0,Seg.02 - Mass Asp (VND 25K - VND 59K),47369,At-risk,2.0,1.0,2.0,2.0
824203,2019,Hồ Chí Minh,Highlands Coffee,Yes,Yes,Yes,Yes,No,4.0,49.0,196.0,Seg.02 - Mass Asp (VND 25K - VND 59K),47372,Bronze,3.0,2.0,2.0,3.0
824203,2019,Hồ Chí Minh,The Coffee House,Yes,Yes,Yes,No,No,2.0,35.0,70.0,Seg.02 - Mass Asp (VND 25K - VND 59K),47378,At-risk,2.0,1.0,1.0,2.0
824203,2019,Hồ Chí Minh,Phúc Long,Yes,Yes,No,No,No,0.0,0.0,0.0,,47379,Churn,1.0,0.0,0.0,1.0
824205,2019,Đà Nẵng,Highlands Coffee,Yes,Yes,Yes,No,No,2.0,50.0,100.0,Seg.02 - Mass Asp (VND 25K - VND 59K),47385,At-risk,2.0,1.0,2.0,2.0
824205,2019,Đà Nẵng,Trung Nguyên,Yes,Yes,No,No,No,0.0,0.0,0.0,,47388,Churn,1.0,0.0,0.0,1.0
824205,2019,Đà Nẵng,The Coffee House,Yes,Yes,Yes,No,No,1.0,50.0,50.0,Seg.02 - Mass Asp (VND 25K - VND 59K),47390,At-risk,2.0,1.0,2.0,2.0
824207,2019,Nha Trang,Highlands Coffee,Yes,Yes,Yes,Yes,Yes,20.0,50.0,1000.0,Seg.02 - Mass Asp (VND 25K - VND 59K),47401,Gold,4.0,4.0,2.0,5.0
824207,2019,Nha Trang,Phúc Long,Yes,Yes,Yes,Yes,No,15.0,50.0,750.0,Seg.02 - Mass Asp (VND 25K - VND 59K),47402,Gold,3.0,4.0,2.0,5.0
824207,2019,Nha Trang,The Coffee House,Yes,Yes,No,No,No,0.0,0.0,0.0,,47407,Churn,1.0,0.0,0.0,1.0
824229,2019,Hà Nội,Cộng Cà Phê,Yes,Yes,No,No,No,0.0,0.0,0.0,,47408,Churn,1.0,0.0,0.0,1.0
824229,2019,Hà Nội,Highlands Coffee,Yes,Yes,Yes,No,No,2.0,50.0,100.0,Seg.02 - Mass Asp (VND 25K - VND 59K),47409,At-risk,2.0,1.0,2.0,2.0
824229,2019,Hà Nội,The Coffee House,Yes,Yes,Yes,Yes,No,6.0,50.0,300.0,Seg.02 - Mass Asp (VND 25K - VND 59K),47414,Bronze,3.0,3.0,2.0,3.0
824229,2019,Hà Nội,Phúc Long,Yes,Yes,No,No,No,0.0,0.0,0.0,,47415,Churn,1.0,0.0,0.0,1.0
824257,2019,Hà Nội,Cộng Cà Phê,Yes,Yes,No,No,No,0.0,0.0,0.0,,47421,Churn,1.0,0.0,0.0,1.0
824257,2019,Hà Nội,Highlands Coffee,Yes,Yes,No,No,No,0.0,0.0,0.0,,47426,Churn,1.0,0.0,0.0,1.0
824278,2019,Hồ Chí Minh,Highlands Coffee,Yes,Yes,Yes,Yes,No,8.0,50.0,400.0,Seg.02 - Mass Asp (VND 25K - VND 59K),47437,Gold,3.0,4.0,2.0,5.0
824305,2019,Hồ Chí Minh,The Coffee House,Yes,Yes,Yes,Yes,No,5.0,49.0,245.0,Seg.02 - Mass Asp (VND 25K - VND 59K),47447,Bronze,3.0,2.0,2.0,3.0
824305,2019,Hồ Chí Minh,Phúc Long,Yes,Yes,No,No,No,0.0,0.0,0.0,,47452,Churn,1.0,0.0,0.0,1.0
824305,2019,Hồ Chí Minh,Highlands Coffee,Yes,Yes,No,No,No,0.0,0.0,0.0,,47455,Churn,1.0,0.0,0.0,1.0
824307,2019,Nha Trang,Highlands Coffee,Yes,Yes,Yes,Yes,Yes,30.0,29.0,870.0,Seg.02 - Mass Asp (VND 25K - VND 59K),47458,Gold,4.0,4.0,1.0,5.0
824529,2019,Hồ Chí Minh,The Coffee House,Yes,Yes,No,No,No,0.0,0.0,0.0,,47474,Churn,1.0,0.0,0.0,1.0
824554,2019,Hải Phòng,Highlands Coffee,Yes,Yes,No,No,No,0.0,0.0,0.0,,47484,Churn,1.0,0.0,0.0,1.0
824556,2019,Hà Nội,Cộng Cà Phê,Yes,Yes,No,No,No,0.0,0.0,0.0,,47491,Churn,1.0,0.0,0.0,1.0
824556,2019,Hà Nội,Highlands Coffee,Yes,Yes,No,No,No,0.0,0.0,0.0,,47493,Churn,1.0,0.0,0.0,1.0
824557,2019,Hà Nội,Highlands Coffee,Yes,Yes,No,No,No,0.0,0.0,0.0,,47496,Churn,1.0,0.0,0.0,1.0
824557,2019,Hà Nội,Cộng Cà Phê,Yes,Yes,No,No,No,0.0,0.0,0.0,,47499,Churn,1.0,0.0,0.0,1.0
824575,2019,Đà Nẵng,Highlands Coffee,Yes,Yes,No,No,No,0.0,0.0,0.0,,47521,Churn,1.0,0.0,0.0,1.0
824576,2019,Hà Nội,Cộng Cà Phê,Yes,Yes,Yes,No,No,3.0,50.0,150.0,Seg.02 - Mass Asp (VND 25K - VND 59K),47523,At-risk,2.0,1.0,2.0,2.0
824576,2019,Hà Nội,Highlands Coffee,Yes,Yes,No,No,No,0.0,0.0,0.0,,47529,Churn,1.0,0.0,0.0,1.0
824578,2019,Hà Nội,Highlands Coffee,Yes,Yes,Yes,Yes,No,6.0,60.0,360.0,Seg.03 - Premium (VND 60K - VND 99K),47536,Gold,3.0,3.0,3.0,5.0
824578,2019,Hà Nội,Cộng Cà Phê,Yes,Yes,No,No,No,0.0,0.0,0.0,,47542,Churn,1.0,0.0,0.0,1.0
824591,2019,Hồ Chí Minh,The Coffee House,Yes,Yes,Yes,Yes,No,7.0,50.0,350.0,Seg.02 - Mass Asp (VND 25K - VND 59K),47545,Bronze,3.0,3.0,2.0,3.0
824598,2019,Hà Nội,Highlands Coffee,Yes,Yes,Yes,No,No,3.0,40.0,120.0,Seg.02 - Mass Asp (VND 25K - VND 59K),47550,At-risk,2.0,1.0,2.0,2.0
824598,2019,Hà Nội,Cộng Cà Phê,Yes,Yes,No,No,No,0.0,0.0,0.0,,47554,Churn,1.0,0.0,0.0,1.0
824631,2019,Hà Nội,Highlands Coffee,Yes,Yes,No,No,No,0.0,0.0,0.0,,47563,Churn,1.0,0.0,0.0,1.0
824631,2019,Hà Nội,Cộng Cà Phê,Yes,Yes,No,No,No,0.0,0.0,0.0,,47564,Churn,1.0,0.0,0.0,1.0
824676,2019,Hồ Chí Minh,The Coffee House,Yes,Yes,Yes,Yes,No,5.0,30.0,150.0,Seg.02 - Mass Asp (VND 25K - VND 59K),47565,Bronze,3.0,2.0,1.0,3.0
824676,2019,Hồ Chí Minh,Highlands Coffee,Yes,Yes,No,No,No,0.0,0.0,0.0,,47573,Churn,1.0,0.0,0.0,1.0
824714,2019,Hồ Chí Minh,Highlands Coffee,Yes,Yes,No,No,No,0.0,0.0,0.0,,47583,Churn,1.0,0.0,0.0,1.0
824734,2019,Hà Nội,Highlands Coffee,Yes,Yes,No,No,No,0.0,0.0,0.0,,47595,Churn,1.0,0.0,0.0,1.0
824737,2019,Hà Nội,The Coffee House,Yes,Yes,No,No,No,0.0,0.0,0.0,,47602,Churn,1.0,0.0,0.0,1.0
824737,2019,Hà Nội,Highlands Coffee,Yes,Yes,No,No,No,0.0,0.0,0.0,,47603,Churn,1.0,0.0,0.0,1.0
824737,2019,Hà Nội,Cộng Cà Phê,Yes,Yes,No,No,No,0.0,0.0,0.0,,47605,Churn,1.0,0.0,0.0,1.0
824800,2019,Hồ Chí Minh,Highlands Coffee,Yes,Yes,No,No,No,0.0,0.0,0.0,,47643,Churn,1.0,0.0,0.0,1.0
824800,2019,Hồ Chí Minh,The Coffee House,Yes,Yes,Yes,No,No,3.0,49.0,147.0,Seg.02 - Mass Asp (VND 25K - VND 59K),47646,At-risk,2.0,1.0,2.0,2.0
824800,2019,Hồ Chí Minh,Starbucks,Yes,Yes,No,No,No,0.0,0.0,0.0,,47650,Churn,1.0,0.0,0.0,1.0
824953,2019,Hồ Chí Minh,Highlands Coffee,Yes,Yes,Yes,Yes,No,8.0,29.0,232.0,Seg.02 - Mass Asp (VND 25K - VND 59K),47710,Gold,3.0,4.0,1.0,5.0
825020,2019,Hà Nội,Highlands Coffee,Yes,Yes,No,No,No,0.0,0.0,0.0,,47733,Churn,1.0,0.0,0.0,1.0
825025,2019,Hà Nội,The Coffee House,Yes,Yes,No,No,No,0.0,0.0,0.0,,47741,Churn,1.0,0.0,0.0,1.0
825025,2019,Hà Nội,Highlands Coffee,Yes,Yes,No,No,No,0.0,0.0,0.0,,47749,Churn,1.0,0.0,0.0,1.0
825074,2019,Hồ Chí Minh,Highlands Coffee,Yes,Yes,Yes,Yes,No,10.0,35.0,350.0,Seg.02 - Mass Asp (VND 25K - VND 59K),47770,Gold,3.0,4.0,1.0,5.0
825074,2019,Hồ Chí Minh,Trung Nguyên,Yes,Yes,No,No,No,0.0,0.0,0.0,,47772,Churn,1.0,0.0,0.0,1.0
825099,2019,Hồ Chí Minh,Highlands Coffee,Yes,Yes,Yes,Yes,No,6.0,60.0,360.0,Seg.03 - Premium (VND 60K - VND 99K),47777,Gold,3.0,3.0,3.0,5.0
825113,2019,Hồ Chí Minh,Highlands Coffee,Yes,Yes,Yes,Yes,No,4.0,55.0,220.0,Seg.02 - Mass Asp (VND 25K - VND 59K),47802,Bronze,3.0,2.0,2.0,3.0
825121,2019,Hồ Chí Minh,The Coffee House,Yes,Yes,No,No,No,0.0,0.0,0.0,,47812,Churn,1.0,0.0,0.0,1.0
825180,2019,Hà Nội,The Coffee House,Yes,Yes,No,No,No,0.0,0.0,0.0,,47844,Churn,1.0,0.0,0.0,1.0
825180,2019,Hà Nội,Highlands Coffee,Yes,Yes,No,No,No,0.0,0.0,0.0,,47849,Churn,1.0,0.0,0.0,1.0
825180,2019,Hà Nội,Cộng Cà Phê,Yes,Yes,No,No,No,0.0,0.0,0.0,,47851,Churn,1.0,0.0,0.0,1.0
825188,2019,Hà Nội,Highlands Coffee,Yes,Yes,No,No,No,0.0,0.0,0.0,,47856,Churn,1.0,0.0,0.0,1.0
825200,2019,Hà Nội,Cộng Cà Phê,Yes,Yes,No,No,No,0.0,0.0,0.0,,47860,Churn,1.0,0.0,0.0,1.0
825200,2019,Hà Nội,The Coffee House,Yes,Yes,No,No,No,0.0,0.0,0.0,,47867,Churn,1.0,0.0,0.0,1.0
825200,2019,Hà Nội,Highlands Coffee,Yes,Yes,No,No,No,0.0,0.0,0.0,,47868,Churn,1.0,0.0,0.0,1.0
825227,2019,Hải Phòng,Highlands Coffee,Yes,Yes,No,No,No,0.0,0.0,0.0,,47881,Churn,1.0,0.0,0.0,1.0
825228,2019,Hải Phòng,Highlands Coffee,Yes,Yes,Yes,Yes,No,4.0,50.0,200.0,Seg.02 - Mass Asp (VND 25K - VND 59K),47888,Bronze,3.0,2.0,2.0,3.0
825228,2019,Hải Phòng,Cộng Cà Phê,Yes,Yes,No,No,No,0.0,0.0,0.0,,47889,Churn,1.0,0.0,0.0,1.0
825244,2019,Hà Nội,Trung Nguyên,Yes,Yes,No,No,No,0.0,0.0,0.0,,47891,Churn,1.0,0.0,0.0,1.0
825267,2019,Hải Phòng,Highlands Coffee,Yes,Yes,Yes,No,No,1.0,45.0,45.0,Seg.02 - Mass Asp (VND 25K - VND 59K),47912,At-risk,2.0,1.0,2.0,2.0
825287,2019,Hà Nội,The Coffee House,Yes,Yes,No,No,No,0.0,0.0,0.0,,47913,Churn,1.0,0.0,0.0,1.0
825287,2019,Hà Nội,Cộng Cà Phê,Yes,Yes,No,No,No,0.0,0.0,0.0,,47914,Churn,1.0,0.0,0.0,1.0
825287,2019,Hà Nội,Starbucks,Yes,Yes,No,No,No,0.0,0.0,0.0,,47917,Churn,1.0,0.0,0.0,1.0
825287,2019,Hà Nội,Highlands Coffee,Yes,Yes,Yes,Yes,No,7.0,65.0,455.0,Seg.03 - Premium (VND 60K - VND 99K),47919,Gold,3.0,3.0,3.0,5.0
825313,2019,Hà Nội,Cộng Cà Phê,Yes,Yes,Yes,No,No,1.0,40.0,40.0,Seg.02 - Mass Asp (VND 25K - VND 59K),47934,At-risk,2.0,1.0,2.0,2.0
825313,2019,Hà Nội,Highlands Coffee,Yes,Yes,No,No,No,0.0,0.0,0.0,,47937,Churn,1.0,0.0,0.0,1.0
825454,2019,Hải Phòng,Cộng Cà Phê,Yes,Yes,No,No,No,0.0,0.0,0.0,,47974,Churn,1.0,0.0,0.0,1.0
825469,2019,Hà Nội,Highlands Coffee,Yes,Yes,Yes,No,No,2.0,60.0,120.0,Seg.03 - Premium (VND 60K - VND 99K),47985,Silver,2.0,1.0,3.0,4.0
825469,2019,Hà Nội,Cộng Cà Phê,Yes,Yes,No,No,No,0.0,0.0,0.0,,47990,Churn,1.0,0.0,0.0,1.0
825512,2019,Đà Nẵng,Highlands Coffee,Yes,Yes,Yes,No,No,2.0,50.0,100.0,Seg.02 - Mass Asp (VND 25K - VND 59K),48005,At-risk,2.0,1.0,2.0,2.0
825512,2019,Đà Nẵng,The Coffee House,Yes,Yes,Yes,Yes,No,10.0,50.0,500.0,Seg.02 - Mass Asp (VND 25K - VND 59K),48011,Gold,3.0,4.0,2.0,5.0
825517,2019,Hồ Chí Minh,The Coffee House,Yes,Yes,Yes,Yes,No,8.0,29.0,232.0,Seg.02 - Mass Asp (VND 25K - VND 59K),48015,Gold,3.0,4.0,1.0,5.0
825561,2019,Hồ Chí Minh,The Coffee House,Yes,Yes,No,No,No,0.0,0.0,0.0,,48033,Churn,1.0,0.0,0.0,1.0
825588,2019,Hà Nội,Highlands Coffee,Yes,Yes,No,No,No,0.0,0.0,0.0,,48042,Churn,1.0,0.0,0.0,1.0
825588,2019,Hà Nội,Cộng Cà Phê,Yes,Yes,No,No,No,0.0,0.0,0.0,,48045,Churn,1.0,0.0,0.0,1.0
825589,2019,Hà Nội,Highlands Coffee,Yes,Yes,No,No,No,0.0,0.0,0.0,,48052,Churn,1.0,0.0,0.0,1.0
825589,2019,Hà Nội,Cộng Cà Phê,Yes,Yes,No,No,No,0.0,0.0,0.0,,48054,Churn,1.0,0.0,0.0,1.0
825654,2019,Hà Nội,Cộng Cà Phê,Yes,Yes,Yes,Yes,No,4.0,50.0,200.0,Seg.02 - Mass Asp (VND 25K - VND 59K),48069,Bronze,3.0,2.0,2.0,3.0
825654,2019,Hà Nội,Highlands Coffee,Yes,Yes,No,No,No,0.0,0.0,0.0,,48070,Churn,1.0,0.0,0.0,1.0
825665,2019,Đà Nẵng,The Coffee House,Yes,Yes,Yes,No,No,2.0,50.0,100.0,Seg.02 - Mass Asp (VND 25K - VND 59K),48071,At-risk,2.0,1.0,2.0,2.0
825665,2019,Đà Nẵng,Phúc Long,Yes,Yes,Yes,No,No,1.0,50.0,50.0,Seg.02 - Mass Asp (VND 25K - VND 59K),48077,At-risk,2.0,1.0,2.0,2.0
825665,2019,Đà Nẵng,Highlands Coffee,Yes,Yes,Yes,Yes,No,6.0,50.0,300.0,Seg.02 - Mass Asp (VND 25K - VND 59K),48080,Bronze,3.0,3.0,2.0,3.0
825704,2019,Hồ Chí Minh,Highlands Coffee,Yes,Yes,Yes,Yes,No,4.0,40.0,160.0,Seg.02 - Mass Asp (VND 25K - VND 59K),48085,Bronze,3.0,2.0,2.0,3.0
825704,2019,Hồ Chí Minh,Phúc Long,Yes,Yes,Yes,No,No,2.0,50.0,100.0,Seg.02 - Mass Asp (VND 25K - VND 59K),48089,At-risk,2.0,1.0,2.0,2.0
825713,2019,Đà Nẵng,Highlands Coffee,Yes,Yes,No,No,No,0.0,0.0,0.0,,48104,Churn,1.0,0.0,0.0,1.0
825717,2019,Đà Nẵng,Highlands Coffee,Yes,Yes,No,No,No,0.0,0.0,0.0,,48112,Churn,1.0,0.0,0.0,1.0
825746,2019,Hồ Chí Minh,Highlands Coffee,Yes,Yes,No,No,No,0.0,0.0,0.0,,48125,Churn,1.0,0.0,0.0,1.0
825747,2019,Hồ Chí Minh,Highlands Coffee,Yes,Yes,Yes,Yes,No,5.0,70.0,350.0,Seg.03 - Premium (VND 60K - VND 99K),48129,Silver,3.0,2.0,3.0,4.0
826092,2019,Hải Phòng,Trung Nguyên,Yes,Yes,No,No,No,0.0,0.0,0.0,,48147,Churn,1.0,0.0,0.0,1.0
826092,2019,Hải Phòng,Highlands Coffee,Yes,Yes,No,No,No,0.0,0.0,0.0,,48150,Churn,1.0,0.0,0.0,1.0
826128,2019,Hải Phòng,Highlands Coffee,Yes,Yes,Yes,Yes,No,5.0,40.0,200.0,Seg.02 - Mass Asp (VND 25K - VND 59K),48153,Bronze,3.0,2.0,2.0,3.0
826154,2019,Hà Nội,Highlands Coffee,Yes,Yes,No,No,No,0.0,0.0,0.0,,48164,Churn,1.0,0.0,0.0,1.0
826154,2019,Hà Nội,The Coffee House,Yes,Yes,No,No,No,0.0,0.0,0.0,,48166,Churn,1.0,0.0,0.0,1.0
826154,2019,Hà Nội,Cộng Cà Phê,Yes,Yes,No,No,No,0.0,0.0,0.0,,48168,Churn,1.0,0.0,0.0,1.0
826154,2019,Hà Nội,Phúc Long,Yes,Yes,No,No,No,0.0,0.0,0.0,,48169,Churn,1.0,0.0,0.0,1.0
826175,2019,Hà Nội,Trung Nguyên,Yes,Yes,No,No,No,0.0,0.0,0.0,,48174,Churn,1.0,0.0,0.0,1.0
826175,2019,Hà Nội,The Coffee House,Yes,Yes,Yes,Yes,No,4.0,30.0,120.0,Seg.02 - Mass Asp (VND 25K - VND 59K),48181,Bronze,3.0,2.0,1.0,3.0
826180,2019,Hồ Chí Minh,Highlands Coffee,Yes,Yes,Yes,Yes,Yes,16.0,50.0,800.0,Seg.02 - Mass Asp (VND 25K - VND 59K),48185,Gold,4.0,4.0,2.0,5.0
826181,2019,Hồ Chí Minh,Phúc Long,Yes,Yes,Yes,No,No,2.0,50.0,100.0,Seg.02 - Mass Asp (VND 25K - VND 59K),48197,At-risk,2.0,1.0,2.0,2.0
826181,2019,Hồ Chí Minh,Highlands Coffee,Yes,Yes,Yes,No,No,2.0,39.0,78.0,Seg.02 - Mass Asp (VND 25K - VND 59K),48198,At-risk,2.0,1.0,2.0,2.0
826181,2019,Hồ Chí Minh,The Coffee House,Yes,Yes,Yes,Yes,No,6.0,49.0,294.0,Seg.02 - Mass Asp (VND 25K - VND 59K),48199,Bronze,3.0,3.0,2.0,3.0
826181,2019,Hồ Chí Minh,Starbucks,Yes,Yes,No,No,No,0.0,0.0,0.0,,48203,Churn,1.0,0.0,0.0,1.0
826193,2019,Hà Nội,Cộng Cà Phê,Yes,Yes,No,No,No,0.0,0.0,0.0,,48213,Churn,1.0,0.0,0.0,1.0
826193,2019,Hà Nội,Highlands Coffee,Yes,Yes,No,No,No,0.0,0.0,0.0,,48216,Churn,1.0,0.0,0.0,1.0
826209,2019,Hải Phòng,Highlands Coffee,Yes,Yes,No,No,No,0.0,0.0,0.0,,48222,Churn,1.0,0.0,0.0,1.0
826262,2019,Hồ Chí Minh,Trung Nguyên,Yes,Yes,Yes,No,No,3.0,35.0,105.0,Seg.02 - Mass Asp (VND 25K - VND 59K),48238,At-risk,2.0,1.0,1.0,2.0
826274,2019,Hà Nội,Phúc Long,Yes,Yes,No,No,No,0.0,0.0,0.0,,48240,Churn,1.0,0.0,0.0,1.0
826274,2019,Hà Nội,Highlands Coffee,Yes,Yes,No,No,No,0.0,0.0,0.0,,48244,Churn,1.0,0.0,0.0,1.0
826274,2019,Hà Nội,Cộng Cà Phê,Yes,Yes,No,No,No,0.0,0.0,0.0,,48245,Churn,1.0,0.0,0.0,1.0
826282,2019,Hồ Chí Minh,Trung Nguyên,Yes,Yes,Yes,Yes,No,8.0,100.0,800.0,Seg.04 - Super Premium (VND 100K+),48263,Gold,3.0,4.0,4.0,5.0
826290,2019,Hà Nội,Cộng Cà Phê,Yes,Yes,Yes,No,No,2.0,35.0,70.0,Seg.02 - Mass Asp (VND 25K - VND 59K),48272,At-risk,2.0,1.0,1.0,2.0
826290,2019,Hà Nội,Highlands Coffee,Yes,Yes,Yes,No,No,2.0,35.0,70.0,Seg.02 - Mass Asp (VND 25K - VND 59K),48275,At-risk,2.0,1.0,1.0,2.0
826293,2019,Hồ Chí Minh,Starbucks,Yes,Yes,Yes,No,No,2.0,50.0,100.0,Seg.02 - Mass Asp (VND 25K - VND 59K),48284,At-risk,2.0,1.0,2.0,2.0
826293,2019,Hồ Chí Minh,Highlands Coffee,Yes,Yes,Yes,Yes,No,8.0,50.0,400.0,Seg.02 - Mass Asp (VND 25K - VND 59K),48291,Gold,3.0,4.0,2.0,5.0
826302,2019,Hà Nội,The Coffee House,Yes,Yes,No,No,No,0.0,0.0,0.0,,48293,Churn,1.0,0.0,0.0,1.0
826302,2019,Hà Nội,Highlands Coffee,Yes,Yes,No,No,No,0.0,0.0,0.0,,48298,Churn,1.0,0.0,0.0,1.0
826302,2019,Hà Nội,Cộng Cà Phê,Yes,Yes,Yes,No,No,1.0,40.0,40.0,Seg.02 - Mass Asp (VND 25K - VND 59K),48301,At-risk,2.0,1.0,2.0,2.0
826317,2019,Hồ Chí Minh,Highlands Coffee,Yes,Yes,No,No,No,0.0,0.0,0.0,,48311,Churn,1.0,0.0,0.0,1.0
826326,2019,Hà Nội,Highlands Coffee,Yes,Yes,Yes,No,No,1.0,60.0,60.0,Seg.03 - Premium (VND 60K - VND 99K),48332,Silver,2.0,1.0,3.0,4.0
826326,2019,Hà Nội,Cộng Cà Phê,Yes,Yes,No,No,No,0.0,0.0,0.0,,48339,Churn,1.0,0.0,0.0,1.0
826350,2019,Đà Nẵng,Highlands Coffee,Yes,Yes,No,No,No,0.0,0.0,0.0,,48358,Churn,1.0,0.0,0.0,1.0
826368,2019,Hà Nội,The Coffee House,Yes,Yes,No,No,No,0.0,0.0,0.0,,48365,Churn,1.0,0.0,0.0,1.0
826368,2019,Hà Nội,Highlands Coffee,Yes,Yes,Yes,No,No,2.0,50.0,100.0,Seg.02 - Mass Asp (VND 25K - VND 59K),48368,At-risk,2.0,1.0,2.0,2.0
826368,2019,Hà Nội,Cộng Cà Phê,Yes,Yes,No,No,No,0.0,0.0,0.0,,48373,Churn,1.0,0.0,0.0,1.0
826386,2019,Hồ Chí Minh,Highlands Coffee,Yes,Yes,Yes,Yes,No,6.0,50.0,300.0,Seg.02 - Mass Asp (VND 25K - VND 59K),48404,Bronze,3.0,3.0,2.0,3.0
826397,2019,Hồ Chí Minh,Highlands Coffee,Yes,Yes,Yes,Yes,No,10.0,50.0,500.0,Seg.02 - Mass Asp (VND 25K - VND 59K),48410,Gold,3.0,4.0,2.0,5.0
826414,2019,Hà Nội,Cộng Cà Phê,Yes,Yes,Yes,No,No,2.0,40.0,80.0,Seg.02 - Mass Asp (VND 25K - VND 59K),48416,At-risk,2.0,1.0,2.0,2.0
826414,2019,Hà Nội,Highlands Coffee,Yes,Yes,No,No,No,0.0,0.0,0.0,,48417,Churn,1.0,0.0,0.0,1.0
826437,2019,Hà Nội,Highlands Coffee,Yes,Yes,Yes,Yes,No,4.0,50.0,200.0,Seg.02 - Mass Asp (VND 25K - VND 59K),48441,Bronze,3.0,2.0,2.0,3.0
826445,2019,Hải Phòng,Highlands Coffee,Yes,Yes,No,No,No,0.0,0.0,0.0,,48444,Churn,1.0,0.0,0.0,1.0
826445,2019,Hải Phòng,The Coffee House,Yes,Yes,No,No,No,0.0,0.0,0.0,,48446,Churn,1.0,0.0,0.0,1.0
826481,2019,Đà Nẵng,Phúc Long,Yes,Yes,Yes,Yes,No,4.0,50.0,200.0,Seg.02 - Mass Asp (VND 25K - VND 59K),48477,Bronze,3.0,2.0,2.0,3.0
826481,2019,Đà Nẵng,Highlands Coffee,Yes,Yes,Yes,No,No,1.0,50.0,50.0,Seg.02 - Mass Asp (VND 25K - VND 59K),48478,At-risk,2.0,1.0,2.0,2.0
826481,2019,Đà Nẵng,The Coffee House,Yes,Yes,Yes,No,No,1.0,50.0,50.0,Seg.02 - Mass Asp (VND 25K - VND 59K),48479,At-risk,2.0,1.0,2.0,2.0
826487,2019,Hồ Chí Minh,The Coffee House,Yes,Yes,No,No,No,0.0,0.0,0.0,,48491,Churn,1.0,0.0,0.0,1.0
826490,2019,Hồ Chí Minh,The Coffee House,Yes,Yes,No,No,No,0.0,0.0,0.0,,48502,Churn,1.0,0.0,0.0,1.0
826495,2019,Hải Phòng,Highlands Coffee,Yes,Yes,Yes,Yes,No,6.0,70.0,420.0,Seg.03 - Premium (VND 60K - VND 99K),48504,Gold,3.0,3.0,3.0,5.0
826495,2019,Hải Phòng,The Coffee House,Yes,Yes,Yes,Yes,No,10.0,60.0,600.0,Seg.03 - Premium (VND 60K - VND 99K),48508,Gold,3.0,4.0,3.0,5.0
826600,2019,Đà Nẵng,Highlands Coffee,Yes,Yes,No,No,No,0.0,0.0,0.0,,48558,Churn,1.0,0.0,0.0,1.0
826601,2019,Đà Nẵng,The Coffee House,Yes,Yes,No,No,No,0.0,0.0,0.0,,48569,Churn,1.0,0.0,0.0,1.0
826615,2019,Hồ Chí Minh,The Coffee House,Yes,Yes,No,No,No,0.0,0.0,0.0,,48617,Churn,1.0,0.0,0.0,1.0
826619,2019,Hà Nội,Highlands Coffee,Yes,Yes,No,No,No,0.0,0.0,0.0,,48625,Churn,1.0,0.0,0.0,1.0
826619,2019,Hà Nội,Cộng Cà Phê,Yes,Yes,No,No,No,0.0,0.0,0.0,,48630,Churn,1.0,0.0,0.0,1.0
826670,2019,Hà Nội,Highlands Coffee,Yes,Yes,Yes,Yes,No,6.0,45.0,270.0,Seg.02 - Mass Asp (VND 25K - VND 59K),48647,Bronze,3.0,3.0,2.0,3.0
826689,2019,Hồ Chí Minh,Trung Nguyên,Yes,Yes,No,No,No,0.0,0.0,0.0,,48661,Churn,1.0,0.0,0.0,1.0
826690,2019,Hải Phòng,Starbucks,Yes,Yes,Yes,Yes,No,5.0,40.0,200.0,Seg.02 - Mass Asp (VND 25K - VND 59K),48669,Bronze,3.0,2.0,2.0,3.0
826690,2019,Hải Phòng,Highlands Coffee,Yes,Yes,Yes,Yes,No,8.0,30.0,240.0,Seg.02 - Mass Asp (VND 25K - VND 59K),48672,Gold,3.0,4.0,1.0,5.0
826690,2019,Hải Phòng,Cộng Cà Phê,Yes,Yes,Yes,No,No,2.0,30.0,60.0,Seg.02 - Mass Asp (VND 25K - VND 59K),48673,At-risk,2.0,1.0,1.0,2.0
826690,2019,Hải Phòng,The Coffee House,Yes,Yes,Yes,No,No,3.0,50.0,150.0,Seg.02 - Mass Asp (VND 25K - VND 59K),48674,At-risk,2.0,1.0,2.0,2.0
826698,2019,Hải Phòng,Highlands Coffee,Yes,Yes,No,No,No,0.0,0.0,0.0,,48675,Churn,1.0,0.0,0.0,1.0
826702,2019,Hà Nội,Highlands Coffee,Yes,Yes,No,No,No,0.0,0.0,0.0,,48679,Churn,1.0,0.0,0.0,1.0
826702,2019,Hà Nội,Phúc Long,Yes,Yes,No,No,No,0.0,0.0,0.0,,48680,Churn,1.0,0.0,0.0,1.0
826702,2019,Hà Nội,Cộng Cà Phê,Yes,Yes,No,No,No,0.0,0.0,0.0,,48683,Churn,1.0,0.0,0.0,1.0
826702,2019,Hà Nội,The Coffee House,Yes,Yes,No,No,No,0.0,0.0,0.0,,48685,Churn,1.0,0.0,0.0,1.0
826702,2019,Hà Nội,Starbucks,Yes,Yes,No,No,No,0.0,0.0,0.0,,48686,Churn,1.0,0.0,0.0,1.0
826703,2019,Hà Nội,The Coffee House,Yes,Yes,No,No,No,0.0,0.0,0.0,,48689,Churn,1.0,0.0,0.0,1.0
826703,2019,Hà Nội,Cộng Cà Phê,Yes,Yes,No,No,No,0.0,0.0,0.0,,48690,Churn,1.0,0.0,0.0,1.0
826703,2019,Hà Nội,Highlands Coffee,Yes,Yes,No,No,No,0.0,0.0,0.0,,48691,Churn,1.0,0.0,0.0,1.0
826709,2019,Hà Nội,Highlands Coffee,Yes,Yes,Yes,Yes,Yes,30.0,30.0,900.0,Seg.02 - Mass Asp (VND 25K - VND 59K),48709,Gold,4.0,4.0,1.0,5.0
826715,2019,Hà Nội,Cộng Cà Phê,Yes,Yes,No,No,No,0.0,0.0,0.0,,48740,Churn,1.0,0.0,0.0,1.0
826715,2019,Hà Nội,Trung Nguyên,Yes,Yes,Yes,Yes,No,6.0,25.0,150.0,Seg.02 - Mass Asp (VND 25K - VND 59K),48742,Bronze,3.0,3.0,1.0,3.0
826738,2019,Hải Phòng,Highlands Coffee,Yes,Yes,Yes,No,No,2.0,60.0,120.0,Seg.03 - Premium (VND 60K - VND 99K),48749,Silver,2.0,1.0,3.0,4.0
826991,2019,Hà Nội,Highlands Coffee,Yes,Yes,No,No,No,0.0,0.0,0.0,,48797,Churn,1.0,0.0,0.0,1.0
827058,2019,Hồ Chí Minh,Highlands Coffee,Yes,Yes,Yes,Yes,No,4.0,50.0,200.0,Seg.02 - Mass Asp (VND 25K - VND 59K),48817,Bronze,3.0,2.0,2.0,3.0
827086,2019,Hồ Chí Minh,Highlands Coffee,Yes,Yes,Yes,No,No,2.0,50.0,100.0,Seg.02 - Mass Asp (VND 25K - VND 59K),48852,At-risk,2.0,1.0,2.0,2.0
827088,2019,Hải Phòng,Cộng Cà Phê,Yes,Yes,Yes,Yes,No,6.0,35.0,210.0,Seg.02 - Mass Asp (VND 25K - VND 59K),48856,Bronze,3.0,3.0,1.0,3.0
827228,2019,Hải Phòng,Highlands Coffee,Yes,Yes,Yes,Yes,No,5.0,70.0,350.0,Seg.03 - Premium (VND 60K - VND 99K),48883,Silver,3.0,2.0,3.0,4.0
827262,2019,Hải Phòng,Highlands Coffee,Yes,Yes,No,No,No,0.0,0.0,0.0,,48895,Churn,1.0,0.0,0.0,1.0
827304,2019,Hồ Chí Minh,Trung Nguyên,Yes,Yes,Yes,No,No,1.0,40.0,40.0,Seg.02 - Mass Asp (VND 25K - VND 59K),48904,At-risk,2.0,1.0,2.0,2.0
827323,2019,Hồ Chí Minh,Highlands Coffee,Yes,Yes,Yes,No,No,3.0,120.0,360.0,Seg.04 - Super Premium (VND 100K+),48911,Silver,2.0,1.0,4.0,4.0
827338,2019,Hải Phòng,Highlands Coffee,Yes,Yes,No,No,No,0.0,0.0,0.0,,48916,Churn,1.0,0.0,0.0,1.0
827410,2019,Hồ Chí Minh,Highlands Coffee,Yes,Yes,No,No,No,0.0,0.0,0.0,,48924,Churn,1.0,0.0,0.0,1.0
827468,2019,Hồ Chí Minh,Highlands Coffee,Yes,Yes,No,No,No,0.0,0.0,0.0,,48959,Churn,1.0,0.0,0.0,1.0
827491,2019,Hải Phòng,Highlands Coffee,Yes,Yes,Yes,Yes,No,4.0,55.0,220.0,Seg.02 - Mass Asp (VND 25K - VND 59K),48965,Bronze,3.0,2.0,2.0,3.0
827562,2019,Hải Phòng,Highlands Coffee,Yes,Yes,Yes,No,No,3.0,20.0,60.0,Seg.01 - Mass (<VND 25K),48983,At-risk,2.0,1.0,1.0,2.0
827617,2019,Hà Nội,Trung Nguyên,Yes,Yes,No,No,No,0.0,0.0,0.0,,49010,Churn,1.0,0.0,0.0,1.0
827640,2019,Hải Phòng,Highlands Coffee,Yes,Yes,Yes,Yes,No,4.0,50.0,200.0,Seg.02 - Mass Asp (VND 25K - VND 59K),49012,Bronze,3.0,2.0,2.0,3.0
827640,2019,Hải Phòng,The Coffee House,Yes,Yes,Yes,No,No,2.0,50.0,100.0,Seg.02 - Mass Asp (VND 25K - VND 59K),49015,At-risk,2.0,1.0,2.0,2.0
827650,2019,Hải Phòng,The Coffee House,Yes,Yes,No,No,No,0.0,0.0,0.0,,49030,Churn,1.0,0.0,0.0,1.0
827650,2019,Hải Phòng,Highlands Coffee,Yes,Yes,Yes,No,No,2.0,35.0,70.0,Seg.02 - Mass Asp (VND 25K - VND 59K),49033,At-risk,2.0,1.0,1.0,2.0
827711,2019,Hà Nội,Highlands Coffee,Yes,Yes,No,No,No,0.0,0.0,0.0,,49045,Churn,1.0,0.0,0.0,1.0
827732,2019,Hà Nội,Cộng Cà Phê,Yes,Yes,Yes,No,No,1.0,45.0,45.0,Seg.02 - Mass Asp (VND 25K - VND 59K),49048,At-risk,2.0,1.0,2.0,2.0
827732,2019,Hà Nội,Phúc Long,Yes,Yes,Yes,No,No,2.0,50.0,100.0,Seg.02 - Mass Asp (VND 25K - VND 59K),49051,At-risk,2.0,1.0,2.0,2.0
827732,2019,Hà Nội,The Coffee House,Yes,Yes,Yes,No,No,2.0,40.0,80.0,Seg.02 - Mass Asp (VND 25K - VND 59K),49056,At-risk,2.0,1.0,2.0,2.0
827732,2019,Hà Nội,Highlands Coffee,Yes,Yes,No,No,No,0.0,0.0,0.0,,49057,Churn,1.0,0.0,0.0,1.0
827757,2019,Hồ Chí Minh,Phúc Long,Yes,Yes,No,No,No,0.0,0.0,0.0,,49071,Churn,1.0,0.0,0.0,1.0
827757,2019,Hồ Chí Minh,The Coffee House,Yes,Yes,Yes,No,No,3.0,49.0,147.0,Seg.02 - Mass Asp (VND 25K - VND 59K),49072,At-risk,2.0,1.0,2.0,2.0
827757,2019,Hồ Chí Minh,Highlands Coffee,Yes,Yes,No,No,No,0.0,0.0,0.0,,49073,Churn,1.0,0.0,0.0,1.0
827785,2019,Hồ Chí Minh,The Coffee House,Yes,Yes,Yes,Yes,No,4.0,30.0,120.0,Seg.02 - Mass Asp (VND 25K - VND 59K),49091,Bronze,3.0,2.0,1.0,3.0
827785,2019,Hồ Chí Minh,Highlands Coffee,Yes,Yes,No,No,No,0.0,0.0,0.0,,49095,Churn,1.0,0.0,0.0,1.0
827808,2019,Hải Phòng,The Coffee House,Yes,Yes,No,No,No,0.0,0.0,0.0,,49096,Churn,1.0,0.0,0.0,1.0
827808,2019,Hải Phòng,Highlands Coffee,Yes,Yes,Yes,No,No,1.0,40.0,40.0,Seg.02 - Mass Asp (VND 25K - VND 59K),49100,At-risk,2.0,1.0,2.0,2.0
827845,2019,Đà Nẵng,The Coffee House,Yes,Yes,Yes,Yes,No,5.0,40.0,200.0,Seg.02 - Mass Asp (VND 25K - VND 59K),49111,Bronze,3.0,2.0,2.0,3.0
827845,2019,Đà Nẵng,Highlands Coffee,Yes,Yes,Yes,Yes,No,15.0,40.0,600.0,Seg.02 - Mass Asp (VND 25K - VND 59K),49116,Gold,3.0,4.0,2.0,5.0
827846,2019,Cần Thơ,Trung Nguyên,Yes,Yes,No,No,No,0.0,0.0,0.0,,49120,Churn,1.0,0.0,0.0,1.0
827894,2019,Hồ Chí Minh,Highlands Coffee,Yes,Yes,No,No,No,0.0,0.0,0.0,,49128,Churn,1.0,0.0,0.0,1.0
827894,2019,Hồ Chí Minh,Phúc Long,Yes,Yes,Yes,Yes,No,15.0,50.0,750.0,Seg.02 - Mass Asp (VND 25K - VND 59K),49129,Gold,3.0,4.0,2.0,5.0
827900,2019,Hải Phòng,Trung Nguyên,Yes,Yes,No,No,No,0.0,0.0,0.0,,49156,Churn,1.0,0.0,0.0,1.0
827906,2019,Đà Nẵng,Highlands Coffee,Yes,Yes,Yes,Yes,No,9.0,50.0,450.0,Seg.02 - Mass Asp (VND 25K - VND 59K),49178,Gold,3.0,4.0,2.0,5.0
827906,2019,Đà Nẵng,The Coffee House,Yes,Yes,Yes,No,No,3.0,50.0,150.0,Seg.02 - Mass Asp (VND 25K - VND 59K),49180,At-risk,2.0,1.0,2.0,2.0
827936,2019,Hải Phòng,The Coffee House,Yes,Yes,No,No,No,0.0,0.0,0.0,,49199,Churn,1.0,0.0,0.0,1.0
827936,2019,Hải Phòng,Highlands Coffee,Yes,Yes,Yes,No,No,1.0,59.0,59.0,Seg.02 - Mass Asp (VND 25K - VND 59K),49200,Silver,2.0,1.0,3.0,4.0
827963,2019,Hà Nội,Trung Nguyên,Yes,Yes,No,No,No,0.0,0.0,0.0,,49207,Churn,1.0,0.0,0.0,1.0
828029,2019,Đà Nẵng,Phúc Long,Yes,Yes,Yes,No,No,3.0,60.0,180.0,Seg.03 - Premium (VND 60K - VND 99K),49217,Silver,2.0,1.0,3.0,4.0
828029,2019,Đà Nẵng,Highlands Coffee,Yes,Yes,Yes,Yes,No,9.0,50.0,450.0,Seg.02 - Mass Asp (VND 25K - VND 59K),49220,Gold,3.0,4.0,2.0,5.0
828032,2019,Hà Nội,Trung Nguyên,Yes,Yes,No,No,No,0.0,0.0,0.0,,49223,Churn,1.0,0.0,0.0,1.0
828036,2019,Đà Nẵng,The Coffee House,Yes,Yes,No,No,No,0.0,0.0,0.0,,49227,Churn,1.0,0.0,0.0,1.0
828036,2019,Đà Nẵng,Highlands Coffee,Yes,Yes,Yes,Yes,No,10.0,40.0,400.0,Seg.02 - Mass Asp (VND 25K - VND 59K),49230,Gold,3.0,4.0,2.0,5.0
828241,2019,Hà Nội,The Coffee House,Yes,Yes,Yes,No,No,2.0,50.0,100.0,Seg.02 - Mass Asp (VND 25K - VND 59K),49236,At-risk,2.0,1.0,2.0,2.0
828241,2019,Hà Nội,Highlands Coffee,Yes,Yes,Yes,Yes,No,4.0,50.0,200.0,Seg.02 - Mass Asp (VND 25K - VND 59K),49238,Bronze,3.0,2.0,2.0,3.0
828241,2019,Hà Nội,Cộng Cà Phê,Yes,Yes,No,No,No,0.0,0.0,0.0,,49239,Churn,1.0,0.0,0.0,1.0
828243,2019,Hà Nội,Cộng Cà Phê,Yes,Yes,Yes,No,No,3.0,60.0,180.0,Seg.03 - Premium (VND 60K - VND 99K),49243,Silver,2.0,1.0,3.0,4.0
828243,2019,Hà Nội,Phúc Long,Yes,Yes,No,No,No,0.0,0.0,0.0,,49248,Churn,1.0,0.0,0.0,1.0
828243,2019,Hà Nội,Highlands Coffee,Yes,Yes,Yes,No,No,1.0,60.0,60.0,Seg.03 - Premium (VND 60K - VND 99K),49250,Silver,2.0,1.0,3.0,4.0
828245,2019,Hà Nội,The Coffee House,Yes,Yes,Yes,No,No,2.0,50.0,100.0,Seg.02 - Mass Asp (VND 25K - VND 59K),49257,At-risk,2.0,1.0,2.0,2.0
828245,2019,Hà Nội,Highlands Coffee,Yes,Yes,No,No,No,0.0,0.0,0.0,,49259,Churn,1.0,0.0,0.0,1.0
828264,2019,Hà Nội,Cộng Cà Phê,Yes,Yes,No,No,No,0.0,0.0,0.0,,49277,Churn,1.0,0.0,0.0,1.0
828264,2019,Hà Nội,Highlands Coffee,Yes,Yes,Yes,No,No,3.0,60.0,180.0,Seg.03 - Premium (VND 60K - VND 99K),49279,Silver,2.0,1.0,3.0,4.0
828268,2019,Hà Nội,Cộng Cà Phê,Yes,Yes,Yes,No,No,3.0,40.0,120.0,Seg.02 - Mass Asp (VND 25K - VND 59K),49282,At-risk,2.0,1.0,2.0,2.0
828284,2019,Hồ Chí Minh,Highlands Coffee,Yes,Yes,Yes,Yes,No,5.0,40.0,200.0,Seg.02 - Mass Asp (VND 25K - VND 59K),49290,Bronze,3.0,2.0,2.0,3.0
828322,2019,Hà Nội,Cộng Cà Phê,Yes,Yes,No,No,No,0.0,0.0,0.0,,49310,Churn,1.0,0.0,0.0,1.0
828322,2019,Hà Nội,Phúc Long,Yes,Yes,Yes,Yes,No,6.0,50.0,300.0,Seg.02 - Mass Asp (VND 25K - VND 59K),49314,Bronze,3.0,3.0,2.0,3.0
828322,2019,Hà Nội,Highlands Coffee,Yes,Yes,Yes,No,No,2.0,50.0,100.0,Seg.02 - Mass Asp (VND 25K - VND 59K),49316,At-risk,2.0,1.0,2.0,2.0
828365,2019,Hồ Chí Minh,Highlands Coffee,Yes,Yes,No,No,No,0.0,0.0,0.0,,49354,Churn,1.0,0.0,0.0,1.0
828394,2019,Hồ Chí Minh,Phúc Long,Yes,Yes,Yes,Yes,No,4.0,60.0,240.0,Seg.03 - Premium (VND 60K - VND 99K),49363,Silver,3.0,2.0,3.0,4.0
828394,2019,Hồ Chí Minh,Highlands Coffee,Yes,Yes,Yes,Yes,No,5.0,60.0,300.0,Seg.03 - Premium (VND 60K - VND 99K),49369,Silver,3.0,2.0,3.0,4.0
828394,2019,Hồ Chí Minh,Trung Nguyên,Yes,Yes,No,No,No,0.0,0.0,0.0,,49372,Churn,1.0,0.0,0.0,1.0
828475,2019,Hải Phòng,Highlands Coffee,Yes,Yes,No,No,No,0.0,0.0,0.0,,49393,Churn,1.0,0.0,0.0,1.0
828495,2019,Hà Nội,Highlands Coffee,Yes,Yes,Yes,No,No,1.0,50.0,50.0,Seg.02 - Mass Asp (VND 25K - VND 59K),49412,At-risk,2.0,1.0,2.0,2.0
828495,2019,Hà Nội,The Coffee House,Yes,Yes,No,No,No,0.0,0.0,0.0,,49413,Churn,1.0,0.0,0.0,1.0
828495,2019,Hà Nội,Phúc Long,Yes,Yes,No,No,No,0.0,0.0,0.0,,49414,Churn,1.0,0.0,0.0,1.0
828495,2019,Hà Nội,Cộng Cà Phê,Yes,Yes,Yes,No,No,3.0,60.0,180.0,Seg.03 - Premium (VND 60K - VND 99K),49416,Silver,2.0,1.0,3.0,4.0
828497,2019,Hồ Chí Minh,Phúc Long,Yes,Yes,No,No,No,0.0,0.0,0.0,,49422,Churn,1.0,0.0,0.0,1.0
828497,2019,Hồ Chí Minh,Cộng Cà Phê,Yes,Yes,Yes,No,No,1.0,50.0,50.0,Seg.02 - Mass Asp (VND 25K - VND 59K),49425,At-risk,2.0,1.0,2.0,2.0
828497,2019,Hồ Chí Minh,Highlands Coffee,Yes,Yes,Yes,No,No,1.0,50.0,50.0,Seg.02 - Mass Asp (VND 25K - VND 59K),49426,At-risk,2.0,1.0,2.0,2.0
828497,2019,Hồ Chí Minh,Starbucks,Yes,Yes,Yes,No,No,1.0,45.0,45.0,Seg.02 - Mass Asp (VND 25K - VND 59K),49427,At-risk,2.0,1.0,2.0,2.0
828497,2019,Hồ Chí Minh,The Coffee House,Yes,Yes,Yes,Yes,No,6.0,50.0,300.0,Seg.02 - Mass Asp (VND 25K - VND 59K),49429,Bronze,3.0,3.0,2.0,3.0
828499,2019,Hà Nội,Cộng Cà Phê,Yes,Yes,No,No,No,0.0,0.0,0.0,,49440,Churn,1.0,0.0,0.0,1.0
828500,2019,Hà Nội,Phúc Long,Yes,Yes,No,No,No,0.0,0.0,0.0,,49441,Churn,1.0,0.0,0.0,1.0
828500,2019,Hà Nội,Highlands Coffee,Yes,Yes,Yes,Yes,No,6.0,60.0,360.0,Seg.03 - Premium (VND 60K - VND 99K),49443,Gold,3.0,3.0,3.0,5.0
828500,2019,Hà Nội,The Coffee House,Yes,Yes,No,No,No,0.0,0.0,0.0,,49446,Churn,1.0,0.0,0.0,1.0
828500,2019,Hà Nội,Cộng Cà Phê,Yes,Yes,Yes,No,No,2.0,60.0,120.0,Seg.03 - Premium (VND 60K - VND 99K),49447,Silver,2.0,1.0,3.0,4.0
828506,2019,Hồ Chí Minh,Highlands Coffee,Yes,Yes,Yes,Yes,No,15.0,45.0,675.0,Seg.02 - Mass Asp (VND 25K - VND 59K),49453,Gold,3.0,4.0,2.0,5.0
828507,2019,Hồ Chí Minh,Phúc Long,Yes,Yes,No,No,No,0.0,0.0,0.0,,49461,Churn,1.0,0.0,0.0,1.0
828507,2019,Hồ Chí Minh,Highlands Coffee,Yes,Yes,Yes,Yes,Yes,35.0,50.0,1750.0,Seg.02 - Mass Asp (VND 25K - VND 59K),49462,Gold,4.0,4.0,2.0,5.0
828534,2019,Hải Phòng,Highlands Coffee,Yes,Yes,Yes,Yes,No,4.0,50.0,200.0,Seg.02 - Mass Asp (VND 25K - VND 59K),49493,Bronze,3.0,2.0,2.0,3.0
828534,2019,Hải Phòng,Cộng Cà Phê,Yes,Yes,No,No,No,0.0,0.0,0.0,,49500,Churn,1.0,0.0,0.0,1.0
828549,2019,Hồ Chí Minh,Highlands Coffee,Yes,Yes,Yes,No,No,2.0,50.0,100.0,Seg.02 - Mass Asp (VND 25K - VND 59K),49509,At-risk,2.0,1.0,2.0,2.0
828586,2019,Hồ Chí Minh,Phúc Long,Yes,Yes,Yes,No,No,1.0,45.0,45.0,Seg.02 - Mass Asp (VND 25K - VND 59K),49554,At-risk,2.0,1.0,2.0,2.0
828594,2019,Hồ Chí Minh,Highlands Coffee,Yes,Yes,No,No,No,0.0,0.0,0.0,,49566,Churn,1.0,0.0,0.0,1.0
828616,2019,Hải Phòng,Highlands Coffee,Yes,Yes,Yes,No,No,2.0,20.0,40.0,Seg.01 - Mass (<VND 25K),49582,At-risk,2.0,1.0,1.0,2.0
828657,2019,Hà Nội,Cộng Cà Phê,Yes,Yes,No,No,No,0.0,0.0,0.0,,49608,Churn,1.0,0.0,0.0,1.0
828657,2019,Hà Nội,Highlands Coffee,Yes,Yes,No,No,No,0.0,0.0,0.0,,49609,Churn,1.0,0.0,0.0,1.0
828657,2019,Hà Nội,The Coffee House,Yes,Yes,No,No,No,0.0,0.0,0.0,,49617,Churn,1.0,0.0,0.0,1.0
828670,2019,Hà Nội,Highlands Coffee,Yes,Yes,No,No,No,0.0,0.0,0.0,,49626,Churn,1.0,0.0,0.0,1.0
828713,2019,Hà Nội,Cộng Cà Phê,Yes,Yes,No,No,No,0.0,0.0,0.0,,49646,Churn,1.0,0.0,0.0,1.0
828713,2019,Hà Nội,Highlands Coffee,Yes,Yes,Yes,No,No,2.0,60.0,120.0,Seg.03 - Premium (VND 60K - VND 99K),49647,Silver,2.0,1.0,3.0,4.0
828713,2019,Hà Nội,The Coffee House,Yes,Yes,Yes,Yes,No,4.0,50.0,200.0,Seg.02 - Mass Asp (VND 25K - VND 59K),49648,Bronze,3.0,2.0,2.0,3.0
828866,2019,Hà Nội,Cộng Cà Phê,Yes,Yes,No,No,No,0.0,0.0,0.0,,49690,Churn,1.0,0.0,0.0,1.0
828866,2019,Hà Nội,Highlands Coffee,Yes,Yes,No,No,No,0.0,0.0,0.0,,49692,Churn,1.0,0.0,0.0,1.0
828867,2019,Hồ Chí Minh,Highlands Coffee,Yes,Yes,No,No,No,0.0,0.0,0.0,,49699,Churn,1.0,0.0,0.0,1.0
828867,2019,Hồ Chí Minh,Phúc Long,Yes,Yes,No,No,No,0.0,0.0,0.0,,49700,Churn,1.0,0.0,0.0,1.0
828867,2019,Hồ Chí Minh,Trung Nguyên,Yes,Yes,No,No,No,0.0,0.0,0.0,,49702,Churn,1.0,0.0,0.0,1.0
828892,2019,Hải Phòng,Highlands Coffee,Yes,Yes,Yes,No,No,3.0,80.0,240.0,Seg.03 - Premium (VND 60K - VND 99K),49719,Silver,2.0,1.0,3.0,4.0
828892,2019,Hải Phòng,The Coffee House,Yes,Yes,Yes,Yes,No,4.0,65.0,260.0,Seg.03 - Premium (VND 60K - VND 99K),49724,Silver,3.0,2.0,3.0,4.0
828902,2019,Hồ Chí Minh,Highlands Coffee,Yes,Yes,Yes,No,No,1.0,55.0,55.0,Seg.02 - Mass Asp (VND 25K - VND 59K),49733,At-risk,2.0,1.0,2.0,2.0
828910,2019,Hải Phòng,Highlands Coffee,Yes,Yes,Yes,Yes,No,5.0,29.0,145.0,Seg.02 - Mass Asp (VND 25K - VND 59K),49741,Bronze,3.0,2.0,1.0,3.0
828910,2019,Hải Phòng,The Coffee House,Yes,Yes,No,No,No,0.0,0.0,0.0,,49745,Churn,1.0,0.0,0.0,1.0
828924,2019,Hải Phòng,Highlands Coffee,Yes,Yes,Yes,Yes,Yes,30.0,30.0,900.0,Seg.02 - Mass Asp (VND 25K - VND 59K),49753,Gold,4.0,4.0,1.0,5.0
828924,2019,Hải Phòng,The Coffee House,Yes,Yes,No,No,No,0.0,0.0,0.0,,49756,Churn,1.0,0.0,0.0,1.0
828940,2019,Đà Nẵng,Trung Nguyên,Yes,Yes,No,No,No,0.0,0.0,0.0,,49761,Churn,1.0,0.0,0.0,1.0
829041,2019,Hồ Chí Minh,Cộng Cà Phê,Yes,Yes,No,No,No,0.0,0.0,0.0,,49774,Churn,1.0,0.0,0.0,1.0
829041,2019,Hồ Chí Minh,Highlands Coffee,Yes,Yes,Yes,No,No,1.0,55.0,55.0,Seg.02 - Mass Asp (VND 25K - VND 59K),49778,At-risk,2.0,1.0,2.0,2.0
829094,2019,Hồ Chí Minh,Highlands Coffee,Yes,Yes,Yes,No,No,1.0,35.0,35.0,Seg.02 - Mass Asp (VND 25K - VND 59K),49795,At-risk,2.0,1.0,1.0,2.0
829110,2019,Hải Phòng,Highlands Coffee,Yes,Yes,No,No,No,0.0,0.0,0.0,,49801,Churn,1.0,0.0,0.0,1.0
829159,2019,Hải Phòng,The Coffee House,Yes,Yes,No,No,No,0.0,0.0,0.0,,49810,Churn,1.0,0.0,0.0,1.0
829159,2019,Hải Phòng,Highlands Coffee,Yes,Yes,Yes,No,No,3.0,50.0,150.0,Seg.02 - Mass Asp (VND 25K - VND 59K),49812,At-risk,2.0,1.0,2.0,2.0
829159,2019,Hải Phòng,Trung Nguyên,Yes,Yes,No,No,No,0.0,0.0,0.0,,49814,Churn,1.0,0.0,0.0,1.0
829171,2019,Hà Nội,The Coffee House,Yes,Yes,No,No,No,0.0,0.0,0.0,,49822,Churn,1.0,0.0,0.0,1.0
829171,2019,Hà Nội,Highlands Coffee,Yes,Yes,No,No,No,0.0,0.0,0.0,,49824,Churn,1.0,0.0,0.0,1.0
829171,2019,Hà Nội,Cộng Cà Phê,Yes,Yes,Yes,Yes,No,5.0,40.0,200.0,Seg.02 - Mass Asp (VND 25K - VND 59K),49826,Bronze,3.0,2.0,2.0,3.0
829171,2019,Hà Nội,Starbucks,Yes,Yes,No,No,No,0.0,0.0,0.0,,49827,Churn,1.0,0.0,0.0,1.0
829177,2019,Hà Nội,Highlands Coffee,Yes,Yes,No,No,No,0.0,0.0,0.0,,49831,Churn,1.0,0.0,0.0,1.0
829177,2019,Hà Nội,Phúc Long,Yes,Yes,No,No,No,0.0,0.0,0.0,,49832,Churn,1.0,0.0,0.0,1.0
829179,2019,Hà Nội,The Coffee House,Yes,Yes,No,No,No,0.0,0.0,0.0,,49838,Churn,1.0,0.0,0.0,1.0
829179,2019,Hà Nội,Cộng Cà Phê,Yes,Yes,No,No,No,0.0,0.0,0.0,,49841,Churn,1.0,0.0,0.0,1.0
829179,2019,Hà Nội,Highlands Coffee,Yes,Yes,No,No,No,0.0,0.0,0.0,,49842,Churn,1.0,0.0,0.0,1.0
829208,2019,Hà Nội,The Coffee House,Yes,Yes,Yes,Yes,No,4.0,50.0,200.0,Seg.02 - Mass Asp (VND 25K - VND 59K),49846,Bronze,3.0,2.0,2.0,3.0
829208,2019,Hà Nội,Highlands Coffee,Yes,Yes,No,No,No,0.0,0.0,0.0,,49849,Churn,1.0,0.0,0.0,1.0
829208,2019,Hà Nội,Phúc Long,Yes,Yes,Yes,No,No,2.0,50.0,100.0,Seg.02 - Mass Asp (VND 25K - VND 59K),49850,At-risk,2.0,1.0,2.0,2.0
829209,2019,Hà Nội,The Coffee House,Yes,Yes,No,No,No,0.0,0.0,0.0,,49856,Churn,1.0,0.0,0.0,1.0
829209,2019,Hà Nội,Highlands Coffee,Yes,Yes,Yes,Yes,No,6.0,60.0,360.0,Seg.03 - Premium (VND 60K - VND 99K),49857,Gold,3.0,3.0,3.0,5.0
829209,2019,Hà Nội,Cộng Cà Phê,Yes,Yes,Yes,No,No,2.0,60.0,120.0,Seg.03 - Premium (VND 60K - VND 99K),49861,Silver,2.0,1.0,3.0,4.0
829239,2019,Hải Phòng,Highlands Coffee,Yes,Yes,Yes,No,No,3.0,50.0,150.0,Seg.02 - Mass Asp (VND 25K - VND 59K),49866,At-risk,2.0,1.0,2.0,2.0
829250,2019,Đà Nẵng,Highlands Coffee,Yes,Yes,Yes,Yes,No,6.0,50.0,300.0,Seg.02 - Mass Asp (VND 25K - VND 59K),49871,Bronze,3.0,3.0,2.0,3.0
829250,2019,Đà Nẵng,Trung Nguyên,Yes,Yes,No,No,No,0.0,0.0,0.0,,49872,Churn,1.0,0.0,0.0,1.0
829324,2019,Hà Nội,Starbucks,Yes,Yes,No,No,No,0.0,0.0,0.0,,49907,Churn,1.0,0.0,0.0,1.0
829324,2019,Hà Nội,Cộng Cà Phê,Yes,Yes,No,No,No,0.0,0.0,0.0,,49909,Churn,1.0,0.0,0.0,1.0
829330,2019,Hải Phòng,Highlands Coffee,Yes,Yes,No,No,No,0.0,0.0,0.0,,49914,Churn,1.0,0.0,0.0,1.0
829606,2019,Đà Nẵng,Highlands Coffee,Yes,Yes,No,No,No,0.0,0.0,0.0,,49944,Churn,1.0,0.0,0.0,1.0
829804,2019,Hồ Chí Minh,Highlands Coffee,Yes,Yes,Yes,No,No,1.0,50.0,50.0,Seg.02 - Mass Asp (VND 25K - VND 59K),49992,At-risk,2.0,1.0,2.0,2.0
829955,2019,Hà Nội,Trung Nguyên,Yes,Yes,Yes,No,No,3.0,40.0,120.0,Seg.02 - Mass Asp (VND 25K - VND 59K),50059,At-risk,2.0,1.0,2.0,2.0
829955,2019,Hà Nội,Cộng Cà Phê,Yes,Yes,Yes,No,No,1.0,30.0,30.0,Seg.02 - Mass Asp (VND 25K - VND 59K),50060,At-risk,2.0,1.0,1.0,2.0
829955,2019,Hà Nội,Highlands Coffee,Yes,Yes,No,No,No,0.0,0.0,0.0,,50062,Churn,1.0,0.0,0.0,1.0
829974,2019,Hà Nội,Highlands Coffee,Yes,Yes,Yes,Yes,No,6.0,65.0,390.0,Seg.03 - Premium (VND 60K - VND 99K),50069,Gold,3.0,3.0,3.0,5.0
829975,2019,Hà Nội,Cộng Cà Phê,Yes,Yes,Yes,Yes,No,4.0,65.0,260.0,Seg.03 - Premium (VND 60K - VND 99K),50074,Silver,3.0,2.0,3.0,4.0
829990,2019,Hồ Chí Minh,Phúc Long,Yes,Yes,Yes,No,No,2.0,50.0,100.0,Seg.02 - Mass Asp (VND 25K - VND 59K),50086,At-risk,2.0,1.0,2.0,2.0
829990,2019,Hồ Chí Minh,The Coffee House,Yes,Yes,No,No,No,0.0,0.0,0.0,,50087,Churn,1.0,0.0,0.0,1.0
829990,2019,Hồ Chí Minh,Highlands Coffee,Yes,Yes,No,No,No,0.0,0.0,0.0,,50091,Churn,1.0,0.0,0.0,1.0
830035,2019,Hồ Chí Minh,Highlands Coffee,Yes,Yes,Yes,Yes,No,8.0,50.0,400.0,Seg.02 - Mass Asp (VND 25K - VND 59K),50102,Gold,3.0,4.0,2.0,5.0
830043,2019,Đà Nẵng,Highlands Coffee,Yes,Yes,No,No,No,0.0,0.0,0.0,,50115,Churn,1.0,0.0,0.0,1.0
830114,2019,Hồ Chí Minh,Trung Nguyên,Yes,Yes,Yes,No,No,3.0,45.0,135.0,Seg.02 - Mass Asp (VND 25K - VND 59K),50135,At-risk,2.0,1.0,2.0,2.0
830139,2019,Hồ Chí Minh,Trung Nguyên,Yes,Yes,No,No,No,0.0,0.0,0.0,,50150,Churn,1.0,0.0,0.0,1.0
830193,2019,Hà Nội,Cộng Cà Phê,Yes,Yes,Yes,Yes,No,6.0,50.0,300.0,Seg.02 - Mass Asp (VND 25K - VND 59K),50170,Bronze,3.0,3.0,2.0,3.0
830193,2019,Hà Nội,Phúc Long,Yes,Yes,No,No,No,0.0,0.0,0.0,,50174,Churn,1.0,0.0,0.0,1.0
830193,2019,Hà Nội,Highlands Coffee,Yes,Yes,No,No,No,0.0,0.0,0.0,,50175,Churn,1.0,0.0,0.0,1.0
830232,2019,Hồ Chí Minh,Highlands Coffee,Yes,Yes,Yes,Yes,No,4.0,39.0,156.0,Seg.02 - Mass Asp (VND 25K - VND 59K),50181,Bronze,3.0,2.0,2.0,3.0
830247,2019,Hồ Chí Minh,Trung Nguyên,Yes,Yes,No,No,No,0.0,0.0,0.0,,50192,Churn,1.0,0.0,0.0,1.0
830247,2019,Hồ Chí Minh,Highlands Coffee,Yes,Yes,No,No,No,0.0,0.0,0.0,,50197,Churn,1.0,0.0,0.0,1.0
830276,2019,Hồ Chí Minh,Highlands Coffee,Yes,Yes,No,No,No,0.0,0.0,0.0,,50214,Churn,1.0,0.0,0.0,1.0
830288,2019,Hà Nội,The Coffee House,Yes,Yes,Yes,Yes,No,4.0,50.0,200.0,Seg.02 - Mass Asp (VND 25K - VND 59K),50225,Bronze,3.0,2.0,2.0,3.0
830288,2019,Hà Nội,Phúc Long,Yes,Yes,Yes,No,No,2.0,50.0,100.0,Seg.02 - Mass Asp (VND 25K - VND 59K),50229,At-risk,2.0,1.0,2.0,2.0
830288,2019,Hà Nội,Highlands Coffee,Yes,Yes,No,No,No,0.0,0.0,0.0,,50230,Churn,1.0,0.0,0.0,1.0
830291,2019,Hà Nội,The Coffee House,Yes,Yes,No,No,No,0.0,0.0,0.0,,50238,Churn,1.0,0.0,0.0,1.0
830291,2019,Hà Nội,Cộng Cà Phê,Yes,Yes,Yes,No,No,2.0,60.0,120.0,Seg.03 - Premium (VND 60K - VND 99K),50240,Silver,2.0,1.0,3.0,4.0
830291,2019,Hà Nội,Highlands Coffee,Yes,Yes,Yes,Yes,No,4.0,60.0,240.0,Seg.03 - Premium (VND 60K - VND 99K),50243,Silver,3.0,2.0,3.0,4.0
830301,2019,Hồ Chí Minh,The Coffee House,Yes,Yes,No,No,No,0.0,0.0,0.0,,50247,Churn,1.0,0.0,0.0,1.0
830301,2019,Hồ Chí Minh,Highlands Coffee,Yes,Yes,Yes,Yes,No,10.0,30.0,300.0,Seg.02 - Mass Asp (VND 25K - VND 59K),50253,Gold,3.0,4.0,1.0,5.0
830304,2019,Hải Phòng,Highlands Coffee,Yes,Yes,No,No,No,0.0,0.0,0.0,,50262,Churn,1.0,0.0,0.0,1.0
830329,2019,Hồ Chí Minh,The Coffee House,Yes,Yes,Yes,No,No,2.0,30.0,60.0,Seg.02 - Mass Asp (VND 25K - VND 59K),50275,At-risk,2.0,1.0,1.0,2.0
830329,2019,Hồ Chí Minh,Phúc Long,Yes,Yes,Yes,No,No,2.0,30.0,60.0,Seg.02 - Mass Asp (VND 25K - VND 59K),50280,At-risk,2.0,1.0,1.0,2.0
830369,2019,Hà Nội,Cộng Cà Phê,Yes,Yes,Yes,Yes,No,4.0,60.0,240.0,Seg.03 - Premium (VND 60K - VND 99K),50309,Silver,3.0,2.0,3.0,4.0
830369,2019,Hà Nội,The Coffee House,Yes,Yes,No,No,No,0.0,0.0,0.0,,50310,Churn,1.0,0.0,0.0,1.0
830369,2019,Hà Nội,Highlands Coffee,Yes,Yes,No,No,No,0.0,0.0,0.0,,50313,Churn,1.0,0.0,0.0,1.0
830390,2019,Hải Phòng,Highlands Coffee,Yes,Yes,Yes,No,No,3.0,70.0,210.0,Seg.03 - Premium (VND 60K - VND 99K),50361,Silver,2.0,1.0,3.0,4.0
830498,2019,Hà Nội,Cộng Cà Phê,Yes,Yes,No,No,No,0.0,0.0,0.0,,50386,Churn,1.0,0.0,0.0,1.0
830498,2019,Hà Nội,Phúc Long,Yes,Yes,No,No,No,0.0,0.0,0.0,,50387,Churn,1.0,0.0,0.0,1.0
830498,2019,Hà Nội,Highlands Coffee,Yes,Yes,No,No,No,0.0,0.0,0.0,,50392,Churn,1.0,0.0,0.0,1.0
830501,2019,Hà Nội,Cộng Cà Phê,Yes,Yes,Yes,Yes,No,6.0,50.0,300.0,Seg.02 - Mass Asp (VND 25K - VND 59K),50395,Bronze,3.0,3.0,2.0,3.0
830501,2019,Hà Nội,Highlands Coffee,Yes,Yes,Yes,No,No,2.0,50.0,100.0,Seg.02 - Mass Asp (VND 25K - VND 59K),50400,At-risk,2.0,1.0,2.0,2.0
830522,2019,Hà Nội,Highlands Coffee,Yes,Yes,Yes,Yes,No,4.0,50.0,200.0,Seg.02 - Mass Asp (VND 25K - VND 59K),50404,Bronze,3.0,2.0,2.0,3.0
830680,2019,Hà Nội,The Coffee House,Yes,Yes,No,No,No,0.0,0.0,0.0,,50445,Churn,1.0,0.0,0.0,1.0
830680,2019,Hà Nội,Highlands Coffee,Yes,Yes,Yes,Yes,No,6.0,60.0,360.0,Seg.03 - Premium (VND 60K - VND 99K),50447,Gold,3.0,3.0,3.0,5.0
830681,2019,Hà Nội,Starbucks,Yes,Yes,No,No,No,0.0,0.0,0.0,,50456,Churn,1.0,0.0,0.0,1.0
830681,2019,Hà Nội,Phúc Long,Yes,Yes,No,No,No,0.0,0.0,0.0,,50460,Churn,1.0,0.0,0.0,1.0
830681,2019,Hà Nội,Highlands Coffee,Yes,Yes,Yes,No,No,2.0,60.0,120.0,Seg.03 - Premium (VND 60K - VND 99K),50461,Silver,2.0,1.0,3.0,4.0
830876,2019,Hà Nội,Highlands Coffee,Yes,Yes,No,No,No,0.0,0.0,0.0,,50484,Churn,1.0,0.0,0.0,1.0
830971,2019,Hải Phòng,Highlands Coffee,Yes,Yes,Yes,No,No,2.0,50.0,100.0,Seg.02 - Mass Asp (VND 25K - VND 59K),50515,At-risk,2.0,1.0,2.0,2.0
830971,2019,Hải Phòng,The Coffee House,Yes,Yes,No,No,No,0.0,0.0,0.0,,50516,Churn,1.0,0.0,0.0,1.0
830995,2019,Hà Nội,Highlands Coffee,Yes,Yes,Yes,No,No,2.0,55.0,110.0,Seg.02 - Mass Asp (VND 25K - VND 59K),50532,At-risk,2.0,1.0,2.0,2.0
831007,2019,Hà Nội,Highlands Coffee,Yes,Yes,Yes,No,No,2.0,35.0,70.0,Seg.02 - Mass Asp (VND 25K - VND 59K),50548,At-risk,2.0,1.0,1.0,2.0
831022,2019,Hồ Chí Minh,Trung Nguyên,Yes,Yes,No,No,No,0.0,0.0,0.0,,50557,Churn,1.0,0.0,0.0,1.0
831354,2019,Đà Nẵng,Highlands Coffee,Yes,Yes,Yes,Yes,No,15.0,59.0,885.0,Seg.02 - Mass Asp (VND 25K - VND 59K),50564,Gold,3.0,4.0,3.0,5.0
831354,2019,Đà Nẵng,Cộng Cà Phê,Yes,Yes,No,No,No,0.0,0.0,0.0,,50567,Churn,1.0,0.0,0.0,1.0
831372,2019,Hà Nội,Highlands Coffee,Yes,Yes,Yes,No,No,2.0,50.0,100.0,Seg.02 - Mass Asp (VND 25K - VND 59K),50589,At-risk,2.0,1.0,2.0,2.0
831372,2019,Hà Nội,Cộng Cà Phê,Yes,Yes,Yes,Yes,No,6.0,50.0,300.0,Seg.02 - Mass Asp (VND 25K - VND 59K),50591,Bronze,3.0,3.0,2.0,3.0
831372,2019,Hà Nội,Phúc Long,Yes,Yes,No,No,No,0.0,0.0,0.0,,50592,Churn,1.0,0.0,0.0,1.0
831372,2019,Hà Nội,The Coffee House,Yes,Yes,No,No,No,0.0,0.0,0.0,,50596,Churn,1.0,0.0,0.0,1.0
831374,2019,Hồ Chí Minh,Highlands Coffee,Yes,Yes,Yes,Yes,No,10.0,60.0,600.0,Seg.03 - Premium (VND 60K - VND 99K),50604,Gold,3.0,4.0,3.0,5.0
831563,2019,Hà Nội,The Coffee House,Yes,Yes,Yes,No,No,3.0,65.0,195.0,Seg.03 - Premium (VND 60K - VND 99K),50641,Silver,2.0,1.0,3.0,4.0
831616,2019,Hồ Chí Minh,Highlands Coffee,Yes,Yes,Yes,No,No,1.0,29.0,29.0,Seg.02 - Mass Asp (VND 25K - VND 59K),50657,At-risk,2.0,1.0,1.0,2.0
831616,2019,Hồ Chí Minh,Phúc Long,Yes,Yes,No,No,No,0.0,0.0,0.0,,50658,Churn,1.0,0.0,0.0,1.0
831619,2019,Hồ Chí Minh,Trung Nguyên,Yes,Yes,Yes,Yes,No,5.0,35.0,175.0,Seg.02 - Mass Asp (VND 25K - VND 59K),50671,Bronze,3.0,2.0,1.0,3.0
831669,2019,Hồ Chí Minh,The Coffee House,Yes,Yes,Yes,No,No,3.0,49.0,147.0,Seg.02 - Mass Asp (VND 25K - VND 59K),50683,At-risk,2.0,1.0,2.0,2.0
831669,2019,Hồ Chí Minh,Highlands Coffee,Yes,Yes,No,No,No,0.0,0.0,0.0,,50688,Churn,1.0,0.0,0.0,1.0
831669,2019,Hồ Chí Minh,Phúc Long,Yes,Yes,No,No,No,0.0,0.0,0.0,,50689,Churn,1.0,0.0,0.0,1.0
831707,2019,Hà Nội,Highlands Coffee,Yes,Yes,Yes,Yes,No,6.0,50.0,300.0,Seg.02 - Mass Asp (VND 25K - VND 59K),50703,Bronze,3.0,3.0,2.0,3.0
831707,2019,Hà Nội,Cộng Cà Phê,Yes,Yes,Yes,No,No,2.0,50.0,100.0,Seg.02 - Mass Asp (VND 25K - VND 59K),50706,At-risk,2.0,1.0,2.0,2.0
831707,2019,Hà Nội,The Coffee House,Yes,Yes,No,No,No,0.0,0.0,0.0,,50707,Churn,1.0,0.0,0.0,1.0
831750,2019,Hải Phòng,Highlands Coffee,Yes,Yes,No,No,No,0.0,0.0,0.0,,50710,Churn,1.0,0.0,0.0,1.0
831775,2019,Hà Nội,The Coffee House,Yes,Yes,Yes,No,No,2.0,50.0,100.0,Seg.02 - Mass Asp (VND 25K - VND 59K),50760,At-risk,2.0,1.0,2.0,2.0
831775,2019,Hà Nội,Highlands Coffee,Yes,Yes,No,No,No,0.0,0.0,0.0,,50764,Churn,1.0,0.0,0.0,1.0
831784,2019,Hồ Chí Minh,Highlands Coffee,Yes,Yes,No,No,No,0.0,0.0,0.0,,50778,Churn,1.0,0.0,0.0,1.0
831784,2019,Hồ Chí Minh,The Coffee House,Yes,Yes,No,No,No,0.0,0.0,0.0,,50780,Churn,1.0,0.0,0.0,1.0
831840,2019,Hà Nội,The Coffee House,Yes,Yes,No,No,No,0.0,0.0,0.0,,50796,Churn,1.0,0.0,0.0,1.0
831840,2019,Hà Nội,Highlands Coffee,Yes,Yes,Yes,Yes,No,6.0,60.0,360.0,Seg.03 - Premium (VND 60K - VND 99K),50798,Gold,3.0,3.0,3.0,5.0
831840,2019,Hà Nội,Cộng Cà Phê,Yes,Yes,Yes,No,No,2.0,60.0,120.0,Seg.03 - Premium (VND 60K - VND 99K),50801,Silver,2.0,1.0,3.0,4.0
831851,2019,Hồ Chí Minh,Trung Nguyên,Yes,Yes,No,No,No,0.0,0.0,0.0,,50819,Churn,1.0,0.0,0.0,1.0
831864,2019,Hồ Chí Minh,The Coffee House,Yes,Yes,No,No,No,0.0,0.0,0.0,,50825,Churn,1.0,0.0,0.0,1.0
831864,2019,Hồ Chí Minh,Phúc Long,Yes,Yes,No,No,No,0.0,0.0,0.0,,50832,Churn,1.0,0.0,0.0,1.0
831864,2019,Hồ Chí Minh,Highlands Coffee,Yes,Yes,Yes,Yes,No,5.0,40.0,200.0,Seg.02 - Mass Asp (VND 25K - VND 59K),50836,Bronze,3.0,2.0,2.0,3.0
831898,2019,Hồ Chí Minh,The Coffee House,Yes,Yes,Yes,No,No,1.0,60.0,60.0,Seg.03 - Premium (VND 60K - VND 99K),50844,Silver,2.0,1.0,3.0,4.0
831898,2019,Hồ Chí Minh,Highlands Coffee,Yes,Yes,Yes,No,No,2.0,70.0,140.0,Seg.03 - Premium (VND 60K - VND 99K),50847,Silver,2.0,1.0,3.0,4.0
831912,2019,Hồ Chí Minh,Highlands Coffee,Yes,Yes,Yes,Yes,No,8.0,60.0,480.0,Seg.03 - Premium (VND 60K - VND 99K),50867,Gold,3.0,4.0,3.0,5.0
831922,2019,Hồ Chí Minh,The Coffee House,Yes,Yes,No,No,No,0.0,0.0,0.0,,50882,Churn,1.0,0.0,0.0,1.0
831960,2019,Cần Thơ,Highlands Coffee,Yes,Yes,No,No,No,0.0,0.0,0.0,,50901,Churn,1.0,0.0,0.0,1.0
832053,2019,Hồ Chí Minh,Highlands Coffee,Yes,Yes,Yes,Yes,No,12.0,70.0,840.0,Seg.03 - Premium (VND 60K - VND 99K),50937,Gold,3.0,4.0,3.0,5.0
832113,2019,Hải Phòng,Highlands Coffee,Yes,Yes,No,No,No,0.0,0.0,0.0,,50943,Churn,1.0,0.0,0.0,1.0
832228,2019,Hà Nội,Highlands Coffee,Yes,Yes,No,No,No,0.0,0.0,0.0,,50955,Churn,1.0,0.0,0.0,1.0
832228,2019,Hà Nội,Cộng Cà Phê,Yes,Yes,No,No,No,0.0,0.0,0.0,,50957,Churn,1.0,0.0,0.0,1.0
832355,2019,Hồ Chí Minh,Highlands Coffee,Yes,Yes,No,No,No,0.0,0.0,0.0,,50981,Churn,1.0,0.0,0.0,1.0
832355,2019,Hồ Chí Minh,Phúc Long,Yes,Yes,Yes,No,No,3.0,50.0,150.0,Seg.02 - Mass Asp (VND 25K - VND 59K),50985,At-risk,2.0,1.0,2.0,2.0
832355,2019,Hồ Chí Minh,The Coffee House,Yes,Yes,No,No,No,0.0,0.0,0.0,,50990,Churn,1.0,0.0,0.0,1.0
832854,2019,Hà Nội,Starbucks,Yes,Yes,No,No,No,0.0,0.0,0.0,,51024,Churn,1.0,0.0,0.0,1.0
832854,2019,Hà Nội,Highlands Coffee,Yes,Yes,Yes,Yes,No,4.0,60.0,240.0,Seg.03 - Premium (VND 60K - VND 99K),51026,Silver,3.0,2.0,3.0,4.0
832854,2019,Hà Nội,The Coffee House,Yes,Yes,No,No,No,0.0,0.0,0.0,,51029,Churn,1.0,0.0,0.0,1.0
832871,2019,Hà Nội,Highlands Coffee,Yes,Yes,No,No,No,0.0,0.0,0.0,,51056,Churn,1.0,0.0,0.0,1.0
832947,2019,Hà Nội,The Coffee House,Yes,Yes,No,No,No,0.0,0.0,0.0,,51073,Churn,1.0,0.0,0.0,1.0
832947,2019,Hà Nội,Cộng Cà Phê,Yes,Yes,No,No,No,0.0,0.0,0.0,,51076,Churn,1.0,0.0,0.0,1.0
832949,2019,Hồ Chí Minh,Phúc Long,Yes,Yes,Yes,Yes,No,6.0,75.0,450.0,Seg.03 - Premium (VND 60K - VND 99K),51085,Gold,3.0,3.0,3.0,5.0
833223,2019,Hà Nội,Phúc Long,Yes,Yes,No,No,No,0.0,0.0,0.0,,51147,Churn,1.0,0.0,0.0,1.0
833223,2019,Hà Nội,Highlands Coffee,Yes,Yes,Yes,No,No,2.0,50.0,100.0,Seg.02 - Mass Asp (VND 25K - VND 59K),51148,At-risk,2.0,1.0,2.0,2.0
833223,2019,Hà Nội,Cộng Cà Phê,Yes,Yes,Yes,Yes,No,4.0,50.0,200.0,Seg.02 - Mass Asp (VND 25K - VND 59K),51149,Bronze,3.0,2.0,2.0,3.0
833234,2019,Hà Nội,The Coffee House,Yes,Yes,No,No,No,0.0,0.0,0.0,,51157,Churn,1.0,0.0,0.0,1.0
833234,2019,Hà Nội,Phúc Long,Yes,Yes,No,No,No,0.0,0.0,0.0,,51160,Churn,1.0,0.0,0.0,1.0
833234,2019,Hà Nội,Cộng Cà Phê,Yes,Yes,Yes,No,No,2.0,50.0,100.0,Seg.02 - Mass Asp (VND 25K - VND 59K),51161,At-risk,2.0,1.0,2.0,2.0
833234,2019,Hà Nội,Highlands Coffee,Yes,Yes,Yes,Yes,No,6.0,50.0,300.0,Seg.02 - Mass Asp (VND 25K - VND 59K),51163,Bronze,3.0,3.0,2.0,3.0
833324,2019,Hồ Chí Minh,Highlands Coffee,Yes,Yes,Yes,Yes,No,8.0,50.0,400.0,Seg.02 - Mass Asp (VND 25K - VND 59K),51190,Gold,3.0,4.0,2.0,5.0
833324,2019,Hồ Chí Minh,The Coffee House,Yes,Yes,Yes,Yes,No,4.0,50.0,200.0,Seg.02 - Mass Asp (VND 25K - VND 59K),51197,Bronze,3.0,2.0,2.0,3.0
833332,2019,Hồ Chí Minh,Phúc Long,Yes,Yes,No,No,No,0.0,0.0,0.0,,51206,Churn,1.0,0.0,0.0,1.0
833332,2019,Hồ Chí Minh,The Coffee House,Yes,Yes,No,No,No,0.0,0.0,0.0,,51210,Churn,1.0,0.0,0.0,1.0
833332,2019,Hồ Chí Minh,Highlands Coffee,Yes,Yes,No,No,No,0.0,0.0,0.0,,51215,Churn,1.0,0.0,0.0,1.0
833354,2019,Cần Thơ,Trung Nguyên,Yes,Yes,No,No,No,0.0,0.0,0.0,,51219,Churn,1.0,0.0,0.0,1.0
833371,2019,Hồ Chí Minh,Trung Nguyên,Yes,Yes,No,No,No,0.0,0.0,0.0,,51228,Churn,1.0,0.0,0.0,1.0
833429,2019,Hồ Chí Minh,The Coffee House,Yes,Yes,No,No,No,0.0,0.0,0.0,,51260,Churn,1.0,0.0,0.0,1.0
833429,2019,Hồ Chí Minh,Highlands Coffee,Yes,Yes,No,No,No,0.0,0.0,0.0,,51261,Churn,1.0,0.0,0.0,1.0
833521,2019,Hồ Chí Minh,Trung Nguyên,Yes,Yes,Yes,No,No,2.0,50.0,100.0,Seg.02 - Mass Asp (VND 25K - VND 59K),51325,At-risk,2.0,1.0,2.0,2.0
833571,2019,Hồ Chí Minh,The Coffee House,Yes,Yes,No,No,No,0.0,0.0,0.0,,51328,Churn,1.0,0.0,0.0,1.0
833631,2019,Hồ Chí Minh,Trung Nguyên,Yes,Yes,No,No,No,0.0,0.0,0.0,,51364,Churn,1.0,0.0,0.0,1.0
833705,2019,Hồ Chí Minh,Trung Nguyên,Yes,Yes,No,No,No,0.0,0.0,0.0,,51368,Churn,1.0,0.0,0.0,1.0
833705,2019,Hồ Chí Minh,Highlands Coffee,Yes,Yes,No,No,No,0.0,0.0,0.0,,51369,Churn,1.0,0.0,0.0,1.0
833859,2019,Hồ Chí Minh,Highlands Coffee,Yes,Yes,Yes,No,No,2.0,45.0,90.0,Seg.02 - Mass Asp (VND 25K - VND 59K),51383,At-risk,2.0,1.0,2.0,2.0
833859,2019,Hồ Chí Minh,Trung Nguyên,Yes,Yes,Yes,Yes,Yes,20.0,25.0,500.0,Seg.02 - Mass Asp (VND 25K - VND 59K),51384,Gold,4.0,4.0,1.0,5.0
833873,2019,Hồ Chí Minh,Highlands Coffee,Yes,Yes,No,No,No,0.0,0.0,0.0,,51400,Churn,1.0,0.0,0.0,1.0
833873,2019,Hồ Chí Minh,The Coffee House,Yes,Yes,No,No,No,0.0,0.0,0.0,,51405,Churn,1.0,0.0,0.0,1.0
834106,2019,Hồ Chí Minh,The Coffee House,Yes,Yes,No,No,No,0.0,0.0,0.0,,51428,Churn,1.0,0.0,0.0,1.0
834430,2019,Hồ Chí Minh,Highlands Coffee,Yes,Yes,Yes,No,No,2.0,55.0,110.0,Seg.02 - Mass Asp (VND 25K - VND 59K),51446,At-risk,2.0,1.0,2.0,2.0
834545,2019,Hồ Chí Minh,Highlands Coffee,Yes,Yes,Yes,No,No,1.0,35.0,35.0,Seg.02 - Mass Asp (VND 25K - VND 59K),51464,At-risk,2.0,1.0,1.0,2.0
834569,2019,Hồ Chí Minh,Phúc Long,Yes,Yes,No,No,No,0.0,0.0,0.0,,51479,Churn,1.0,0.0,0.0,1.0
834569,2019,Hồ Chí Minh,Trung Nguyên,Yes,Yes,No,No,No,0.0,0.0,0.0,,51483,Churn,1.0,0.0,0.0,1.0
834581,2019,Hồ Chí Minh,Highlands Coffee,Yes,Yes,No,No,No,0.0,0.0,0.0,,51494,Churn,1.0,0.0,0.0,1.0
834620,2019,Cần Thơ,Highlands Coffee,Yes,Yes,No,No,No,0.0,0.0,0.0,,51504,Churn,1.0,0.0,0.0,1.0
834625,2019,Hồ Chí Minh,Trung Nguyên,Yes,Yes,No,No,No,0.0,0.0,0.0,,51509,Churn,1.0,0.0,0.0,1.0
834697,2019,Hồ Chí Minh,Trung Nguyên,Yes,Yes,Yes,No,No,2.0,45.0,90.0,Seg.02 - Mass Asp (VND 25K - VND 59K),51538,At-risk,2.0,1.0,2.0,2.0
834705,2019,Hồ Chí Minh,Phúc Long,Yes,Yes,No,No,No,0.0,0.0,0.0,,51542,Churn,1.0,0.0,0.0,1.0
834791,2019,Hồ Chí Minh,Highlands Coffee,Yes,Yes,Yes,No,No,3.0,39.0,117.0,Seg.02 - Mass Asp (VND 25K - VND 59K),51581,At-risk,2.0,1.0,2.0,2.0
834809,2019,Hồ Chí Minh,The Coffee House,Yes,Yes,No,No,No,0.0,0.0,0.0,,51587,Churn,1.0,0.0,0.0,1.0
834809,2019,Hồ Chí Minh,Phúc Long,Yes,Yes,No,No,No,0.0,0.0,0.0,,51592,Churn,1.0,0.0,0.0,1.0
834809,2019,Hồ Chí Minh,Highlands Coffee,Yes,Yes,Yes,No,No,3.0,49.0,147.0,Seg.02 - Mass Asp (VND 25K - VND 59K),51594,At-risk,2.0,1.0,2.0,2.0
834809,2019,Hồ Chí Minh,Starbucks,Yes,Yes,No,No,No,0.0,0.0,0.0,,51599,Churn,1.0,0.0,0.0,1.0
834824,2019,Hồ Chí Minh,Highlands Coffee,Yes,Yes,No,No,No,0.0,0.0,0.0,,51603,Churn,1.0,0.0,0.0,1.0
834833,2019,Hồ Chí Minh,Highlands Coffee,Yes,Yes,Yes,Yes,No,8.0,55.0,440.0,Seg.02 - Mass Asp (VND 25K - VND 59K),51606,Gold,3.0,4.0,2.0,5.0
834833,2019,Hồ Chí Minh,Phúc Long,Yes,Yes,No,No,No,0.0,0.0,0.0,,51609,Churn,1.0,0.0,0.0,1.0
834879,2019,Hồ Chí Minh,Highlands Coffee,Yes,Yes,Yes,No,No,2.0,35.0,70.0,Seg.02 - Mass Asp (VND 25K - VND 59K),51623,At-risk,2.0,1.0,1.0,2.0
834890,2019,Cần Thơ,Highlands Coffee,Yes,Yes,No,No,No,0.0,0.0,0.0,,51663,Churn,1.0,0.0,0.0,1.0
834900,2019,Hồ Chí Minh,Starbucks,Yes,Yes,No,No,No,0.0,0.0,0.0,,51667,Churn,1.0,0.0,0.0,1.0
834900,2019,Hồ Chí Minh,The Coffee House,Yes,Yes,No,No,No,0.0,0.0,0.0,,51669,Churn,1.0,0.0,0.0,1.0
834900,2019,Hồ Chí Minh,Highlands Coffee,Yes,Yes,No,No,No,0.0,0.0,0.0,,51676,Churn,1.0,0.0,0.0,1.0
835010,2019,Hồ Chí Minh,Highlands Coffee,Yes,Yes,Yes,No,No,3.0,45.0,135.0,Seg.02 - Mass Asp (VND 25K - VND 59K),51695,At-risk,2.0,1.0,2.0,2.0
835010,2019,Hồ Chí Minh,Trung Nguyên,Yes,Yes,Yes,Yes,No,15.0,50.0,750.0,Seg.02 - Mass Asp (VND 25K - VND 59K),51696,Gold,3.0,4.0,2.0,5.0
835013,2019,Hồ Chí Minh,Phúc Long,Yes,Yes,Yes,No,No,3.0,50.0,150.0,Seg.02 - Mass Asp (VND 25K - VND 59K),51705,At-risk,2.0,1.0,2.0,2.0
835013,2019,Hồ Chí Minh,Highlands Coffee,Yes,Yes,No,No,No,0.0,0.0,0.0,,51709,Churn,1.0,0.0,0.0,1.0
835013,2019,Hồ Chí Minh,The Coffee House,Yes,Yes,No,No,No,0.0,0.0,0.0,,51711,Churn,1.0,0.0,0.0,1.0
835124,2019,Hồ Chí Minh,Starbucks,Yes,Yes,No,No,No,0.0,0.0,0.0,,51758,Churn,1.0,0.0,0.0,1.0
835124,2019,Hồ Chí Minh,Phúc Long,Yes,Yes,No,No,No,0.0,0.0,0.0,,51761,Churn,1.0,0.0,0.0,1.0
835124,2019,Hồ Chí Minh,Highlands Coffee,Yes,Yes,Yes,No,No,3.0,40.0,120.0,Seg.02 - Mass Asp (VND 25K - VND 59K),51764,At-risk,2.0,1.0,2.0,2.0
835124,2019,Hồ Chí Minh,The Coffee House,Yes,Yes,Yes,No,No,3.0,49.0,147.0,Seg.02 - Mass Asp (VND 25K - VND 59K),51765,At-risk,2.0,1.0,2.0,2.0
835722,2019,Hồ Chí Minh,Trung Nguyên,Yes,Yes,Yes,Yes,No,6.0,40.0,240.0,Seg.02 - Mass Asp (VND 25K - VND 59K),51851,Bronze,3.0,3.0,2.0,3.0
835722,2019,Hồ Chí Minh,The Coffee House,Yes,Yes,No,No,No,0.0,0.0,0.0,,51854,Churn,1.0,0.0,0.0,1.0
835884,2019,Hồ Chí Minh,Highlands Coffee,Yes,Yes,Yes,Yes,No,5.0,30.0,150.0,Seg.02 - Mass Asp (VND 25K - VND 59K),51874,Bronze,3.0,2.0,1.0,3.0
835886,2019,Hồ Chí Minh,Phúc Long,Yes,Yes,No,No,No,0.0,0.0,0.0,,51875,Churn,1.0,0.0,0.0,1.0
835932,2019,Hồ Chí Minh,Trung Nguyên,Yes,Yes,No,No,No,0.0,0.0,0.0,,51900,Churn,1.0,0.0,0.0,1.0
835954,2019,Cần Thơ,Highlands Coffee,Yes,Yes,No,No,No,0.0,0.0,0.0,,51908,Churn,1.0,0.0,0.0,1.0
836024,2019,Hồ Chí Minh,The Coffee House,Yes,Yes,Yes,Yes,No,4.0,30.0,120.0,Seg.02 - Mass Asp (VND 25K - VND 59K),51921,Bronze,3.0,2.0,1.0,3.0
836068,2019,Hồ Chí Minh,Phúc Long,Yes,Yes,No,No,No,0.0,0.0,0.0,,51950,Churn,1.0,0.0,0.0,1.0
836069,2019,Cần Thơ,Highlands Coffee,Yes,Yes,Yes,Yes,No,5.0,40.0,200.0,Seg.02 - Mass Asp (VND 25K - VND 59K),51954,Bronze,3.0,2.0,2.0,3.0
836102,2019,Hồ Chí Minh,Highlands Coffee,Yes,Yes,Yes,Yes,No,5.0,45.0,225.0,Seg.02 - Mass Asp (VND 25K - VND 59K),51990,Bronze,3.0,2.0,2.0,3.0
836102,2019,Hồ Chí Minh,The Coffee House,Yes,Yes,Yes,Yes,No,5.0,45.0,225.0,Seg.02 - Mass Asp (VND 25K - VND 59K),51991,Bronze,3.0,2.0,2.0,3.0
836102,2019,Hồ Chí Minh,Phúc Long,Yes,Yes,Yes,Yes,No,5.0,45.0,225.0,Seg.02 - Mass Asp (VND 25K - VND 59K),51993,Bronze,3.0,2.0,2.0,3.0
836136,2019,Hồ Chí Minh,Highlands Coffee,Yes,Yes,No,No,No,0.0,0.0,0.0,,52018,Churn,1.0,0.0,0.0,1.0
836136,2019,Hồ Chí Minh,Phúc Long,Yes,Yes,No,No,No,0.0,0.0,0.0,,52025,Churn,1.0,0.0,0.0,1.0
836223,2019,Đà Nẵng,Trung Nguyên,Yes,Yes,Yes,Yes,No,5.0,15.0,75.0,Seg.01 - Mass (<VND 25K),52081,Bronze,3.0,2.0,1.0,3.0
836288,2019,Đà Nẵng,Highlands Coffee,Yes,Yes,No,No,No,0.0,0.0,0.0,,52096,Churn,1.0,0.0,0.0,1.0
836332,2019,Đà Nẵng,Highlands Coffee,Yes,Yes,Yes,Yes,No,10.0,49.0,490.0,Seg.02 - Mass Asp (VND 25K - VND 59K),52107,Gold,3.0,4.0,2.0,5.0
836347,2019,Hồ Chí Minh,The Coffee House,Yes,Yes,No,No,No,0.0,0.0,0.0,,52113,Churn,1.0,0.0,0.0,1.0
836365,2019,Cần Thơ,Highlands Coffee,Yes,Yes,No,No,No,0.0,0.0,0.0,,52122,Churn,1.0,0.0,0.0,1.0
836372,2019,Hồ Chí Minh,Phúc Long,Yes,Yes,Yes,Yes,No,10.0,55.0,550.0,Seg.02 - Mass Asp (VND 25K - VND 59K),52126,Gold,3.0,4.0,2.0,5.0
836372,2019,Hồ Chí Minh,Highlands Coffee,Yes,Yes,No,No,No,0.0,0.0,0.0,,52129,Churn,1.0,0.0,0.0,1.0
836412,2019,Hồ Chí Minh,Trung Nguyên,Yes,Yes,Yes,No,No,3.0,50.0,150.0,Seg.02 - Mass Asp (VND 25K - VND 59K),52131,At-risk,2.0,1.0,2.0,2.0
836412,2019,Hồ Chí Minh,The Coffee House,Yes,Yes,Yes,Yes,No,5.0,50.0,250.0,Seg.02 - Mass Asp (VND 25K - VND 59K),52132,Bronze,3.0,2.0,2.0,3.0
836412,2019,Hồ Chí Minh,Starbucks,Yes,Yes,No,No,No,0.0,0.0,0.0,,52135,Churn,1.0,0.0,0.0,1.0
836412,2019,Hồ Chí Minh,Highlands Coffee,Yes,Yes,No,No,No,0.0,0.0,0.0,,52136,Churn,1.0,0.0,0.0,1.0
836455,2019,Hồ Chí Minh,Trung Nguyên,Yes,Yes,Yes,Yes,No,5.0,45.0,225.0,Seg.02 - Mass Asp (VND 25K - VND 59K),52146,Bronze,3.0,2.0,2.0,3.0
836455,2019,Hồ Chí Minh,Highlands Coffee,Yes,Yes,No,No,No,0.0,0.0,0.0,,52153,Churn,1.0,0.0,0.0,1.0
836457,2019,Hồ Chí Minh,Highlands Coffee,Yes,Yes,No,No,No,0.0,0.0,0.0,,52165,Churn,1.0,0.0,0.0,1.0
836496,2019,Hồ Chí Minh,Highlands Coffee,Yes,Yes,No,No,No,0.0,0.0,0.0,,52171,Churn,1.0,0.0,0.0,1.0
836554,2019,Hồ Chí Minh,Trung Nguyên,Yes,Yes,Yes,Yes,No,6.0,25.0,150.0,Seg.02 - Mass Asp (VND 25K - VND 59K),52184,Bronze,3.0,3.0,1.0,3.0
836639,2019,Hồ Chí Minh,Highlands Coffee,Yes,Yes,Yes,Yes,No,4.0,29.0,116.0,Seg.02 - Mass Asp (VND 25K - VND 59K),52215,Bronze,3.0,2.0,1.0,3.0
836639,2019,Hồ Chí Minh,The Coffee House,Yes,Yes,No,No,No,0.0,0.0,0.0,,52219,Churn,1.0,0.0,0.0,1.0
836720,2019,Cần Thơ,Highlands Coffee,Yes,Yes,Yes,Yes,No,8.0,49.0,392.0,Seg.02 - Mass Asp (VND 25K - VND 59K),52245,Gold,3.0,4.0,2.0,5.0
836736,2019,Hồ Chí Minh,Highlands Coffee,Yes,Yes,Yes,Yes,No,15.0,39.0,585.0,Seg.02 - Mass Asp (VND 25K - VND 59K),52253,Gold,3.0,4.0,2.0,5.0
837154,2019,Hồ Chí Minh,Trung Nguyên,Yes,Yes,Yes,No,No,1.0,45.0,45.0,Seg.02 - Mass Asp (VND 25K - VND 59K),52276,At-risk,2.0,1.0,2.0,2.0
837154,2019,Hồ Chí Minh,Highlands Coffee,Yes,Yes,Yes,No,No,1.0,35.0,35.0,Seg.02 - Mass Asp (VND 25K - VND 59K),52278,At-risk,2.0,1.0,1.0,2.0
837171,2019,Hồ Chí Minh,The Coffee House,Yes,Yes,Yes,Yes,Yes,30.0,30.0,900.0,Seg.02 - Mass Asp (VND 25K - VND 59K),52281,Gold,4.0,4.0,1.0,5.0
837211,2019,Hồ Chí Minh,Highlands Coffee,Yes,Yes,No,No,No,0.0,0.0,0.0,,52294,Churn,1.0,0.0,0.0,1.0
837236,2019,Hồ Chí Minh,The Coffee House,Yes,Yes,Yes,No,No,1.0,40.0,40.0,Seg.02 - Mass Asp (VND 25K - VND 59K),52315,At-risk,2.0,1.0,2.0,2.0
837323,2019,Hồ Chí Minh,Highlands Coffee,Yes,Yes,Yes,Yes,No,4.0,30.0,120.0,Seg.02 - Mass Asp (VND 25K - VND 59K),52330,Bronze,3.0,2.0,1.0,3.0
837341,2019,Hồ Chí Minh,Highlands Coffee,Yes,Yes,Yes,Yes,No,8.0,50.0,400.0,Seg.02 - Mass Asp (VND 25K - VND 59K),52342,Gold,3.0,4.0,2.0,5.0
837346,2019,Hồ Chí Minh,Highlands Coffee,Yes,Yes,No,No,No,0.0,0.0,0.0,,52350,Churn,1.0,0.0,0.0,1.0
837375,2019,Hồ Chí Minh,The Coffee House,Yes,Yes,No,No,No,0.0,0.0,0.0,,52368,Churn,1.0,0.0,0.0,1.0
837441,2019,Hồ Chí Minh,Trung Nguyên,Yes,Yes,No,No,No,0.0,0.0,0.0,,52386,Churn,1.0,0.0,0.0,1.0
837491,2019,Hồ Chí Minh,Trung Nguyên,Yes,Yes,No,No,No,0.0,0.0,0.0,,52394,Churn,1.0,0.0,0.0,1.0
837491,2019,Hồ Chí Minh,Highlands Coffee,Yes,Yes,No,No,No,0.0,0.0,0.0,,52395,Churn,1.0,0.0,0.0,1.0
837515,2019,Hồ Chí Minh,Highlands Coffee,Yes,Yes,No,No,No,0.0,0.0,0.0,,52409,Churn,1.0,0.0,0.0,1.0
837553,2019,Hồ Chí Minh,Highlands Coffee,Yes,Yes,No,No,No,0.0,0.0,0.0,,52412,Churn,1.0,0.0,0.0,1.0
837553,2019,Hồ Chí Minh,The Coffee House,Yes,Yes,No,No,No,0.0,0.0,0.0,,52413,Churn,1.0,0.0,0.0,1.0
837553,2019,Hồ Chí Minh,Starbucks,Yes,Yes,No,No,No,0.0,0.0,0.0,,52420,Churn,1.0,0.0,0.0,1.0
837553,2019,Hồ Chí Minh,Phúc Long,Yes,Yes,Yes,No,No,3.0,50.0,150.0,Seg.02 - Mass Asp (VND 25K - VND 59K),52423,At-risk,2.0,1.0,2.0,2.0
837569,2019,Hồ Chí Minh,The Coffee House,Yes,Yes,Yes,No,No,1.0,29.0,29.0,Seg.02 - Mass Asp (VND 25K - VND 59K),52448,At-risk,2.0,1.0,1.0,2.0
837600,2019,Đà Nẵng,Trung Nguyên,Yes,Yes,Yes,Yes,No,4.0,20.0,80.0,Seg.01 - Mass (<VND 25K),52458,Bronze,3.0,2.0,1.0,3.0
837600,2019,Đà Nẵng,Highlands Coffee,Yes,Yes,Yes,Yes,No,6.0,69.0,414.0,Seg.03 - Premium (VND 60K - VND 99K),52462,Gold,3.0,3.0,3.0,5.0
837620,2019,Hồ Chí Minh,Highlands Coffee,Yes,Yes,No,No,No,0.0,0.0,0.0,,52477,Churn,1.0,0.0,0.0,1.0
837620,2019,Hồ Chí Minh,The Coffee House,Yes,Yes,No,No,No,0.0,0.0,0.0,,52479,Churn,1.0,0.0,0.0,1.0
837620,2019,Hồ Chí Minh,Trung Nguyên,Yes,Yes,Yes,No,No,3.0,40.0,120.0,Seg.02 - Mass Asp (VND 25K - VND 59K),52482,At-risk,2.0,1.0,2.0,2.0
837652,2019,Hồ Chí Minh,Highlands Coffee,Yes,Yes,Yes,Yes,No,10.0,50.0,500.0,Seg.02 - Mass Asp (VND 25K - VND 59K),52493,Gold,3.0,4.0,2.0,5.0
837661,2019,Hồ Chí Minh,Phúc Long,Yes,Yes,No,No,No,0.0,0.0,0.0,,52505,Churn,1.0,0.0,0.0,1.0
837715,2019,Hồ Chí Minh,Highlands Coffee,Yes,Yes,Yes,No,No,2.0,40.0,80.0,Seg.02 - Mass Asp (VND 25K - VND 59K),52509,At-risk,2.0,1.0,2.0,2.0
837755,2019,Hồ Chí Minh,Highlands Coffee,Yes,Yes,Yes,No,No,1.0,59.0,59.0,Seg.02 - Mass Asp (VND 25K - VND 59K),52531,Silver,2.0,1.0,3.0,4.0
837756,2019,Cần Thơ,Highlands Coffee,Yes,Yes,No,No,No,0.0,0.0,0.0,,52537,Churn,1.0,0.0,0.0,1.0
837764,2019,Hồ Chí Minh,The Coffee House,Yes,Yes,Yes,No,No,3.0,49.0,147.0,Seg.02 - Mass Asp (VND 25K - VND 59K),52543,At-risk,2.0,1.0,2.0,2.0
837764,2019,Hồ Chí Minh,Highlands Coffee,Yes,Yes,No,No,No,0.0,0.0,0.0,,52546,Churn,1.0,0.0,0.0,1.0
837764,2019,Hồ Chí Minh,Phúc Long,Yes,Yes,No,No,No,0.0,0.0,0.0,,52547,Churn,1.0,0.0,0.0,1.0
837803,2019,Hồ Chí Minh,Phúc Long,Yes,Yes,No,No,No,0.0,0.0,0.0,,52577,Churn,1.0,0.0,0.0,1.0
837803,2019,Hồ Chí Minh,Highlands Coffee,Yes,Yes,No,No,No,0.0,0.0,0.0,,52580,Churn,1.0,0.0,0.0,1.0
837831,2019,Đà Nẵng,Highlands Coffee,Yes,Yes,No,No,No,0.0,0.0,0.0,,52585,Churn,1.0,0.0,0.0,1.0
837831,2019,Đà Nẵng,The Coffee House,Yes,Yes,No,No,No,0.0,0.0,0.0,,52591,Churn,1.0,0.0,0.0,1.0
837884,2019,Hồ Chí Minh,Trung Nguyên,Yes,Yes,No,No,No,0.0,0.0,0.0,,52600,Churn,1.0,0.0,0.0,1.0
837898,2019,Cần Thơ,Highlands Coffee,Yes,Yes,No,No,No,0.0,0.0,0.0,,52604,Churn,1.0,0.0,0.0,1.0
837954,2019,Hồ Chí Minh,The Coffee House,Yes,Yes,No,No,No,0.0,0.0,0.0,,52609,Churn,1.0,0.0,0.0,1.0
837954,2019,Hồ Chí Minh,Highlands Coffee,Yes,Yes,Yes,Yes,No,4.0,29.0,116.0,Seg.02 - Mass Asp (VND 25K - VND 59K),52611,Bronze,3.0,2.0,1.0,3.0
838115,2019,Hồ Chí Minh,Highlands Coffee,Yes,Yes,Yes,Yes,No,6.0,55.0,330.0,Seg.02 - Mass Asp (VND 25K - VND 59K),52638,Bronze,3.0,3.0,2.0,3.0
838121,2019,Hồ Chí Minh,The Coffee House,Yes,Yes,Yes,No,No,2.0,50.0,100.0,Seg.02 - Mass Asp (VND 25K - VND 59K),52642,At-risk,2.0,1.0,2.0,2.0
838121,2019,Hồ Chí Minh,Highlands Coffee,Yes,Yes,Yes,No,No,1.0,49.0,49.0,Seg.02 - Mass Asp (VND 25K - VND 59K),52648,At-risk,2.0,1.0,2.0,2.0
838121,2019,Hồ Chí Minh,Starbucks,Yes,Yes,Yes,No,No,1.0,50.0,50.0,Seg.02 - Mass Asp (VND 25K - VND 59K),52649,At-risk,2.0,1.0,2.0,2.0
838121,2019,Hồ Chí Minh,Phúc Long,Yes,Yes,No,No,No,0.0,0.0,0.0,,52650,Churn,1.0,0.0,0.0,1.0
838213,2019,Hồ Chí Minh,Highlands Coffee,Yes,Yes,Yes,Yes,No,10.0,50.0,500.0,Seg.02 - Mass Asp (VND 25K - VND 59K),52666,Gold,3.0,4.0,2.0,5.0
838213,2019,Hồ Chí Minh,The Coffee House,Yes,Yes,No,No,No,0.0,0.0,0.0,,52677,Churn,1.0,0.0,0.0,1.0
838219,2019,Cần Thơ,Highlands Coffee,Yes,Yes,No,No,No,0.0,0.0,0.0,,52680,Churn,1.0,0.0,0.0,1.0
838300,2019,Hồ Chí Minh,The Coffee House,Yes,Yes,No,No,No,0.0,0.0,0.0,,52701,Churn,1.0,0.0,0.0,1.0
838345,2019,Hồ Chí Minh,Phúc Long,Yes,Yes,Yes,Yes,No,10.0,50.0,500.0,Seg.02 - Mass Asp (VND 25K - VND 59K),52706,Gold,3.0,4.0,2.0,5.0
838508,2019,Hồ Chí Minh,Highlands Coffee,Yes,Yes,No,No,No,0.0,0.0,0.0,,52710,Churn,1.0,0.0,0.0,1.0
838508,2019,Hồ Chí Minh,Phúc Long,Yes,Yes,Yes,Yes,Yes,24.0,48.0,1152.0,Seg.02 - Mass Asp (VND 25K - VND 59K),52714,Gold,4.0,4.0,2.0,5.0
838630,2019,Hồ Chí Minh,The Coffee House,Yes,Yes,No,No,No,0.0,0.0,0.0,,52727,Churn,1.0,0.0,0.0,1.0
838742,2019,Hồ Chí Minh,The Coffee House,Yes,Yes,No,No,No,0.0,0.0,0.0,,52758,Churn,1.0,0.0,0.0,1.0
838803,2019,Cần Thơ,Highlands Coffee,Yes,Yes,No,No,No,0.0,0.0,0.0,,52776,Churn,1.0,0.0,0.0,1.0
838856,2019,Hồ Chí Minh,Highlands Coffee,Yes,Yes,No,No,No,0.0,0.0,0.0,,52781,Churn,1.0,0.0,0.0,1.0
838901,2019,Hồ Chí Minh,Highlands Coffee,Yes,Yes,Yes,Yes,No,4.0,30.0,120.0,Seg.02 - Mass Asp (VND 25K - VND 59K),52796,Bronze,3.0,2.0,1.0,3.0
838945,2019,Hồ Chí Minh,Highlands Coffee,Yes,Yes,Yes,Yes,No,4.0,55.0,220.0,Seg.02 - Mass Asp (VND 25K - VND 59K),52799,Bronze,3.0,2.0,2.0,3.0
838962,2019,Cần Thơ,Highlands Coffee,Yes,Yes,No,No,No,0.0,0.0,0.0,,52821,Churn,1.0,0.0,0.0,1.0
838964,2019,Đà Nẵng,Highlands Coffee,Yes,Yes,Yes,Yes,No,12.0,49.0,588.0,Seg.02 - Mass Asp (VND 25K - VND 59K),52829,Gold,3.0,4.0,2.0,5.0
838964,2019,Đà Nẵng,The Coffee House,Yes,Yes,No,No,No,0.0,0.0,0.0,,52831,Churn,1.0,0.0,0.0,1.0
839012,2019,Hồ Chí Minh,Highlands Coffee,Yes,Yes,Yes,Yes,No,8.0,50.0,400.0,Seg.02 - Mass Asp (VND 25K - VND 59K),52843,Gold,3.0,4.0,2.0,5.0
839343,2019,Hồ Chí Minh,Phúc Long,Yes,Yes,Yes,No,No,3.0,49.0,147.0,Seg.02 - Mass Asp (VND 25K - VND 59K),52875,At-risk,2.0,1.0,2.0,2.0
839343,2019,Hồ Chí Minh,Highlands Coffee,Yes,Yes,No,No,No,0.0,0.0,0.0,,52879,Churn,1.0,0.0,0.0,1.0
839458,2019,Hồ Chí Minh,Phúc Long,Yes,Yes,No,No,No,0.0,0.0,0.0,,52882,Churn,1.0,0.0,0.0,1.0
839458,2019,Hồ Chí Minh,The Coffee House,Yes,Yes,Yes,Yes,No,6.0,35.0,210.0,Seg.02 - Mass Asp (VND 25K - VND 59K),52888,Bronze,3.0,3.0,1.0,3.0
839680,2019,Hồ Chí Minh,Highlands Coffee,Yes,Yes,No,No,No,0.0,0.0,0.0,,52904,Churn,1.0,0.0,0.0,1.0
839724,2019,Cần Thơ,Highlands Coffee,Yes,Yes,Yes,No,No,2.0,40.0,80.0,Seg.02 - Mass Asp (VND 25K - VND 59K),52910,At-risk,2.0,1.0,2.0,2.0
839724,2019,Cần Thơ,The Coffee House,Yes,Yes,Yes,No,No,1.0,38.0,38.0,Seg.02 - Mass Asp (VND 25K - VND 59K),52912,At-risk,2.0,1.0,2.0,2.0
839724,2019,Cần Thơ,Trung Nguyên,Yes,Yes,No,No,No,0.0,0.0,0.0,,52914,Churn,1.0,0.0,0.0,1.0
839822,2019,Hồ Chí Minh,The Coffee House,Yes,Yes,Yes,Yes,No,5.0,60.0,300.0,Seg.03 - Premium (VND 60K - VND 99K),52943,Silver,3.0,2.0,3.0,4.0
839918,2019,Đà Nẵng,Highlands Coffee,Yes,Yes,Yes,Yes,Yes,30.0,39.0,1170.0,Seg.02 - Mass Asp (VND 25K - VND 59K),52955,Gold,4.0,4.0,2.0,5.0
840057,2019,Hồ Chí Minh,Trung Nguyên,Yes,Yes,Yes,Yes,No,13.0,60.0,780.0,Seg.03 - Premium (VND 60K - VND 99K),52997,Gold,3.0,4.0,3.0,5.0
840057,2019,Hồ Chí Minh,Phúc Long,Yes,Yes,No,No,No,0.0,0.0,0.0,,52998,Churn,1.0,0.0,0.0,1.0
840057,2019,Hồ Chí Minh,Highlands Coffee,Yes,Yes,Yes,No,No,2.0,50.0,100.0,Seg.02 - Mass Asp (VND 25K - VND 59K),53004,At-risk,2.0,1.0,2.0,2.0
840190,2019,Hồ Chí Minh,Starbucks,Yes,Yes,Yes,No,No,2.0,45.0,90.0,Seg.02 - Mass Asp (VND 25K - VND 59K),53029,At-risk,2.0,1.0,2.0,2.0
840190,2019,Hồ Chí Minh,Highlands Coffee,Yes,Yes,Yes,No,No,2.0,29.0,58.0,Seg.02 - Mass Asp (VND 25K - VND 59K),53030,At-risk,2.0,1.0,1.0,2.0
840294,2019,Hồ Chí Minh,The Coffee House,Yes,Yes,No,No,No,0.0,0.0,0.0,,53057,Churn,1.0,0.0,0.0,1.0
840953,2019,Hồ Chí Minh,Highlands Coffee,Yes,Yes,Yes,Yes,Yes,30.0,30.0,900.0,Seg.02 - Mass Asp (VND 25K - VND 59K),53132,Gold,4.0,4.0,1.0,5.0
841135,2019,Hồ Chí Minh,Highlands Coffee,Yes,Yes,Yes,Yes,No,5.0,50.0,250.0,Seg.02 - Mass Asp (VND 25K - VND 59K),53153,Bronze,3.0,2.0,2.0,3.0
841231,2019,Hồ Chí Minh,Phúc Long,Yes,Yes,Yes,Yes,No,4.0,35.0,140.0,Seg.02 - Mass Asp (VND 25K - VND 59K),53167,Bronze,3.0,2.0,1.0,3.0
841231,2019,Hồ Chí Minh,Highlands Coffee,Yes,Yes,Yes,No,No,1.0,35.0,35.0,Seg.02 - Mass Asp (VND 25K - VND 59K),53168,At-risk,2.0,1.0,1.0,2.0
841277,2019,Hồ Chí Minh,Highlands Coffee,Yes,Yes,Yes,No,No,2.0,50.0,100.0,Seg.02 - Mass Asp (VND 25K - VND 59K),53176,At-risk,2.0,1.0,2.0,2.0
841292,2019,Đà Nẵng,Highlands Coffee,Yes,Yes,No,No,No,0.0,0.0,0.0,,53186,Churn,1.0,0.0,0.0,1.0
841333,2019,Hồ Chí Minh,Highlands Coffee,Yes,Yes,Yes,No,No,2.0,60.0,120.0,Seg.03 - Premium (VND 60K - VND 99K),53197,Silver,2.0,1.0,3.0,4.0
841422,2019,Cần Thơ,Trung Nguyên,Yes,Yes,No,No,No,0.0,0.0,0.0,,53232,Churn,1.0,0.0,0.0,1.0
841422,2019,Cần Thơ,Highlands Coffee,Yes,Yes,No,No,No,0.0,0.0,0.0,,53235,Churn,1.0,0.0,0.0,1.0
841468,2019,Cần Thơ,The Coffee House,Yes,Yes,No,No,No,0.0,0.0,0.0,,53256,Churn,1.0,0.0,0.0,1.0
841544,2019,Hồ Chí Minh,Highlands Coffee,Yes,Yes,No,No,No,0.0,0.0,0.0,,53271,Churn,1.0,0.0,0.0,1.0
841591,2019,Cần Thơ,Cộng Cà Phê,Yes,Yes,No,No,No,0.0,0.0,0.0,,53284,Churn,1.0,0.0,0.0,1.0
841669,2019,Hồ Chí Minh,Highlands Coffee,Yes,Yes,Yes,Yes,No,10.0,29.0,290.0,Seg.02 - Mass Asp (VND 25K - VND 59K),53320,Gold,3.0,4.0,1.0,5.0
841674,2019,Cần Thơ,Trung Nguyên,Yes,Yes,No,No,No,0.0,0.0,0.0,,53325,Churn,1.0,0.0,0.0,1.0
841680,2019,Hồ Chí Minh,Highlands Coffee,Yes,Yes,Yes,No,No,2.0,50.0,100.0,Seg.02 - Mass Asp (VND 25K - VND 59K),53344,At-risk,2.0,1.0,2.0,2.0
841721,2019,Hồ Chí Minh,Highlands Coffee,Yes,Yes,No,No,No,0.0,0.0,0.0,,53351,Churn,1.0,0.0,0.0,1.0
841721,2019,Hồ Chí Minh,Trung Nguyên,Yes,Yes,No,No,No,0.0,0.0,0.0,,53352,Churn,1.0,0.0,0.0,1.0
841727,2019,Hồ Chí Minh,Trung Nguyên,Yes,Yes,No,No,No,0.0,0.0,0.0,,53364,Churn,1.0,0.0,0.0,1.0
841738,2019,Hồ Chí Minh,Highlands Coffee,Yes,Yes,Yes,No,No,2.0,45.0,90.0,Seg.02 - Mass Asp (VND 25K - VND 59K),53367,At-risk,2.0,1.0,2.0,2.0
841738,2019,Hồ Chí Minh,Trung Nguyên,Yes,Yes,No,No,No,0.0,0.0,0.0,,53370,Churn,1.0,0.0,0.0,1.0
841820,2019,Hồ Chí Minh,Trung Nguyên,Yes,Yes,No,No,No,0.0,0.0,0.0,,53373,Churn,1.0,0.0,0.0,1.0
841820,2019,Hồ Chí Minh,The Coffee House,Yes,Yes,Yes,No,No,2.0,50.0,100.0,Seg.02 - Mass Asp (VND 25K - VND 59K),53376,At-risk,2.0,1.0,2.0,2.0
842138,2019,Hồ Chí Minh,Highlands Coffee,Yes,Yes,No,No,No,0.0,0.0,0.0,,53394,Churn,1.0,0.0,0.0,1.0
842309,2019,Cần Thơ,Highlands Coffee,Yes,Yes,No,No,No,0.0,0.0,0.0,,53421,Churn,1.0,0.0,0.0,1.0
842332,2019,Cần Thơ,Cộng Cà Phê,Yes,Yes,No,No,No,0.0,0.0,0.0,,53432,Churn,1.0,0.0,0.0,1.0
842332,2019,Cần Thơ,Trung Nguyên,Yes,Yes,No,No,No,0.0,0.0,0.0,,53436,Churn,1.0,0.0,0.0,1.0
842395,2019,Cần Thơ,Highlands Coffee,Yes,Yes,No,No,No,0.0,0.0,0.0,,53447,Churn,1.0,0.0,0.0,1.0
842396,2019,Cần Thơ,The Coffee House,Yes,Yes,No,No,No,0.0,0.0,0.0,,53450,Churn,1.0,0.0,0.0,1.0
842464,2019,Hồ Chí Minh,Highlands Coffee,Yes,Yes,No,No,No,0.0,0.0,0.0,,53470,Churn,1.0,0.0,0.0,1.0
842464,2019,Hồ Chí Minh,Starbucks,Yes,Yes,Yes,No,No,3.0,95.0,285.0,Seg.03 - Premium (VND 60K - VND 99K),53473,Silver,2.0,1.0,4.0,4.0
842464,2019,Hồ Chí Minh,Trung Nguyên,Yes,Yes,No,No,No,0.0,0.0,0.0,,53474,Churn,1.0,0.0,0.0,1.0
842464,2019,Hồ Chí Minh,Phúc Long,Yes,Yes,No,No,No,0.0,0.0,0.0,,53475,Churn,1.0,0.0,0.0,1.0
842469,2019,Hồ Chí Minh,Highlands Coffee,Yes,Yes,Yes,Yes,No,5.0,40.0,200.0,Seg.02 - Mass Asp (VND 25K - VND 59K),53481,Bronze,3.0,2.0,2.0,3.0
843130,2019,Cần Thơ,Trung Nguyên,Yes,Yes,Yes,No,No,2.0,80.0,160.0,Seg.03 - Premium (VND 60K - VND 99K),53516,Silver,2.0,1.0,3.0,4.0
843136,2019,Cần Thơ,The Coffee House,Yes,Yes,Yes,No,No,3.0,25.0,75.0,Seg.02 - Mass Asp (VND 25K - VND 59K),53518,At-risk,2.0,1.0,1.0,2.0
843322,2019,Cần Thơ,Highlands Coffee,Yes,Yes,No,No,No,0.0,0.0,0.0,,53562,Churn,1.0,0.0,0.0,1.0
843391,2019,Cần Thơ,Highlands Coffee,Yes,Yes,No,No,No,0.0,0.0,0.0,,53579,Churn,1.0,0.0,0.0,1.0
843451,2019,Cần Thơ,The Coffee House,Yes,Yes,No,No,No,0.0,0.0,0.0,,53584,Churn,1.0,0.0,0.0,1.0
843451,2019,Cần Thơ,Highlands Coffee,Yes,Yes,Yes,Yes,No,8.0,50.0,400.0,Seg.02 - Mass Asp (VND 25K - VND 59K),53585,Gold,3.0,4.0,2.0,5.0
843713,2019,Hồ Chí Minh,Highlands Coffee,Yes,Yes,Yes,Yes,No,8.0,30.0,240.0,Seg.02 - Mass Asp (VND 25K - VND 59K),53609,Gold,3.0,4.0,1.0,5.0
844588,2019,Hồ Chí Minh,Highlands Coffee,Yes,Yes,No,No,No,0.0,0.0,0.0,,53672,Churn,1.0,0.0,0.0,1.0
844629,2019,Hồ Chí Minh,Highlands Coffee,Yes,Yes,Yes,Yes,No,5.0,49.0,245.0,Seg.02 - Mass Asp (VND 25K - VND 59K),53685,Bronze,3.0,2.0,2.0,3.0
844723,2019,Hồ Chí Minh,Highlands Coffee,Yes,Yes,No,No,No,0.0,0.0,0.0,,53714,Churn,1.0,0.0,0.0,1.0
844831,2019,Hồ Chí Minh,Highlands Coffee,Yes,Yes,No,No,No,0.0,0.0,0.0,,53732,Churn,1.0,0.0,0.0,1.0
845142,2019,Hồ Chí Minh,The Coffee House,Yes,Yes,Yes,Yes,No,4.0,35.0,140.0,Seg.02 - Mass Asp (VND 25K - VND 59K),53754,Bronze,3.0,2.0,1.0,3.0
845842,2019,Hồ Chí Minh,Phúc Long,Yes,Yes,Yes,Yes,No,10.0,50.0,500.0,Seg.02 - Mass Asp (VND 25K - VND 59K),53792,Gold,3.0,4.0,2.0,5.0
845858,2019,Cần Thơ,Trung Nguyên,Yes,Yes,No,No,No,0.0,0.0,0.0,,53813,Churn,1.0,0.0,0.0,1.0
845916,2019,Hải Phòng,Highlands Coffee,Yes,Yes,Yes,Yes,No,4.0,59.0,236.0,Seg.02 - Mass Asp (VND 25K - VND 59K),53831,Silver,3.0,2.0,3.0,4.0
845916,2019,Hải Phòng,Cộng Cà Phê,Yes,Yes,No,No,No,0.0,0.0,0.0,,53834,Churn,1.0,0.0,0.0,1.0
845916,2019,Hải Phòng,The Coffee House,Yes,Yes,No,No,No,0.0,0.0,0.0,,53835,Churn,1.0,0.0,0.0,1.0
846055,2019,Hồ Chí Minh,The Coffee House,Yes,Yes,Yes,No,No,1.0,50.0,50.0,Seg.02 - Mass Asp (VND 25K - VND 59K),53859,At-risk,2.0,1.0,2.0,2.0
846055,2019,Hồ Chí Minh,Trung Nguyên,Yes,Yes,No,No,No,0.0,0.0,0.0,,53861,Churn,1.0,0.0,0.0,1.0
846055,2019,Hồ Chí Minh,Highlands Coffee,Yes,Yes,Yes,No,No,3.0,50.0,150.0,Seg.02 - Mass Asp (VND 25K - VND 59K),53865,At-risk,2.0,1.0,2.0,2.0
846057,2019,Hải Phòng,Highlands Coffee,Yes,Yes,Yes,Yes,No,5.0,49.0,245.0,Seg.02 - Mass Asp (VND 25K - VND 59K),53868,Bronze,3.0,2.0,2.0,3.0
846057,2019,Hải Phòng,The Coffee House,Yes,Yes,No,No,No,0.0,0.0,0.0,,53871,Churn,1.0,0.0,0.0,1.0
846088,2019,Hồ Chí Minh,The Coffee House,Yes,Yes,No,No,No,0.0,0.0,0.0,,53875,Churn,1.0,0.0,0.0,1.0
846103,2019,Hải Phòng,Trung Nguyên,Yes,Yes,No,No,No,0.0,0.0,0.0,,53885,Churn,1.0,0.0,0.0,1.0
846954,2019,Cần Thơ,The Coffee House,Yes,Yes,No,No,No,0.0,0.0,0.0,,53933,Churn,1.0,0.0,0.0,1.0
846991,2019,Hồ Chí Minh,Trung Nguyên,Yes,Yes,Yes,Yes,No,8.0,50.0,400.0,Seg.02 - Mass Asp (VND 25K - VND 59K),53941,Gold,3.0,4.0,2.0,5.0
848708,2019,Hồ Chí Minh,Trung Nguyên,Yes,Yes,No,No,No,0.0,0.0,0.0,,53989,Churn,1.0,0.0,0.0,1.0
849600,2019,Hồ Chí Minh,The Coffee House,Yes,Yes,Yes,Yes,No,12.0,30.0,360.0,Seg.02 - Mass Asp (VND 25K - VND 59K),54076,Gold,3.0,4.0,1.0,5.0
849600,2019,Hồ Chí Minh,Highlands Coffee,Yes,Yes,Yes,No,No,2.0,30.0,60.0,Seg.02 - Mass Asp (VND 25K - VND 59K),54083,At-risk,2.0,1.0,1.0,2.0
849673,2019,Hồ Chí Minh,Highlands Coffee,Yes,Yes,Yes,Yes,No,8.0,50.0,400.0,Seg.02 - Mass Asp (VND 25K - VND 59K),54105,Gold,3.0,4.0,2.0,5.0
850167,2019,Hồ Chí Minh,Highlands Coffee,Yes,Yes,Yes,Yes,No,5.0,50.0,250.0,Seg.02 - Mass Asp (VND 25K - VND 59K),54115,Bronze,3.0,2.0,2.0,3.0
850167,2019,Hồ Chí Minh,Phúc Long,Yes,Yes,No,No,No,0.0,0.0,0.0,,54116,Churn,1.0,0.0,0.0,1.0
850167,2019,Hồ Chí Minh,Starbucks,Yes,Yes,No,No,No,0.0,0.0,0.0,,54118,Churn,1.0,0.0,0.0,1.0
850167,2019,Hồ Chí Minh,The Coffee House,Yes,Yes,No,No,No,0.0,0.0,0.0,,54123,Churn,1.0,0.0,0.0,1.0
850297,2019,Hồ Chí Minh,Highlands Coffee,Yes,Yes,No,No,No,0.0,0.0,0.0,,54138,Churn,1.0,0.0,0.0,1.0
850312,2019,Hồ Chí Minh,Highlands Coffee,Yes,Yes,Yes,Yes,No,8.0,30.0,240.0,Seg.02 - Mass Asp (VND 25K - VND 59K),54147,Gold,3.0,4.0,1.0,5.0
851779,2019,Đà Nẵng,The Coffee House,Yes,Yes,No,No,No,0.0,0.0,0.0,,54208,Churn,1.0,0.0,0.0,1.0
851779,2019,Đà Nẵng,Phúc Long,Yes,Yes,Yes,Yes,No,4.0,45.0,180.0,Seg.02 - Mass Asp (VND 25K - VND 59K),54209,Bronze,3.0,2.0,2.0,3.0
851779,2019,Đà Nẵng,Highlands Coffee,Yes,Yes,Yes,No,No,2.0,40.0,80.0,Seg.02 - Mass Asp (VND 25K - VND 59K),54212,At-risk,2.0,1.0,2.0,2.0
851829,2019,Đà Nẵng,Highlands Coffee,Yes,Yes,No,No,No,0.0,0.0,0.0,,54222,Churn,1.0,0.0,0.0,1.0
851829,2019,Đà Nẵng,The Coffee House,Yes,Yes,No,No,No,0.0,0.0,0.0,,54224,Churn,1.0,0.0,0.0,1.0
852150,2019,Đà Nẵng,Phúc Long,Yes,Yes,No,No,No,0.0,0.0,0.0,,54254,Churn,1.0,0.0,0.0,1.0
852150,2019,Đà Nẵng,Highlands Coffee,Yes,Yes,Yes,Yes,No,9.0,50.0,450.0,Seg.02 - Mass Asp (VND 25K - VND 59K),54255,Gold,3.0,4.0,2.0,5.0
852150,2019,Đà Nẵng,Cộng Cà Phê,Yes,Yes,No,No,No,0.0,0.0,0.0,,54257,Churn,1.0,0.0,0.0,1.0
852150,2019,Đà Nẵng,The Coffee House,Yes,Yes,Yes,No,No,3.0,50.0,150.0,Seg.02 - Mass Asp (VND 25K - VND 59K),54258,At-risk,2.0,1.0,2.0,2.0
852219,2019,Đà Nẵng,The Coffee House,Yes,Yes,Yes,Yes,No,10.0,50.0,500.0,Seg.02 - Mass Asp (VND 25K - VND 59K),54262,Gold,3.0,4.0,2.0,5.0
852219,2019,Đà Nẵng,Phúc Long,Yes,Yes,No,No,No,0.0,0.0,0.0,,54263,Churn,1.0,0.0,0.0,1.0
852219,2019,Đà Nẵng,Highlands Coffee,Yes,Yes,No,No,No,0.0,0.0,0.0,,54265,Churn,1.0,0.0,0.0,1.0
852327,2019,Hồ Chí Minh,Trung Nguyên,Yes,Yes,No,No,No,0.0,0.0,0.0,,54274,Churn,1.0,0.0,0.0,1.0
852460,2019,Hồ Chí Minh,The Coffee House,Yes,Yes,Yes,No,No,2.0,50.0,100.0,Seg.02 - Mass Asp (VND 25K - VND 59K),54294,At-risk,2.0,1.0,2.0,2.0
852460,2019,Hồ Chí Minh,Highlands Coffee,Yes,Yes,No,No,No,0.0,0.0,0.0,,54296,Churn,1.0,0.0,0.0,1.0
852572,2019,Đà Nẵng,Trung Nguyên,Yes,Yes,No,No,No,0.0,0.0,0.0,,54313,Churn,1.0,0.0,0.0,1.0
852572,2019,Đà Nẵng,Highlands Coffee,Yes,Yes,Yes,No,No,1.0,100.0,100.0,Seg.04 - Super Premium (VND 100K+),54314,Silver,2.0,1.0,4.0,4.0
852599,2019,Cần Thơ,Trung Nguyên,Yes,Yes,No,No,No,0.0,0.0,0.0,,54315,Churn,1.0,0.0,0.0,1.0
852599,2019,Cần Thơ,Highlands Coffee,Yes,Yes,No,No,No,0.0,0.0,0.0,,54322,Churn,1.0,0.0,0.0,1.0
852627,2019,Cần Thơ,Highlands Coffee,Yes,Yes,Yes,No,No,2.0,75.0,150.0,Seg.03 - Premium (VND 60K - VND 99K),54335,Silver,2.0,1.0,3.0,4.0
852627,2019,Cần Thơ,Trung Nguyên,Yes,Yes,No,No,No,0.0,0.0,0.0,,54338,Churn,1.0,0.0,0.0,1.0
852908,2019,Đà Nẵng,Highlands Coffee,Yes,Yes,No,No,No,0.0,0.0,0.0,,54409,Churn,1.0,0.0,0.0,1.0
853481,2019,Hồ Chí Minh,Trung Nguyên,Yes,Yes,No,No,No,0.0,0.0,0.0,,54433,Churn,1.0,0.0,0.0,1.0
853481,2019,Hồ Chí Minh,Phúc Long,Yes,Yes,Yes,Yes,Yes,25.0,35.0,875.0,Seg.02 - Mass Asp (VND 25K - VND 59K),54435,Gold,4.0,4.0,1.0,5.0
853555,2019,Đà Nẵng,The Coffee House,Yes,Yes,No,No,No,0.0,0.0,0.0,,54439,Churn,1.0,0.0,0.0,1.0
853555,2019,Đà Nẵng,Highlands Coffee,Yes,Yes,No,No,No,0.0,0.0,0.0,,54440,Churn,1.0,0.0,0.0,1.0
854128,2019,Hồ Chí Minh,Highlands Coffee,Yes,Yes,Yes,Yes,No,4.0,29.0,116.0,Seg.02 - Mass Asp (VND 25K - VND 59K),54499,Bronze,3.0,2.0,1.0,3.0
854158,2019,Hà Nội,Phúc Long,Yes,Yes,No,No,No,0.0,0.0,0.0,,54503,Churn,1.0,0.0,0.0,1.0
854158,2019,Hà Nội,Cộng Cà Phê,Yes,Yes,Yes,No,No,2.0,50.0,100.0,Seg.02 - Mass Asp (VND 25K - VND 59K),54505,At-risk,2.0,1.0,2.0,2.0
854158,2019,Hà Nội,Highlands Coffee,Yes,Yes,Yes,Yes,No,4.0,50.0,200.0,Seg.02 - Mass Asp (VND 25K - VND 59K),54506,Bronze,3.0,2.0,2.0,3.0
854586,2019,Hồ Chí Minh,The Coffee House,Yes,Yes,No,No,No,0.0,0.0,0.0,,54524,Churn,1.0,0.0,0.0,1.0
854666,2019,Hồ Chí Minh,Phúc Long,Yes,Yes,No,No,No,0.0,0.0,0.0,,54537,Churn,1.0,0.0,0.0,1.0
854861,2019,Hà Nội,The Coffee House,Yes,Yes,Yes,No,No,2.0,40.0,80.0,Seg.02 - Mass Asp (VND 25K - VND 59K),54575,At-risk,2.0,1.0,2.0,2.0
855212,2019,Hồ Chí Minh,Highlands Coffee,Yes,Yes,No,No,No,0.0,0.0,0.0,,54618,Churn,1.0,0.0,0.0,1.0
855212,2019,Hồ Chí Minh,Starbucks,Yes,Yes,Yes,Yes,No,4.0,80.0,320.0,Seg.03 - Premium (VND 60K - VND 99K),54624,Silver,3.0,2.0,3.0,4.0
856200,2019,Đà Nẵng,Phúc Long,Yes,Yes,Yes,Yes,No,6.0,45.0,270.0,Seg.02 - Mass Asp (VND 25K - VND 59K),54666,Bronze,3.0,3.0,2.0,3.0
856200,2019,Đà Nẵng,Highlands Coffee,Yes,Yes,Yes,No,No,2.0,50.0,100.0,Seg.02 - Mass Asp (VND 25K - VND 59K),54667,At-risk,2.0,1.0,2.0,2.0
856200,2019,Đà Nẵng,The Coffee House,Yes,Yes,No,No,No,0.0,0.0,0.0,,54668,Churn,1.0,0.0,0.0,1.0
856609,2019,Hồ Chí Minh,The Coffee House,Yes,Yes,No,No,No,0.0,0.0,0.0,,54671,Churn,1.0,0.0,0.0,1.0
857053,2019,Hồ Chí Minh,Phúc Long,Yes,Yes,No,No,No,0.0,0.0,0.0,,54677,Churn,1.0,0.0,0.0,1.0
857383,2019,Hồ Chí Minh,Highlands Coffee,Yes,Yes,Yes,Yes,No,5.0,50.0,250.0,Seg.02 - Mass Asp (VND 25K - VND 59K),54692,Bronze,3.0,2.0,2.0,3.0
857383,2019,Hồ Chí Minh,The Coffee House,Yes,Yes,Yes,No,No,2.0,50.0,100.0,Seg.02 - Mass Asp (VND 25K - VND 59K),54693,At-risk,2.0,1.0,2.0,2.0
857939,2019,Hải Phòng,Highlands Coffee,Yes,Yes,No,No,No,0.0,0.0,0.0,,54706,Churn,1.0,0.0,0.0,1.0
858028,2019,Hải Phòng,Highlands Coffee,Yes,Yes,No,No,No,0.0,0.0,0.0,,54727,Churn,1.0,0.0,0.0,1.0
859707,2019,Đà Nẵng,Highlands Coffee,Yes,Yes,No,No,No,0.0,0.0,0.0,,54738,Churn,1.0,0.0,0.0,1.0
860675,2019,Đà Nẵng,Highlands Coffee,Yes,Yes,Yes,Yes,No,4.0,50.0,200.0,Seg.02 - Mass Asp (VND 25K - VND 59K),54744,Bronze,3.0,2.0,2.0,3.0
860675,2019,Đà Nẵng,Phúc Long,Yes,Yes,No,No,No,0.0,0.0,0.0,,54745,Churn,1.0,0.0,0.0,1.0
860708,2019,Nha Trang,Highlands Coffee,Yes,Yes,Yes,No,No,2.0,40.0,80.0,Seg.02 - Mass Asp (VND 25K - VND 59K),54750,At-risk,2.0,1.0,2.0,2.0
861736,2019,Nha Trang,Highlands Coffee,Yes,Yes,Yes,Yes,No,8.0,29.0,232.0,Seg.02 - Mass Asp (VND 25K - VND 59K),54762,Gold,3.0,4.0,1.0,5.0
863754,2019,Nha Trang,Highlands Coffee,Yes,Yes,Yes,No,No,3.0,40.0,120.0,Seg.02 - Mass Asp (VND 25K - VND 59K),54784,At-risk,2.0,1.0,2.0,2.0
863754,2019,Nha Trang,Cộng Cà Phê,Yes,Yes,Yes,No,No,1.0,40.0,40.0,Seg.02 - Mass Asp (VND 25K - VND 59K),54785,At-risk,2.0,1.0,2.0,2.0
